/*
SQLyog Ultimate v8.71 
MySQL - 5.5.20 : Database - gasoline
*********************************************************************
*/

/*!40101 SET NAMES utf8 */;

/*!40101 SET SQL_MODE=''*/;

/*!40014 SET @OLD_UNIQUE_CHECKS=@@UNIQUE_CHECKS, UNIQUE_CHECKS=0 */;
/*!40014 SET @OLD_FOREIGN_KEY_CHECKS=@@FOREIGN_KEY_CHECKS, FOREIGN_KEY_CHECKS=0 */;
/*!40101 SET @OLD_SQL_MODE=@@SQL_MODE, SQL_MODE='NO_AUTO_VALUE_ON_ZERO' */;
/*!40111 SET @OLD_SQL_NOTES=@@SQL_NOTES, SQL_NOTES=0 */;
CREATE DATABASE /*!32312 IF NOT EXISTS*/`gasoline` /*!40100 DEFAULT CHARACTER SET utf8 COLLATE utf8_unicode_ci */;

USE `gasoline`;

/*Table structure for table `accessory` */

DROP TABLE IF EXISTS `accessory`;

CREATE TABLE `accessory` (
  `id` int(11) NOT NULL AUTO_INCREMENT,
  `kind_id` int(11) DEFAULT NULL,
  `name` varchar(255) COLLATE utf8_unicode_ci DEFAULT NULL,
  `price` double DEFAULT NULL,
  `unit_id` int(11) DEFAULT NULL,
  `status` int(1) DEFAULT '1' COMMENT '0:bi khoa,1:dang hoat dong',
  PRIMARY KEY (`id`)
) ENGINE=MyISAM AUTO_INCREMENT=7 DEFAULT CHARSET=utf8 COLLATE=utf8_unicode_ci;

/*Data for the table `accessory` */

/*Table structure for table `accessory_import` */

DROP TABLE IF EXISTS `accessory_import`;

CREATE TABLE `accessory_import` (
  `id` int(11) NOT NULL AUTO_INCREMENT,
  `code` varchar(20) COLLATE utf8_unicode_ci DEFAULT NULL,
  `created_date` date DEFAULT NULL,
  `vendor_id` int(11) DEFAULT NULL,
  `total` double DEFAULT NULL,
  `paid` double DEFAULT NULL,
  `debt` double DEFAULT NULL,
  `account_id` int(11) DEFAULT NULL,
  `note` text COLLATE utf8_unicode_ci,
  `created_employee_id` int(11) DEFAULT NULL,
  PRIMARY KEY (`id`)
) ENGINE=MyISAM AUTO_INCREMENT=3 DEFAULT CHARSET=utf8 COLLATE=utf8_unicode_ci;

/*Data for the table `accessory_import` */

/*Table structure for table `accessory_import_detail` */

DROP TABLE IF EXISTS `accessory_import_detail`;

CREATE TABLE `accessory_import_detail` (
  `id` int(11) NOT NULL AUTO_INCREMENT,
  `accessory_import_id` int(11) DEFAULT NULL,
  `accessory_id` int(11) DEFAULT NULL,
  `quantity` int(11) DEFAULT NULL,
  `price` double DEFAULT NULL,
  `amount` double DEFAULT NULL,
  PRIMARY KEY (`id`)
) ENGINE=MyISAM AUTO_INCREMENT=3 DEFAULT CHARSET=utf8 COLLATE=utf8_unicode_ci;

/*Data for the table `accessory_import_detail` */

/*Table structure for table `accessory_in_stock` */

DROP TABLE IF EXISTS `accessory_in_stock`;

CREATE TABLE `accessory_in_stock` (
  `id` int(11) NOT NULL AUTO_INCREMENT,
  `day` date DEFAULT NULL,
  `accessory_id` int(11) DEFAULT NULL,
  `in_stock` int(11) DEFAULT '0',
  `organization_id` int(11) DEFAULT NULL,
  PRIMARY KEY (`id`)
) ENGINE=InnoDB DEFAULT CHARSET=utf8 COLLATE=utf8_unicode_ci;

/*Data for the table `accessory_in_stock` */

/*Table structure for table `accessory_kind` */

DROP TABLE IF EXISTS `accessory_kind`;

CREATE TABLE `accessory_kind` (
  `id` int(11) NOT NULL AUTO_INCREMENT,
  `name` varchar(255) COLLATE utf8_unicode_ci DEFAULT NULL,
  `commission` double DEFAULT NULL,
  `note` text COLLATE utf8_unicode_ci,
  `status` int(1) DEFAULT '1' COMMENT '0:bi khoa,1:dang hoat dong',
  PRIMARY KEY (`id`)
) ENGINE=MyISAM AUTO_INCREMENT=3 DEFAULT CHARSET=utf8 COLLATE=utf8_unicode_ci;

/*Data for the table `accessory_kind` */

insert  into `accessory_kind`(`id`,`name`,`commission`,`note`,`status`) values (1,'Bếp',1000,'Bếp',1),(2,'Phụ kiện',2000,'Phụ kiện',1);

/*Table structure for table `accessory_sale` */

DROP TABLE IF EXISTS `accessory_sale`;

CREATE TABLE `accessory_sale` (
  `id` int(11) NOT NULL AUTO_INCREMENT,
  `code` varchar(20) COLLATE utf8_unicode_ci DEFAULT NULL,
  `created_date` date DEFAULT NULL,
  `total` double DEFAULT NULL,
  `discount` double DEFAULT NULL,
  `total_pay` double DEFAULT NULL,
  `paid` double DEFAULT NULL,
  `debt` double DEFAULT NULL,
  `account_id` int(11) DEFAULT NULL,
  `note` text COLLATE utf8_unicode_ci,
  `created_employee_id` int(11) DEFAULT NULL,
  PRIMARY KEY (`id`)
) ENGINE=MyISAM AUTO_INCREMENT=2 DEFAULT CHARSET=utf8 COLLATE=utf8_unicode_ci;

/*Data for the table `accessory_sale` */

/*Table structure for table `accessory_sale_change_detail` */

DROP TABLE IF EXISTS `accessory_sale_change_detail`;

CREATE TABLE `accessory_sale_change_detail` (
  `id` int(11) NOT NULL AUTO_INCREMENT,
  `accessory_sale_id` int(11) DEFAULT NULL,
  `accessory_id` int(11) DEFAULT NULL,
  `quantity` int(3) DEFAULT NULL,
  `price` double DEFAULT NULL,
  `amount` double DEFAULT NULL,
  PRIMARY KEY (`id`)
) ENGINE=InnoDB DEFAULT CHARSET=utf8 COLLATE=utf8_unicode_ci;

/*Data for the table `accessory_sale_change_detail` */

/*Table structure for table `accessory_sale_detail` */

DROP TABLE IF EXISTS `accessory_sale_detail`;

CREATE TABLE `accessory_sale_detail` (
  `id` int(11) NOT NULL AUTO_INCREMENT,
  `accessory_sale_id` int(11) DEFAULT NULL,
  `accessory_id` int(11) DEFAULT NULL,
  `price` double DEFAULT NULL,
  `quantity` int(3) DEFAULT NULL,
  `amount` double DEFAULT NULL,
  PRIMARY KEY (`id`)
) ENGINE=InnoDB DEFAULT CHARSET=utf8 COLLATE=utf8_unicode_ci;

/*Data for the table `accessory_sale_detail` */

/*Table structure for table `account` */

DROP TABLE IF EXISTS `account`;

CREATE TABLE `account` (
  `id` int(11) NOT NULL AUTO_INCREMENT,
  `number` varchar(255) COLLATE utf8_unicode_ci DEFAULT NULL,
  `holder` varchar(255) COLLATE utf8_unicode_ci DEFAULT NULL,
  `bank` varchar(255) COLLATE utf8_unicode_ci DEFAULT NULL,
  `branch` varchar(255) COLLATE utf8_unicode_ci DEFAULT NULL,
  `organization_id` int(11) DEFAULT NULL,
  `note` text COLLATE utf8_unicode_ci,
  `is_cash` int(1) DEFAULT '0',
  PRIMARY KEY (`id`)
) ENGINE=MyISAM AUTO_INCREMENT=14 DEFAULT CHARSET=utf8 COLLATE=utf8_unicode_ci;

/*Data for the table `account` */

insert  into `account`(`id`,`number`,`holder`,`bank`,`branch`,`organization_id`,`note`,`is_cash`) values (5,'Tiền mặt','Cao Huy Hoàng','Quang Trung','Quang Trung',1,'',1),(4,'6002201001366','Công ty TNHH Quang Trung','Agribank','Huyện Xuyên Mộc, Tỉnh Bà Rịa Vũng Tàu',1,'',0),(7,'Tiền mặt','Hiệp Hương','Hiệp Hương','Hiệp Hương',14,'',1),(8,'34567890','Hiệp Hương','Sacombank','Gò Vấp, TP.HCM',14,'',0),(9,'050014822604','Công ty TNHH Quang Trung','Ngân hàng TMCP Sài Gòn Thương Tín (Sacombank)','Huyện Xuyên Mộc, Tỉnh Bà Rịa Vũng Tàu',1,'',0),(10,'112002659273','Công ty TNHH Quang Trung','Ngân hàng TMCP Công Thương Việt Nam (Viettin)','Huyện Xuyên Mộc, Tỉnh Bà Rịa Vũng Tàu',1,'',0),(11,'050034401079','Cao Huy Hoàng','NH TMCP SG Thương Tín SacomBank (Thái Bảo)','Xuyên Mộc',1,'',0),(12,'050083204777','CAO PHI HÙNG','SACOMBANK','XUYÊN MỘC',1,'',0),(13,'Tiền mặt','Cao Huy Hoàng','Phan Thiết','Chi nhánh Phan Thiết',15,'',1);

/*Table structure for table `agency` */

DROP TABLE IF EXISTS `agency`;

CREATE TABLE `agency` (
  `id` int(11) NOT NULL AUTO_INCREMENT,
  `name` varchar(255) COLLATE utf8_unicode_ci DEFAULT NULL,
  `address` varchar(255) COLLATE utf8_unicode_ci DEFAULT NULL,
  `phone` varchar(50) COLLATE utf8_unicode_ci DEFAULT NULL,
  `note` text COLLATE utf8_unicode_ci,
  `status` int(1) DEFAULT '1' COMMENT '0:bi khoa,1:dang hoat dong',
  PRIMARY KEY (`id`)
) ENGINE=InnoDB AUTO_INCREMENT=2 DEFAULT CHARSET=utf8 COLLATE=utf8_unicode_ci;

/*Data for the table `agency` */

insert  into `agency`(`id`,`name`,`address`,`phone`,`note`,`status`) values (1,'Anh Thái','','','',1);

/*Table structure for table `agency_commission` */

DROP TABLE IF EXISTS `agency_commission`;

CREATE TABLE `agency_commission` (
  `id` int(11) NOT NULL AUTO_INCREMENT,
  `agency_id` int(11) DEFAULT NULL,
  `commission_from` float DEFAULT NULL,
  `commission_to` float DEFAULT NULL,
  `commission` float DEFAULT NULL,
  PRIMARY KEY (`id`)
) ENGINE=InnoDB AUTO_INCREMENT=3 DEFAULT CHARSET=utf8 COLLATE=utf8_unicode_ci;

/*Data for the table `agency_commission` */

insert  into `agency_commission`(`id`,`agency_id`,`commission_from`,`commission_to`,`commission`) values (1,1,0,20,25),(2,1,20,100,27.5);

/*Table structure for table `agency_customer` */

DROP TABLE IF EXISTS `agency_customer`;

CREATE TABLE `agency_customer` (
  `id` int(11) NOT NULL AUTO_INCREMENT,
  `agency_id` int(11) DEFAULT NULL,
  `customer_id` int(11) DEFAULT NULL,
  PRIMARY KEY (`id`)
) ENGINE=InnoDB AUTO_INCREMENT=22 DEFAULT CHARSET=utf8 COLLATE=utf8_unicode_ci;

/*Data for the table `agency_customer` */

insert  into `agency_customer`(`id`,`agency_id`,`customer_id`) values (10,1,230),(11,1,229),(12,1,234),(13,1,322),(14,1,271),(15,1,282),(16,1,285),(17,1,286),(18,1,291),(19,1,302),(20,1,318),(21,1,284);

/*Table structure for table `attachment_file` */

DROP TABLE IF EXISTS `attachment_file`;

CREATE TABLE `attachment_file` (
  `id` int(11) NOT NULL AUTO_INCREMENT,
  `name` varchar(255) COLLATE utf8_unicode_ci DEFAULT NULL,
  `source` varchar(255) COLLATE utf8_unicode_ci DEFAULT NULL,
  `link` varchar(255) COLLATE utf8_unicode_ci DEFAULT NULL,
  `employee_id` int(11) DEFAULT NULL,
  `type` int(2) DEFAULT NULL,
  `parent_id` int(11) DEFAULT NULL,
  `created_date` datetime DEFAULT NULL,
  PRIMARY KEY (`id`)
) ENGINE=InnoDB DEFAULT CHARSET=utf8 COLLATE=utf8_unicode_ci;

/*Data for the table `attachment_file` */

/*Table structure for table `auto` */

DROP TABLE IF EXISTS `auto`;

CREATE TABLE `auto` (
  `id` int(11) NOT NULL AUTO_INCREMENT,
  `auto_date` date DEFAULT NULL,
  `auto_name` varchar(255) COLLATE utf8_unicode_ci DEFAULT NULL,
  PRIMARY KEY (`id`)
) ENGINE=InnoDB DEFAULT CHARSET=utf8 COLLATE=utf8_unicode_ci;

/*Data for the table `auto` */

/*Table structure for table `borrow` */

DROP TABLE IF EXISTS `borrow`;

CREATE TABLE `borrow` (
  `id` int(11) NOT NULL AUTO_INCREMENT,
  `code` varchar(255) COLLATE utf8_unicode_ci DEFAULT NULL,
  `created_date` date DEFAULT NULL,
  `created_employee_id` int(11) DEFAULT NULL,
  `employee_id` int(11) DEFAULT NULL,
  `total` double DEFAULT NULL,
  `account_id` int(11) DEFAULT NULL,
  `note` text COLLATE utf8_unicode_ci,
  PRIMARY KEY (`id`)
) ENGINE=InnoDB DEFAULT CHARSET=utf8 COLLATE=utf8_unicode_ci;

/*Data for the table `borrow` */

/*Table structure for table `borrow_detail` */

DROP TABLE IF EXISTS `borrow_detail`;

CREATE TABLE `borrow_detail` (
  `id` int(11) NOT NULL AUTO_INCREMENT,
  `borrow_id` int(11) DEFAULT NULL,
  `pay_date` date DEFAULT NULL,
  `amount` double DEFAULT NULL,
  PRIMARY KEY (`id`)
) ENGINE=InnoDB DEFAULT CHARSET=utf8 COLLATE=utf8_unicode_ci;

/*Data for the table `borrow_detail` */

/*Table structure for table `contract` */

DROP TABLE IF EXISTS `contract`;

CREATE TABLE `contract` (
  `id` int(11) NOT NULL AUTO_INCREMENT,
  `code` varchar(255) COLLATE utf8_unicode_ci DEFAULT NULL,
  `customer_id` int(11) DEFAULT NULL,
  `created_date` date DEFAULT NULL,
  `shell_12_price` double DEFAULT NULL,
  `shell_45_price` double DEFAULT NULL,
  `credit_date` int(2) DEFAULT NULL,
  `credit_amount` double DEFAULT NULL,
  `note` text COLLATE utf8_unicode_ci,
  `employee_id` int(11) DEFAULT NULL,
  `created_employee_id` int(11) DEFAULT NULL,
  PRIMARY KEY (`id`)
) ENGINE=InnoDB DEFAULT CHARSET=utf8 COLLATE=utf8_unicode_ci;

/*Data for the table `contract` */

/*Table structure for table `customer` */

DROP TABLE IF EXISTS `customer`;

CREATE TABLE `customer` (
  `id` int(11) NOT NULL AUTO_INCREMENT,
  `code` varchar(20) COLLATE utf8_unicode_ci DEFAULT NULL,
  `name` varchar(255) COLLATE utf8_unicode_ci DEFAULT NULL,
  `organization_id` int(11) DEFAULT NULL,
  `status` int(1) DEFAULT '1' COMMENT '0:bi khoa, 1:dang hoat dong',
  `address` text COLLATE utf8_unicode_ci,
  `phone` varchar(30) COLLATE utf8_unicode_ci DEFAULT NULL,
  `bank_account` text COLLATE utf8_unicode_ci,
  `tax` varchar(30) COLLATE utf8_unicode_ci DEFAULT NULL,
  `presenter` varchar(255) COLLATE utf8_unicode_ci DEFAULT NULL,
  `presenter_position` varchar(255) COLLATE utf8_unicode_ci DEFAULT NULL,
  `is_gas` int(1) DEFAULT '0',
  `is_petro` int(1) DEFAULT '0',
  `is_good` int(1) DEFAULT '0',
  `is_oil` int(1) DEFAULT '0',
  `is_solar` int(1) DEFAULT '0',
  `commission_percentage` float DEFAULT NULL,
  `commission_kind` int(1) DEFAULT '1' COMMENT '1:chiet khau tren bill, 2:chiet khau truc tiep tren gia ban',
  `note` text COLLATE utf8_unicode_ci,
  PRIMARY KEY (`id`)
) ENGINE=MyISAM AUTO_INCREMENT=650 DEFAULT CHARSET=utf8 COLLATE=utf8_unicode_ci;

/*Data for the table `customer` */

insert  into `customer`(`id`,`code`,`name`,`organization_id`,`status`,`address`,`phone`,`bank_account`,`tax`,`presenter`,`presenter_position`,`is_gas`,`is_petro`,`is_good`,`is_oil`,`is_solar`,`commission_percentage`,`commission_kind`,`note`) values (1,'TP','Công ty TNHH Gốm Tân Phát',1,1,'Lô số 164, Đường N1, Cụm công nghiệp Gốm sứ, Ấp 4, xã Tân Hạnh, Tp. Biên Hòa, Tỉnh Đồng Nai','0915. 87.36.37','','3603454432','Nguyễn Thị Thanh Thúy','Giám đốc',1,0,0,0,0,NULL,1,NULL),(2,'LPGHH','Cửa hàng LPG Huy Hoàng',1,1,'Số 125/5 ấp Phú Tâm, xã Hòa Hiệp, huyện Xuyên Mộc, tỉnh Bà Rịa Vũng Tàu','0988789713','','123456789','Nguyễn Tiến Công','Giám đốc',1,0,0,0,0,NULL,1,NULL),(9,'STXM','Cửa hàng Gas Sơn Trang',1,1,'Quốc lộ 55','2543777888','','','','',1,0,0,0,0,NULL,1,NULL),(11,'TMPB','Cửa hàng LPG Tài Mai',1,1,'','','','','','',1,0,0,0,0,NULL,1,NULL),(12,'ahtl','Ánh Hồng',1,1,'Xã Tân Lâm, Huyện Xuyên Mộc, Tỉnh Bà Rịa Vũng Tàu','','','','','',1,0,0,0,0,NULL,1,NULL),(13,'bbpt','Ba Bế',1,1,'Xã Phước Thuận, Huyện Xuyên Mộc, Tỉnh Bà Rịa Vũng Tàu','','','','','',1,0,0,0,0,NULL,1,NULL),(14,'bbl','Bảy Bàu Lâm',1,1,'Xã Bàu Lâm, Huyện Xuyên Mộc, Tỉnh Bà Rịa Vũng Tàu','','','','','',1,0,0,0,0,NULL,1,NULL),(15,'bpb','Bắc Phước Bửu',1,1,'Thị trấn Phước Bửu, Huyện Xuyên Mộc, Tỉnh Bà Rịa Vũng Tàu','','','','','',1,0,0,0,0,NULL,1,NULL),(16,'hsbc','Hiền Soi Bình Châu',1,1,'Xã Bình Châu, Huyện Xuyên Mộc, Tỉnh Bà Rịa Vũng Tàu','','','','','',1,0,0,0,0,NULL,1,NULL),(17,'mtlg','Mười Thúy',1,1,'Thị Xã Lagi, Huyện Hàm Tân, Tỉnh Bình Thuận','','','','','',1,0,0,0,0,0,1,''),(18,'thxm','Tấn Hùng',1,1,'Xã Xuyên Mộc, Huyện Xuyên Mộc, Tỉnh Bà Rịa Vũng Tàu','','','','','',1,0,0,0,0,NULL,1,NULL),(19,'tlpt','Thanh Liêm',1,1,'Xã Phước Tân, Huyện Xuyên Mộc, Tỉnh Bà Rịa Vũng Tàu','','','','','',1,0,0,0,0,NULL,1,NULL),(20,'bcpb','Bé Cầu',1,1,'Thị trấn Phước Bửu, Huyện Xuyên Mộc, Tỉnh Bà Rịa Vũng Tàu','','','','','',1,0,0,0,0,NULL,1,NULL),(21,'chpb','Chí Hiếu',1,1,'Thị trấn Phước Bửu, Huyện Xuyên Mộc, Tỉnh Bà Rịa Vũng Tàu','','','','','',1,0,0,0,0,NULL,1,NULL),(22,'btpb','Bảy Thành',1,1,'Thị trấn Phước Bửu, Huyện Xuyên Mộc, Tỉnh Bà Rịa Vũng Tàu','','','','','',1,0,0,0,0,NULL,1,NULL),(23,'bupb','Bưởi Bà Tô',1,1,'Thị trấn Phước Bửu, Huyện Xuyên Mộc, Tỉnh Bà Rịa Vũng Tàu','','','','','',1,0,0,0,0,NULL,1,NULL),(24,'calg','Chị An',1,1,'Thị Xã Lagi, Huyện Hàm Tân, Tỉnh Bình Thuận','','','','','',1,0,0,0,0,NULL,1,NULL),(25,'capt','Carmelia Hồ Tràm',1,1,'Xã Phước Thuận, Huyện Xuyên Mộc, Tỉnh Bà Rịa Vũng Tàu','','','','','',1,0,0,0,0,NULL,1,NULL),(26,'qkxm','Quyền Kim',1,1,'Xã Xuyên Mộc, Huyện Xuyên Mộc, Tỉnh Bà Rịa Vũng Tàu','','','','','',1,0,0,0,0,NULL,1,NULL),(27,'ctsr','Chính Thức',1,1,'Xã Sông Ray, Huyện Cẩm Mỹ, Tỉnh Đồng Nai','','','','','',1,0,0,0,0,NULL,1,NULL),(28,'dhhb','Diệu Hiền',1,1,'Xã Hoà Bình, Huyện Xuyên Mộc, Tỉnh Bà Rịa Vũng Tàu','','','','','',1,0,0,0,0,NULL,1,NULL),(29,'dtbk','Duy Tuyên',1,1,'Bưng Kè, Xã Hoà Hiệp Huyện Xuyên Mộc, Tỉnh Bà Rịa Vũng Tàu','','','','','',1,0,0,0,0,NULL,1,NULL),(30,'ddnth','Được Duy Nhất',1,1,'Xã Thắng Hải, Huyện Hàm Tân, Tỉnh Bình Thuận','','','','','',1,0,0,0,0,NULL,1,NULL),(31,'dpbc','Đại Phát',1,1,'Xã Bình Châu, Huyện Xuyên Mộc, Tỉnh Bà Rịa Vũng Tàu','','','','','',1,0,0,0,0,NULL,1,NULL),(32,'gcbc','Gái Cường',1,1,'Xã Bình Châu, Huyện Xuyên Mộc, Tỉnh Bà Rịa Vũng Tàu','','','','','',1,0,0,0,0,NULL,1,NULL),(33,'hbc','Hai Bình Châu',1,1,'Xã Bình Châu, Huyện Xuyên Mộc, Tỉnh Bà Rịa Vũng Tàu','','','','','',1,0,0,0,0,NULL,1,NULL),(34,'hctl','Huyền Chương',1,1,'Xã Tân Lâm, Huyện Xuyên Mộc, Tỉnh Bà Rịa Vũng Tàu','','','','','',1,0,0,0,0,NULL,1,NULL),(35,'hdbk','Hoa Đào',1,1,'Bưng Kè, Xã Hoà Hiệp, Huyện Xuyên Mộc, Tỉnh Bà Rịa Vũng Tàu','','','','','',1,0,0,0,0,NULL,1,NULL),(36,'hhxm','Huy Hoàng Xuyên Mộc',1,2,'Xã Xuyên Mộc, Huyện Xuyên Mộc, Tỉnh Bà Rịa Vũng Tàu','','','','','',1,0,0,0,0,NULL,1,NULL),(37,'hhbk','Hà Hương Bưng Kè',1,1,'Bưng Kè, Xã Hoà Hiệp, Huyện Xuyên Mộc, Tỉnh Bà Rịa Vũng Tàu','','','','','',1,0,0,0,0,NULL,1,NULL),(38,'hlbk','Hoàng Lịch Bưng Kè',1,1,'Bưng Kè, Xã Hoà Hiệp, Huyện Xuyên Mộc, Tỉnh Bà Rịa Vũng Tàu','','','','','',1,0,0,0,0,NULL,1,NULL),(39,'hmsm','Hán Minh',1,1,'Xã Sơn Mỹ, Huyện Hàm Tân, Tỉnh Bình Thuận','','','','','',1,0,0,0,0,NULL,1,NULL),(40,'hphh','Hùng Phát',1,1,'Xã Hoà Hội, Huyện Xuyên Mộc, Tỉnh Bà Rịa Vũng Tàu','','','','','',1,0,0,0,0,NULL,1,NULL),(41,'hqpt','Hoàng Quân',1,1,'Xã Phước Thuận, Huyện Xuyên Mộc, Tỉnh Bà Rịa Vũng Tàu','','','','','',1,0,0,0,0,NULL,1,NULL),(42,'hvhb','Hoàn Vân',1,1,'Xã Hoà Bình, Huyện Xuyên Mộc, Tỉnh Bà Rịa Vũng Tàu','','','','','',1,0,0,0,0,NULL,1,NULL),(43,'kbcm','Khánh Bằng',1,1,'Xã Sông Ray, Huyện Cẩm Mỹ, Tỉnh Đồng Nai','','','','','',1,0,0,0,0,NULL,1,NULL),(44,'kclg','Kim Chi',1,1,'Thị Xã Lagi, Huyện Hàm Tân, Tỉnh Bình Thuận','','','','','',1,0,0,0,0,NULL,1,NULL),(45,'ksbc','Kim Sương',1,1,'Xã Bình Châu, Huyện Xuyên Mộc, Tỉnh Bà Rịa Vũng Tàu','','','','','',1,0,0,0,0,NULL,1,NULL),(46,'ktbr','Kim Trọng Bưng Riềng',1,1,'Xã Bưng Riềng, Huyện Xuyên Mộc, Tỉnh Bà Rịa Vũng Tàu','','','','','',1,0,0,0,0,NULL,1,NULL),(47,'kthtl','Kim Thúy Hậu',1,1,'Xã Tân Lâm, Huyện Xuyên Mộc, Tỉnh Bà Rịa Vũng Tàu','','','','','',1,0,0,0,0,0,1,''),(48,'khhh','Kim Hoa',1,1,'Xã Hoà Hội, Huyện Xuyên Mộc, Tỉnh Bà Rịa Vũng Tàu','','','','','',1,0,0,0,0,NULL,1,NULL),(49,'lpb','Loan Bà Tô',1,1,'Thị trấn Phước Bửu, Huyện Xuyên Mộc, Tỉnh Bà Rịa Vũng Tàu','','','','','',1,0,0,0,0,NULL,1,NULL),(50,'lbc','Linh Bình Châu',1,1,'Xã Bình Châu, Huyện Xuyên Mộc, Tỉnh Bà Rịa Vũng Tàu','','','','','',1,0,0,0,0,NULL,1,NULL),(51,'lhbk','Lý Hải',1,1,'Bưng Kè, Xã Hoà Hiệp, Huyện Xuyên Mộc, Tỉnh Bà Rịa Vũng Tàu','','','','','',1,0,0,0,0,NULL,1,NULL),(52,'lpt','Liên Đội 3',1,1,'Xã Phước Tân, Huyện Xuyên Mộc, Tỉnh Bà Rịa Vũng Tàu','','','','','',1,0,0,0,0,NULL,1,NULL),(53,'lspb','Lịch Sử',1,1,'Thị trấn Phước Bửu, Huyện Xuyên Mộc, Tỉnh Bà Rịa Vũng Tàu','','','','','',1,0,0,0,0,NULL,1,NULL),(54,'lthh','Lài Thi',1,1,'Xã Hoà Hội, Huyện Xuyên Mộc, Tỉnh Bà Rịa Vũng Tàu','','','','','',1,0,0,0,0,NULL,1,NULL),(55,'ltsr','Long Tứ',1,1,'Xã Sông Ray, Huyện Cẩm Mỹ, Tỉnh Đồng Nai','','','','','',1,0,0,0,0,NULL,1,NULL),(56,'mcpb','Minh Châu Phước Bửu',1,1,'Thị trấn Phước Bửu, Huyện Xuyên Mộc, Tỉnh Bà Rịa Vũng Tàu','','','','','',1,0,0,0,0,NULL,1,NULL),(57,'mdbc','Mỹ Dung',1,1,'Xã Bình Châu, Huyện Xuyên Mộc, Tỉnh Bà Rịa Vũng Tàu','','','','','',1,0,0,0,0,NULL,1,NULL),(58,'mdsr','Minh Điệp',1,1,'Xã Sông Ray, Huyện Cẩm Mỹ, Tỉnh Đồng Nai','','','','','',1,0,0,0,0,NULL,1,NULL),(59,'mdubc','Minh Đức',1,1,'Xã Bình Châu, Huyện Xuyên Mộc, Tỉnh Bà Rịa Vũng Tàu','','','','','',1,0,0,0,0,NULL,1,NULL),(60,'mnbc','Mầm Non Bình Châu',1,1,'Xã Bình Châu, Huyện Xuyên Mộc, Tỉnh Bà Rịa Vũng Tàu','','','','','',1,0,0,0,0,NULL,1,NULL),(61,'mtbl','Minh Tuấn',1,1,'Xã Bàu Lâm, Huyện Xuyên Mộc, Tỉnh Bà Rịa Vũng Tàu','','','','','',1,0,0,0,0,NULL,1,NULL),(62,'mtlg','Minh Tú',1,1,'Thị Xã Lagi, Huyện Hàm Tân, Tỉnh Bình Thuận','','','','','',1,0,0,0,0,NULL,1,NULL),(63,'ndpb','Nguyễn Du',1,1,'Thị trấn Phước Bửu, Huyện Xuyên Mộc, Tỉnh Bà Rịa Vũng Tàu','','','','','',1,0,0,0,0,NULL,1,NULL),(64,'ntbl','Nguyên Thảo',1,1,'Xã Bàu Lâm, Huyện Xuyên Mộc, Tỉnh Bà Rịa Vũng Tàu','','','','','',1,0,0,0,0,NULL,1,NULL),(65,'nttt','Ngọc Tâm',1,1,'Xã Tân Thắng, Huyện Hàm Tân, Tỉnh Bình Thuận','','','','','',1,0,0,0,0,NULL,1,NULL),(66,'pd46','Phạm Đăng',1,1,'Ngã Tư 46, Huyện Hàm Tân, Tỉnh Bình Thuận','','','','','',1,0,0,0,0,NULL,1,NULL),(67,'lbc','Lộc Bình Châu',1,1,'Xã Bình Châu, Huyện Xuyên Mộc, Tỉnh Bà Rịa Vũng Tàu','','','','','',1,0,0,0,0,0,1,''),(68,'pm46','Phúc Mai',1,1,'Ngã Tư 46, Huyện Hàm Tân, Tỉnh Bình Thuận','','','','','',1,0,0,0,0,NULL,1,NULL),(69,'pt46','Phụng Tập',1,1,'Ngã Tư 46, Huyện Hàm Tân, Tỉnh Bình Thuận','','','','','',1,0,0,0,0,NULL,1,NULL),(70,'ptsr','Phương Thảo Sông Ray',1,1,'Xã Sông Ray, Huyện Cẩm Mỹ, Tỉnh Đồng Nai','','','','','',1,0,0,0,0,NULL,1,NULL),(71,'phsm','Phú Hoàng',1,1,'Xã Sơn Mỹ, Huyện Hàm Tân, Tỉnh Bình Thuận','','','','','',1,0,0,0,0,NULL,1,NULL),(72,'pthsr','Pháp Thanh',1,1,'Xã Sông Ray, Huyện Cẩm Mỹ, Tỉnh Đồng Nai','','','','','',1,0,0,0,0,NULL,1,NULL),(73,'qhh','Quang Hòa Hội',1,1,'Xã Hoà Hội, Huyện Xuyên Mộc, Tỉnh Bà Rịa Vũng Tàu','','','','','',1,0,0,0,0,0,1,''),(74,'qvpb','Quang Vinh',1,1,'Thị trấn Phước Bửu, Huyện Xuyên Mộc, Tỉnh Bà Rịa Vũng Tàu','','','','','',1,0,0,0,0,NULL,1,NULL),(75,'shbl','Sỹ Hường',1,1,'Xã Bàu Lâm, Huyện Xuyên Mộc, Tỉnh Bà Rịa Vũng Tàu','','','','','',1,0,0,0,0,NULL,1,NULL),(76,'sqbc','Sáu Quế',1,1,'Xã Bình Châu, Huyện Xuyên Mộc, Tỉnh Bà Rịa Vũng Tàu','','','','','',1,0,0,0,0,0,1,''),(77,'sbtr','Sanh Trại Gà',1,1,'Xã Bông Trang, Huyện Xuyên Mộc, Tỉnh Bà Rịa Vũng Tàu','','','','','',1,0,0,0,0,NULL,1,NULL),(78,'stxm','Sơn Trang',1,2,'Xã Xuyên Mộc, Huyện Xuyên Mộc, Tỉnh Bà Rịa Vũng Tàu','','','','','',1,0,0,0,0,NULL,1,NULL),(79,'txm','Tùng Gas',1,1,'Xã Xuyên Mộc, Huyện Xuyên Mộc, Tỉnh Bà Rịa Vũng Tàu','','','','','',1,0,0,0,0,NULL,1,NULL),(80,'thh','Tâm Hòa Hội',1,1,'Xã Hoà Hội, Huyện Xuyên Mộc, Tỉnh Bà Rịa Vũng Tàu','','','','','',1,0,0,0,0,0,1,''),(81,'tmpb','Tài Mai',1,2,'Thị trấn Phước Bửu, Huyện Xuyên Mộc, Tỉnh Bà Rịa Vũng Tàu','','','','','',1,0,0,0,0,NULL,1,NULL),(82,'tbtr','Thanh Trại Gà',1,1,'Xã Bông Trang, Huyện Xuyên Mộc, Tỉnh Bà Rịa Vũng Tàu','','','','','',1,0,0,0,0,NULL,1,NULL),(83,'tdbc','Thành Dung',1,1,'Xã Bình Châu, Huyện Xuyên Mộc, Tỉnh Bà Rịa Vũng Tàu','','','','','',1,0,0,0,0,NULL,1,NULL),(84,'tdpt','Thảo Đại',1,1,'Xã Phước Tân, Huyện Xuyên Mộc, Tỉnh Bà Rịa Vũng Tàu','','','','','',1,0,0,0,0,NULL,1,NULL),(85,'hpt','Huyền Trại Gà',1,1,'Xã Phước Thuận, Huyện Xuyên Mộc, Tỉnh Bà Rịa Vũng Tàu','','','','','',1,0,0,0,0,NULL,1,NULL),(86,'tghb','Trường Giang',1,1,'Xã Hoà Bình, Huyện Xuyên Mộc, Tỉnh Bà Rịa Vũng Tàu','','','','','',1,0,0,0,0,NULL,1,NULL),(87,'tbk','Tiên Bưng Kè',1,1,'Bưng Kè, Xã Hoà Hiệp, Huyện Xuyên Mộc, Tỉnh Bà Rịa Vũng Tàu','','','','','',1,0,0,0,0,NULL,1,NULL),(88,'t46','Truyền',1,1,'Ngã Tư 46, Huyện Hàm Tân, Tỉnh Bình Thuận','','','','','',1,0,0,0,0,NULL,1,NULL),(89,'tmbc','Thiên Mướp',1,1,'Xã Bình Châu, Huyện Xuyên Mộc, Tỉnh Bà Rịa Vũng Tàu','','','','','',1,0,0,0,0,NULL,1,NULL),(90,'ttpb','Thanh Túy',1,1,'Thị trấn Phước Bửu, Huyện Xuyên Mộc, Tỉnh Bà Rịa Vũng Tàu','','','','','',1,0,0,0,0,0,1,''),(91,'tslg','Tiến Sơn',1,1,'Thị Xã Lagi, Huyện Hàm Tân, Tỉnh Bình Thuận','','','','','',1,0,0,0,0,NULL,1,NULL),(92,'ttpt','Trung Thuận',1,1,'Xã Phước Tân, Huyện Xuyên Mộc, Tỉnh Bà Rịa Vũng Tàu','','','','','',1,0,0,0,0,NULL,1,NULL),(93,'ttbc','Trung Thu',1,1,'Xã Bình Châu, Huyện Xuyên Mộc, Tỉnh Bà Rịa Vũng Tàu','','','','','',1,0,0,0,0,NULL,1,NULL),(94,'ttlg','Trung Thành',1,1,'Thị Xã Lagi, Huyện Hàm Tân, Tỉnh Bình Thuận','','','','','',1,0,0,0,0,NULL,1,NULL),(95,'tth','Thanh Tân Thắng',1,1,'Xã Thắng Hải, Huyện Hàm Tân, Tỉnh Bình Thuận','','','','','',1,0,0,0,0,NULL,1,NULL),(96,'tttt','Thành Tâm',1,1,'Xã Tân Thắng, Huyện Hàm Tân, Tỉnh Bình Thuận','','','','','',1,0,0,0,0,NULL,1,NULL),(97,'athh','Ái Thu',1,1,'Xã Hoà Hội, Huyện Xuyên Mộc, Tỉnh Bà Rịa Vũng Tàu','','','','','',1,0,0,0,0,NULL,1,NULL),(98,'ttbc','Tuấn Thanh',1,1,'Xã Bình Châu, Huyện Xuyên Mộc, Tỉnh Bà Rịa Vũng Tàu','','','','','',1,0,0,0,0,NULL,1,NULL),(99,'tpt','Thanh Gò Cà Phước Thuận',1,1,'Xã Phước Thuận, Huyện Xuyên Mộc, Tỉnh Bà Rịa Vũng Tàu','','','','','',1,0,0,0,0,NULL,1,NULL),(100,'tktl','Thùy Khuyên',1,1,'Xã Tân Lâm, Huyện Xuyên Mộc, Tỉnh Bà Rịa Vũng Tàu','','','','','',1,0,0,0,0,0,1,''),(101,'tbk','Thơ Bưng Kè',1,1,'Bưng Kè, Xã Hoà Hiệp, Huyện Xuyên Mộc, Tỉnh Bà Rịa Vũng Tàu','','','','','',1,0,0,0,0,NULL,1,NULL),(102,'thpt','Thúy Hoàng Phước Tân',1,1,'Xã Phước Tân, Huyện Xuyên Mộc, Tỉnh Bà Rịa Vũng Tàu','','','','','',1,0,0,0,0,0,1,''),(103,'thpt','Toan Hoa',1,1,'Xã Phước Tân, Huyện Xuyên Mộc, Tỉnh Bà Rịa Vũng Tàu','','','','','',1,0,0,0,0,NULL,1,NULL),(104,'tptl','Thúy Phương',1,1,'Xã Tân Lâm, Huyện Xuyên Mộc, Tỉnh Bà Rịa Vũng Tàu','','','','','',1,0,0,0,0,0,1,''),(105,'ttl','Thị Tân Lâm',1,1,'Xã Tân Lâm, Huyện Xuyên Mộc, Tỉnh Bà Rịa Vũng Tàu','','','','','',1,0,0,0,0,NULL,1,NULL),(106,'unpb','Út Nuôi',1,1,'Thị trấn Phước Bửu, Huyện Xuyên Mộc, Tỉnh Bà Rịa Vũng Tàu','','','','','',1,0,0,0,0,NULL,1,NULL),(107,'vb46','Văn Bé',1,1,'Ngã Tư 46, Huyện Hàm Tân, Tỉnh Bình Thuận','','','','','',1,0,0,0,0,NULL,1,NULL),(108,'vqhh','Vũ Quang',1,1,'Xã Hoà Hội, Huyện Xuyên Mộc, Tỉnh Bà Rịa Vũng Tàu','','','','','',1,0,0,0,0,NULL,1,NULL),(109,'xdbc','Xuân Đông',1,1,'Xã Bình Châu, Huyện Xuyên Mộc, Tỉnh Bà Rịa Vũng Tàu','','','','','',1,0,0,0,0,NULL,1,NULL),(110,'xhh','Xuân Hòa Hội',1,1,'Xã Hoà Hội, Huyện Xuyên Mộc, Tỉnh Bà Rịa Vũng Tàu','','','','','',1,0,0,0,0,0,1,''),(111,'xttl','Xuân Tú',1,1,'Xã Tân Lâm, Huyện Xuyên Mộc, Tỉnh Bà Rịa Vũng Tàu','','','','','',1,0,0,0,0,NULL,1,NULL),(112,'mhbc','Minh Hùng',1,1,'Xã Bình Châu, Huyện Xuyên Mộc, Tỉnh Bà Rịa Vũng Tàu','','','','','',1,0,0,0,0,NULL,1,NULL),(113,'ta46','Tuấn Anh 46',1,1,'Ngã Tư 46, Huyện Hàm Tân, Tỉnh Bình Thuận','','','','','',1,0,0,0,0,NULL,1,NULL),(114,'tth','Thúy Cầu Kiều',1,1,'Xã Thắng Hải, Huyện Hàm Tân, Tỉnh Bình Thuận','','','','','',1,0,0,0,0,0,1,''),(115,'dpt','Hùng Hồ Tràm',1,1,'Xã Phước Thuận, Huyện Xuyên Mộc, Tỉnh Bà Rịa Vũng Tàu','','','','','',1,0,0,0,0,NULL,1,NULL),(116,'htbk','Hương Thơm',1,1,'Bưng Kè, Xã Hoà Hiệp, Huyện Xuyên Mộc, Tỉnh Bà Rịa Vũng Tàu','','','','','',1,0,0,0,0,NULL,1,NULL),(117,'mpb','Mai Bà Tô',1,1,'Thị trấn Phước Bửu, Huyện Xuyên Mộc, Tỉnh Bà Rịa Vũng Tàu','','','','','',1,0,0,0,0,NULL,1,NULL),(118,'ttbg','Tình Thủy',1,1,'Xã Bình Giã, Huyện Châu Đức, Tỉnh Bà Rịa Vũng Tàu','','','','','',1,0,0,0,0,0,1,''),(119,'hhhtn','Hồng Huyên',1,1,'Xã Hàm Thuận Nam, Huyện Hàm Tân, Tỉnh Bình Thuận','','','','','',1,0,0,0,0,NULL,1,NULL),(120,'ptpt','Phương Thảo Phan Thiết',1,1,'Thành phố Phan Thiết, Tỉnh Bình Thuận','','','','','',1,0,0,0,0,NULL,1,NULL),(121,'hhh','Huệ Hoà Hội',1,1,'Xã Hoà Hội, Huyện Xuyên Mộc, Tỉnh Bà Rịa Vũng Tàu','','','','','',1,0,0,0,0,NULL,1,NULL),(122,'dhh','Dũng Hòa Hội',1,1,'Xã Hoà Hội, Huyện Xuyên Mộc, Tỉnh Bà Rịa Vũng Tàu','','','','','',1,0,0,0,0,0,1,''),(123,'mhhb','Mỹ Hạnh',1,1,'Xã Hoà Bình, Huyện Xuyên Mộc, Tỉnh Bà Rịa Vũng Tàu','','','','','',1,0,0,0,0,NULL,1,NULL),(124,'htdn','Công ty TNHH Khí Hoá Lỏng Hưng Thịnh',1,1,'39/1 Khu phố 3, Phường Tam Hiệp, Tp. Biên Hoà, Tỉnh Đồng Nai','','','3600874037','','',1,0,0,1,0,43,1,''),(125,'cnpt','Chi nhánh Phan Thiết',1,1,'Thành phố Phan Thiết, Tỉnh Bình Thuận','','','','','',1,0,0,0,0,NULL,1,NULL),(126,'dhh','Đoàn Hòa Hội',1,1,'Xã Hoà Hội, Huyện Xuyên Mộc, Tỉnh Bà Rịa Vũng Tàu','','','','','',1,0,0,0,0,0,1,''),(127,'mcbc','Minh Châu Bình Châu',1,1,'Xã Bình Châu, Huyện Xuyên Mộc, Tỉnh Bà Rịa Vũng Tàu','','','','','',1,0,0,0,0,NULL,1,NULL),(128,'bdqt','Bò Đốt Quang Trung',1,1,'Xã Bông Trang, Huyện Xuyên Mộc, Tỉnh Bà Rịa Vũng Tàu','','','','','',1,0,0,0,0,NULL,1,NULL),(129,'gxbc','Giang Xuân Bình Châu',1,1,'Xã Bình Châu, Huyện Xuyên Mộc, Tỉnh Bà Rịa Vũng Tàu','','','','','',1,0,0,0,0,NULL,1,NULL),(130,'vht','Vàng Hồ Tràm',1,1,'Xã Phước Thuận, Huyện Xuyên Mộc, Tỉnh Bà Rịa Vũng Tàu','','','','','',1,0,0,0,0,NULL,1,NULL),(131,'tbk','Thắng Bàu Ma Bưng Kè',1,1,'Bưng Kè, Xã Hoà Hiệp, Huyện Xuyên Mộc, Tỉnh Bà Rịa Vũng Tàu','','','','','',1,0,0,0,0,NULL,1,NULL),(132,'qth','Quang Tân Thắng',1,1,'Xã Thắng Hải, Huyện Hàm Tân, Tỉnh Bình Thuận','','','','','',1,0,0,0,0,0,1,''),(133,'vpb','Vân Bà Tô',1,1,'Thị trấn Phước Bửu, Huyện Xuyên Mộc, Tỉnh Bà Rịa Vũng Tàu','','','','','',1,0,0,0,0,NULL,1,NULL),(134,'blqt','Bán lẻ',1,1,'Xã Bông Trang, Huyện Xuyên Mộc, Tỉnh Bà Rịa Vũng Tàu','','','','','',1,0,0,0,0,NULL,1,NULL),(135,'tbxt','Tình Bắc',1,1,'Xã Xuân Tây, Huyện Cẩm Mỹ, Tỉnh Đồng Nai','','','','','',1,0,0,0,0,NULL,1,NULL),(136,'hpbk','Hiếu Phượng',1,1,'Bưng Kè, Xã Hoà Hiệp, Huyện Xuyên Mộc, Tỉnh Bà Rịa Vũng Tàu','','','','','',1,0,0,0,0,NULL,1,NULL),(137,'hhcm','Huy Hoàng Cẩm Mỹ',1,1,'Xã Xuân Đông, Huyện Cẩm Mỹ, Tỉnh Đồng Nai','','','','','',1,0,0,0,0,NULL,1,NULL),(138,'ktbc','Kiều Trang',1,1,'Xã Bình Châu, Huyện Xuyên Mộc, Tỉnh Bà Rịa Vũng Tàu','','','','','',1,0,0,0,0,NULL,1,NULL),(139,'tbk','Trọng Cầu 5',1,1,'Bưng Kè, Xã Hoà Hiệp, Huyện Xuyên Mộc, Tỉnh Bà Rịa Vũng Tàu','','','','','',1,0,0,0,0,NULL,1,NULL),(140,'th10','Tạp Hóa 10',1,1,'Bưng Kè, Xã Hoà Hiệp, Huyện Xuyên Mộc, Tỉnh Bà Rịa Vũng Tàu','','','','','',1,0,0,0,0,0,1,''),(141,'hcbc','Huy Châu',1,1,'Xã Bình Châu, Huyện Xuyên Mộc, Tỉnh Bà Rịa Vũng Tàu','','','','','',1,0,0,0,0,NULL,1,NULL),(142,'qpbtr','Quốc Phong',1,1,'Xã Bông Trang, Huyện Xuyên Mộc, Tỉnh Bà Rịa Vũng Tàu','','','','','',1,0,0,0,0,NULL,1,NULL),(143,'hcplg','Hùng Cường Phát',1,1,'Xã Long Giao, Huyện Cẩm Mỹ, Tỉnh Đồng Nai','','','','','',1,0,0,0,0,NULL,1,NULL),(144,'tnbk','Tuyết Nhi',1,1,'Bưng Kè, Xã Hoà Hiệp, Huyện Xuyên Mộc, Tỉnh Bà Rịa Vũng Tàu','','','','','',1,0,0,0,0,NULL,1,NULL),(145,'mhxm','Minh Hiền',1,1,'Xã Xuân Mỹ, Huyện Cẩm Mỹ, Tỉnh Đồng Nai','','','','','',1,0,0,0,0,NULL,1,NULL),(146,'dpxd','Dũng Phượng',1,1,'Xã Xuân Đông, Huyện Cẩm Mỹ, Tỉnh Đồng Nai','','','','','',1,0,0,0,0,NULL,1,NULL),(147,'c46','Cường 46',1,1,'Ngã Tư 46, Huyện Hàm Tân, Tỉnh Bình Thuận','','','','','',1,0,0,0,0,NULL,1,NULL),(148,'athtn','Gas An Toàn',1,1,'Thôn Lập Đức, Xã Tân Lập, Huyện Hàm Thuận Nam, Tỉnh Bình Thuận','','','','','',1,0,0,0,0,0,1,''),(149,'dhh','Diễm Đội 2 Hòa Hội',1,1,'Xã Hoà Hội, Huyện Xuyên Mộc, Tỉnh Bà Rịa Vũng Tàu','','','','','',1,0,0,0,0,0,1,''),(150,'pnbk','Phúc Nguyên',1,1,'Bưng Kè, Xã Hoà Hiệp, Huyện Xuyên Mộc, Tỉnh Bà Rịa Vũng Tàu','','','','','',1,0,0,0,0,NULL,1,NULL),(151,'hhh','Hoa Đội 2',1,1,'Xã Hoà Hội, Huyện Xuyên Mộc, Tỉnh Bà Rịa Vũng Tàu','','','','','',1,0,0,0,0,NULL,1,NULL),(152,'spo','Công ty TNHH Supor Việt Nam',1,1,'Lô A-1-CN, KCN Mỹ Phước, phường Mỹ Phước, Thị Xã Bến Cát, Tỉnh Bình Dương','','','','','',1,0,0,0,0,NULL,1,NULL),(153,'thsr','Thanh Hà',1,1,'Xã Sông Ray, Huyện Cẩm Mỹ, Tỉnh Đồng Nai','','','','','',1,0,0,0,0,NULL,1,NULL),(154,'sbk','Sơn Bưng Kè',1,1,'Bưng Kè, Xã Hoà Hiệp, Huyện Xuyên Mộc, Tỉnh Bà Rịa Vũng Tàu','','','','','',1,0,0,0,0,NULL,1,NULL),(155,'hhb','Hòa Hòa Bình',1,1,'Xã Hoà Bình, Huyện Xuyên Mộc, Tỉnh Bà Rịa Vũng Tàu','0946721173','','','','',1,0,0,0,0,0,1,''),(156,'nhbtr','Ngọc Huyền',1,1,'Xã Bông Trang, Huyện Xuyên Mộc, Tỉnh Bà Rịa Vũng Tàu','','','','','',1,0,0,0,0,NULL,1,NULL),(157,'htbc','Huyền Trang',1,1,'Xã Bình Châu, Huyện Xuyên Mộc, Tỉnh Bà Rịa Vũng Tàu','','','','','',1,0,0,0,0,NULL,1,NULL),(158,'ttlg','Thanh Tuấn Lagi',1,1,'Thị Xã Lagi, Huyện Hàm Tân, Tỉnh Bình Thuận','','','','','',1,0,0,0,0,NULL,1,NULL),(159,'hpbr','Hương Phong Hồ Cốc',1,1,'Xã Bưng Riềng, Huyện Xuyên Mộc, Tỉnh Bà Rịa Vũng Tàu','','','','','',1,0,0,0,0,NULL,1,NULL),(160,'anbk','Ánh Nhi',1,1,'Bưng Kè, Xã Hoà Hiệp, Huyện Xuyên Mộc, Tỉnh Bà Rịa Vũng Tàu','','','','','',1,0,0,0,0,NULL,1,NULL),(161,'nhcm','Nỡ Hoài',1,1,'Xã Hoàn Quân, Huyện Cẩm Mỹ, Tỉnh Đồng Nai','','','','','',1,0,0,0,0,0,1,''),(162,'thxm','Triệu Huy',1,1,'Xã Xuân Mỹ, Huyện Cẩm Mỹ, Tỉnh Đồng Nai','','','','','',1,0,0,0,0,NULL,1,NULL),(163,'ybtr','Tạp hóa Yến',1,1,'Xã Bông Trang, Huyện Xuyên Mộc, Tỉnh Bà Rịa Vũng Tàu','','','','','',1,0,0,0,0,0,1,''),(164,'hbr','Hà Bưng Riềng',1,1,'Xã Bưng Riềng, Huyện Xuyên Mộc, Tỉnh Bà Rịa Vũng Tàu','','','','','',1,0,0,0,0,NULL,1,NULL),(165,'tha','Công ty TNHH Dầu Khí Thiên Hà',1,1,'95 Trịnh Đình Thảo, phường Phú Trung, quận Tân Phú, Tp. HCM','','','','','',1,0,0,0,0,NULL,1,NULL),(166,'ltl','Loan Tân Lâm',1,1,'Xã Tân Lâm, Huyện Xuyên Mộc, Tỉnh Bà Rịa Vũng Tàu','','','','','',1,0,0,0,0,NULL,1,NULL),(167,'nvqt','Nhân Viên Quang Trung',1,1,'Xã Bông Trang, Huyện Xuyên Mộc, Tỉnh Bà Rịa Vũng Tàu','','','','','',1,0,0,0,0,NULL,1,NULL),(168,'dpt','Dung Cây Điệp',1,1,'Xã Phước Tân, Huyện Xuyên Mộc, Tỉnh Bà Rịa Vũng Tàu','','','','','',1,0,0,0,0,NULL,1,NULL),(169,'pppt','Phương Phát',1,1,'Thành phố Phan Thiết, Tỉnh Bình Thuận','','','','','',1,0,0,0,0,NULL,1,NULL),(170,'udpt','Uyên Đan',1,1,'Thành phố Phan Thiết, Tỉnh Bình Thuận','','','','','',1,0,0,0,0,NULL,1,NULL),(171,'htcm','Hà Tuấn Cẩm Mỹ',1,1,'Xã Xuân Bảo, Huyện Cẩm Mỹ, Tỉnh Đồng Nai','','','','','',1,0,0,0,0,NULL,1,NULL),(172,'ntlg','Ngọc Tân Lagi',1,1,'Thị Xã Lagi, Huyện Hàm Tân, Tỉnh Bình Thuận','','','','','',1,0,0,0,0,NULL,1,NULL),(173,'h46','Hòe Trại Gà 46',1,1,'Ngã Tư 46, Huyện Hàm Tân, Tỉnh Bình Thuận','','','','','',1,0,0,0,0,0,1,''),(174,'vuc','Công ty TNHH Khí Hoá Lỏng Việt Úc',1,1,'Xã Sông Ray, Huyện Cẩm Mỹ, Tỉnh Đồng Nai','','','','','',1,0,0,0,0,NULL,1,NULL),(175,'alcm','Ánh Linh',1,1,'Xã Xuân Đông, Huyện Cẩm Mỹ, Tỉnh Đồng Nai','','','','','',1,0,0,0,0,NULL,1,NULL),(176,'hbchau','Hải Bình Châu Xuyên Mộc',1,1,'Xã Bình Châu, Huyện Xuyên Mộc, Tỉnh Bà Rịa Vũng Tàu','','','','','',1,0,0,0,0,NULL,1,NULL),(177,'thcm','Trí Hải',1,1,'Xã Xuân Đông, Huyện Cẩm Mỹ, Tỉnh Đồng Nai','','','','','',1,0,0,0,0,NULL,1,NULL),(178,'mphh','Minh Phương',1,1,'Xã Hoà Hội, Huyện Xuyên Mộc, Tỉnh Bà Rịa Vũng Tàu','','','','','',1,0,0,0,0,NULL,1,NULL),(179,'qclg','Quang Châu',1,1,'Thị Xã Lagi, Huyện Hàm Tân, Tỉnh Bình Thuận','','','','','',1,0,0,0,0,NULL,1,NULL),(180,'hhh','Hồng Đội 5',1,1,'Xã Hoà Hội, Huyện Xuyên Mộc, Tỉnh Bà Rịa Vũng Tàu','','','','','',1,0,0,0,0,NULL,1,NULL),(181,'thh','Tuyết Đội 2',1,1,'Xã Hoà Hội, Huyện Xuyên Mộc, Tỉnh Bà Rịa Vũng Tàu','','','','','',1,0,0,0,0,NULL,1,NULL),(182,'athtb','An Toàn Phan Thiết',1,1,'Lô 58/B1- KDC Hàm Thuận Bắc, Tỉnh Bình Thuận','','','','','',1,0,0,0,0,0,1,''),(183,'ttbl','Thảo Toàn',1,1,'Xã Bàu Lâm, Huyện Xuyên Mộc, Tỉnh Bà Rịa Vũng Tàu','','','','','',1,0,0,0,0,NULL,1,NULL),(184,'kacm','Kim Anh',1,1,'Xã Xuân Mỹ, Huyện Cẩm Mỹ, Tỉnh Đồng Nai','','','','','',1,0,0,0,0,NULL,1,NULL),(185,'bpcm','Bảy Phước',1,1,'Xã Xuân Mỹ, Huyện Cẩm Mỹ, Tỉnh Đồng Nai','','','','','',1,0,0,0,0,NULL,1,NULL),(186,'hhh','Hiền Đội 5',1,1,'Xã Hoà Hội, Huyện Xuyên Mộc, Tỉnh Bà Rịa Vũng Tàu','','','','','',1,0,0,0,0,NULL,1,NULL),(187,'bapb','Bình An',1,1,'Thị trấn Phước Bửu, Huyện Xuyên Mộc, Tỉnh Bà Rịa Vũng Tàu','','','','','',1,0,0,0,0,NULL,1,NULL),(188,'bmpb','Bình Minh Phước Bửu',1,1,'Thị trấn Phước Bửu, Huyện Xuyên Mộc, Tỉnh Bà Rịa Vũng Tàu','','','','','',1,0,0,0,0,NULL,1,NULL),(189,'xhtb','Gas Xuân Hàm Thuận Bắc',1,1,'211/2 Thị trấn Phú Long, Huyện Hàm Thuận Bắc, Tỉnh Bình Thuận','','','','','',1,0,0,0,0,0,1,''),(190,'vcm','Gas Vui',1,1,'Xã Xuân Đông, Huyện Cẩm Mỹ, Tỉnh Đồng Nai','','','','','',1,0,0,0,0,NULL,1,NULL),(191,'hbc','Ngọc Hà Bình Châu',1,1,'Xã Bình Châu, Huyện Xuyên Mộc, Tỉnh Bà Rịa Vũng Tàu','','','','','',1,0,0,0,0,NULL,1,NULL),(192,'klhtn','Kim Liên',1,1,'Huyện Hàm Thuận Nam, Tỉnh Bình Thuận','','','','','',1,0,0,0,0,NULL,1,NULL),(193,'hlcm','Hải Linh',1,1,'Xã Lâm San, Huyện Cẩm Mỹ, Tỉnh Đồng Nai','','','','','',1,0,0,0,0,NULL,1,NULL),(194,'mtbc','Minh Trọng',1,1,'Xã Bình Châu, Huyện Xuyên Mộc, Tỉnh Bà Rịa Vũng Tàu','','','','','',1,0,0,0,0,NULL,1,NULL),(195,'tlg','Tuấn Lagi',1,1,'Thị Xã Lagi, Huyện Hàm Tân, Tỉnh Bình Thuận','','','','','',1,0,0,0,0,NULL,1,NULL),(196,'hpt','Cô Hương Phước Tân',1,1,'Xã Phước Tân, Huyện Xuyên Mộc, Tỉnh Bà Rịa Vũng Tàu','','','','','',1,0,0,0,0,NULL,1,NULL),(197,'kthi','Kế Thi',1,1,'Thị Xã Lagi, Huyện Hàm Tân, Tỉnh Bình Thuận','','','','','',1,0,0,0,0,NULL,1,NULL),(198,'dbc','Đoàn Bình Châu',1,1,'Xã Bình Châu, Huyện Xuyên Mộc, Tỉnh Bà Rịa Vũng Tàu','','','','','',1,0,0,0,0,NULL,1,NULL),(199,'adung','Anh Dũng',1,1,'Bưng Kè, Xã Hoà Hiệp, Huyện Xuyên Mộc, Tỉnh Bà Rịa Vũng Tàu','','','','','',1,0,0,0,0,NULL,1,NULL),(200,'hdung','Hoa Dũng',1,1,'Bưng Kè, Xã Hoà Hiệp, Huyện Xuyên Mộc, Tỉnh Bà Rịa Vũng Tàu','','','','','',1,0,0,0,0,NULL,1,NULL),(201,'chue','Chị Huế Châu Đức',1,1,'','','','','','',1,0,0,0,0,NULL,1,NULL),(202,'ttung','Thanh Tùng Châu Đức',1,1,'Châu Đức, Bà Rịa Vũng Tàu','','','','','',1,0,0,0,0,NULL,1,NULL),(203,'bhoan','Bảo Hoan Châu Đức',1,1,'','','','','','',1,0,0,0,0,NULL,1,NULL),(204,'hnghia','Hiếu Nghĩa',1,1,'','','','','','',1,0,0,0,0,NULL,1,NULL),(205,'QT','Quang Trung',14,1,'','','','','','',1,0,0,0,0,NULL,1,NULL),(206,'gman1','Quán Gia Mẫn Xuyên Mộc',1,1,'Xã Xuyên Mộc, Huyện Xuyên Mộc, Tỉnh BRVT','','','','','',1,0,0,0,0,NULL,1,NULL),(207,'ploi','Phúc Lợi',1,1,'Ngã ba 46, Huyện Hàm Tân, Tỉnh Bình Thuận','','','','','',1,0,0,0,0,NULL,1,NULL),(208,'luc','Lực Gas Xà Bang Châu Đức',1,1,'Xã Xà Bang, Huyện Châu Đức, Tỉnh BRVT','','','','','',1,0,0,0,0,NULL,1,NULL),(209,'dloc','Đại Lộc Châu Đức',1,1,'Huyện Châu Đức, Tỉnh BRVT','','','','','',1,0,0,0,0,NULL,1,NULL),(210,'bdanh','Bảo Danh',1,1,'Chợ Tân Nghĩa, Tỉnh Bình Thuận','','','','','',1,0,0,0,0,NULL,1,NULL),(211,'mtam','Minh Tâm',1,1,'Bình Giã, Châu Đức, BRVT','','','','','',1,0,0,0,0,NULL,1,NULL),(212,'kdung','Kim Dung',1,1,'Kim Long, Châu Đức, BRVT','','','','','',1,0,0,0,0,NULL,1,NULL),(213,'hthanh','Hai Thành',1,1,'Xã Xà Bang, Huyện Châu Đức, Tỉnh BRVT','','','','','',1,0,0,0,0,NULL,1,NULL),(214,'snga','Sơn Nga',1,1,'Cù Bị, Châu Đức, BRVT','','','','','',1,0,0,0,0,NULL,1,NULL),(215,'cbich','Cô Bích',1,1,'','','','','','',1,0,0,0,0,NULL,1,NULL),(216,'quhh','Quốc Hoà Hội',1,1,'Hoà Hội, Xuyên Mộc, BRVT','','','','','',1,0,0,0,0,NULL,1,NULL),(217,'ctrinh','Cô Trinh Châu Đức',1,1,'Giáo Xứ Xuân Trường, Huyện Châu Đức, Tỉnh BRVT','0937765767','','','','',1,0,0,0,0,NULL,1,NULL),(218,'VIMEXCO','Công ty CP Thương Mại va Dịch Vụ Dầu Khí Vũng Tàu',1,1,'','','','','','',1,0,1,0,0,NULL,1,NULL),(219,'NVP','Nam Việt Phát',1,1,'','','','','','',1,0,0,0,0,NULL,1,NULL),(220,'dy','Dũng Yến',1,1,'xã Lâm San, Huyện Cẩm Mỹ , Tỉnh Đồng Nai','0984400778','','','','',1,0,0,0,0,NULL,1,NULL),(221,'vxuyen','Văn Xuyến',1,1,'lagi , bình thuận','0985266743','','','','',1,0,0,0,0,0,1,''),(222,'xthi','Xuân Thi Châu Đức',1,1,'Tổ 4 Sơn Thuận, Xã Xuân Sơn, H Châu Đức, Tỉnh BRVT','0334555408','','','','',1,0,0,0,0,NULL,1,NULL),(223,'tphat','Thành Phát Châu Đức',1,1,'ngãi giao,châu đức','0988665377','','','','',1,0,0,0,0,NULL,1,NULL),(224,'mquoc','Minh Quốc Châu Đức',1,1,'','0643917418','','','','',1,0,0,0,0,NULL,1,NULL),(225,'gtri','Gas Trí',1,1,'HTN,bình thuận','0387744380','','','','',1,0,0,0,0,NULL,1,NULL),(226,'ATh','Công Ty An Thuận',1,1,'','','','','','',1,1,1,0,0,NULL,1,NULL),(227,'H thanh','công ty gốm Hoàn Thành',1,1,'','','','','','',1,0,1,0,0,NULL,1,NULL),(228,'PN','Vật liệu xây dựng Phương Nam',1,1,'','','','','','',0,0,0,1,0,20,1,NULL),(229,'thai-dongtam','Công ty Xây lắp Đồng Tâm',1,1,'08, Nguyễn Văn Trỗi,Tân An, Lagi, BT','0987 114 745','','','','',0,0,1,1,0,20,1,NULL),(230,'thai-ctcongcong','Công ty Công trình công cộng Tx. Lagi',1,1,'585 Thống Nhất, Tân An, Lagi, BT','0396 770 690','','','','',0,0,1,1,0,20,1,NULL),(232,'CMINH','Chung Minh',1,1,'','','','','','',1,0,0,0,0,0,1,''),(233,'nb','Xuất nội bộ',1,1,'','','','','','',1,0,0,1,0,0,1,''),(234,'thai-chai','Đại Lý Chị Hai',1,1,'Võ Thị Sáu, Bình Tân, lagi, Bình Thuận (đối diện số 28 Võ thị Sáu)','0979 758 678','','','','',0,0,0,1,0,15,1,''),(235,'cxbungke','Cây Xăng Bưng Kè',1,1,'Bưng kè, XM, BRVT','0382509332','','','Bác Hạnh','',0,0,0,1,0,28,1,''),(236,'niwahotro','Niwa hỗ trợ lấy hàng',1,1,'Lô H6, Đường sỗ, KCN Hải Sơn (GD3+4), X. Đức Hòa Hạ, H. Đức Hòa, Long An','0963 344 123 Thư','','','','',0,0,0,1,0,0,1,''),(237,'hoangdung','Xe máy Hoàng Dũng',1,1,'Rửa xe bờ hồ, Bato','0933346085','','','','',0,0,0,1,0,0,1,'1 thùng tặng 3 bình'),(238,'baohieu','Gara xe Lê Bảo Hiếu',1,1,'Bato (Sau bưu điện)','0888429489','','','','',0,0,0,1,0,10,1,''),(239,'a.khuong','Gara xe Anh Khương',1,1,'Bờ hồ, Bato','0989623825','','','','',0,0,0,1,0,10,1,''),(240,'thanhdanh','Đại lý Thành Danh',1,1,'Bình Châu','0917752119','','','c Bắc','',0,0,0,1,0,10,1,''),(241,'trunghieu','Gara Trung Hiếu',1,1,'Bình Châu','0398833398','','','','',0,0,0,1,0,10,1,''),(242,'thienphat','Đại lý Thiện Phát',1,1,'Hàm Tân, Bình Châu','0979543434','','','','',0,0,0,1,0,20,1,''),(243,'nhanvien','Xuất bán Nhân viên',1,1,'Quang Trung','','','','','',0,0,0,1,0,10,1,''),(244,'chxdqt','Cửa hàng xăng dầu Quang Trung',1,1,'Bình Châu','025433871166','','','','',1,0,0,1,0,0,1,''),(245,'quangthach','Sửa xe Quang Thạch',1,1,'Ấp Bình Minh, Bình Châu(gần nhà hàng Hoa Ngọc)','0367420202','','','','',0,0,0,1,0,0,1,'xe máy 3 tặng 1'),(246,'na','Sửa xe Na',1,1,'241, đường 27/4, Phước Bửu','0976005177','','','','',0,0,0,1,0,10,1,''),(247,'oto1','Gara ô tô số 1',1,1,'QL55,Phước Bửu, XM, BRVT','0395732113','','','a. Phương','',0,0,0,1,0,10,1,''),(248,'haicau','Cứu hộ ô tô Hai Cầu',1,1,'46/4 Ấp 1, Xã Bưng Riềng, Xm, BRVT','0933696363','','','','',0,0,0,1,0,10,1,''),(249,'bacthinh','Bác Thịnh',1,1,'115/1 Ấp Láng Găng, Bình Châu (Nhà máy nước đá đối diện Biên Phòng)','0918543619','','','','',0,0,0,1,0,20,1,'hổ trợ giảm 100k/ xô'),(250,'anhchien','Anh Chiến',1,1,'Trạm điều hành xe bus - bến xe bình châu','0975344399','','','','',0,0,0,1,0,10,1,''),(251,'thaithuy','Đại Lý Thái Thúy',1,1,'Bình Hòa, Bình Châu','0385370549','','','','',0,0,0,1,0,20,1,'hổ trợ giảm 100k/ xô'),(252,'ahong','Gara máy nông nghiệp A Hồng',1,1,'Bato, XM','0987003406','','','','',0,0,0,1,0,10,1,''),(253,'adung','Tiệm rữa xe thay nhớt Dũng',1,1,'Bông Trang (Đối diện trường mầm non Bông Trang)','0908397810','','','','',0,0,0,1,0,10,1,''),(254,'hoadiep','Gara Hoa Điệp',1,1,'78 Trương Công Định,Tp. Vũng Tàu','0937614704','','','','',0,0,0,1,0,20,1,''),(255,'hoanghai','Sửa xe Hoàng Hải',1,1,'Bùng binh BV XM','0948384627','','','','',0,0,0,1,0,0,1,'xe máy 3 tặng 1'),(256,'bienphongBC','Đồn Biên Phòng Bình Châu',1,1,'Bình Châu','0974999488','','','','',0,0,0,1,0,28,1,''),(257,'lac','Gara xe Lạc',1,1,'Ấp Thèo Lèo, Bình Châu','02543707269','','','','',0,0,0,1,0,20,1,''),(258,'hoanganh','Rửa xe Hoàng Anh',1,1,'Hòa Hiệp, XM','0962064139','','','Anh Nam','',0,0,0,1,0,28,1,''),(259,'tienvu','Gara Tiến Vũ',1,1,'Ấp Nhân Trung, XM','0972833557','','','','',0,0,0,1,0,20,1,''),(260,'chinhtam','Cửa hàng Chính Tâm',1,1,'Bình Châu, XM','972018067','','','','',0,0,0,1,0,20,1,''),(261,'hieu','Anh Hiếu',1,1,'70 Phan Đình Phùng, Phước Lộc, lagi, BT','0903318812','','','','',0,0,0,1,0,25,1,''),(262,'anhnhi','Gara Anh Nhi',1,1,'Cầu 3 Hòa Hội, XM','0387005677','','','','',0,0,0,1,0,15,1,''),(263,'adong','Gara anh Đông',1,1,'Bato, XM','0906628528','','','','',0,0,0,1,0,15,1,''),(264,'anga','Tiệm sửa xe Ngà',1,1,'Bông Trang(gần Hotel Hoàng Thanh Thủy)','0933850299','','','','',0,0,0,1,0,0,1,'xe máy 3 tặng 1'),(265,'thachbl','Rử xe Thạch',1,1,'Ấp 4, Suối Lê, Tân Lâm','0367484748','','','','',0,0,0,1,0,10,1,'10 tặng 1'),(266,'dungbl','Rữa xe Anh Dũng',1,1,'Ấp 1 Bàu Lâm','0386833739','','','','',0,0,0,1,0,0,1,'xe máy 3 tặng 1'),(267,'dai','Điện cơ Đại',1,1,'08, Bến Chương Dương, Kp1, Phước Lộc,Lagi, BT','01227172544','','','','',0,0,0,1,0,25,1,''),(268,'quangvinh','Gara Quang Vinh',1,1,'Đường Trần Phú, KP. Láng sim, Phước Bửu','0886067639','','','','',0,0,0,1,0,15,1,''),(269,'thai-minhtam','VLXD Minh Tâm',1,1,'Sơn Mỹ,Hàm Tân, BT','0966870937','','','','',0,0,0,1,0,15,1,''),(270,'thai-linhquan','Đoàn xe Linh Quân',1,1,'166 QL55, Lagi, BT','0379970248','','','','',0,0,0,1,0,15,1,''),(271,'thai-atuan','Gara Anh Tuấn',1,1,'Lê Thánh Tôn, Tân Tiến,Lagi (Qua đường vào dinh thầy Thím 200m bên trái)','','','','','',0,0,0,1,0,15,1,''),(272,'hungthinh','công ty TNHH KHL Hưng Thịnh',1,2,'','','','','','',0,0,0,0,0,38,1,''),(273,'thai-phucloctho','VLXD Phúc Lộc Thọ',1,1,'100,Nguyễn Chí Thanh,Tân Bình,Lagi','097748818','','','','',0,0,0,1,0,15,1,''),(274,'thai-atien','VLXD Trí Vân',1,1,'95 Nguyễn Trãi,Bình Tân,Lagi','0918591272','','','','',0,0,0,1,0,0,1,''),(275,'thai-nhonngoc','Nhà xe Nhơn Ngọc',1,1,'Chợ Thanh Lịch,LaGi','0903131410','','','','',0,0,0,1,0,10,1,''),(276,'thai-thanhxuan','VLXD Thanh Xuân',1,1,'75,CMT8,Tân Bình,LaGi','0918790101','','','','',0,0,0,1,0,0,1,''),(277,'thai-atiet','Anh Tiết',1,1,'Đường Nguyễn Du,LaGI,BT','0908502843','','','','',0,0,0,1,0,0,1,''),(278,'thai-anhthai','Anh Thái',1,1,'51,QL55,LaGi,BT','0978104106','','','','',0,0,0,1,0,0,1,''),(279,'thai-akhiet','Nhà xe Anh Khiết',1,1,'283 Thống Nhất,Lagi,BT','0919742229','','','','',0,0,0,1,0,0,1,''),(280,'thai-tuyethuong','Cây xăng dầu Tuyết Phương',1,1,'Cảng cá Lagi  BT','0654606089','','','','',0,0,0,1,0,0,1,''),(281,'thai-ahao','Nhà xe A Hảo',1,1,'LaGi BT','0907348392','','','','',0,0,0,1,0,0,1,''),(282,'thai-huyhoang','Gara Huy Hoàng',1,1,'274 Ngô Quyền, Tân An ,LaGi','0908658864','','','','',0,0,0,1,0,0,1,''),(283,'thai-alua','Anh Lua',1,1,'96 Thống Nhất,LaGi','0902522140','','','','',0,0,0,1,0,0,1,''),(284,'thai-phuongnam','VLXD Phương Nam',1,1,'QL55,Thôn 1,Sơn Mỹ,LaGi','0938644167','','','','',0,0,0,1,0,0,1,''),(285,'thai-hungloan','DNTN Tiệm vàng Kim Hùng Loan',1,1,'155 Lê Thánh Tôn,Tân Hải,Lagi','0984285050','','','','',0,0,0,0,0,0,1,''),(286,'thai-thanhtoan','Công ty xây dựng Thanh Toàn',1,1,'NGô Quyền ,Lagi,BT','0902914066','','','','',0,0,0,1,0,0,1,''),(287,'hoanghai ptan','Hoàng Hải',1,1,'Thạnh Sơn 2B,Phước Tân','0973781751','','','','',0,0,0,1,0,0,1,''),(288,'thai-nghiabinh','VLXD Nghĩa Bình',1,1,'Nguyễn Minh Châu,Hiệp Phú,Tân Tiến,LaGi,BT','0984168628','','','','',0,0,0,1,0,0,1,''),(289,'antoan','Đại lý Gas An Toàn',1,2,'','0937523492','','','','',0,0,0,0,0,0,1,'Lo6/b1,kDC bến lội,Lại An,Hàm Thắng,Hàm Thuận Bắc,Bình Thuận'),(290,'hainam','Rửa xe Hải Nam',1,1,'Số 11,Phạm Văn Đồng,XM','0933413241','','','','',0,0,0,1,0,0,1,''),(291,'thai-caothanh','VLXD Cao Thanh',1,1,'04 Nguyễn Trãi,KP5,Bình Tân,TX.Lagi,BT','','','','','',0,0,0,1,0,0,1,''),(292,'thai-cuutruong','Cửa hàng VLXD Cửu Trường',1,1,'','0908123648','','','','',0,0,0,0,0,0,1,''),(293,'acuong','A Cường',1,1,'Hẻm Lotte ,đại lộ Hùng Vương,Tp.Phan Thiết','0961152501','','','','',0,0,0,1,0,0,1,''),(294,'songkinh','Rửa xe thay nhớt Sông Kinh',1,1,'Phước Bửu,XM,BRVT','0969541342','','','','',0,0,0,1,0,0,1,''),(295,'thai-vuatramcuonganh','Công ty TNHH Hửu Tiến',1,1,'Đường số 9,Sơn Mỹ,Hàm Tân','0901 292 828','','','','',0,0,0,1,0,0,1,''),(296,'anhsinh','Anh Sinh',1,1,'58 Lý Thái Tổ,Tân Tiến,Lagi','0976 686 445','','','','',0,0,0,1,0,0,1,''),(297,'cxduchanh','Cây xăng Đức Hạnh',1,1,'Đường D9T,xã Đức Hạnh,H.Đức Linh,T Bình Thuận','090 161 8648','','','','',0,0,0,1,0,0,1,''),(298,'tuanhien','Cửa hàng Tuấn Hiền',1,1,'Ấp 3 ,Bưng Riềng','0937 137 623','','','','',0,0,0,1,0,0,1,''),(299,'anhvu','Sửa xe Anh Vũ',1,1,'Sông Kinh','0901262 867','','','','',0,0,0,1,0,0,1,''),(300,'anhhai','Anh Hải',1,1,'Số 149 ,đường 27/4 Phước Bửu,XM','0907 445 044','','','','',0,0,0,1,0,0,1,''),(301,'anhlam','Anh Lâm',1,1,'Ấp 3,Bưng Riềng','093370227','','','','',0,0,0,1,0,0,1,''),(302,'thai-binhan','VLXD Bình An',1,1,'156 Nguyễn Chí Thanh,LaGi,BT','0987 919 884','','','','',0,0,0,1,0,0,1,''),(303,'nypt','Như Ý',1,1,'Xã Phước Tân, Xuyên Mộc, BRVT','0987512267','','','','',1,0,0,0,0,0,1,''),(304,'dvan','Duy Vân',1,1,'','','','','','',1,0,0,0,0,0,1,''),(305,'aqcd','Anh Quyền',1,1,'Xuân Sơn, Châu Đức, BRVT','0355554080','','','','',1,0,0,0,0,0,1,''),(306,'opt','Oanh Phước Tân (Gái Trung)',1,1,'Tân Lâm, Xuyên Mộc, BRVT','0976037799','','','','',1,0,0,0,0,0,1,''),(307,'ctdp','Công ty TNHH Dầu Khí Đại Phát',1,1,'Biên Hòa, Đồng Nai','','','','','',1,0,0,0,0,0,1,''),(308,'ktbt','Cơm chay Khai Tâm',1,1,'Bà tô, Xuyên Mộc, BRVT','','','','','',1,0,0,0,0,0,1,''),(309,'ctxm','Cơm Tâm Xuyên Mộc',1,1,'Xuyên Mộc, BRVT','0913027737','','','','',1,0,0,0,0,0,1,''),(310,'gllg','Gas Liêm',1,1,'Lagi, Bình Thuận','0977163071','','','','',1,0,0,0,0,0,1,''),(311,'nhkl','Nam Hùng',1,1,'Kim Long, Châu Đức','0774924698','','','','',1,0,0,0,0,0,1,''),(312,'dnhh','Dung Ngọc',1,1,'Hòa Hiệp, Xuyên Mộc','0398768121','','','','',1,0,0,0,0,0,1,''),(313,'gixm','Giang Trại gà',1,1,'Láng Dài, XM, BRVT','','','','','',1,0,0,0,0,0,1,''),(314,'hhh','Cô Hằng Hòa Hội',1,1,'Hòa Hội,Xm, BRVT','','','','','',1,0,0,0,0,0,1,''),(315,'hlxm','Nhà hàng Hoài Lan',1,1,'Xuyên Mộc, BRVT','06235650190','','','','',1,0,0,0,0,0,1,''),(316,'Thachbl','Rửa xe Thạch',1,1,'Ấp 4, Suối Lê, Tân Lâm','0166 7484748','','','','',0,0,0,1,0,0,1,''),(317,'antoan','Đại lý Gas An Toàn',1,1,'Lô 58/B1,KDC Bến Lội,Lại An,,Hàm Thắng,Hàm Thuận Bắc,Bình Thuận','0937523492','','','','',0,0,0,1,0,0,1,''),(318,'thai-aty','Gara Anh Tý',1,1,'','0987919884','','','','',0,0,0,0,0,0,1,''),(319,'phuoc','Phước',1,1,'','','','','','',1,0,0,0,0,0,1,''),(320,'qđpt','Quang Đô',1,1,'Suối Rao, Phước tân','0983083378','','','','',1,0,0,0,0,0,1,''),(321,'manh','Mai Anh',1,1,'Bình Châu, Xuyên Mộc, BRVT','0907337288','','','Song','',1,0,0,0,0,0,1,''),(322,'thai-anhphu','Nhà xe Kim Châu',1,1,'Chợ Tân thắng, xã Tân Thắng,Lagi,BT','0935348377','','','Anh Phú','',0,0,0,1,0,20,1,''),(323,'qs','Quốc Sáng',1,1,'Hàm Thuận Nam, Bình Thuận','','','','','',1,0,0,0,0,0,1,''),(324,'kimphat','Cty TNHH MTV GỐM SỨ MỸ NGHỆ KIM PHÁT',1,1,'','','','','','',1,0,0,0,0,0,1,''),(325,'anhtrung','Trạm chiết nạp LPG Anh Trung',1,1,'','','','','','',1,0,0,0,0,0,1,''),(326,'thanhtai','CTY CP KD & PP GAS THÀNH TÀI',1,1,'Long Định, Cần Đước, Long An','0723636364','','','','',1,0,0,0,0,0,1,''),(327,'vbr','Việt Bưng Riềng',1,1,'Bưng Riềng','','','','','',1,0,0,0,0,0,1,''),(328,'atcd','An Toàn Châu Đức',1,1,'Châu đức BRVT','','','','','',1,0,0,0,0,0,1,''),(329,'CHXD QUANG TRUNG','CHXD QUANG TRUNG',1,1,'','','','','','',0,0,0,1,0,0,1,''),(330,'ANH SƠN','ANH SƠN',1,1,'','','','','','',0,0,0,0,0,0,1,''),(331,'oto','Showroom oto',1,1,'QL51 Phước Bửu, XM, BRVT','','','','','',1,1,0,1,0,0,1,''),(332,'TUẤN HÀ','TUẤN HÀ',1,1,'XUÂN SƠN','','','','','',0,0,0,0,0,0,1,''),(333,'HUYANH','CÔNG TY TNHH MTV HUY ÁNH',1,1,'SỐ 343C NGÔ GIA TỰ,PHƯỜNG TẤN TÀI,TP.PHAN RANG -THÁP CHÀM,TỈNH NINH THUẬN','0963332007','','','TRƯƠNG QUANG HUY','',0,0,0,0,1,0,1,''),(334,'THIENANPHAT','CÔNG TY TNHH MỘT THÀNH VIÊN THIÊN AN PHÁT',1,1,'218B ĐỒNG NAI,PHƯỜNG PHƯỚC HẢI,TP.NHA TRANG,T.KHÁNH HÒA','0916679179-02583875778','','','MAI QUỐC NAM','',0,0,0,0,1,0,1,''),(335,'VIETSUN','CÔNG TY TNHH GIẢI PHÁP CÔNG NGHỆ THÔNG MINH VIỆT SUN',1,1,'27 PHAN ĐĂNG LƯU,THÀNH HẢI,TP.PHAN RANG, NINH THUẬN','377 666 550','','','TRẦN NHƯ ANH KIỆT','',0,0,0,0,0,0,1,''),(336,'MATTROIVIET','CÔNG TY TNHH SXTM XUẤT NHẬP KHẨU MẶT TRỜI VIỆT',1,1,'160/12 PHAN HUY ÍCH,PHƯỜNG 12,Q.GÒ VẤP,TP.HCM','0982 200 900','','','HOÀNG VĂN TUẤN','',0,0,0,0,1,20,1,''),(337,'ATHUY','TRẦN VĂN THỦY',1,1,'KP LÁNG SIM,TT PHƯỚC BỬU,H.XUYÊN MỘC,BRVT','0987 479 341','','','TRẦN VĂN THỦY','',0,0,0,0,1,0,1,''),(338,'CSD','CÔNG TY CP CSD',1,1,'KM5 QUỐC LỘ 25,XÃ HÒA AN,H.PHÚ HÒA, T. PHÚ YÊN','0988 57 66 71','','','NGUYỄN CHÍ THÀNH','',0,0,0,0,1,0,1,''),(339,'DANGKHOA','CÔNG TY TNHH TMDV ĐIỆN TỬ ĐĂNG KHOA',1,1,'117/36 NGUYỄN TRI PHƯƠNG,KP8,P.CHÁNH NGHĨA,TP.THỦ DẦU MỘT,BÌNH DƯƠNG','0972 27 78 69','','','ĐỖ THÀNH TÂM','',0,0,0,0,1,0,1,''),(340,'BUUDIEN','CHI NHÁNH MIỀN NAM-CÔNG TY CP VẬT TƯ BƯU ĐIỆN',1,1,'78 TAM ĐẢO, PHƯỜNG 14,QUẬN 10,TP.HCM','0283 8636 061','','','NGUYỄN ĐẮC THỌ','',0,0,0,0,1,0,1,''),(341,'QUYNHANH','CÔNG TY TNHH NĂNG LƯỢNG XANH QUỲNH ANH',1,1,'KHU PHỐ ĐỊNH BÌNH,THỊ TRẤN VĨNH THẠNH,HUYỆN VĨNH THẠNH,TỈNH BÌNH ĐỊNH','0783 13 14 15','','','NGUYỄN VĂN CẢNH','',0,0,0,0,1,0,1,''),(342,'ACHAU','CÔNG TY TNHH THIẾT BỊ CÔNG NGHỆ ĐIỆN Á CHÂU',1,1,'20/1 NGUYỄN ANH THỦ,TỔ 18,ẤP HƯNG LÂN,XÃ BÀ ĐIỂM,HUYỆN HÓC MÔN,TP.HCM','0938 028 808','','','NGUYỄN ĐÌNH PHI','',0,0,0,0,1,0,1,''),(343,'ANAM-WNS','CÔNG TY TNHH GIẢI PHÁP CÔNG NGHỆ WNS',1,1,'21 NGUYỄN THÁI HỌC,P LÊ LỢI,TP.VINH,NGHỆ AN','0904 225 335','','','CAO HOÀI NAM','',0,0,0,0,1,0,1,''),(344,'ATAI','PHÍ ĐỨC TÀI',1,1,'01-PHẠM NGỌC THẠCH,Q.HẢI CHÂU,TP.ĐÀ NẴNG','0913 415 440','','','PHÍ ĐỨC TÀI','',0,0,0,0,1,0,1,''),(345,'AHIEU','CỬA HÀNG TRUNG QUÂN',1,1,'ẤP HÒA LONG,XÃ LONG THUẬN,HUYỆN HỒNG NGỰ,T.ĐỒNG THÁP','0917 462 171','','','NGUYỄN TRUNG HIẾU','',0,0,0,0,1,0,1,''),(346,'DAIPHAT','CCÔNG TY TNHH KỸ THUẬT TỰ ĐỘNG ĐẠI PHÁT',1,1,'03 QUÁCH VŨ,P.HIỆP TÂN,Q.TÂN PHÚ,TP.HCM','090 8997 168','','','NGUYỄN THANH HIẾU','',0,0,0,0,1,0,1,''),(347,'CTH','CÔNG TY CỔ PHẦN CƠ ĐIỆN CTH',1,1,'941 HÙNG VƯƠNG,PHƯỜNG NHƠN PHÚ,TP.QUY NHƠN,TỈNH BÌNH ĐỊNH','0976 862 255','','','LÊ QUANG HẢI','',0,0,0,0,1,0,1,''),(348,'THANHCONG','CÔNG TY CỔ PHẦN XÂY DỰNG DVTM THÀNH CÔNG',1,1,'01 TRẦN TƯỚNG CÔNG,PHƯỜNG 10,QUẬN 5, TP.HCM','0989 766 799','','','','',0,0,0,0,1,0,1,''),(349,'THUANNAM','CÔNG TY TNHH CÔNG NGHỆ MỚI THUẬN NAM',1,1,'KM SỐ 3,ĐƯỜNG VĂN LÂM-SƠN HẢI,THÔN PHƯỚC LẬP,XÃ PHƯỚC NAM ,H.THUẬN NAM,T.NINH THUẬN','0989 133 732','','','VŨ ĐÌNH TUẤN','',0,0,0,0,1,0,1,''),(350,'PHUOCLAP','CÔNG TY TNHH CÔNG NGHỆ PHƯỚC LẬP',1,1,'KM SỐ 3,ĐƯỜNG VĂN LÂM-SƠN HẢI,THÔN PHƯỚC LẬP,XÃ PHƯỚC NAM ,H.THUẬN NAM,T.NINH THUẬN','0899 151 179','','','PHẠM TRUNG NHÂN','',0,0,0,0,1,0,1,''),(351,'QUOCTUNG','CHI NHÁNH CÔNG TY TNHH CAMERA QUỐC TÙNG',1,1,'KI ỐT SỐ 1,QL 20, LIÊN NGHĨA,ĐỨC TRỌNG ,LÂM ĐỒNG','0633 666 444','','','LÊ PHÚ TÙNG','',0,0,0,0,1,0,1,''),(352,'LIENTHANH','CÔNG TY CỔ PHẦN CƠ ĐIỆN LIÊN THÀNH VIỆT NAM',1,1,'67 ĐƯỜNG 24,P.BÌNH TRỊ ĐÔNG,Q.BÌNH TÂN,TP.HCM','028 626 977 53','','','TRẦN QUỐC TÂM','',0,0,0,0,1,0,1,''),(353,'THP','CÔNG TY CỔ PHẦN TẬP ĐOÀN NĂNG LƯỢNG MƠI',1,1,'','','','','','',0,0,0,0,0,0,1,''),(354,'THP','CÔNG TY CỔ PHẦN TẬP ĐOÀN NĂNG LƯỢNG MỚI THP',1,1,'75 LÊ ĐỘ,PHƯỜNG CHÍNH GIÁN,QUẬN THANH KHÊ,TP.ĐÀ NẴNG','0932 050 352','','','LẠI VĂN THIỆU','',0,0,0,0,1,0,1,''),(355,'AMUA','NHÀ MÁY NHIỆT ĐIỆN VĨNH TÂN 4',1,1,' LÊ THÁNH TÔNG,KP3,P.MỸ BÌNH,TP.PHAN RANG,THÁP CHÀM,T.NINH THUẬN','0963 173 317','','','NGUYỄN VĂN MUA','',0,0,0,0,1,0,1,''),(356,'THIENPHUNINHTHUAN','CÔNG TY TNHH THIÊN PHÚ NINH THUẬN',1,1,'KM SỐ 3,ĐƯỜNG VĂN LÂM-SƠN HẢI,THÔN PHƯỚC LẬP,XÃ PHƯỚC NAM ,H.THUẬN NAM,T.NINH THUẬN','0963 173 317','','','TRẦN THỊ NGỌC TRÂM','',0,0,0,0,1,0,1,''),(357,'GREENWORLD','CÔNG TY CỔ PHẦN TẬP ĐOÀN NĂNG LƯỢNG TÁI TẠO GREEN WORLD VIỆT NAM',1,1,'SH04,PARK 2,KHU ĐÔ THỊ PARK HILL TIME CITY PHƯỜNG MAI ĐỘNG,QUẬN HOÀNG MAI,TP.HÀ NỘI','0911 903 111','','','NGUYỄN DUY KIÊN','',0,0,0,0,1,0,1,''),(358,'KYNGUYENMOI','CÔNG TY TNHH SẢN XUẤT THƯƠNG MẠI DỊCH VỤ KỸ NGUYÊN MỚI',1,1,'SỐ 01,LƯU CHÍ HIẾU,PHƯỜNG RẠCH DỪA,TP.VŨNG TÀU,TỈNH BRVT','0913 221 440','','','NGUYỄN MẠNH HÀ','',0,0,0,0,1,0,1,''),(359,'SINEE','CÔNG TY TNHH SINEE VIỆT NAM',1,1,'SỐ 03 QUÁCH VŨ,P.HIỆP TÂN,Q.TÂN PHÚ,TP.HCM','0908505 168','','','HOA','',0,0,0,0,1,0,1,''),(360,'MATTROIMOI','CÔNG TY TNHH THƯƠNG MẠI NĂNG LƯỢNG MẶT TRỜI MỚI ',1,1,'ĐƯỜNG NL 7,KHU ĐÔ THỊ MỸ PHƯỚC 3,THỚI HÒA ,BẾN CÁT,BÌNH DƯƠNG','0987 641 035','','','ANH THẾ ANH','',0,0,0,0,1,0,1,''),(361,'QUANGTRUNG','CÔNG TY TNHH QUANG TRUNG',1,1,'21 BÌNH GIÃ,KP.PHƯỚC LỘC,TT.PHƯỚC BỬU,XUYÊN MỘC ,BRVT','0983 670 671','','','','',0,0,0,0,1,0,1,''),(362,'MATTROITOTNHAT','CÔNG TY CỔ PHẦN ĐIỆN NĂNG LƯỢNG MẶT TRỜI TỐT NHẤT',1,1,'6/4 TỔ 14,KHU PHỐ 4C,PHƯỜNG TRẢNG DÀI,TP.BIÊN HÒA,TỈNH ĐỒNG  NAI','0813 913 968','','','BÙI VĂN THẠNH','',0,0,0,0,1,0,1,''),(363,'DUNGHT','CÔNG TY TNHH HT SOLAR VIỆT NAM',1,1,'LÔ F3,KHU CÔNG NGHIỆP TRÀNG DUỆ,XÃ HỒNG PHONG,HUYỆN AN DƯƠNG,TỈNH HẢI PHÒNG','0904 242 556','','','VŨ VIỆT DŨNG','',0,0,0,0,1,0,1,''),(364,'MANHTIN','CÔNG TY MẠNH TÍN',1,1,'LONG AN','0908 11 75 43','','','ANH HẢI','',0,0,0,0,1,0,1,''),(365,'THANHNGOC','CÔNG TY TNHH CÔNG NGHỆ MỚI THANH NGỌC',1,1,'253 LÊ VĨNH HÒA,KHÓM 8,PHƯỜNG 8,TP.CÀ MAU,TỈNH CÀ MAU','0907 301 484','','','NGUYỄN TUẤN SANG','',0,0,0,0,1,0,1,''),(366,'CAOTHAISON','CÔNG TY TNHH XÂY DỰNG KỸ THUẬT CAO THÁI SƠN',1,1,'42/3/17 TỔ 46,KP9,PHƯỜNG TÂN PHONG,TP.BIÊN HÒA,T.ĐỒNG NAI','0908 199 885','','','ANH LUẬN','',0,0,0,0,1,0,1,''),(367,'DAICUONGTHINH','CÔNG TY TNHH THIẾT BỊ CÔNG NGHỆ ĐẠI CƯỜNG THỊNH',1,1,'SỐ 263 TRƯỜNG CHINH,KP.TÂN PHÚ,P.PHÚ MỸ,TX.PHÚ MỸ,TỈNH BRVT','091 515 5380','','','NGUYỄN NHẬT LONG','',0,0,0,0,1,0,1,''),(368,'BINHTHUAN','CÔNG TY TNHH BÌNH THUẬN SOLAR',1,1,'117 BÙI THỊ XUÂN,XUÂN AN,PHAN THIẾT','090 797 2888','','','TRẦN ĐẠI HƯNG','',0,0,0,0,1,0,1,''),(369,'THUẬN PHÚ','CÔNG TY CỔ PHẦN SOLAR THUẬN PHÚ',1,1,'36 ĐƯỜNG BÀU NĂNG 7,ĐÀ NẴNG','0964 22 8834','','','','',0,0,0,0,1,0,1,''),(370,'MINHHUU','CÔNG TY TNHH MTV MINH HỬU',1,1,'192 NGUYỄN TRUNG TRỰC,ẤP MỸ THẠNH,XÃ MỸ PHONG,TP.MỸ THO,T.TIỀN GIANG','0273 627 9189 ','','','TRẦN THỊ NHỊ','',0,0,0,0,1,0,1,''),(371,'SOLAR SG-HN','CÔNG TY TNHH T-G SOLAR SÀI GÒN-HÀ NỘI',1,1,'NHÀ A1,QUỐC LỘ 1A,KHU PHỐ 3,P.TÂN HƯNG THUẬN,Q.12,TP.HCM','','','','','',0,0,0,0,1,0,1,''),(372,'TVTKHACHSAN','CÔNG TY TNHH TVT KHÁCH SẠN',1,1,'SỐ 50 ĐƯỜNG BÀ TRIỆU,PHƯỜNG 4,TP ĐÀ LẠT,TỈNH LÂM ĐỒNG','0918 361 931','','','PHẠM THỊ PHƯƠNG TRINH','',0,0,0,0,1,0,1,''),(373,'TANPHUONGNAM','CÔNG TY TNHH TÂN PHƯƠNG NAM',1,1,'150/51C TRẦN HOÀNG SA,PHƯỜNG HƯNG LỢI,Q.NINH KIỀU,TP.CẦN THƠ','0913 877 168','','','ANH CHÁNH','',0,0,0,0,1,0,1,''),(374,'NTA','CÔNG TY TNHH N-TA SOLAR ĐỒNG NAI',1,1,'1502,QL51,KP.LONG KHÁNH 1,P.TAM PHƯỚC,TP.BIÊN HÒA,ĐỒNG NAI','0934 834 878','','','','',0,0,0,0,1,0,1,''),(375,'TINHCANH','CÔNG TY TNHH NĂNG LƯỢNG TÍNH CẢNH',1,1,'71/67 TỔ 9,KP 1A,TÂN HIỆP,BIÊN HÒA ĐỒNG NAI','0927 266 266','','','ANH CẢNH','',0,0,0,0,1,0,1,''),(376,'SKY SOLAR','CÔNG TY TNHH SKY SOLAR VŨNG TÀU',1,1,'98D KHU PHỐ LONG TÂN,THỊ TRẤN LONG ĐIỀN,HUYỆN LONG ĐIỀN,TỈNH BÀ RỊA VŨNG TÀU','0349 06 06 06','','','ANH TÚ','',0,0,0,0,1,0,1,''),(377,'PHUVINH','CÔNG TY TNHH CÔNG NGHỆ PHÚ VINH IOT',1,1,'71A,NGUYỄN TRÃI,PHƯỜNG 7,TP.MỸ THO,T.TIỀN GIANG','0907 826 998','','','ANH CHÂU','',0,0,0,0,1,0,1,''),(378,'DIENMAYANHTUAN','CỬA HÀNG ĐIỆN MÁY ANH TUẤN',1,1,'177B ẤP CHỢ ,XÃ TÂN TIẾN,H.ĐỒNG PHÚ,TỈNH BÌNH PHƯỚC','0962 121 451','','','ANH TUẤN','',0,0,0,0,1,0,1,''),(379,'NGUYENPHAT','CÔNG TY TNHH PHÁT NGUYÊN PHÁT',1,1,'THÔN VỤ BỔN,XÃ PHƯỚC NINH ,H.THUẬN NAM,T.BÌNH THUẬN','0963 755 599','','','ANH TRỌNG','',0,0,0,0,1,0,1,''),(380,'THANHVAN','CÔNG TY TNHH ĐIỆN THÀNH VÂN',1,1,'27A PHẠM VĂN DINH,P.THẮNG NHẤT,TP.VŨNG TÀU','0977 18 22 52','','','ANH THÀNH','',0,0,0,0,1,0,1,''),(381,'ATHUONG','ANH THƯƠNG BÌNH CHÂU',1,1,'','0909 174 817','','','','',0,0,0,0,1,0,1,''),(382,'MINHVIET','CÔNG TY TNHH TM DV KỸ THUẬT ĐIỆN MINH MINH VIỆT',1,1,'42 ĐƯỜNG DC 9,PHƯỜNG SƠN KỲ,Q.TÂN PHÚ,TP.HCM','082 99 569','','','HỒ NGỌC MẪN','',0,0,0,0,1,0,1,''),(383,'ANHHIEP','CÔNG TY CỔ PHẦN NĂNG LƯỢNG XANH HT',1,1,'VĂN PHÒNG 02,TẦNG 08,TÒA NHÀ PEARL PLAZA,561 ĐIỆN BIÊN PHỦ,PHƯỜNG 25,Q.BÌNH THẠNH,TP.HCM','0916 144 665','','','TRỊNH QUANG HIỆP','',0,0,0,0,1,0,1,''),(384,'DIENXANHST','CÔNG TY TNHH NGUỒN ĐIỆN XANH ST',1,1,'261 ĐƯỜNG KHUÔNG VIỆT,P.PHÚ TRUNG,Q.TÂN PHÚ,TP.HCM','','','','TRẦN THÙY BÍCH TRÂM','',0,0,0,0,1,0,1,''),(385,'ANHTRUNG','ANH TRUNG QUẢN LÝ THỊ TRƯỜNG',1,1,'53/0A LÊ HỒNG PHONG,PHƯỜNG 7,TP.VŨNG TÀU,BRVT','0906 646 803','','','ANH TRUNG','',0,0,0,0,1,0,1,''),(386,'ANHHUY','CÔNG TY TNHH TMDV TIN HỌC VIỄN THÔNG ANH HUY',1,1,'798 BÌNH GIÃ ,PHƯỜNG 10,TP.VŨNG TÀU,T. BRVT','','','','','',0,0,0,0,1,0,1,''),(387,'ANHDANG','NGUYỄN VĂN ĐĂNG',1,1,'XÓM 8,XÃ LƯỠNG VƯỢNG,TP.TUYÊN QUANG','0392 590 701','','','ANH ĐĂNG','',0,0,0,0,1,0,1,''),(388,'MTC','CÔNG TY TNHH TM&DV MTC',1,1,'TỔ DÂN PHỐ PHÚ THỌ 3,P.NINH DIÊM,NINH HÒA,KHÁNH HÒA','0914 252 852','','','ANH HÀ','',0,0,0,0,1,0,1,''),(389,'KIMLONG','CÔNG TY TNHH THIẾT BỊ KỸ THUẬT KIM LONG',1,1,'1211 ĐƯỜNG 30/4,PHƯỜNG 11,TP.VŨNG TÀU','','','','','',0,0,0,0,1,0,1,''),(390,'BINHPHUOC','CÔNG TY TNHH SOLAR BÌNH PHƯỚC',1,1,'ĐƯỜNG TRẦN QUANG DIỆU,KP.PHÚ TÂN,PHƯỜNG TÂN PHÚ,TP.ĐỒNG XOÀI,T.BÌNH PHƯỚC','0977 166661','','','NGUYỄN TỰ DO','',0,0,0,0,1,0,1,''),(391,'LECHU','CÔNG TY TNHH MỘT THÀNH VIÊN LÊ CHU',1,1,'SỐ 259/2/1 ĐƯỜNG NGUYỄN VĂN TỎ,KP.THÁI HOÀ, P.LONG BÌNH TÂN,TP.BIÊN HÒA,T.ĐỒNG NAI','0933 81 122 ','','','CHU VĂN HÙNG','',0,0,0,0,1,0,1,''),(392,'PMTECH','CÔNG TY TNHH NĂNG LƯỢNG PM TECH',1,1,'TỔ 08 KP THỊ VÃI,PHƯỜNG MỸ XUÂN,TX PHÚ MỸ,BRVT','0799 781 142','','','NGUYỄN BẢO CHÂU','',0,0,0,0,1,0,1,''),(393,'ANHKHAI','ANH KHẢI PHÚ MỸ',1,1,'PHÝ MỸ,BRVT','0933 656000','','','ANH KHẢI','',0,0,0,0,1,0,1,''),(394,'NGUYENDUYANH','CỮA HÀNG KINH DOANH LAGI SOLAR',1,1,'SỐ 10 PHAN ĐĂNG LƯU,KP4,PHƯỜNG TÂN AN,THỊ XÃ LAGI,T.BÌNH THUẬN','0909   525 339','','','NGUYỄN DUY ANH','',0,0,0,0,1,0,1,''),(395,'HAITRIEU','CÔNG TY TNHH LONG HẢI TRIỀU',1,1,'SỐ 30,KP13, PHƯỜNG HỐ NAI,TP.BIÊN HÒA,T.ĐỒNG NAI','0913 795 219','','','ANH TRIỀU','',0,0,0,0,1,0,1,''),(396,'THANHCONG','CÔNG TY CỔ PHẦN XÂY DỰNG TMDV THÀNH CÔNG',1,1,'01 TRẦN TƯỚNG CÔNG,PHƯỜNG 10,QUẬN 5, TP.HCM','0989 766 799','','','ĐẶNG TUẤN ANH','',0,0,0,0,1,0,1,''),(397,'KHAIMINH','CÔNG TY TNHH TM DV CÔNG NGHỆ KHẢI MINH',1,1,'80/39 TRẦN QUANG DIỆU,PHƯỜNG 14,Q.3,TP.HCM','0906 633 505','','','PHẠM LUÂN VŨ','',0,0,0,0,1,0,1,''),(398,'NAMTIEN','CÔNG TY TNHH CÔNG NGHỆ XANH NAM TIẾN',1,1,'SỐ 5,PHẠM HÙNG,PHƯỚC HÒA,PHƯỚC BỬU,XM ,BRVT','091 773 77 37','','','PHẠM VĂN DŨNG','',0,0,0,0,1,0,1,''),(399,'ANHHO','ANH HỒ',1,1,'TP TUY HÒA,PHÚ YÊN','083 888 3000','','','ANH HỒ','',0,0,0,0,1,0,1,''),(400,'ANH SA','CÔNG TY TNHH TM DV NGUYỄN TRẦN',1,1,'46 ĐƯỜNG B,KP 7,QL 13, P.HIỆP BÌNH CHÁNH,Q.THỦ ĐỨC,TP.HCM','0777 413 113','','','ANH SA','',0,0,0,0,1,0,1,''),(401,'DANGQUANG','CÔNG TY TNHH DỊCH VỤ TRUYỀN THÔNG ĐĂNG QUANG',1,1,'86 ĐIỆN BIÊN PHỦ,P.PHƯỚC HIỆP ,TP.BÀ RỊA,BRVT','','','','','',0,0,0,0,1,0,1,''),(402,'TENK','CÔNG TY TNHH TENK VIỆT NAM',1,1,'TDC KHỐI 4,PHƯỜNG TRUNG ĐÔ,TP.VINH,NGHỆ AN','0982 006 357','','','','',0,0,0,0,1,0,1,''),(403,'NEWSHINESOLAR','CÔNG TY TNHH TM DV & KỶ THUẬT NEWSHINE',1,1,'18 Võ Duy Ninh, P.Long Toàn,  TP.Bà Rịa,tỉnh BRVT','0947 720 092','','','Nguyễn thị Thanh Giang','',0,0,0,0,1,0,1,''),(404,'BETA','Trạm chiết BeTa',1,1,'','','','','','',1,0,0,0,0,0,1,''),(405,'LBC','Lương Bình Châu',1,1,'Bình Châu, Xuyên Mộc,BRVT','','','','','',1,0,0,0,0,0,1,''),(406,'NHÂN TRÍ','CÔNG TY TNHH THIẾT BỊ VÀ DỊCH VỤ CÔNG NGHỆ NHÂN TRÍ',1,1,'63/103 TUỆ TĨNH,P.IAKING,TP.PLEIKU,GIA LAI','0973 9808 12','','','HUỲNH THỊ LUYẾN','',0,0,0,0,1,0,1,''),(407,'Hainam','Công ty tnhh hải nam',15,1,'','','','','','',1,0,0,0,0,0,1,''),(408,'BMINH','KHÁCH SẠN BÌNH MINH',15,1,'211 Đường Lê Lợi , Thành phố Phan Thiết, tỉnh Bình Thuận,Việt Nam','383421 sen','','3400170890','','',1,0,0,0,0,5,1,''),(409,'DOIDUONG','KHÁCH SẠN ĐỒI DƯƠNG',15,1,'209 Đường Lê Lợi , Thành phố Phan Thiết, tỉnh Bình Thuận','\'0252.3821579','','3400444301','','',1,0,0,0,0,0,1,''),(410,'SEAHORSE','CÔNG TY TNHH DU LỊCH THIÊN PHÚ',15,1,'Đường Nguyễn Đình Chiểu, Khu phố 3, Phường Hàm Tiến, TP. Phan Thiết, Bình Thuận',' 0913321815(Toàn kt)','','3400335020','','',1,0,0,0,0,0,1,''),(411,'THIÊN VƯƠNG PHÁT','CÔNG TY TNHH THIÊN VƯƠNG PHÁT',1,1,'36 NGUYỄN DU, KP4 , PHƯỜNG QUANG VINH,TP BIÊN HÒA,ĐỒNG NAI','0972 888 479','','3603640823','ĐÀO CHÍ VƯƠNG','',0,0,0,0,1,0,1,''),(412,'TÂN MỸ','CÔNG TY TNHH THIẾT BỊ CÔNG NGHỆ MỚI TẤN MỸ',1,1,'19 Trần Quý Cáp, KP01,Phường Mỹ Đông, TP.Phan Rang,Tháp Chàm,Ninh Thuận','0938 244 207','','4500638133','TRƯƠNG QUANG HƯNG','',0,0,0,0,1,0,1,''),(413,'PHẠM MINH THANH','PHẠM MINH THANH',1,1,'454 NGUYỄN TRƯỜNG TỘ,TÂN AN,LAGI,BÌNH THUẬN','0963 355 055','','','','',0,0,0,0,1,0,1,''),(414,'NGUYỄN MINH THANH','NGUYỄN MINH THANH',1,1,'454 NGUYỄN TRƯỜNG TỘ,TÂN AN,LAGI,BÌNH THUẬN','0963 355 055','','','','',0,0,0,0,1,0,1,''),(415,'NLMT-TNN','CÔNG TY TNHH MTV KỸ THUẬT THƯƠNG MẠI TNN',1,1,'236 Lý Nhân Tông, phường Khuê Trung, quận Cẩm Lệ, Đà Nẵng','0935 311 133','',' 0401689443','NGUYỄN ĐỨC TRUNG','',0,0,0,0,1,0,1,''),(416,'blphuc','bán lẻ phúc',1,1,'','','','','','',0,1,0,1,0,0,2,''),(417,'blhoang','Bán Lẻ Hoàng',1,1,'','','','','','nhân viên',0,1,0,1,0,0,1,''),(418,'blthuy','Bán Lẻ Thủy',1,1,'','','','','','nhân viên',0,1,0,1,0,0,2,''),(419,'bltri','Bán Lẻ Trí',1,1,'','','','','','nhân viên',0,1,0,1,0,0,2,''),(420,'xtlch','Xuất tỉ lệ chênh lệch',1,1,'','','','','','',0,1,0,1,0,0,1,''),(421,'tlbh','Tiền lẻ bán hàng',1,1,'','','','','','',0,1,0,1,0,0,1,''),(422,'xengoc','Xe Song Ngọc',1,1,'','','','','','',0,1,0,1,0,0,2,''),(423,'ghehanbe','Ghe Hân Bé',1,1,'','','','','','',0,1,0,1,0,0,2,''),(424,'ghethaiphuong','Ghe Thái Phương',1,1,'','','','','','KH',0,1,0,1,0,0,2,''),(425,'ghetamcuong','Ghe Tám Cương',1,1,'','','','','','KH',0,1,0,1,0,0,2,''),(426,'ghethuyluong','Ghe Thủy Lượng',1,1,'','','','','','KH',0,1,0,1,0,0,2,''),(427,'ghethanhthao','Ghe Thành Thảo',1,1,'','','','','','KH',0,1,0,1,0,0,2,''),(428,'xeniem','Xe Niệm',1,1,'','','','','','KH',0,1,0,1,0,0,2,''),(429,'xehien','Xe anh Hiền',1,1,'','','','','','KH',0,1,0,1,0,0,2,''),(430,'viettel','Viettel',1,1,'','','','','','KH',0,1,0,1,0,0,2,''),(431,'xexiu','Xe chị Xíu',1,1,'','','','','','KH',0,1,0,1,0,0,2,''),(432,'xetram64','Xe tràm chị Phương 04964',1,1,'','','','','','KH',0,1,0,1,0,0,2,''),(433,'xetram47','Xe tràm chị Phương 01947',1,1,'','','','','','KH',0,1,0,1,0,0,2,''),(434,'thanhvan','Vật liệu xây dựng Thành Vân',1,1,'','','','','','KH',0,1,0,1,0,0,2,''),(435,'xe51','Xe 72C-09251',1,1,'','','','','','KH',0,1,0,1,0,0,2,''),(436,'xe8trang','Xe Tám Trang',1,1,'','','','','','KH',0,1,0,1,0,0,2,''),(437,'donglanh','Đông Lạnh',1,1,'','','','','','KH',0,1,0,1,0,0,2,''),(438,'buudien','Bưu Điện',1,1,'','','','','','KH',0,1,0,1,0,0,2,''),(439,'xeanh9','Xe Anh Chín',1,1,'','','','','','KH',0,1,0,1,0,0,2,''),(440,'xetrung','Xe Anh Trung',1,1,'','','','','','KH',0,1,0,1,0,0,2,''),(441,'ghehungthuy','Ghe Hùng Thúy',1,1,'','','','','','KH',0,1,0,1,0,0,2,''),(442,'ghehaivi','Ghe Hải Vi',1,1,'','','','','','KH',0,1,0,1,0,0,2,''),(443,'gheanhthuc','Ghe Anh Thức',1,1,'','','','','','KH',0,1,0,1,0,0,2,''),(444,'ghecuccan','Ghe Cúc Cần',1,1,'','','','','','KH',0,1,0,1,0,0,2,''),(445,'ghebangloan','Ghe Bằng Loan',1,1,'','','','','','KH',0,1,0,1,0,0,2,''),(446,'ghedinh','Ghe Bác Đính',1,1,'','','','','','KH',0,1,0,1,0,0,2,''),(447,'ghephuchoa','Ghe Phúc Hoa',1,1,'','','','','','KH',0,1,0,1,0,0,2,''),(448,'ghehoagai','Ghe Hòa Gái',1,1,'','','','','','KH',0,1,0,1,0,0,2,''),(449,'ghehangphuc','Ghe Hằng Phúc',1,1,'','','','','','KH',0,1,0,1,0,0,2,''),(450,'ghedunglan','Ghe Dũng Lan',1,1,'','','','','','KH',0,1,0,1,0,0,2,''),(451,'ghethanhteo','Ghe Thành Tèo',1,1,'','','','','','KH',0,1,0,1,0,0,2,''),(452,'ghehungha','Ghe Hùng Hà',1,1,'','','','','','KH',0,1,0,1,0,0,2,''),(453,'ghephuvan','Ghe Phú Vân',1,1,'','','','','','KH',0,1,0,1,0,0,2,''),(454,'ghethuyngoc','Ghe Thủy Ngọc',1,1,'','','','','','KH',0,1,0,1,0,0,2,''),(455,'gheutloc','Ghe Út Lộc',1,1,'','','','','','KH',0,1,0,1,0,0,2,''),(456,'ghehiencai','Ghe Hiển Cải',1,1,'','','','','','KH',0,1,0,1,0,0,2,''),(457,'ghethihuyen','Ghe Thi Huyền',1,1,'','','','','','KH',0,1,0,1,0,0,2,''),(458,'gheliembien','Ghe Liêm Biền',1,1,'','','','','','KH',0,1,0,1,0,0,2,''),(459,'ghelanthin','Ghe Lan Thìn',1,1,'','','','','','KH',0,1,0,1,0,0,2,''),(460,'ghethaoxuan','Ghe Thảo Xuân',1,1,'','','','','','KH',0,1,0,1,0,0,2,''),(461,'gheanhnien','Ghe Anh Niên',1,1,'','','','','','KH',0,1,0,1,0,0,2,''),(462,'ghecamhoc','Ghe Cẩm Học',1,1,'','','','','','KH',0,1,0,1,0,0,2,''),(463,'ghehuongsy','Ghe Hương Sỹ',1,1,'','','','','','KH',0,1,0,1,0,0,2,''),(464,'ghetoannhoc','Ghe Toàn Nhóc',1,1,'','','','','','KH',0,1,0,1,0,0,2,''),(465,'ghevienluyen','Ghe Viện Luyến',1,1,'','','','','','KH',0,1,0,1,0,0,2,''),(466,'ghetrungtuyen','Ghe Trung Tuyến',1,1,'','','','','','KH',0,1,0,1,0,0,2,''),(467,'ghethomchuyen','Ghe Thơm Chuyển',1,1,'','','','','','KH',0,1,0,1,0,0,2,''),(468,'ghehyoanh','Ghe Hỳ Oanh',1,1,'','','','','','KH',0,1,0,1,0,0,2,''),(469,'ghebeduong','Ghe Bé Dương',1,1,'','','','','','KH',0,1,0,1,0,0,2,''),(470,'ghehienquang','Ghe Hiền Quảng',1,1,'','','','','','KH',0,1,0,1,0,0,2,''),(471,'ghehuevuong','Ghe Huệ Vương',1,1,'','','','','','KH',0,1,0,1,0,0,2,''),(472,'ghebinhlanh','Ghe Bình Lành',1,1,'','','','','','KH',0,1,0,1,0,0,2,''),(473,'ghechungduc','Ghe Chung Đức',1,1,'','','','','','KH',0,1,0,1,0,0,2,''),(474,'ghegaichien','Ghe Gái Chiến',1,1,'','','','','','KH',0,1,0,1,0,0,2,''),(475,'ghebebao','Ghe Bé Bảo',1,1,'','','','','','KH',0,1,0,1,0,0,2,''),(476,'suoinuocnong','Suối nước nóng Bình Châu',1,1,'','','','','','KH',0,1,0,1,0,0,2,''),(477,'ghedungduyen','Ghe Dũng Duyên',1,1,'','','','','','KH',0,1,0,1,0,0,2,''),(478,'xethanh','Xe Thanh Thúy',1,1,'','','','','','KH',0,1,0,1,0,0,2,''),(479,'ghelanbanh','Ghe Lan Banh',1,1,'','','','','','KH',0,1,0,1,0,0,2,''),(480,'ghehiennguyet','Ghe Hiền Nguyệt',1,1,'','','','','','KH',0,1,0,1,0,0,2,''),(481,'ghehoaquang','Ghe Hoa Quang',1,1,'','','','','','KH',0,1,0,1,0,0,2,''),(482,'ghehoadung','Ghe Hòa Dũng',1,1,'','','','','','KH',0,1,0,1,0,0,2,''),(483,'ghetamchi','Ghe Tám Chi',1,1,'','','','','','KH',0,1,0,1,0,0,2,''),(484,'ghehieuluyen','Ghe Hiếu Luyến',1,1,'','','','','','KH',0,1,0,1,0,0,2,''),(485,'gheaidao','Ghe Ái Đào',1,1,'','','','','','KH',0,1,0,1,0,0,2,''),(486,'ghequocha','Ghe Quốc Hà',1,1,'','','','','','KH',0,1,0,1,0,0,2,''),(487,'ghehaidong','Ghe Hải Đồng',1,1,'','','','','','KH',0,1,0,1,0,0,2,''),(488,'ghesaucung','Ghe Sáu Cùng',1,1,'','','','','','KH',0,1,0,1,0,0,2,''),(489,'ghetuanhai','Ghe Tuấn Hai',1,1,'','','','','','KH',0,1,0,1,0,0,2,''),(490,'ghebethoa','Ghe Bé Thoa',1,1,'','','','','','KH',0,1,0,1,0,0,2,''),(491,'ghebeduy','Ghe Bé Duy',1,1,'','','','','','KH',0,1,0,1,0,0,2,''),(492,'ghedongnguyet','Ghe Đông Nguyệt',1,1,'','','','','','KH',0,1,0,1,0,0,2,''),(493,'ghesuong','Ghe Sương',1,1,'','','','','','KH',0,1,0,1,0,0,2,''),(494,'ghẽuantam','Ghe Xuân Tâm',1,1,'','','','','','KH',0,1,0,1,0,0,2,''),(495,'ghehongphong','Ghe Hồng Phong',1,1,'','','','','','KH',0,1,0,1,0,0,2,''),(496,'ghethaohai','Ghe Thảo Hải',1,1,'','','','','','KH',0,1,0,1,0,0,2,''),(497,'gheduyen','Ghe Chị Duyên',1,1,'','','','','','KH',0,1,0,1,0,0,2,''),(498,'xenoibocty','Xe ô tô, xe máy...',1,1,'','','','','','KH',0,1,0,1,0,0,2,''),(499,'xethienlong','Xe Thiên Long chú Tài',1,1,'','','','','','KH',0,1,0,1,0,0,2,''),(500,'datgia','Đạt Gia',1,1,'','','','','','KH',0,1,0,1,0,0,2,''),(501,'chinhtam','Chinh Tâm',1,1,'','','','','','KH',0,1,0,1,0,0,2,''),(502,'daiphuoc','Cty Đại Phước AEC2',1,1,'','','','','','KH',0,1,0,1,0,0,2,''),(503,'ghe4','Ghe anh Tư',1,1,'','','','','','KH',0,1,0,1,0,0,2,''),(504,'xemuc','Xe múc đất',1,1,'','','','','','KH',0,1,0,1,0,0,2,''),(505,'dobon','Đỗ Bồn',1,1,'','','','','','KH',0,1,0,1,0,0,2,''),(506,'xebus13','xe bus 613',1,1,'','','','','','KH',0,1,0,1,0,0,2,''),(507,'xehoangquyen78','xe Hoàng Quyên 678',1,1,'','','','','','KH',0,1,0,1,0,0,2,''),(508,'saytom','Sấy Tôm',1,1,'','','','','','KH',0,1,0,1,0,0,2,''),(509,'xe2537',' Xe 2537',1,1,'','','','','','KH',0,1,0,1,0,0,2,''),(510,'ghe6',' Ghe Sáu Duyên',1,1,'','','','','','KH',0,1,0,1,0,0,2,''),(511,'ghethien','Ghe Anh Thiện',1,1,'','','','','','KH',0,1,0,1,0,0,2,''),(512,'xephap',' Xe Anh Pháp',1,1,'','','','','','KH',0,1,0,1,0,0,2,''),(513,'xe68','Xe 72C-14768',1,1,'','','','','','KH',0,1,0,1,0,0,2,''),(514,'xe7552','Xe 7552',1,1,'','','','','','KH',0,1,0,1,0,0,2,''),(515,'xe02','Xe 86C-06102',1,1,'','','','','','KH',0,1,0,1,0,0,2,''),(516,'banletan','Bán lẻ anh Tấn',1,1,'','','','','','KH',0,1,0,1,0,0,2,''),(517,'banlevu','Bán lẻ Vũ',1,1,'','','','','','KH',0,1,0,1,0,0,2,''),(518,'banleleo','Bán lẻ Leo',1,1,'','','','','','KH',0,1,0,1,0,0,2,''),(519,'chihanh','Chi Hạnh',1,1,'','','','','','KH',0,1,0,1,0,0,2,''),(520,'xedoan','Xe Đoàn ga',1,1,'','','','','','KH',0,1,0,1,0,0,2,''),(521,'ghehunglan','Ghe Hùng Lan',1,1,'','','','','','KH',0,1,0,1,0,0,2,''),(522,'xe55',' Xe 72C-00155',1,1,'','','','','','KH',0,1,0,1,0,0,2,''),(523,'xedung','Xe Anh Dũng',1,1,'','','','','','KH',0,1,0,1,0,0,2,''),(524,'chutrien','Chú Triển tàu dầu',1,1,'','','','','','KH',0,1,0,1,0,0,2,''),(525,'cuahangso2','Cửa hàng XD số 2 Thái Bảo',1,1,'','','','','','KH',0,1,0,1,0,0,2,''),(526,'xe5085','Xe 5085',1,1,'','','','','','KH',0,1,0,1,0,0,2,''),(527,'cuahangso1','Cửa hàng XD số 1 Quang Trung',1,1,'','','','','','KH',0,1,0,1,0,0,2,''),(528,'ghenhat','Ghe Nhất Lựu',1,1,'','','','','','KH',0,1,0,1,0,0,2,''),(529,'xe58',' Xe 84C-06458',1,1,'','','','','','KH',0,1,0,1,0,0,2,''),(530,'xega','Xe Ga CTY ',1,1,'','','','','','KH',0,1,0,1,0,0,2,''),(531,'ghekhoi','Ghe bác khỡi',1,1,'','','','','','KH',0,1,0,1,0,0,2,''),(532,'anhtam','Anh Tâm xe múc',1,1,'','','','','','KH',0,1,0,1,0,0,2,''),(533,'ghethaomau','Ghe Thảo Mầu',1,1,'','','','','','KH',0,1,0,1,0,0,2,''),(534,'trungthu','Xe Trung Thu',1,1,'','','','','','KH',0,1,0,1,0,0,2,''),(535,'xe40','Xe 51C-00240',1,1,'','','','','','KH',0,1,0,1,0,0,2,''),(536,'xe30','Xe 72C-11630',1,1,'','','','','','KH',0,1,0,1,0,0,2,''),(537,'khachtm','Khách lấy tiền mặt',1,1,'','','','','','KH',0,1,0,1,0,0,2,''),(538,'chiloan','Chị Loan',1,1,'','','','','','KH',0,1,0,1,0,0,2,''),(539,'xe913','Xe 61C-36913',1,1,'','','','','','KH',0,1,0,1,0,0,2,''),(540,'xehung','Xe Anh Hùng',1,1,'','','','','','KH',0,1,0,1,0,0,2,''),(541,'xe64','Xe 72C-08064',1,1,'','','','','','KH',0,1,0,1,0,0,2,''),(542,'xe01','Xe 72C-10601',1,1,'','','','','','KH',0,1,0,1,0,0,2,''),(543,'ghengocbinh','Ghe Ngọc binh',1,1,'','','','','','KH',0,1,0,1,0,0,2,''),(544,'xe74','Xe 86H-6774',1,1,'','','','','','KH',0,1,0,1,0,0,2,''),(545,'xetram13','Xe Tràm 98C-03413',1,1,'','','','','','KH',0,1,0,1,0,0,2,''),(546,'congtydaiphuoc','Cty Đại Phước ',1,1,'','','','','','KH',0,1,0,1,0,0,2,''),(547,'canhnga','Vật liệu xây dựng Cảnh Nga',1,1,'','','','','','KH',0,1,0,1,0,0,2,''),(548,'chihoa','Ghe Chị Hoa',1,1,'','','','','','KH',0,1,0,1,0,0,2,''),(549,'chuduc','CX Chú Đức',1,1,'','','','','','KH',0,1,0,1,0,0,2,''),(550,'xe83','Xe 72C-14683',1,1,'','','','','','KH',0,1,0,1,0,0,2,''),(551,'xe90','Xe 84C-07190',1,1,'','','','','','KH',0,1,0,1,0,0,2,''),(552,'xecuong','Xe Anh Cương',1,1,'','','','','','KH',0,1,0,1,0,0,2,''),(553,'xecty','Xe Cty.61C-37700',1,1,'','','','','','KH',0,1,0,1,0,0,2,''),(554,'ghechintuan','Ghe Chin Tuấn',1,1,'','','','','','KH',0,1,0,1,0,0,2,''),(555,'anhty','Anh Tý xe cuốc',1,1,'','','','','','KH',0,1,0,1,0,0,2,''),(556,'xuanhanh','Xe Xuân Hạnh',1,1,'','','','','','KH',0,1,0,1,0,0,2,''),(557,'xe79','Xe 49X-4379',1,1,'','','','','','KH',0,1,0,1,0,0,2,''),(558,'xe18','Xe 3018',1,1,'','','','','','KH',0,1,0,1,0,0,2,''),(559,'xe283','Xe 72C- 15283',1,1,'','','','','','KH',0,1,0,1,0,0,2,''),(560,'gheloan','Ghe Loan Thích',1,1,'','','','','','KH',0,1,0,1,0,0,2,''),(561,'ghephuvinh','Ghe Phú Vinh',1,1,'','','','','','KH',0,1,0,1,0,0,2,''),(562,'ghehaiphuoc','Ghe Hai Phước',1,1,'','','','','','KH',0,1,0,1,0,0,2,''),(563,'xe964','Xe 72G1- 01964',1,1,'','','','','','KH',0,1,0,1,0,0,2,''),(564,'xe65','Xe 72G1-42865',1,1,'','','','','','KH',0,1,0,1,0,0,2,''),(565,'ghetuyetthinh','Ghe Tuyết Thịnh',1,1,'','','','','','KH',0,1,0,1,0,0,2,''),(566,'xe27','Xe 72C-11127',1,1,'','','','','','KH',0,1,0,1,0,0,2,''),(567,'xe59','Xe 86C-00959',1,1,'','','','','','KH',0,1,0,1,0,0,2,''),(568,'khoangieng','Khoan Giếng',1,1,'','','','','','KH',0,1,0,1,0,0,2,''),(569,'xe82','Xe 72C-15482',1,1,'','','','','','KH',0,1,0,1,0,0,2,''),(570,'chumuoi','Chú Mười Phước',1,1,'','','','','','KH',0,1,0,1,0,0,2,''),(571,'xe630','Xe630',1,1,'','','','','','KH',0,1,0,1,0,0,2,''),(572,'xe42','Xe 72C-13142',1,1,'','','','','','KH',0,1,0,1,0,0,2,''),(573,'longthuanphat','Công Ty Long Thuận Phát',1,1,'','','','','','KH',0,1,0,1,0,0,2,''),(574,'xethuc','Xe Anh Thức',1,1,'','','','','','KH',0,1,0,1,0,0,2,''),(575,'xe76','xe 86C-12476',1,1,'','','','','','KH',0,1,0,1,0,0,2,''),(576,'anhnguyen','Anh Nguyên khoan giếng',1,1,'','','','','','KH',0,1,0,1,0,0,2,''),(577,'xe75','Xe 72C-06275',1,1,'','','','','','KH',0,1,0,1,0,0,2,''),(578,'xe330','Xe 47P-2330',1,1,'','','','','','KH',0,1,0,1,0,0,2,''),(579,'xethienlong2','Xe Thiên Long 2',1,1,'','','','','','KH',0,1,0,1,0,0,2,''),(580,'haithao','Hai Thảo',1,1,'','','','','','KH',0,1,0,1,0,0,2,''),(581,'xe876','Xe 72C-11876',1,1,'','','','','','KH',0,1,0,1,0,0,2,''),(582,'xe341','Xe 72G1-54341',1,1,'','','','','','KH',0,1,0,1,0,0,2,''),(583,'hiepxam','Hiệp Xâm',1,1,'','','','','','KH',0,1,0,1,0,0,2,''),(584,'cdau','Cô dầu đầy bình',1,1,'','','','','','KH',0,1,0,1,0,0,2,''),(585,'anhtuong','Anh Tường',1,1,'','','','','','KH',0,1,0,1,0,0,2,''),(586,'xe018','Xe 86C-04018',1,1,'','','','','','KH',0,1,0,1,0,0,2,''),(587,'xe455','Xe 455',1,1,'','','','','','KH',0,1,0,1,0,0,2,''),(588,'xe375','Xe 99C-18375',1,1,'','','','','','KH',0,1,0,1,0,0,2,''),(589,'ghetho','Ghe anh Thơ',1,1,'','','','','','KH',0,1,0,1,0,0,2,''),(590,'xetac','Xe Anh Tặc',1,1,'','','','','','KH',0,1,0,1,0,0,2,''),(591,'dotlo','Đốt Lò',1,1,'','','','','','KH',0,1,0,1,0,0,2,''),(592,'anhnam','Anh Năm',1,1,'','','','','','KH',0,1,0,1,0,0,2,''),(593,'ghequang','Ghe Quang Vũ',1,1,'','','','','','KH',0,1,0,1,0,0,2,''),(594,'xe78','Xe 72G1-14478',1,1,'','','','','','KH',0,1,0,1,0,0,2,''),(595,'xe586','Xe 60S-3586',1,1,'','','','','','KH',0,1,0,1,0,0,2,''),(596,'chituyet','Chị Tuyết',1,1,'','','','','','KH',0,1,0,1,0,0,2,''),(597,'xe95','Xe 72G1-42995',1,1,'','','','','','KH',0,1,0,1,0,0,2,''),(598,'anhhuan','Anh Huấn',1,1,'','','','','','KH',0,1,0,1,0,0,2,''),(599,'xe14','Xe 51C-86714',1,1,'','','','','','KH',0,1,0,1,0,0,2,''),(600,'xe07','Xe 51C-29907',1,1,'','','','','','KH',0,1,0,1,0,0,2,''),(601,'xe295','Xe 4295',1,1,'','','','','','KH',0,1,0,1,0,0,2,''),(602,'xe983','Xe 72G1-54983',1,1,'','','','','','KH',0,1,0,1,0,0,2,''),(603,'ghebinh','Ghe Anh Bình',1,1,'','','','','','KH',0,1,0,1,0,0,2,''),(604,'HÀ ĐÔNG','CÔNG TY CỔ PHẦN CƠ KHÍ XÂY DỰNG HÀ ĐÔNG',1,1,'Tổ dân phố bạch đằng, p.Vạn Phúc,Q.Hà Đông,TP.Hà Nội','0984 405 022 ','','','NGUYỄN VĂN LONG','',0,0,0,0,1,0,1,''),(605,'xe630','xe 630',1,1,'','','','','','',0,1,0,1,0,0,1,''),(606,'huy68','Huy 5268',1,1,'','','','','','KH',0,1,0,1,0,0,1,''),(607,'NLMT-ITECH','CÔNG TY TNHH MTV MC ITECH',1,1,'14 Nguyễn Du,Phường Lê Hồng Phong,TP.Quảng Ngãi, tỉnh Quảng Ngãi','','','4300837540','TRƯƠNG THỊ THANH MINH','',0,0,0,0,1,0,1,''),(608,'NLMT SOLAR MIỀN NAM','CÔNG TY TNHH SOLAR MIỀN NAM',1,1,'637/2/18 Hà Huy Giáp, P.Thạnh Xuân,Quận 12,Tp.HCM','0859 747 579','','0315698282','NGUYỄN VĂN TUẤN','',0,0,0,0,1,0,1,''),(609,'TUAN BR','ANH TUẤN BÁNH RÊ',15,1,'','','','','','',1,0,0,0,0,0,1,''),(610,'HÀ','GÀ 16',15,1,'','','','','','',1,0,0,0,0,0,1,''),(611,'TƯ BR','ANH TƯ BÁNH RẾ',15,1,'','','','','','',1,0,0,0,0,0,1,''),(612,'LOTUS','CÔNG TY CỔ PHẦN BÍCH KHUÊ',15,1,'','','','','','',1,0,0,0,0,0,1,''),(613,'MAI','KTX TRƯỜNG CHUYÊN TRẦN HƯNG ĐẠO',15,1,'','','','','','',1,0,0,0,0,0,1,''),(614,'BAC PHAN THIET','TRƯỜNG TH BẮC PHAN THIẾT',15,1,'','','','','','',1,0,0,0,0,0,1,''),(615,'TOAN MINH','CÔNG TY TNHH NHÀ HÀNG TOÀN MINH',15,1,'','','','','','',1,0,0,0,0,0,1,''),(616,'VIETNAM HOME','CÔNG TY TNHH DU LỊCH VÀ TRUYỀN THÔNG BÌNH THUẬN',15,1,'','','','','','',1,0,0,0,0,0,1,''),(617,'THUY DUNG','CÔNG TY TNHH THÙY DUNG',15,1,'','','','','','',1,0,0,0,0,0,1,''),(618,'MŨI NÉ OCEAN','MŨI NÉ OCEAN',15,1,'','','','','','',1,0,0,0,0,0,1,''),(619,'SWEET DELIGHT','CÔNG TY TNHH YẾN VÂN',15,1,'','','','','','',1,0,0,0,0,0,1,''),(620,'BÌNH BR','BÌNH BÁNH RẾ',15,1,'','','','','','',1,0,0,0,0,0,1,''),(621,'CHỢ HẢI SẢN','CHỢ HẢI SẢN',15,1,'','','','','','',1,0,0,0,0,0,1,''),(622,'VUA BIỂN','VUA BIỂN',15,1,'','','','','','',1,0,0,0,0,0,1,''),(623,'KS CÀ TY','KS CÀ TY',15,1,'','','','','','',1,0,0,0,0,0,1,''),(624,'THIÊN THANH','CÔNG TY TNHH CÀ TY',15,1,'','','','','','',1,0,0,0,0,0,1,''),(625,'HOA BC','HOA BC',15,1,'','','','','','',1,0,0,0,0,0,1,''),(626,'CÀ TY MŨI NÉ','CÀ TY MŨI NÉ',15,1,'','','','','','',1,0,0,0,0,0,1,''),(627,'HẢI NAM XƯỞNG','HẢI NAM XƯỞNG',15,1,'','','','','','',1,0,0,0,0,0,1,''),(628,'CÀ TY MŨI NÉ','CÔNG TY TNHH CÀ TY MŨI NÉ',15,1,'','','','','','',1,0,0,0,0,0,1,''),(629,'ẨM THỰC ĐỒNG QUÊ','ẨM THỰC ĐỒNG QUÊ',15,1,'','','','','','',1,0,0,0,0,0,1,''),(630,'OANH OVEN FOOD','OANH OVEN FOOD',15,1,'','','','','','',1,0,0,0,0,0,1,''),(631,' PHÚ TRINH 1',' PHÚ TRINH 1',15,1,'','','','','','',1,0,0,0,0,0,1,''),(632,'MẦM NON BÁCH NGỌC','MẦM NON BÁCH NGỌC',15,1,'','','','','','',0,0,0,0,0,0,1,''),(633,'NHA HÀNG ĐẤT PHAN','NHA HÀNG ĐẤT PHAN',15,1,'','','','','','',1,0,0,0,0,0,1,''),(634,'SEALINKS','CÔNG TY TNHH SEA LINKS CITY',15,1,'','','','','','',1,0,0,0,0,0,1,''),(635,'VIVA RESORT','VIVA RESORT',15,1,'','','','','','',1,0,0,0,0,0,1,''),(636,'HƯƠNG QUÊ','HƯƠNG QUÊ',15,1,'','','','','','',1,0,0,0,0,0,1,''),(637,'VỊT ĐỒNG HAI PHƯƠNG','VỊT ĐỒNG HAI PHƯƠNG',15,1,'','','','','','',1,0,0,0,0,0,1,''),(638,'NẤU ĂN THẾ VỮNG','NẤU ĂN THẾ VỮNG',15,1,'','','','','','',1,0,0,0,0,0,1,''),(639,'TÂM CƠM GÀ','TÂM CƠM GÀ',15,1,'','','','','','',1,0,0,0,0,0,1,''),(640,'HẢI SẢN HẰNG LOAN','HẢI SẢN HẰNG LOAN',15,1,'','','','','','',1,0,0,0,0,0,1,''),(641,'OANH BEER','OANH BEER',15,1,'','','','','','',1,0,0,0,0,0,1,''),(642,'ỐC TÔ BA TƯ','ỐC TÔ BA TƯ',15,1,'','','','','','',1,0,0,0,0,0,1,''),(643,'ỐC BÉO','ỐC BÉO',15,1,'','','','','','',1,0,0,0,0,0,1,''),(644,'GIA MINH','CÔNG TY TNHH  TM DV XÂY LẮP HẠ TẦNG GIA MINH',1,1,'Tầng 2,Tòa nhà  NFV,27 A Hoàng Việt,P.4,Q.Tân Bình,Tp.HCM','0988 000 797','','0315321524','ĐINH VĂN TRỌNG','',0,0,0,0,1,0,1,''),(645,'Gaslephong','Lê Phong',1,1,'Châu Đức BRVT','','','','','',1,0,0,0,0,0,1,''),(646,'Gasminhthanh','Minh Thành',1,1,'','','','','','',1,0,0,0,0,0,1,''),(647,'Gashuan','Đặng Thanh Huân',1,1,'','','','','','',1,0,0,0,0,0,1,''),(648,'ĐẠI PHONG','CÔNG TY TNHH XNK ĐIỆN MÁY ĐẠI PHONG',1,1,'36C/14 Đường 16, KP 1, P. Linh Trung, Quận Thủ Đức, TP. HCM.','0945 049 449 – 0938 273 778','','','NGUYỄN VIẾT PHONG','',0,0,0,0,1,0,1,''),(649,'NGUYỄN THỊ THU HẰNG','NGUYỄN THỊ THU HẰNG',1,1,'231 Phạm Văn Đồng, P. Cam Thuận, TP. Cam Ranh, tỉnh Khánh Hòa.','0908 846 022','','','NGUYỄN THỊ THU HẰNG','',0,0,0,0,1,0,1,'');

/*Table structure for table `customer_discount_detail` */

DROP TABLE IF EXISTS `customer_discount_detail`;

CREATE TABLE `customer_discount_detail` (
  `id` int(11) NOT NULL AUTO_INCREMENT,
  `customer_id` int(11) DEFAULT NULL,
  `discount_id` int(11) DEFAULT NULL,
  `percentage` float DEFAULT NULL,
  `amount` double DEFAULT NULL,
  `note` text COLLATE utf8_unicode_ci,
  PRIMARY KEY (`id`)
) ENGINE=InnoDB DEFAULT CHARSET=utf8 COLLATE=utf8_unicode_ci;

/*Data for the table `customer_discount_detail` */

/*Table structure for table `customer_document` */

DROP TABLE IF EXISTS `customer_document`;

CREATE TABLE `customer_document` (
  `id` int(11) NOT NULL AUTO_INCREMENT,
  `customer_id` int(11) DEFAULT NULL,
  `document_id` int(11) DEFAULT NULL,
  `expired_date` date DEFAULT NULL,
  PRIMARY KEY (`id`)
) ENGINE=InnoDB DEFAULT CHARSET=utf8 COLLATE=utf8_unicode_ci;

/*Data for the table `customer_document` */

/*Table structure for table `customer_in_stock` */

DROP TABLE IF EXISTS `customer_in_stock`;

CREATE TABLE `customer_in_stock` (
  `id` int(11) NOT NULL AUTO_INCREMENT,
  `day` date DEFAULT NULL,
  `customer_id` int(11) DEFAULT NULL,
  `shell_12` int(11) DEFAULT '0',
  `shell_45` int(11) DEFAULT '0',
  `amount` double DEFAULT '0',
  `transport_amount` double DEFAULT '0',
  PRIMARY KEY (`id`)
) ENGINE=InnoDB AUTO_INCREMENT=632 DEFAULT CHARSET=utf8 COLLATE=utf8_unicode_ci;

/*Data for the table `customer_in_stock` */

insert  into `customer_in_stock`(`id`,`day`,`customer_id`,`shell_12`,`shell_45`,`amount`,`transport_amount`) values (1,'2020-04-01',205,0,0,0,0),(2,'2020-04-01',293,0,0,18054720,0),(3,'2020-04-01',97,5,0,1059000,0),(4,'2020-04-01',328,0,2,0,0),(5,'2020-04-01',182,29,18,0,0),(6,'2020-04-01',250,0,0,2142000,0),(7,'2020-04-01',199,3,0,2841000,0),(8,'2020-04-01',300,0,0,0,0),(9,'2020-04-01',261,0,0,0,0),(10,'2020-04-01',12,0,0,0,0),(11,'2020-04-01',301,0,0,0,0),(12,'2020-04-01',175,10,0,0,0),(13,'2020-04-01',283,0,0,0,0),(14,'2020-04-01',160,0,0,0,0),(15,'2020-04-01',305,10,0,0,0),(16,'2020-04-01',296,0,0,0,0),(17,'2020-04-01',330,0,0,0,0),(18,'2020-04-01',278,0,0,54773750,0),(19,'2020-04-01',277,0,0,0,0),(20,'2020-04-01',13,0,0,0,0),(21,'2020-04-01',15,22,6,580000,0),(22,'2020-04-01',249,0,0,360,0),(23,'2020-04-01',134,0,0,0,0),(24,'2020-04-01',210,1,0,0,0),(25,'2020-04-01',203,49,3,0,0),(26,'2020-04-01',14,0,0,0,0),(27,'2020-04-01',185,0,0,0,0),(28,'2020-04-01',22,5,0,7020000,0),(29,'2020-04-01',20,0,0,0,0),(30,'2020-04-01',187,3,0,0,0),(31,'2020-04-01',188,5,0,0,0),(32,'2020-04-01',128,0,0,0,0),(33,'2020-04-01',23,13,0,0,0),(34,'2020-04-01',25,0,0,0,0),(35,'2020-04-01',235,0,0,10905696,0),(36,'2020-04-01',280,0,0,0,0),(37,'2020-04-01',297,0,0,0,0),(38,'2020-04-01',24,0,0,0,0),(39,'2020-04-01',21,0,0,0,0),(40,'2020-04-01',201,0,4,0,0),(41,'2020-04-01',125,262,277,0,0),(42,'2020-04-01',27,5,0,0,0),(43,'2020-04-01',232,10,19,5726000,0),(44,'2020-04-01',329,0,0,0,0),(45,'2020-04-01',215,0,0,0,0),(46,'2020-04-01',314,5,0,0,0),(47,'2020-04-01',196,5,0,0,0),(48,'2020-04-01',217,10,0,0,0),(49,'2020-04-01',308,0,0,0,0),(50,'2020-04-01',309,0,2,0,0),(51,'2020-04-01',226,0,0,0,0),(52,'2020-04-01',230,0,0,31225750,0),(53,'2020-04-01',218,0,0,0,0),(54,'2020-04-01',227,0,0,0,0),(55,'2020-04-01',307,0,0,0,0),(56,'2020-04-01',165,0,0,0,0),(57,'2020-04-01',1,0,0,0,0),(58,'2020-04-01',295,0,0,0,0),(59,'2020-04-01',124,0,0,0,0),(60,'2020-04-01',174,0,0,0,0),(61,'2020-04-01',152,0,0,1163843191,0),(62,'2020-04-01',286,0,0,21590500,0),(63,'2020-04-01',229,0,0,72840500,0),(64,'2020-04-01',326,0,0,0,0),(65,'2020-04-01',324,0,0,0,0),(66,'2020-04-01',260,0,0,2811000,0),(67,'2020-04-01',9,15,4,4900000,0),(68,'2020-04-01',2,0,0,0,0),(69,'2020-04-01',11,29,17,14957000,0),(70,'2020-04-01',298,0,0,0,0),(71,'2020-04-01',292,0,0,0,0),(72,'2020-04-01',244,0,0,0,0),(73,'2020-04-01',147,10,0,3000000,0),(74,'2020-04-01',248,0,0,1105200,0),(75,'2020-04-01',149,8,0,0,0),(76,'2020-04-01',28,39,14,16824000,0),(77,'2020-04-01',285,0,0,0,0),(78,'2020-04-01',168,0,0,0,0),(79,'2020-04-01',122,0,0,0,0),(80,'2020-04-01',312,0,2,0,0),(81,'2020-04-01',146,48,0,4020000,0),(82,'2020-04-01',220,0,0,0,0),(83,'2020-04-01',29,8,8,3000000,0),(84,'2020-04-01',304,10,0,0,0),(85,'2020-04-01',209,0,0,0,0),(86,'2020-04-01',234,0,0,54990000,0),(87,'2020-04-01',317,0,0,1441425,0),(88,'2020-04-01',251,0,0,8664000,0),(89,'2020-04-01',240,0,0,993600,0),(90,'2020-04-01',242,0,1,0,0),(91,'2020-04-01',31,0,0,0,0),(92,'2020-04-01',267,0,0,0,0),(93,'2020-04-01',198,15,3,0,0),(94,'2020-04-01',126,0,0,0,0),(95,'2020-04-01',270,0,0,0,0),(96,'2020-04-01',256,0,0,0,0),(97,'2020-04-01',30,0,0,0,0),(98,'2020-04-01',32,0,0,0,0),(99,'2020-04-01',263,0,0,0,0),(100,'2020-04-01',262,0,0,26104600,0),(101,'2020-04-01',271,0,0,21590500,0),(102,'2020-04-01',318,0,0,9903500,0),(103,'2020-04-01',254,0,0,0,0),(104,'2020-04-01',282,0,0,2827500,0),(105,'2020-04-01',252,0,0,0,0),(106,'2020-04-01',247,0,0,7149600,0),(107,'2020-04-01',268,0,0,10355380,0),(108,'2020-04-01',259,0,0,2490000,0),(109,'2020-04-01',241,0,0,2574000,0),(110,'2020-04-01',239,0,0,22556700,0),(111,'2020-04-01',257,0,0,9254790,0),(112,'2020-04-01',238,0,0,3245400,0),(113,'2020-04-01',148,0,0,0,0),(114,'2020-04-01',310,54,13,5670000,0),(115,'2020-04-01',225,5,0,0,0),(116,'2020-04-01',190,0,0,0,0),(117,'2020-04-01',189,7,0,0,0),(118,'2020-04-01',313,5,16,3820000,0),(119,'2020-04-01',129,10,0,0,0),(120,'2020-04-01',164,0,0,0,0),(121,'2020-04-01',37,0,0,1464000,0),(122,'2020-04-01',171,68,1,14500000,0),(123,'2020-04-01',33,0,0,0,0),(124,'2020-04-01',176,0,0,3600000,0),(125,'2020-04-01',193,0,0,0,0),(126,'2020-04-01',213,100,2,7080000,0),(127,'2020-04-01',39,0,0,0,0),(128,'2020-04-01',186,4,0,0,0),(129,'2020-04-01',16,5,0,0,0),(130,'2020-04-01',204,20,4,200000,0),(131,'2020-04-01',136,5,0,0,0),(132,'2020-04-01',200,10,0,0,0),(133,'2020-04-01',35,34,2,0,0),(134,'2020-04-01',151,0,0,0,0),(135,'2020-04-01',155,0,0,0,0),(136,'2020-04-01',42,45,0,2149000,0),(137,'2020-04-01',287,0,0,0,0),(138,'2020-04-01',38,0,0,0,0),(139,'2020-04-01',41,40,5,0,0),(140,'2020-04-01',173,0,0,0,0),(141,'2020-04-01',180,4,0,0,0),(142,'2020-04-01',119,26,18,5000000,0),(143,'2020-04-01',121,0,0,0,0),(144,'2020-04-01',143,0,0,0,0),(145,'2020-04-01',115,10,4,0,0),(146,'2020-04-01',40,3,0,0,0),(147,'2020-04-01',159,0,0,0,0),(148,'2020-04-01',116,0,0,976000,0),(149,'2020-04-01',141,0,4,0,0),(150,'2020-04-01',137,0,0,0,0),(151,'2020-04-01',34,10,0,0,0),(152,'2020-04-01',85,0,10,0,0),(153,'2020-04-01',157,0,0,0,0),(154,'2020-04-01',197,0,0,0,0),(155,'2020-04-01',43,0,-4,0,0),(156,'2020-04-01',138,0,0,0,0),(157,'2020-04-01',184,0,0,0,0),(158,'2020-04-01',44,60,14,0,0),(159,'2020-04-01',212,20,7,0,0),(160,'2020-04-01',48,0,0,0,0),(161,'2020-04-01',192,0,0,0,0),(162,'2020-04-01',45,0,0,0,0),(163,'2020-04-01',47,20,0,8000000,0),(164,'2020-04-01',46,40,9,0,0),(165,'2020-04-01',54,8,0,0,0),(166,'2020-04-01',53,10,0,0,0),(167,'2020-04-01',52,13,1,0,0),(168,'2020-04-01',50,0,0,0,0),(169,'2020-04-01',49,10,4,0,0),(170,'2020-04-01',166,0,0,0,0),(171,'2020-04-01',55,25,0,0,0),(172,'2020-04-01',208,0,0,0,0),(173,'2020-04-01',51,0,0,2196000,0),(174,'2020-04-01',321,10,2,0,0),(175,'2020-04-01',117,1,0,0,0),(176,'2020-04-01',60,0,3,0,0),(177,'2020-04-01',127,0,0,100000,0),(178,'2020-04-01',56,0,6,0,0),(179,'2020-04-01',58,16,5,715000,0),(180,'2020-04-01',59,10,0,3367000,0),(181,'2020-04-01',145,15,0,0,0),(182,'2020-04-01',112,13,0,0,0),(183,'2020-04-01',178,15,0,0,0),(184,'2020-04-01',224,10,0,0,0),(185,'2020-04-01',211,40,6,24116000,0),(186,'2020-04-01',194,20,0,5720000,0),(187,'2020-04-01',62,0,0,0,0),(188,'2020-04-01',61,18,1,3344000,0),(189,'2020-04-01',17,8,0,1774000,0),(190,'2020-04-01',57,4,0,0,0),(191,'2020-04-01',123,0,0,1496000,0),(192,'2020-04-01',311,20,2,0,0),(193,'2020-04-01',219,0,0,0,0),(194,'2020-04-01',191,0,0,0,0),(195,'2020-04-01',156,0,0,0,0),(196,'2020-04-01',65,10,2,3823000,0),(197,'2020-04-01',172,5,0,0,0),(198,'2020-04-01',63,0,0,0,0),(199,'2020-04-01',64,0,0,0,0),(200,'2020-04-01',315,0,4,0,0),(201,'2020-04-01',281,0,0,0,0),(202,'2020-04-01',279,0,0,0,0),(203,'2020-04-01',322,0,0,10331250,0),(204,'2020-04-01',275,0,0,0,0),(205,'2020-04-01',167,0,0,0,0),(206,'2020-04-01',303,10,0,0,0),(207,'2020-04-01',236,0,0,0,0),(208,'2020-04-01',161,30,5,0,0),(209,'2020-04-01',306,7,0,0,0),(210,'2020-04-01',66,20,0,0,0),(211,'2020-04-01',72,0,0,0,0),(212,'2020-04-01',71,25,0,0,0),(213,'2020-04-01',67,44,24,3600000,0),(214,'2020-04-01',207,0,0,0,0),(215,'2020-04-01',68,0,0,0,0),(216,'2020-04-01',150,0,0,0,0),(217,'2020-04-01',69,0,0,0,0),(218,'2020-04-01',319,10,0,0,0),(219,'2020-04-01',169,10,7,6307000,0),(220,'2020-04-01',120,100,8,0,0),(221,'2020-04-01',70,10,0,0,0),(222,'2020-04-01',206,14,3,4160000,0),(223,'2020-04-01',179,17,3,0,0),(224,'2020-04-01',320,20,0,4862000,0),(225,'2020-04-01',73,3,0,0,0),(226,'2020-04-01',132,20,0,0,0),(227,'2020-04-01',74,10,0,0,0),(228,'2020-04-01',216,0,0,0,0),(229,'2020-04-01',142,38,18,2500000,0),(230,'2020-04-01',323,20,6,0,0),(231,'2020-04-01',26,0,3,9029000,0),(232,'2020-04-01',265,0,0,0,0),(233,'2020-04-01',266,0,0,1757320,0),(234,'2020-04-01',290,0,0,2947500,0),(235,'2020-04-01',258,0,0,43096750,0),(236,'2020-04-01',316,0,0,1068660,0),(237,'2020-04-01',294,0,0,7267500,0),(238,'2020-04-01',77,0,3,3640000,0),(239,'2020-04-01',76,0,0,0,0),(240,'2020-04-01',331,0,8,38872600,0),(241,'2020-04-01',154,3,1,1952000,0),(242,'2020-04-01',214,0,0,0,0),(243,'2020-04-01',299,0,0,0,0),(244,'2020-04-01',255,0,0,1021500,0),(245,'2020-04-01',246,0,0,1281600,0),(246,'2020-04-01',245,0,0,0,0),(247,'2020-04-01',75,10,6,0,0),(248,'2020-04-01',80,0,0,0,0),(249,'2020-04-01',18,19,0,0,0),(250,'2020-04-01',140,0,0,0,0),(251,'2020-04-01',163,0,0,0,0),(252,'2020-04-01',131,5,0,0,0),(253,'2020-04-01',83,10,1,0,0),(254,'2020-04-01',99,0,0,0,0),(255,'2020-04-01',153,0,0,0,0),(256,'2020-04-01',19,15,0,512000,0),(257,'2020-04-01',223,20,11,0,0),(258,'2020-04-01',96,30,2,810000,0),(259,'2020-04-01',95,40,2,0,0),(260,'2020-04-01',82,3,0,0,0),(261,'2020-04-01',158,42,89,9500000,0),(262,'2020-04-01',202,30,3,3945000,0),(263,'2020-04-01',90,44,0,9477000,0),(264,'2020-04-01',84,5,7,0,0),(265,'2020-04-01',183,10,0,0,0),(266,'2020-04-01',105,1,0,0,0),(267,'2020-04-01',89,6,0,6085000,0),(268,'2020-04-01',101,5,0,0,0),(269,'2020-04-01',114,5,0,1380000,0),(270,'2020-04-01',102,4,0,0,0),(271,'2020-04-01',100,0,0,0,0),(272,'2020-04-01',104,0,0,0,0),(273,'2020-04-01',253,0,0,5566800,0),(274,'2020-04-01',264,0,0,0,0),(275,'2020-04-01',87,0,0,0,0),(276,'2020-04-01',91,7,15,3329000,0),(277,'2020-04-01',135,0,23,0,0),(278,'2020-04-01',118,0,0,0,0),(279,'2020-04-01',103,16,0,5824000,0),(280,'2020-04-01',325,0,0,0,0),(281,'2020-04-01',177,0,0,0,0),(282,'2020-04-01',162,20,0,0,0),(283,'2020-04-01',139,20,0,1000000,0),(284,'2020-04-01',94,0,0,0,0),(285,'2020-04-01',93,16,0,8042000,0),(286,'2020-04-01',92,0,0,0,0),(287,'2020-04-01',86,0,0,660000,0),(288,'2020-04-01',88,40,16,0,0),(289,'2020-04-01',113,40,2,22000000,0),(290,'2020-04-01',332,0,0,0,0),(291,'2020-04-01',195,0,0,0,0),(292,'2020-04-01',98,16,0,1991000,0),(293,'2020-04-01',79,20,0,0,0),(294,'2020-04-01',181,10,0,0,0),(295,'2020-04-01',144,5,0,0,0),(296,'2020-04-01',106,70,0,15000000,0),(297,'2020-04-01',170,0,0,0,0),(298,'2020-04-01',133,20,0,0,0),(299,'2020-04-01',107,0,5,0,0),(300,'2020-04-01',221,0,0,0,0),(301,'2020-04-01',130,5,0,0,0),(302,'2020-04-01',228,0,0,0,0),(303,'2020-04-01',327,0,0,0,0),(304,'2020-04-01',302,0,0,1120500,0),(305,'2020-04-01',291,0,0,2040000,0),(306,'2020-04-01',269,0,0,0,0),(307,'2020-04-01',288,0,0,0,0),(308,'2020-04-01',273,0,0,0,0),(309,'2020-04-01',284,0,0,10230000,0),(310,'2020-04-01',276,0,0,15735000,0),(311,'2020-04-01',274,0,0,8272500,0),(312,'2020-04-01',108,1,0,976000,0),(313,'2020-04-01',237,0,0,1080000,0),(314,'2020-04-01',109,27,0,1366000,0),(315,'2020-04-01',110,5,0,0,0),(316,'2020-04-01',222,30,4,0,0),(317,'2020-04-01',111,20,0,2000000,0),(318,'2020-04-01',243,0,0,0,0),(319,'2020-04-01',233,0,0,0,0),(320,'2020-04-01',399,0,0,0,0),(321,'2020-04-01',393,0,0,0,0),(322,'2020-04-01',381,0,0,0,0),(323,'2020-04-01',385,0,0,0,0),(324,'2020-04-01',346,0,0,0,0),(325,'2020-04-01',351,0,0,0,0),(326,'2020-04-01',340,0,0,0,0),(327,'2020-04-01',347,0,0,0,0),(328,'2020-04-01',352,0,0,0,0),(329,'2020-04-01',362,0,0,240000,0),(330,'2020-04-01',383,0,0,0,0),(331,'2020-04-01',369,0,0,0,0),(332,'2020-04-01',353,0,0,0,0),(333,'2020-04-01',354,0,0,0,0),(334,'2020-04-01',357,0,0,0,0),(335,'2020-04-01',348,0,0,0,0),(336,'2020-04-01',396,0,0,0,0),(337,'2020-04-01',338,0,0,0,0),(338,'2020-04-01',364,0,0,0,0),(339,'2020-04-01',368,0,0,0,0),(340,'2020-04-01',365,0,0,0,0),(341,'2020-04-01',349,0,0,130000000,0),(342,'2020-04-01',377,0,0,0,0),(343,'2020-04-01',350,0,0,0,0),(344,'2020-04-01',398,0,0,0,0),(345,'2020-04-01',401,0,0,0,0),(346,'2020-04-01',380,0,0,0,0),(347,'2020-04-01',335,0,0,0,0),(348,'2020-04-01',343,0,0,0,0),(349,'2020-04-01',363,0,0,0,0),(350,'2020-04-01',395,0,0,0,0),(351,'2020-04-01',391,0,0,0,0),(352,'2020-04-01',334,0,0,0,0),(353,'2020-04-01',333,0,0,0,0),(354,'2020-04-01',370,0,0,0,0),(355,'2020-04-01',374,0,0,0,0),(356,'2020-04-01',392,0,0,0,0),(357,'2020-04-01',375,0,0,0,0),(358,'2020-04-01',341,0,0,0,0),(359,'2020-04-01',384,0,0,0,0),(360,'2020-04-01',379,0,0,0,0),(361,'2020-04-01',361,0,0,0,0),(362,'2020-04-01',358,0,0,0,0),(363,'2020-04-01',359,0,0,0,0),(364,'2020-04-01',376,0,0,0,0),(365,'2020-04-01',390,0,0,0,0),(366,'2020-04-01',336,0,0,0,0),(367,'2020-04-01',371,0,0,0,0),(368,'2020-04-01',373,0,0,0,0),(369,'2020-04-01',402,0,0,0,0),(370,'2020-04-01',356,0,0,7269500,0),(371,'2020-04-01',367,0,0,0,0),(372,'2020-04-01',342,0,0,0,0),(373,'2020-04-01',389,0,0,-39485,0),(374,'2020-04-01',360,0,0,0,0),(375,'2020-04-01',397,0,0,0,0),(376,'2020-04-01',382,0,0,0,0),(377,'2020-04-01',400,0,0,0,0),(378,'2020-04-01',388,0,0,0,0),(379,'2020-04-01',339,0,0,0,0),(380,'2020-04-01',386,0,0,0,0),(381,'2020-04-01',372,0,0,0,0),(382,'2020-04-01',366,0,0,0,0),(383,'2020-04-01',378,0,0,0,0),(384,'2020-04-01',394,0,0,0,0),(385,'2020-04-01',345,0,0,-78180,0),(386,'2020-04-01',387,0,0,0,0),(387,'2020-04-01',355,0,0,0,0),(388,'2020-04-01',344,0,0,-158060,0),(389,'2020-04-01',337,0,0,0,0),(390,'2020-04-01',410,0,0,0,0),(391,'2020-04-01',407,0,0,0,0),(392,'2020-04-01',408,0,0,0,0),(393,'2020-04-01',409,0,0,0,0),(394,'2020-04-01',510,0,0,2177750,0),(395,'2020-04-01',509,0,0,0,0),(396,'2020-04-01',522,0,0,0,0),(397,'2020-04-01',529,0,0,-10850,0),(398,'2020-04-01',512,0,0,20003100,0),(399,'2020-04-01',598,0,0,0,0),(400,'2020-04-01',592,0,0,0,0),(401,'2020-04-01',576,0,0,0,0),(402,'2020-04-01',532,0,0,0,0),(403,'2020-04-01',585,0,0,-2430,0),(404,'2020-04-01',555,0,0,-10720,0),(405,'2020-04-01',516,0,0,4540,0),(406,'2020-04-01',417,0,0,-30548540,0),(407,'2020-04-01',518,0,0,-250,0),(408,'2020-04-01',416,0,0,-897270,0),(409,'2020-04-01',418,0,0,-3815340,0),(410,'2020-04-01',419,0,0,3771390,0),(411,'2020-04-01',517,0,0,-4100,0),(412,'2020-04-01',438,0,0,0,0),(413,'2020-04-01',519,0,0,4100,0),(414,'2020-04-01',538,0,0,-200,0),(415,'2020-04-01',596,0,0,0,0),(416,'2020-04-01',501,0,0,0,0),(417,'2020-04-01',570,0,0,-4400,0),(418,'2020-04-01',524,0,0,2780,0),(419,'2020-04-01',584,0,0,0,0),(420,'2020-04-01',604,0,0,0,0),(421,'2020-04-01',573,0,0,-20520,0),(422,'2020-04-01',415,0,0,0,0),(423,'2020-04-01',411,0,0,0,0),(424,'2020-04-01',412,0,0,0,0),(425,'2020-04-01',406,0,0,0,0),(426,'2020-04-01',403,0,0,0,0),(427,'2020-04-01',546,0,0,225070,0),(428,'2020-04-01',502,0,0,-96860,0),(429,'2020-04-01',527,0,0,0,0),(430,'2020-04-01',525,0,0,0,0),(431,'2020-04-01',549,0,0,173000,0),(432,'2020-04-01',500,0,0,0,0),(433,'2020-04-01',505,0,0,0,0),(434,'2020-04-01',437,0,0,315080000,0),(435,'2020-04-01',591,0,0,0,0),(436,'2020-04-01',485,0,0,10003500,0),(437,'2020-04-01',603,0,0,0,0),(438,'2020-04-01',461,0,0,23063000,0),(439,'2020-04-01',511,0,0,-189600,0),(440,'2020-04-01',589,0,0,1505780,0),(441,'2020-04-01',443,0,0,28664350,0),(442,'2020-04-01',503,0,0,-1200,0),(443,'2020-04-01',446,0,0,-500,0),(444,'2020-04-01',531,0,0,0,0),(445,'2020-04-01',445,0,0,95122400,0),(446,'2020-04-01',475,0,0,26643440,0),(447,'2020-04-01',469,0,0,53338870,0),(448,'2020-04-01',491,0,0,74315230,0),(449,'2020-04-01',490,0,0,35687790,0),(450,'2020-04-01',472,0,0,33666440,0),(451,'2020-04-01',462,0,0,58532810,0),(452,'2020-04-01',497,0,0,0,0),(453,'2020-04-01',548,0,0,-500,0),(454,'2020-04-01',554,0,0,4380600,0),(455,'2020-04-01',473,0,0,87455930,0),(456,'2020-04-01',444,0,0,5000000,0),(457,'2020-04-01',477,0,0,-49530,0),(458,'2020-04-01',450,0,0,31994100,0),(459,'2020-04-01',492,0,0,34291280,0),(460,'2020-04-01',474,0,0,39321710,0),(461,'2020-04-01',487,0,0,10000340,0),(462,'2020-04-01',562,0,0,-1200,0),(463,'2020-04-01',442,0,0,79178530,0),(464,'2020-04-01',423,0,0,93630230,0),(465,'2020-04-01',449,0,0,14948820,0),(466,'2020-04-01',456,0,0,42855490,0),(467,'2020-04-01',480,0,0,94039970,0),(468,'2020-04-01',470,0,0,73538480,0),(469,'2020-04-01',484,0,0,34806930,0),(470,'2020-04-01',482,0,0,24168150,0),(471,'2020-04-01',448,0,0,12822490,0),(472,'2020-04-01',481,0,0,10034630,0),(473,'2020-04-01',495,0,0,4999440,0),(474,'2020-04-01',471,0,0,5997810,0),(475,'2020-04-01',452,0,0,32449340,0),(476,'2020-04-01',521,0,0,-220,0),(477,'2020-04-01',441,0,0,40932960,0),(478,'2020-04-01',463,0,0,77381100,0),(479,'2020-04-01',468,0,0,40090260,0),(480,'2020-04-01',479,0,0,0,0),(481,'2020-04-01',459,0,0,0,0),(482,'2020-04-01',458,0,0,20731710,0),(483,'2020-04-01',560,0,0,30317700,0),(484,'2020-04-01',543,0,0,2940,0),(485,'2020-04-01',528,0,0,72786000,0),(486,'2020-04-01',453,0,0,17289440,0),(487,'2020-04-01',561,0,0,14963830,0),(488,'2020-04-01',447,0,0,22847360,0),(489,'2020-04-01',593,0,0,18889630,0),(490,'2020-04-01',486,0,0,2814970,0),(491,'2020-04-01',488,0,0,17933560,0),(492,'2020-04-01',493,0,0,118159840,0),(493,'2020-04-01',483,0,0,40620000,0),(494,'2020-04-01',425,0,0,49897830,0),(495,'2020-04-01',424,0,0,18798160,0),(496,'2020-04-01',451,0,0,22214270,0),(497,'2020-04-01',427,0,0,28349830,0),(498,'2020-04-01',496,0,0,157566820,0),(499,'2020-04-01',533,0,0,55104500,0),(500,'2020-04-01',460,0,0,64404250,0),(501,'2020-04-01',457,0,0,51417480,0),(502,'2020-04-01',467,0,0,101362080,0),(503,'2020-04-01',426,0,0,30273010,0),(504,'2020-04-01',454,0,0,84285560,0),(505,'2020-04-01',464,0,0,39036090,0),(506,'2020-04-01',466,0,0,107649800,0),(507,'2020-04-01',489,0,0,900,0),(508,'2020-04-01',565,0,0,-250,0),(509,'2020-04-01',455,0,0,68328180,0),(510,'2020-04-01',465,0,0,-480,0),(511,'2020-04-01',494,0,0,72964840,0),(512,'2020-04-01',580,0,0,0,0),(513,'2020-04-01',583,0,0,0,0),(514,'2020-04-01',537,0,0,51420,0),(515,'2020-04-01',568,0,0,0,0),(516,'2020-04-01',405,0,0,0,0),(517,'2020-04-01',414,0,0,0,0),(518,'2020-04-01',413,0,0,0,0),(519,'2020-04-01',508,0,0,0,0),(520,'2020-04-01',476,0,0,90357211,0),(521,'2020-04-01',421,0,0,-49410000,0),(522,'2020-04-01',404,0,0,0,0),(523,'2020-04-01',547,0,0,998840,0),(524,'2020-04-01',434,0,0,64049340,0),(525,'2020-04-01',430,0,0,-50,0),(526,'2020-04-01',558,0,0,0,0),(527,'2020-04-01',601,0,0,0,0),(528,'2020-04-01',587,0,0,0,0),(529,'2020-04-01',578,0,0,-7500,0),(530,'2020-04-01',557,0,0,-4580,0),(531,'2020-04-01',526,0,0,0,0),(532,'2020-04-01',535,0,0,-1360,0),(533,'2020-04-01',600,0,0,0,0),(534,'2020-04-01',599,0,0,0,0),(535,'2020-04-01',595,0,0,0,0),(536,'2020-04-01',539,0,0,-9230,0),(537,'2020-04-01',559,0,0,0,0),(538,'2020-04-01',577,0,0,0,0),(539,'2020-04-01',541,0,0,-29750,0),(540,'2020-04-01',435,0,0,0,0),(541,'2020-04-01',542,0,0,-12840,0),(542,'2020-04-01',566,0,0,0,0),(543,'2020-04-01',536,0,0,0,0),(544,'2020-04-01',581,0,0,0,0),(545,'2020-04-01',572,0,0,0,0),(546,'2020-04-01',550,0,0,0,0),(547,'2020-04-01',513,0,0,0,0),(548,'2020-04-01',569,0,0,0,0),(549,'2020-04-01',563,0,0,0,0),(550,'2020-04-01',594,0,0,0,0),(551,'2020-04-01',564,0,0,-2530,0),(552,'2020-04-01',597,0,0,0,0),(553,'2020-04-01',582,0,0,0,0),(554,'2020-04-01',602,0,0,0,0),(555,'2020-04-01',514,0,0,-2240,0),(556,'2020-04-01',551,0,0,0,0),(557,'2020-04-01',567,0,0,0,0),(558,'2020-04-01',586,0,0,0,0),(559,'2020-04-01',515,0,0,0,0),(560,'2020-04-01',575,0,0,0,0),(561,'2020-04-01',544,0,0,-7060,0),(562,'2020-04-01',588,0,0,0,0),(563,'2020-04-01',439,0,0,542000,0),(564,'2020-04-01',552,0,0,900000,0),(565,'2020-04-01',523,0,0,545780,0),(566,'2020-04-01',429,0,0,3838030,0),(567,'2020-04-01',540,0,0,-8430,0),(568,'2020-04-01',590,0,0,-2320,0),(569,'2020-04-01',574,0,0,-4620,0),(570,'2020-04-01',440,0,0,0,0),(571,'2020-04-01',506,0,0,-3870,0),(572,'2020-04-01',431,0,0,1532490,0),(573,'2020-04-01',553,0,0,-300,0),(574,'2020-04-01',520,0,0,-21290,0),(575,'2020-04-01',530,0,0,-304160,0),(576,'2020-04-01',507,0,0,-9840,0),(577,'2020-04-01',504,0,0,-7180,0),(578,'2020-04-01',428,0,0,7048030,0),(579,'2020-04-01',498,0,0,804800,0),(580,'2020-04-01',422,0,0,0,0),(581,'2020-04-01',436,0,0,61093190,0),(582,'2020-04-01',478,0,0,0,0),(583,'2020-04-01',579,0,0,-12300,0),(584,'2020-04-01',499,0,0,-12700,0),(585,'2020-04-01',545,0,0,191610980,0),(586,'2020-04-01',433,0,0,4159700,0),(587,'2020-04-01',432,0,0,52129330,0),(588,'2020-04-01',534,0,0,0,0),(589,'2020-04-01',556,0,0,-3780,0),(590,'2020-04-01',571,0,0,0,0),(591,'2020-04-01',420,0,0,0,0),(592,'2020-04-01',631,0,0,0,0),(593,'2020-04-01',629,0,0,0,0),(594,'2020-04-01',611,0,0,0,0),(595,'2020-04-01',609,0,0,0,0),(596,'2020-04-01',620,0,0,0,0),(597,'2020-04-01',626,0,0,0,0),(598,'2020-04-01',621,0,0,0,0),(599,'2020-04-01',612,0,0,0,0),(600,'2020-04-01',624,0,0,0,0),(601,'2020-04-01',628,0,0,0,0),(602,'2020-04-01',616,0,0,0,0),(603,'2020-04-01',615,0,0,0,0),(604,'2020-04-01',634,0,0,0,0),(605,'2020-04-01',617,0,0,0,0),(606,'2020-04-01',619,0,0,0,0),(607,'2020-04-01',610,0,0,0,0),(608,'2020-04-01',627,0,0,0,0),(609,'2020-04-01',640,0,0,0,0),(610,'2020-04-01',625,0,0,0,0),(611,'2020-04-01',636,0,0,0,0),(612,'2020-04-01',623,0,0,0,0),(613,'2020-04-01',613,0,0,0,0),(614,'2020-04-01',632,0,0,0,0),(615,'2020-04-01',618,0,0,0,0),(616,'2020-04-01',638,0,0,0,0),(617,'2020-04-01',633,0,0,0,0),(618,'2020-04-01',641,0,0,0,0),(619,'2020-04-01',630,0,0,0,0),(620,'2020-04-01',643,0,0,0,0),(621,'2020-04-01',642,0,0,0,0),(622,'2020-04-01',639,0,0,0,0),(623,'2020-04-01',614,0,0,0,0),(624,'2020-04-01',637,0,0,0,0),(625,'2020-04-01',635,0,0,0,0),(626,'2020-04-01',622,0,0,0,0),(627,'2020-04-01',644,0,0,0,0),(628,'2020-04-01',607,0,0,0,0),(629,'2020-04-01',608,0,0,0,0),(630,'2020-04-01',606,0,0,0,0),(631,'2020-04-01',605,0,0,0,0);

/*Table structure for table `dayoff` */

DROP TABLE IF EXISTS `dayoff`;

CREATE TABLE `dayoff` (
  `id` int(11) NOT NULL AUTO_INCREMENT,
  `name` varchar(255) COLLATE utf8_unicode_ci DEFAULT NULL,
  `organization_id` int(11) DEFAULT NULL,
  `note` text COLLATE utf8_unicode_ci,
  PRIMARY KEY (`id`)
) ENGINE=InnoDB DEFAULT CHARSET=utf8 COLLATE=utf8_unicode_ci;

/*Data for the table `dayoff` */

/*Table structure for table `debt_adjustment` */

DROP TABLE IF EXISTS `debt_adjustment`;

CREATE TABLE `debt_adjustment` (
  `id` int(11) NOT NULL AUTO_INCREMENT,
  `created_date` date DEFAULT NULL,
  `code` varchar(255) COLLATE utf8_unicode_ci DEFAULT NULL,
  `vendor_id` int(11) DEFAULT '0',
  `customer_id` int(11) DEFAULT '0',
  `kind` int(1) DEFAULT '1',
  `amount` double DEFAULT NULL,
  `note` text COLLATE utf8_unicode_ci,
  `created_employee_id` int(11) DEFAULT NULL,
  PRIMARY KEY (`id`)
) ENGINE=InnoDB AUTO_INCREMENT=3 DEFAULT CHARSET=utf8 COLLATE=utf8_unicode_ci;

/*Data for the table `debt_adjustment` */

insert  into `debt_adjustment`(`id`,`created_date`,`code`,`vendor_id`,`customer_id`,`kind`,`amount`,`note`,`created_employee_id`) values (1,'2020-04-09','20200410-DA-0001',15,0,3,15987476,'',35),(2,'2020-04-23','20200423-DA-0001',0,349,1,68065364,'NLMT',53);

/*Table structure for table `debug` */

DROP TABLE IF EXISTS `debug`;

CREATE TABLE `debug` (
  `note` text COLLATE utf8_unicode_ci
) ENGINE=InnoDB DEFAULT CHARSET=utf8 COLLATE=utf8_unicode_ci;

/*Data for the table `debug` */

/*Table structure for table `discount_oil` */

DROP TABLE IF EXISTS `discount_oil`;

CREATE TABLE `discount_oil` (
  `id` int(11) NOT NULL AUTO_INCREMENT,
  `code` varchar(255) COLLATE utf8_unicode_ci DEFAULT NULL,
  `name` varchar(255) COLLATE utf8_unicode_ci DEFAULT NULL,
  `shell_gas_commission` int(11) DEFAULT NULL COMMENT 'chiet khau khi doi gas bang vo cty khi dat san luong',
  `note` text COLLATE utf8_unicode_ci,
  PRIMARY KEY (`id`)
) ENGINE=InnoDB AUTO_INCREMENT=5 DEFAULT CHARSET=utf8 COLLATE=utf8_unicode_ci;

/*Data for the table `discount_oil` */

insert  into `discount_oil`(`id`,`code`,`name`,`shell_gas_commission`,`note`) values (1,'CK1','Chiết khấu 1',0,''),(2,'Ht5k','Hỗ trợ 5000',0,''),(3,'Httvb','Hỗ trợ trả vỏ bình',3000,'0'),(4,'HT10k','Hỗ trợ 10000',0,'');

/*Table structure for table `discount_oil_customer` */

DROP TABLE IF EXISTS `discount_oil_customer`;

CREATE TABLE `discount_oil_customer` (
  `id` int(11) NOT NULL AUTO_INCREMENT,
  `discount_id` int(11) DEFAULT NULL,
  `customer_id` int(11) DEFAULT NULL,
  PRIMARY KEY (`id`)
) ENGINE=InnoDB AUTO_INCREMENT=164 DEFAULT CHARSET=utf8 COLLATE=utf8_unicode_ci;

/*Data for the table `discount_oil_customer` */

insert  into `discount_oil_customer`(`id`,`discount_id`,`customer_id`) values (1,1,15),(2,2,15),(3,3,15),(4,1,65),(5,1,66),(6,1,9),(7,1,84),(8,1,88),(9,1,95),(10,1,96),(11,1,97),(12,1,106),(13,1,113),(14,1,115),(15,1,120),(16,1,130),(17,1,132),(18,1,222),(19,1,139),(20,1,201),(21,1,142),(22,1,147),(23,1,153),(24,1,155),(25,1,158),(26,1,162),(27,1,171),(28,1,175),(29,1,179),(30,1,185),(31,1,197),(32,1,208),(33,1,211),(34,1,223),(35,1,320),(36,4,75),(37,4,104),(38,4,105),(39,4,158),(40,2,55),(41,2,67),(42,2,64),(43,2,66),(44,1,53),(45,1,39),(46,1,41),(47,1,42),(48,1,43),(49,1,44),(50,1,204),(51,1,46),(52,1,18),(53,1,202),(54,1,24),(55,1,203),(56,1,28),(57,1,29),(58,1,35),(59,1,56),(60,1,58),(63,4,28),(64,4,34),(65,4,35),(66,2,68),(67,2,69),(68,2,70),(69,2,76),(70,2,9),(71,2,11),(72,2,83),(73,2,84),(74,2,88),(75,2,89),(76,2,217),(77,2,91),(78,2,93),(79,2,94),(80,2,305),(81,2,98),(82,2,100),(83,2,106),(84,2,107),(85,2,109),(86,2,111),(87,2,112),(88,2,113),(89,2,115),(90,2,127),(91,2,41),(92,2,43),(93,2,44),(94,2,46),(95,2,59),(96,2,62),(97,2,129),(98,2,142),(99,2,154),(100,2,162),(101,2,168),(102,2,170),(103,2,171),(104,2,176),(105,2,178),(106,2,179),(107,2,185),(108,2,193),(109,2,194),(110,2,199),(111,2,197),(112,2,198),(113,2,321),(114,2,16),(115,2,18),(116,2,24),(117,2,26),(118,2,31),(119,3,53),(120,3,65),(121,3,66),(122,3,9),(123,3,84),(124,3,88),(125,3,95),(126,3,96),(127,3,97),(128,3,106),(129,3,113),(130,3,115),(131,3,120),(132,3,56),(133,3,58),(134,3,130),(135,3,132),(136,3,222),(137,3,139),(138,3,201),(139,3,142),(140,3,147),(141,3,153),(142,3,155),(143,3,158),(144,3,162),(145,3,171),(146,3,175),(147,3,179),(148,3,185),(149,3,197),(150,3,208),(151,3,211),(152,3,223),(153,3,320),(154,3,18),(155,3,202),(156,3,24),(157,3,203),(158,3,28),(159,3,29),(160,3,35),(161,1,645),(163,4,647);

/*Table structure for table `discount_oil_detail` */

DROP TABLE IF EXISTS `discount_oil_detail`;

CREATE TABLE `discount_oil_detail` (
  `id` int(11) NOT NULL AUTO_INCREMENT,
  `discount_id` int(11) DEFAULT NULL,
  `oil_id` int(11) DEFAULT NULL,
  `commission_from` double DEFAULT NULL,
  `commission_to` double DEFAULT NULL,
  `commission` double DEFAULT NULL,
  PRIMARY KEY (`id`)
) ENGINE=InnoDB AUTO_INCREMENT=10 DEFAULT CHARSET=utf8 COLLATE=utf8_unicode_ci;

/*Data for the table `discount_oil_detail` */

insert  into `discount_oil_detail`(`id`,`discount_id`,`oil_id`,`commission_from`,`commission_to`,`commission`) values (1,1,NULL,720,1800,160),(2,1,NULL,1800,3600,240),(3,1,NULL,3600,7200,320),(4,1,NULL,7200,9600,400),(5,1,NULL,9600,12000,525),(6,1,NULL,12000,1000000,650),(7,2,NULL,0,1000000,417),(8,3,NULL,0,1000000,0),(9,4,NULL,0,1000000,833);

/*Table structure for table `document` */

DROP TABLE IF EXISTS `document`;

CREATE TABLE `document` (
  `id` int(11) NOT NULL AUTO_INCREMENT,
  `name` varchar(255) COLLATE utf8_unicode_ci DEFAULT NULL,
  `note` text COLLATE utf8_unicode_ci,
  PRIMARY KEY (`id`)
) ENGINE=InnoDB AUTO_INCREMENT=9 DEFAULT CHARSET=utf8 COLLATE=utf8_unicode_ci;

/*Data for the table `document` */

insert  into `document`(`id`,`name`,`note`) values (8,'Giấy phép đăng ký kinh doanh','');

/*Table structure for table `dynamic_field` */

DROP TABLE IF EXISTS `dynamic_field`;

CREATE TABLE `dynamic_field` (
  `id` int(11) NOT NULL AUTO_INCREMENT,
  `code` varchar(255) COLLATE utf8_unicode_ci DEFAULT NULL,
  `name` varchar(255) COLLATE utf8_unicode_ci DEFAULT NULL,
  `organization_id` int(11) DEFAULT NULL,
  `table_name` varchar(255) COLLATE utf8_unicode_ci DEFAULT NULL,
  `can_edit` int(1) DEFAULT '1' COMMENT '0:khong the edit, 1:co the edit',
  `free_value_id` int(11) DEFAULT '0',
  PRIMARY KEY (`id`)
) ENGINE=MyISAM AUTO_INCREMENT=15 DEFAULT CHARSET=utf8 COLLATE=utf8_unicode_ci;

/*Data for the table `dynamic_field` */

insert  into `dynamic_field`(`id`,`code`,`name`,`organization_id`,`table_name`,`can_edit`,`free_value_id`) values (1,'DAYOFFINYEAR','Số ngày phép trong năm',1,'employee',0,1),(2,'SATURDAY','Làm ngày thứ 7',1,'employee',0,2),(3,'SENIALLOW','Thưởng thâm niên (%)',1,'employee',0,3),(4,'DAYOFFINYEAR','Số ngày phép trong năm',14,'employee',0,4),(5,'SATURDAY','Làm ngày thứ 7',14,'employee',0,5),(6,'SENIALLOW','Thưởng thâm niên (%)',14,'employee',0,6),(7,'TDHV','Trình độ học vấn',1,'employee',1,0),(12,'DAYOFFINYEAR','Số ngày phép trong năm',15,'employee',0,7),(13,'SATURDAY','Làm ngày thứ 7',15,'employee',0,8),(14,'SENIALLOW','Thưởng thâm niên (%)',15,'employee',0,9);

/*Table structure for table `dynamic_field_free` */

DROP TABLE IF EXISTS `dynamic_field_free`;

CREATE TABLE `dynamic_field_free` (
  `id` int(11) NOT NULL AUTO_INCREMENT,
  `code` varchar(255) COLLATE utf8_unicode_ci DEFAULT NULL,
  `name` varchar(255) COLLATE utf8_unicode_ci DEFAULT NULL,
  `table_name` varchar(255) COLLATE utf8_unicode_ci DEFAULT NULL,
  `parent_table_name` varchar(255) COLLATE utf8_unicode_ci DEFAULT NULL,
  PRIMARY KEY (`id`)
) ENGINE=InnoDB AUTO_INCREMENT=7 DEFAULT CHARSET=utf8 COLLATE=utf8_unicode_ci;

/*Data for the table `dynamic_field_free` */

insert  into `dynamic_field_free`(`id`,`code`,`name`,`table_name`,`parent_table_name`) values (2,'DAYOFFINYEAR','Số ngày phép trong năm','employee','organization'),(3,'SATURDAY','Làm ngày thứ 7','employee','organization'),(6,'SENIALLOW','Thưởng thâm niên (%)','employee','organization');

/*Table structure for table `dynamic_field_free_value` */

DROP TABLE IF EXISTS `dynamic_field_free_value`;

CREATE TABLE `dynamic_field_free_value` (
  `id` int(11) NOT NULL AUTO_INCREMENT,
  `field_id` int(11) DEFAULT NULL,
  `parent_id` int(11) DEFAULT NULL,
  `value` text COLLATE utf8_unicode_ci,
  PRIMARY KEY (`id`)
) ENGINE=InnoDB AUTO_INCREMENT=10 DEFAULT CHARSET=utf8 COLLATE=utf8_unicode_ci;

/*Data for the table `dynamic_field_free_value` */

insert  into `dynamic_field_free_value`(`id`,`field_id`,`parent_id`,`value`) values (1,2,1,'12'),(2,3,1,'1'),(3,6,1,'2'),(4,2,14,'13'),(5,3,14,'0.5'),(6,6,14,'1'),(7,2,15,''),(8,3,15,''),(9,6,15,'');

/*Table structure for table `dynamic_field_value` */

DROP TABLE IF EXISTS `dynamic_field_value`;

CREATE TABLE `dynamic_field_value` (
  `id` int(11) NOT NULL AUTO_INCREMENT,
  `field_id` int(11) DEFAULT NULL,
  `parent_id` int(11) DEFAULT NULL,
  `value` text COLLATE utf8_unicode_ci,
  PRIMARY KEY (`id`)
) ENGINE=MyISAM AUTO_INCREMENT=70 DEFAULT CHARSET=utf8 COLLATE=utf8_unicode_ci;

/*Data for the table `dynamic_field_value` */

insert  into `dynamic_field_value`(`id`,`field_id`,`parent_id`,`value`) values (1,1,17,'12'),(2,2,17,'1'),(3,3,17,'2'),(4,7,17,'Cao Đẳng'),(5,4,18,'13'),(6,5,18,'0.5'),(7,6,18,'1'),(8,1,19,'12'),(9,2,19,'1'),(10,3,19,'2'),(11,7,19,''),(12,1,20,'12'),(13,2,20,'1'),(14,3,20,'2'),(15,7,20,''),(16,1,20,'12'),(17,2,20,'1'),(18,3,20,'2'),(19,7,20,''),(20,1,21,'12'),(21,2,21,'1'),(22,3,21,'2'),(23,7,21,''),(24,1,21,'12'),(25,2,21,'1'),(26,3,21,'2'),(27,7,21,''),(28,1,21,'12'),(29,2,21,'1'),(30,3,21,'2'),(31,7,21,''),(32,1,18,'12'),(33,2,18,'1'),(34,3,18,'2'),(35,7,18,''),(36,1,0,'12'),(37,2,0,'1'),(38,3,0,'2'),(39,7,0,''),(40,1,23,'12'),(41,2,23,'1'),(42,3,23,'2'),(43,7,23,''),(44,1,23,'12'),(45,2,23,'1'),(46,3,23,'2'),(47,7,23,''),(48,1,24,'12'),(49,2,24,'1'),(50,3,24,'2'),(51,7,24,''),(52,1,25,'12'),(53,2,25,'1'),(54,3,25,'2'),(55,7,25,''),(56,1,26,'12'),(57,2,26,'1'),(58,3,26,'2'),(59,7,26,''),(60,1,32,'12'),(61,2,32,'1'),(62,3,32,'2'),(63,7,32,''),(64,4,42,'13'),(65,5,42,'0.5'),(66,6,42,'1'),(67,12,54,''),(68,13,54,''),(69,14,54,'');

/*Table structure for table `employee` */

DROP TABLE IF EXISTS `employee`;

CREATE TABLE `employee` (
  `id` int(11) NOT NULL AUTO_INCREMENT,
  `idcard` varchar(255) COLLATE utf8_unicode_ci DEFAULT NULL,
  `fullname` varchar(255) COLLATE utf8_unicode_ci DEFAULT NULL,
  `email` varchar(255) COLLATE utf8_unicode_ci DEFAULT NULL,
  `salary` double DEFAULT NULL,
  `organization_id` int(11) DEFAULT NULL,
  `birthday` date DEFAULT NULL,
  `status` int(1) DEFAULT '1' COMMENT '0: da bi khoa, 1: dang su dung',
  `start_date` date DEFAULT NULL,
  `salary_bhxh` double DEFAULT NULL,
  PRIMARY KEY (`id`)
) ENGINE=MyISAM AUTO_INCREMENT=57 DEFAULT CHARSET=utf8 COLLATE=utf8_unicode_ci;

/*Data for the table `employee` */

insert  into `employee`(`id`,`idcard`,`fullname`,`email`,`salary`,`organization_id`,`birthday`,`status`,`start_date`,`salary_bhxh`) values (1,NULL,'Admin','admin@gmail.com',0,-1,'2018-08-23',1,NULL,NULL),(19,'171192314','Cao Thị Minh','c@gmail.com',5300000,1,NULL,1,NULL,NULL),(18,NULL,'Lê Ngọc Phước','ntb@gmail.com',2000000,14,'1980-01-15',1,'2000-01-01',NULL),(17,'045082000026','Phan Khắc Hùng','hungpk.quangtrung@gmail.com',10500000,1,'1982-11-17',1,'2014-01-01',NULL),(20,'273075081','Cao Phi Hùng','hungtat@gmail.com',5500000,1,'1982-01-23',1,'2014-01-01',NULL),(21,'171347560','Cao Thị Sáng','',5300000,1,'1968-01-13',1,NULL,NULL),(23,'172430427','Phạm Văn Sơn','a@a.com',5800000,1,'1981-09-17',1,NULL,NULL),(24,'273399388','Đoàn Xuân Vũ','',5800000,1,'1990-03-10',1,NULL,NULL),(25,'273463776','Lê Ngọc Phước','',5800000,1,'1984-03-16',1,NULL,NULL),(26,'273571217','Nguyễn Minh Trung','',5300000,1,'1994-10-09',1,NULL,NULL),(27,'273577993','Mai Văn Thừa','',5300000,1,'1994-01-16',1,NULL,NULL),(28,'273140291','Nguyễn Hữu Quốc Hưng','',5800000,1,'1984-07-08',1,NULL,NULL),(29,'171075650','Cao Văn Kính','',6500000,1,'1963-10-26',1,NULL,NULL),(30,'273437479','Lê Hoàng Phước','',5300000,1,'1990-03-20',1,NULL,NULL),(31,'07708400063','Cao Huy Hoàng','',7500000,1,'1984-10-28',1,NULL,NULL),(32,'04008200037','Đặng Quang Thắng Bảy','',6300000,1,'1982-02-23',2,NULL,NULL),(33,'273508376','Trần Thanh Nam','',5300000,1,'1992-10-19',1,NULL,NULL),(34,'273651458','Nguyễn Thanh Hiền','',5300000,1,'1993-12-16',1,NULL,NULL),(35,'273288034','Lê Thị Khánh Linh','',5800000,1,'1988-07-04',1,NULL,NULL),(36,'273211619','Nguyễn Đức Tuấn','',5800000,1,'1988-02-15',1,NULL,NULL),(37,'02418400067','Hoàng Thị Lan Thuý','',3307000,1,'1984-09-22',1,NULL,NULL),(38,'162712864','Nguyễn Tiến Lãng','',6800000,1,'1985-11-06',1,NULL,NULL),(39,'273048894','Nguyễn Thanh Dũng','',5800000,1,'1969-03-15',1,NULL,NULL),(40,'273148634','Tạ Thị Kim Lộc','',5800000,1,'1985-01-02',1,NULL,NULL),(41,'273651568','Phạm Ngọc Phước Phi','',5300000,1,'1994-07-20',1,NULL,NULL),(42,'1122334455','Nguyễn Phương Tú','',0,14,NULL,1,NULL,NULL),(43,'171192370','Lưu Trần Hải','',5800000,1,NULL,1,NULL,NULL),(44,'273172536','Đặng Thanh Huân','',6800000,1,NULL,1,NULL,NULL),(45,'271941356','Ngô Bá Tài','',6800000,1,NULL,1,NULL,NULL),(46,'123456','Trần Minh Kha','',0,1,NULL,1,NULL,NULL),(47,'564','Anh Vũ','',0,1,NULL,1,NULL,0),(48,'789','Anh Hiền','',0,1,NULL,1,NULL,0),(49,'247897541','Nguyễn Đình Huy','',0,1,NULL,1,NULL,0),(50,'578942165','Lê Văn Châu','',0,1,NULL,1,NULL,0),(51,'1245791','Đặng Văn Quý','',0,1,NULL,1,NULL,0),(52,'2478945762','Nguyễn Ngọc Ánh','',0,1,NULL,1,NULL,0),(53,'273226960','Lê Thị Lũy','leluy_brvt@yahoo.com.vn',0,1,NULL,1,NULL,0),(54,'261199273','Nguyễn Thị Thanh Thảo','',0,15,NULL,1,NULL,0),(55,'172107190','Nguyễn Văn Tùng','',0,1,NULL,1,NULL,0),(56,'273544732','Nguyễn Thị Thúy Kiều','',0,1,NULL,1,NULL,0);

/*Table structure for table `employee_advance` */

DROP TABLE IF EXISTS `employee_advance`;

CREATE TABLE `employee_advance` (
  `id` int(11) NOT NULL AUTO_INCREMENT,
  `code` varchar(20) COLLATE utf8_unicode_ci DEFAULT NULL,
  `employee_id` int(11) DEFAULT NULL,
  `advance_date` date DEFAULT NULL,
  `amount` double DEFAULT NULL,
  `account_id` int(11) DEFAULT NULL,
  `note` text COLLATE utf8_unicode_ci,
  `created_employee_id` int(11) DEFAULT NULL,
  `inner_sale_id` int(11) DEFAULT NULL,
  PRIMARY KEY (`id`)
) ENGINE=MyISAM AUTO_INCREMENT=7 DEFAULT CHARSET=utf8 COLLATE=utf8_unicode_ci;

/*Data for the table `employee_advance` */

/*Table structure for table `employee_off` */

DROP TABLE IF EXISTS `employee_off`;

CREATE TABLE `employee_off` (
  `id` int(11) NOT NULL AUTO_INCREMENT,
  `code` varchar(255) COLLATE utf8_unicode_ci DEFAULT NULL,
  `created_date` date DEFAULT NULL,
  `employee_id` int(11) DEFAULT NULL,
  `from_date` date DEFAULT NULL,
  `to_date` date DEFAULT NULL,
  `actual_off_day` float DEFAULT '0',
  `note` text COLLATE utf8_unicode_ci,
  `created_employee_id` int(11) DEFAULT NULL,
  PRIMARY KEY (`id`)
) ENGINE=InnoDB DEFAULT CHARSET=utf8 COLLATE=utf8_unicode_ci;

/*Data for the table `employee_off` */

/*Table structure for table `employee_off_increase` */

DROP TABLE IF EXISTS `employee_off_increase`;

CREATE TABLE `employee_off_increase` (
  `id` int(11) NOT NULL AUTO_INCREMENT,
  `code` varchar(255) COLLATE utf8_unicode_ci DEFAULT NULL,
  `created_date` date DEFAULT NULL,
  `employee_id` int(11) DEFAULT NULL,
  `dayoff_id` int(11) DEFAULT NULL,
  `quantity` int(11) DEFAULT NULL,
  `note` text COLLATE utf8_unicode_ci,
  `created_employee_id` int(11) DEFAULT NULL,
  PRIMARY KEY (`id`)
) ENGINE=InnoDB DEFAULT CHARSET=utf8 COLLATE=utf8_unicode_ci;

/*Data for the table `employee_off_increase` */

/*Table structure for table `employee_off_money` */

DROP TABLE IF EXISTS `employee_off_money`;

CREATE TABLE `employee_off_money` (
  `id` int(11) NOT NULL AUTO_INCREMENT,
  `code` varchar(255) COLLATE utf8_unicode_ci DEFAULT NULL,
  `employee_id` int(11) DEFAULT NULL,
  `created_date` date DEFAULT NULL,
  `quantity` int(11) DEFAULT NULL,
  `price` double DEFAULT NULL,
  `amount` double DEFAULT NULL,
  `account_id` int(11) DEFAULT NULL,
  `note` text COLLATE utf8_unicode_ci,
  `created_employee_id` int(11) DEFAULT NULL,
  PRIMARY KEY (`id`)
) ENGINE=InnoDB DEFAULT CHARSET=utf8 COLLATE=utf8_unicode_ci;

/*Data for the table `employee_off_money` */

/*Table structure for table `employee_oil_commission` */

DROP TABLE IF EXISTS `employee_oil_commission`;

CREATE TABLE `employee_oil_commission` (
  `id` int(11) NOT NULL AUTO_INCREMENT,
  `name` varchar(255) COLLATE utf8_unicode_ci DEFAULT NULL,
  `amount` double DEFAULT NULL,
  `note` text COLLATE utf8_unicode_ci,
  PRIMARY KEY (`id`)
) ENGINE=InnoDB AUTO_INCREMENT=3 DEFAULT CHARSET=utf8 COLLATE=utf8_unicode_ci;

/*Data for the table `employee_oil_commission` */

insert  into `employee_oil_commission`(`id`,`name`,`amount`,`note`) values (1,'CK3000',3000,''),(2,'CK1500',1500,'');

/*Table structure for table `employee_other_bonus` */

DROP TABLE IF EXISTS `employee_other_bonus`;

CREATE TABLE `employee_other_bonus` (
  `id` int(11) NOT NULL AUTO_INCREMENT,
  `code` varchar(255) COLLATE utf8_unicode_ci DEFAULT NULL,
  `created_date` date DEFAULT NULL,
  `employee_id` int(11) DEFAULT NULL,
  `other_bonus_id` int(11) DEFAULT NULL,
  `amount` double DEFAULT NULL,
  `note` text COLLATE utf8_unicode_ci,
  `created_employee_id` int(11) DEFAULT NULL,
  PRIMARY KEY (`id`)
) ENGINE=InnoDB DEFAULT CHARSET=utf8 COLLATE=utf8_unicode_ci;

/*Data for the table `employee_other_bonus` */

/*Table structure for table `employee_panelty` */

DROP TABLE IF EXISTS `employee_panelty`;

CREATE TABLE `employee_panelty` (
  `id` int(11) NOT NULL AUTO_INCREMENT,
  `code` varchar(255) COLLATE utf8_unicode_ci DEFAULT NULL,
  `created_date` date DEFAULT NULL,
  `employee_id` int(11) DEFAULT NULL,
  `panelty_id` int(11) DEFAULT NULL,
  `amount` double DEFAULT NULL,
  `note` text COLLATE utf8_unicode_ci,
  `created_employee_id` int(11) DEFAULT NULL,
  PRIMARY KEY (`id`)
) ENGINE=InnoDB DEFAULT CHARSET=utf8 COLLATE=utf8_unicode_ci;

/*Data for the table `employee_panelty` */

/*Table structure for table `employee_route_fee` */

DROP TABLE IF EXISTS `employee_route_fee`;

CREATE TABLE `employee_route_fee` (
  `id` int(11) NOT NULL AUTO_INCREMENT,
  `code` varchar(255) COLLATE utf8_unicode_ci DEFAULT NULL,
  `created_date` date DEFAULT NULL,
  `created_employee_id` int(11) DEFAULT NULL,
  `employee_id` int(11) DEFAULT NULL,
  `vehicle_id` int(11) DEFAULT NULL,
  `route_id` int(11) DEFAULT NULL,
  `in_quantity` double DEFAULT NULL,
  `out_quantity` double DEFAULT NULL,
  `param_100km` int(3) DEFAULT NULL,
  `param_1000kg` int(3) DEFAULT NULL,
  `total_quantity` double DEFAULT NULL,
  `price` double DEFAULT NULL,
  `amount` double DEFAULT NULL,
  `store` text COLLATE utf8_unicode_ci,
  `note` text COLLATE utf8_unicode_ci,
  PRIMARY KEY (`id`)
) ENGINE=InnoDB DEFAULT CHARSET=utf8 COLLATE=utf8_unicode_ci;

/*Data for the table `employee_route_fee` */

/*Table structure for table `employee_salary` */

DROP TABLE IF EXISTS `employee_salary`;

CREATE TABLE `employee_salary` (
  `id` int(11) NOT NULL AUTO_INCREMENT,
  `code` varchar(20) COLLATE utf8_unicode_ci DEFAULT NULL,
  `salary_month` int(2) DEFAULT NULL,
  `salary_year` int(5) DEFAULT NULL,
  `employee_id` int(11) DEFAULT NULL,
  `created_date` date DEFAULT NULL,
  `basic_salary` double DEFAULT NULL,
  `real_salary` double DEFAULT NULL,
  `total` double DEFAULT NULL,
  `month_day` int(2) DEFAULT NULL,
  `working_day` int(2) DEFAULT NULL,
  `commission` double DEFAULT NULL,
  `bonus` double DEFAULT NULL,
  `advance` double DEFAULT NULL,
  `bhxh` double DEFAULT NULL,
  `actual_received` double DEFAULT NULL,
  `panelty` double DEFAULT NULL,
  `seniority` double DEFAULT NULL COMMENT 'tien tham nien',
  `field_amount` double DEFAULT NULL,
  `timesheet_amount` double DEFAULT NULL,
  `trip_allowance` double DEFAULT NULL COMMENT 'phu cap duong di',
  `oil_salary` double DEFAULT NULL COMMENT 'dau khoan',
  `trip_oil` double DEFAULT NULL COMMENT 'ung dau',
  `trip_fee` double DEFAULT NULL COMMENT 'chi phi xe',
  `borrow` double DEFAULT NULL COMMENT 'muon luong',
  `borrow_rest` double DEFAULT NULL COMMENT 'muon luong con lai',
  PRIMARY KEY (`id`)
) ENGINE=MyISAM DEFAULT CHARSET=utf8 COLLATE=utf8_unicode_ci;

/*Data for the table `employee_salary` */

/*Table structure for table `employee_salary_field` */

DROP TABLE IF EXISTS `employee_salary_field`;

CREATE TABLE `employee_salary_field` (
  `id` int(11) NOT NULL AUTO_INCREMENT,
  `employee_id` int(11) DEFAULT NULL,
  `field_id` int(11) DEFAULT NULL,
  `amount` double DEFAULT NULL,
  PRIMARY KEY (`id`)
) ENGINE=InnoDB DEFAULT CHARSET=utf8 COLLATE=utf8_unicode_ci;

/*Data for the table `employee_salary_field` */

/*Table structure for table `employee_salary_field_detail` */

DROP TABLE IF EXISTS `employee_salary_field_detail`;

CREATE TABLE `employee_salary_field_detail` (
  `id` int(11) NOT NULL AUTO_INCREMENT,
  `employee_salary_id` int(11) DEFAULT NULL,
  `field_id` int(11) DEFAULT NULL,
  `field_name` varchar(255) COLLATE utf8_unicode_ci DEFAULT NULL,
  `amount` double DEFAULT NULL,
  `note` text COLLATE utf8_unicode_ci,
  PRIMARY KEY (`id`)
) ENGINE=MyISAM DEFAULT CHARSET=utf8 COLLATE=utf8_unicode_ci;

/*Data for the table `employee_salary_field_detail` */

/*Table structure for table `employee_salary_timesheet_detail` */

DROP TABLE IF EXISTS `employee_salary_timesheet_detail`;

CREATE TABLE `employee_salary_timesheet_detail` (
  `id` int(11) NOT NULL AUTO_INCREMENT,
  `employee_salary_id` int(11) DEFAULT NULL,
  `field_id` int(11) DEFAULT NULL,
  `field_name` varchar(255) COLLATE utf8_unicode_ci DEFAULT NULL,
  `quantity` int(11) DEFAULT NULL,
  `price` double DEFAULT NULL,
  `amount` double DEFAULT NULL,
  `note` text COLLATE utf8_unicode_ci,
  PRIMARY KEY (`id`)
) ENGINE=MyISAM AUTO_INCREMENT=36 DEFAULT CHARSET=utf8 COLLATE=utf8_unicode_ci;

/*Data for the table `employee_salary_timesheet_detail` */

/*Table structure for table `employee_solar_commission` */

DROP TABLE IF EXISTS `employee_solar_commission`;

CREATE TABLE `employee_solar_commission` (
  `id` int(11) NOT NULL AUTO_INCREMENT,
  `name` varchar(255) COLLATE utf8_unicode_ci DEFAULT NULL,
  `amount` double DEFAULT NULL,
  `note` text COLLATE utf8_unicode_ci,
  PRIMARY KEY (`id`)
) ENGINE=InnoDB AUTO_INCREMENT=3 DEFAULT CHARSET=utf8 COLLATE=utf8_unicode_ci;

/*Data for the table `employee_solar_commission` */

insert  into `employee_solar_commission`(`id`,`name`,`amount`,`note`) values (1,'Mặc định',0,'');

/*Table structure for table `expense` */

DROP TABLE IF EXISTS `expense`;

CREATE TABLE `expense` (
  `id` int(11) NOT NULL AUTO_INCREMENT,
  `code` varchar(255) COLLATE utf8_unicode_ci DEFAULT NULL,
  `created_date` date DEFAULT NULL,
  `amount` double DEFAULT NULL,
  `content` text COLLATE utf8_unicode_ci,
  `account_id` int(11) DEFAULT NULL,
  `from_date` date DEFAULT NULL,
  `to_date` date DEFAULT NULL,
  `month_count` int(2) DEFAULT NULL,
  `is_usually` int(1) DEFAULT '0' COMMENT '0: khong thuong xuyen, 1: thuong xuyen',
  `type` int(11) DEFAULT NULL,
  `note` text COLLATE utf8_unicode_ci,
  `created_employee_id` int(11) DEFAULT NULL,
  PRIMARY KEY (`id`)
) ENGINE=MyISAM AUTO_INCREMENT=141 DEFAULT CHARSET=utf8 COLLATE=utf8_unicode_ci;

/*Data for the table `expense` */

insert  into `expense`(`id`,`code`,`created_date`,`amount`,`content`,`account_id`,`from_date`,`to_date`,`month_count`,`is_usually`,`type`,`note`,`created_employee_id`) values (1,'20200404-EX-0001','2020-04-01',20985800,'Thanh toán shipping Vn',9,'2020-04-04','2020-04-04',0,0,1,'',35),(2,'20200404-EX-0002','2020-04-01',2000000,'Đăng ký xe 06784',5,'2020-04-04','2020-04-04',0,0,1,'',35),(3,'20200404-EX-0003','2020-04-30',11700000,'Hồ sơ ngân hàng',5,'2020-04-04','2020-04-04',0,0,1,'',35),(4,'20200404-EX-0004','2020-04-01',20000000,'Nộp tiền vào TK',5,'2020-04-04','2020-04-04',0,0,1,'',35),(5,'20200404-EX-0005','2020-04-01',480305000,'Thanh toán lương nv + thư quán',5,'2020-04-04','2020-04-04',0,0,1,'',35),(6,'20200404-EX-0006','2020-04-01',1124000,'chiết khấu nhớt',5,'2020-04-04','2020-04-04',0,0,1,'',35),(7,'20200404-EX-0007','2020-04-01',1826000,'bảo hiểm xe 13905',5,'2020-04-04','2020-04-04',0,0,1,'',35),(8,'20200404-EX-0008','2020-04-01',3589000,'bao giá',5,'2020-04-04','2020-04-04',0,0,1,'',35),(9,'20200404-EX-0009','2020-04-01',936000,'Do + CA',5,'2020-04-04','2020-04-04',0,0,1,'',35),(10,'20200404-EX-0010','2020-04-01',1688000,'DO',5,'2020-04-04','2020-04-04',0,0,1,'',35),(12,'20200411-EX-0001','2020-04-02',500000,'Mừng khai trương Nam BRia',5,'2020-04-11','2020-04-11',0,0,1,'',35),(13,'20200411-EX-0002','2020-04-02',80000000,'trả quỹ công ty',5,'2020-04-11','2020-04-11',0,0,1,'',35),(14,'20200411-EX-0003','2020-04-02',1898000,'Bao giá',5,'2020-04-11','2020-04-11',0,0,1,'',35),(15,'20200411-EX-0004','2020-04-02',200000,'CA + Vệ sinh máy lạnh',5,'2020-04-11','2020-04-11',0,0,1,'',35),(16,'20200411-EX-0005','2020-04-02',842000,'Do + phí cầu đường',5,'2020-04-11','2020-04-11',0,0,1,'',35),(17,'20200411-EX-0006','2020-04-02',4000000,'Quỹ công ty',5,'2020-04-11','2020-04-11',0,0,1,'',35),(18,'20200411-EX-0007','2020-04-03',40330000,'Mua 257 vỏ',5,'2020-04-11','2020-04-11',0,0,1,'',35),(19,'20200411-EX-0008','2020-04-03',7110000,'Mô hình oto',5,'2020-04-11','2020-04-11',0,0,1,'',35),(20,'20200411-EX-0009','2020-04-03',38404000,'Chiết khấu + Do + CA',5,'2020-04-11','2020-04-11',0,0,1,'',35),(21,'20200411-EX-0010','2020-04-03',3000000,'Đăng ký xóa thế chấp',5,'2020-04-11','2020-04-11',0,0,1,'',35),(22,'20200411-EX-0011','2020-04-04',14190000,'chiết khấu.',5,'2020-04-11','2020-04-11',0,0,1,'',35),(23,'20200411-EX-0012','2020-04-04',9878000,'chiết khấu.',5,'2020-04-11','2020-04-11',0,0,1,'',35),(24,'20200411-EX-0013','2020-04-04',875000,'Do + phí cầu đường',5,'2020-04-11','2020-04-11',0,0,1,'',35),(25,'20200411-EX-0014','2020-04-04',794000,'Vật tư làm bếp',5,'2020-04-11','2020-04-11',0,0,1,'',35),(26,'20200411-EX-0015','2020-04-06',166000,'NV (Nam)',5,'2020-04-11','2020-04-11',0,0,1,'',35),(27,'20200411-EX-0016','2020-04-06',780000,'Do.',5,'2020-04-11','2020-04-11',0,0,1,'',35),(28,'20200411-EX-0017','2020-04-06',1688000,'Do xe bồn',5,'2020-04-11','2020-04-11',0,0,1,'',35),(29,'20200411-EX-0018','2020-04-07',2164000,'Kìm bấm thủy lực',5,'2020-04-11','2020-04-11',0,0,1,'',35),(30,'20200411-EX-0019','2020-04-07',822000000,'Nộp TM 2 cty',5,'2020-04-11','2020-04-11',0,0,1,'',35),(31,'20200411-EX-0020','2020-04-07',58663000,'Nộp TM TK Hùng',5,'2020-04-11','2020-04-11',0,0,1,'',35),(32,'20200411-EX-0021','2020-04-07',777000,'Do + phí cầu đường',5,'2020-04-11','2020-04-11',0,0,1,'',35),(33,'20200411-EX-0022','2020-04-07',2940000,'Vật tư làm điện trạm gas',5,'2020-04-11','2020-04-11',0,0,1,'',35),(34,'20200411-EX-0023','2020-04-08',764000,'Do.',5,'2020-04-11','2020-04-11',0,0,1,'',35),(35,'20200411-EX-0024','2020-04-08',971000,'Do.',5,'2020-04-11','2020-04-11',0,0,1,'',35),(36,'20200411-EX-0025','2020-04-09',3000000,'Giấy PCCC 06784; 13905',5,'2020-04-11','2020-04-11',0,0,1,'',35),(37,'20200411-EX-0026','2020-04-09',8000000,'Bộ chỉnh áp và dòng',5,'2020-04-11','2020-04-11',0,0,1,'',35),(38,'20200411-EX-0027','2020-04-09',1002000,'Nv (Phước tài xế)',5,'2020-04-11','2020-04-11',0,0,1,'',35),(39,'20200411-EX-0028','2020-04-09',83000000,'Nộp TM CAO',5,'2020-04-11','2020-04-11',0,0,1,'',35),(40,'20200411-EX-0029','2020-04-09',790000,'Do + phí cầu đường',5,'2020-04-11','2020-04-11',0,0,1,'',35),(41,'20200411-EX-0030','2020-04-09',4000000,'Thông tin',5,'2020-04-11','2020-04-11',0,0,1,'',35),(42,'20200411-EX-0031','2020-04-09',5000000,'anh sơn ứng',5,'2020-04-11','2020-04-11',0,0,1,'',35),(43,'20200411-EX-0032','2020-04-10',300000,'Bơm mực máy in',5,'2020-04-11','2020-04-11',0,0,1,'',35),(44,'20200411-EX-0033','2020-04-10',1688000,'Do.',5,'2020-04-11','2020-04-11',0,0,1,'',35),(45,'20200411-EX-0034','2020-04-10',1263000,'cước gửi hàng',5,'2020-04-11','2020-04-11',0,0,1,'',35),(46,'20200411-EX-0035','2020-04-03',449276000,'Thanh toán đợt cuối  Bình thầu (showroom)',5,'2020-04-11','2020-04-11',0,0,1,'',35),(47,'20200411-EX-0036','2020-04-05',1000000,'Nước thư quán',5,'2020-04-11','2020-04-11',0,0,1,'',35),(48,'20200411-EX-0037','2020-04-06',20000000,'Dự án cẩm mỹ',5,'2020-04-11','2020-04-11',0,0,1,'',35),(49,'20200411-EX-0038','2020-04-07',191000000,'Nhập 20.000 DO',5,'2020-04-11','2020-04-11',0,0,1,'',35),(50,'20200411-EX-0039','2020-04-06',100450455,'Kim Thành Phát (oto)',9,'2020-04-11','2020-04-11',0,0,1,'',35),(51,'20200411-EX-0040','2020-04-07',411000000,'Góp vốn HHP',9,'2020-04-11','2020-04-11',0,0,1,'',35),(52,'20200411-EX-0041','2020-04-07',61957789,'HD số 2350 Tân Minh Giang',9,'2020-04-11','2020-04-11',0,0,1,'',35),(53,'20200411-EX-0042','2020-04-07',60392293,'Thanh toán hết HD thiết bị Tân Minh Giang',9,'2020-04-11','2020-04-11',0,0,1,'',35),(54,'20200411-EX-0043','2020-04-07',205000000,'Thanh toán PVoil',9,'2020-04-11','2020-04-11',0,0,1,'',35),(55,'20200411-EX-0044','2020-04-08',44130236,'Thuế dây điện Ningbo',9,'2020-04-11','2020-04-11',0,0,1,'',35),(56,'20200411-EX-0045','2020-04-08',8935246,'Hãng Tàu',9,'2020-04-11','2020-04-11',0,0,1,'',35),(57,'20200411-EX-0046','2020-04-08',450002850,'Thiên Kim Sắt',9,'2020-04-11','2020-04-11',0,0,1,'',35),(58,'20200411-EX-0047','2020-04-09',164317500,'Thép Phương An (dự án NLMT)',9,'2020-04-11','2020-04-11',0,0,1,'',35),(59,'20200414-EX-0001','2020-04-11',770000,'chiết khấu',5,'2020-04-15','2020-04-15',0,0,1,'',20),(60,'20200414-EX-0002','2020-04-15',704000,'DO+phí cầu đường',5,'2020-04-15','2020-04-15',0,0,1,'',20),(61,'20200414-EX-0003','2020-04-13',576000000,'nộp tm sacom',5,'2020-04-13','2020-04-13',0,0,1,'',20),(62,'20200414-EX-0004','2020-04-13',167000,'nv ứng',5,'2020-04-15','2020-04-15',0,0,1,'',20),(63,'20200414-EX-0005','2020-04-13',886000,'DO',5,'2020-04-15','2020-04-15',0,0,1,'',20),(64,'20200414-EX-0006','2020-04-15',1100000,'ck ivt',5,'2020-04-15','2020-04-15',0,0,1,'',20),(65,'20200414-EX-0007','2020-04-14',782000,'DO+phí cầu đường+CA',5,'2020-04-15','2020-04-15',0,0,1,'',20),(66,'20200414-EX-0008','2020-04-14',200000,'dầu xe nâng',5,'2020-04-15','2020-04-15',0,0,1,'',20),(67,'20200414-EX-0009','2020-04-14',198980000,'nhập xăng dầu',5,'2020-04-15','2020-04-15',0,0,1,'',20),(68,'20200414-EX-0010','2020-04-15',50000000,'trung sơn(showrrom)',5,'2020-04-15','2020-04-15',0,0,1,'',20),(69,'20200414-EX-0011','2020-04-13',36020000,'tân tiến',11,'2020-04-15','2020-04-15',0,0,1,'',20),(70,'20200414-EX-0012','2020-04-13',32010000,'máy phát điện đợt 1',9,'2020-04-15','2020-04-15',0,0,1,'',20),(71,'20200414-EX-0013','2020-04-13',26948460,'mắt bảo',9,'2020-04-15','2020-04-15',0,0,1,'',20),(72,'20200414-EX-0014','2020-04-13',275862344,'bán usd',9,'2020-04-15','2020-04-15',0,0,1,'',20),(73,'20200414-EX-0015','2020-04-13',825637992,'bán usd',9,'2020-04-15','2020-04-15',0,0,1,'',20),(74,'20200414-EX-0016','2020-04-13',204083691,'bán usd',9,'2020-04-15','2020-04-15',0,0,1,'',20),(75,'20200415-EX-0001','2020-04-15',1623000,'DO xe bồn',5,'2020-04-15','2020-04-15',0,0,1,'',20),(76,'20200415-EX-0002','2020-04-15',688000,'chó pccc',5,'2020-04-15','2020-04-15',0,0,1,'',20),(77,'20200415-EX-0003','2020-04-15',694000,'DO',5,'2020-04-15','2020-04-15',0,0,1,'',20),(78,'20200415-EX-0004','2020-04-15',20000000,'trả cọc pin',5,'2020-04-15','2020-04-15',0,0,1,'',20),(79,'20200416-EX-0001','2020-04-16',30000000,'thay vỏ xe 07468',5,'2020-04-16','2020-04-16',0,0,1,'',20),(80,'20200416-EX-0002','2020-04-16',90000000,'cọc phần mềm',9,'2020-04-16','2020-04-16',0,0,1,'',20),(81,'20200416-EX-0003','2020-04-16',58716000,'tân tiến oto',9,'2020-04-16','2020-04-16',0,0,1,'',20),(82,'20200416-EX-0004','2020-04-16',70893900,'kẹp solar',9,'2020-04-16','2020-04-16',0,0,1,'',20),(83,'20200416-EX-0005','2020-04-16',3212066,'tiền điện',9,'2020-04-16','2020-04-16',0,0,1,'',20),(84,'20200416-EX-0006','2020-04-15',156800000,'PMG',5,'2020-04-16','2020-04-16',0,0,1,'',20),(85,'20200416-EX-0007','2020-04-16',206000000,'nộp tm CAO',5,'2020-04-16','2020-04-16',0,0,1,'',20),(86,'20200416-EX-0008','2020-04-17',167000,'nv(ánh)',5,'2020-04-17','2020-04-17',0,0,1,'',20),(87,'20200416-EX-0009','2020-04-14',5989250,'ck niwa',5,'2020-04-17','2020-04-17',0,0,1,'',20),(88,'20200416-EX-0010','2020-04-08',10000000,'ctac phi',5,'2020-04-17','2020-04-17',0,0,1,'',20),(89,'20200416-EX-0011','2020-04-11',704000,'DO+phí cầu đường',5,'2020-04-17','2020-04-17',0,0,1,'',20),(90,'20200416-EX-0012','2020-04-13',1100000,'ck ivt',5,'2020-04-17','2020-04-17',0,0,1,'',20),(91,'20200417-EX-0001','2020-04-17',412039500,'thép phương an',9,'2020-04-17','2020-04-17',0,0,1,'',20),(92,'20200417-EX-0002','2020-04-17',37840000,'ivt 25kw sunbright',9,'2020-04-17','2020-04-17',0,0,1,'',20),(93,'20200417-EX-0003','2020-04-17',900000,'DO',5,'2020-04-17','2020-04-17',0,0,1,'',20),(94,'20200417-EX-0004','2020-04-17',12000000,'trả thành tâm',5,'2020-04-17','2020-04-17',0,0,1,'',20),(95,'20200418-EX-0001','2020-04-18',100000,'CA',5,'2020-04-18','2020-04-18',0,0,1,'',20),(96,'20200418-EX-0002','2020-04-18',905000,'DO+phí cầu đường+CA',5,'2020-04-18','2020-04-18',0,0,1,'',20),(98,'20200419-EX-0001','2020-04-20',200000,'phụ tiền xe đi pin',5,'2020-04-20','2020-04-20',0,0,1,'',20),(99,'20200419-EX-0002','2020-04-20',292000,'net',5,'2020-04-20','2020-04-20',0,0,1,'',20),(100,'20200420-EX-0001','2020-04-20',167000,'nv(hổ)',5,'2020-04-20','2020-04-20',0,0,1,'',20),(101,'20200420-EX-0002','2020-04-20',869000,'DO+CA',5,'2020-04-20','2020-04-20',0,0,1,'',20),(102,'20200420-EX-0003','2020-04-20',2000000,'QLTT Sông Ray',5,'2020-04-21','2020-04-21',0,0,1,'',20),(103,'20200420-EX-0004','2020-04-21',10505000,'mốc',5,'2020-04-21','2020-04-21',0,0,1,'',20),(104,'20200420-EX-0005','2020-04-21',270000,'ck niwa',5,'2020-04-21','2020-04-21',0,0,1,'',20),(105,'20200420-EX-0006','2020-04-21',3000000,'qltt đội 1',5,'2020-04-21','2020-04-21',0,0,1,'',20),(106,'20200420-EX-0007','2020-04-21',387266000,'nộp tm',5,'2020-04-21','2020-04-21',0,0,1,'',20),(107,'20200421-EX-0001','2020-04-21',100000000,'hùng',5,'2020-04-21','2020-04-21',0,0,1,'',20),(108,'20200421-EX-0002','2020-04-21',850000,'DO+phí cầu đường',5,'2020-04-21','2020-04-21',0,0,1,'',20),(109,'20200421-EX-0003','2020-04-22',110000000,'nộp tm',5,'2020-04-22','2020-04-22',0,0,1,'',20),(110,'20200421-EX-0004','2020-04-22',1623000,'DO xe bồn',5,'2020-04-22','2020-04-22',0,0,1,'',20),(111,'20200421-EX-0005','2020-04-22',930000,'DO',5,'2020-04-22','2020-04-22',0,0,1,'',20),(112,'20200422-EX-0001','2020-04-22',2000000,'QLTT xuân lộc',5,'2020-04-22','2020-04-22',0,0,1,'',20),(113,'20200422-EX-0002','2020-04-22',100000000,'tú sắt ứng ',5,'2020-04-22','2020-04-22',0,0,1,'',20),(114,'20200422-EX-0003','2020-04-22',4570000,'tiền điện showrrom từ t7/2019 đến 1/2020',5,'2020-04-22','2020-04-22',0,0,1,'',20),(115,'20200422-EX-0004','2020-04-22',19000000,'nhớt MK',5,'2020-04-22','2020-04-22',0,0,1,'',20),(116,'20200422-EX-0005','2020-04-22',53300000,'website shworrom',5,'2020-04-22','2020-04-22',0,0,1,'',20),(117,'20200422-EX-0006','2020-04-22',2000000,'QLTT LAGI',5,'2020-04-22','2020-04-22',0,0,1,'',20),(118,'20200422-EX-0007','2020-04-22',570000,'DO',5,'2020-04-22','2020-04-22',0,0,1,'',20),(119,'20200422-EX-0008','2020-04-23',1923000,'lương châu nghĩ việc',5,'2020-04-23','2020-04-23',0,0,1,'',20),(120,'20200422-EX-0009','2020-04-23',10000000,'shworrom(tài ứng)',5,'2020-04-23','2020-04-23',0,0,1,'',20),(121,'20200422-EX-0010','2020-04-22',3000000,'a sơn ứng',5,'2020-04-23','2020-04-23',0,0,1,'',20),(122,'20200423-EX-0001','2020-04-24',9355000,'nộp tm CAO',5,'2020-04-24','2020-04-24',0,0,1,'',20),(123,'20200424-EX-0001','2020-04-24',958519000,'nộp tm',5,'2020-04-24','2020-04-24',0,0,1,'',20),(124,'20200424-EX-0002','2020-04-24',1298000,'DO xe bồn',5,'2020-04-24','2020-04-24',0,0,1,'',20),(125,'20200424-EX-0003','2020-04-24',680000,'DO',5,'2020-04-24','2020-04-24',0,0,1,'',20),(126,'20200424-EX-0004','2020-04-25',3000000,'nv ứng',5,'2020-04-25','2020-04-25',0,0,1,'',20),(127,'20200425-EX-0001','2020-04-25',770000,'DO+phí cầu đường',5,'2020-04-25','2020-04-25',0,0,1,'',20),(129,'20200426-EX-0001','2020-04-27',24500000,'Trả tiền hàng lại cty cao thái sơn ivt 50kw',5,'2020-04-27','2020-04-27',0,0,1,'',53),(130,'20200427-EX-0001','2020-04-27',29600000,'ck spo',5,'2020-04-27','2020-04-27',0,0,1,'',20),(131,'20200427-EX-0002','2020-04-27',24500000,'hoàn tiền ivt',5,'2020-04-27','2020-04-27',0,0,1,'',20),(132,'20200427-EX-0003','2020-04-27',95000000,'nộp tm',9,'2020-04-27','2020-04-27',0,0,1,'',20),(133,'20200427-EX-0004','2020-04-27',340000,'giao van PMG',5,'2020-04-27','2020-04-27',0,0,1,'',20),(134,'20200427-EX-0005','2020-04-27',1346000,'DO',5,'2020-04-27','2020-04-27',0,0,1,'',20),(135,'20200428-EX-0001','2020-04-28',348900000,'nộp tm',5,'2020-04-28','2020-04-28',0,0,1,'',20),(136,'20200428-EX-0002','2020-04-28',61500000,'BH tháng 4',5,'2020-04-28','2020-04-28',0,0,1,'',20),(137,'20200428-EX-0003','2020-04-28',95425000,'trung sơn(showrrom)',5,'2020-04-28','2020-04-28',0,0,1,'',20),(138,'20200428-EX-0004','2020-04-28',460000,'phí nộp sở hửu trí tuệ',5,'2020-04-28','2020-04-28',0,0,1,'',20),(139,'20200428-EX-0005','2020-04-28',2000000,'QLTT châu đức',5,'2020-04-28','2020-04-28',0,0,1,'',20),(140,'20200428-EX-0006','2020-04-28',1863000,'DO+phí cầu đường+CA',5,'2020-04-28','2020-04-28',0,0,1,'',20);

/*Table structure for table `fixed_asset` */

DROP TABLE IF EXISTS `fixed_asset`;

CREATE TABLE `fixed_asset` (
  `id` int(11) NOT NULL AUTO_INCREMENT,
  `name` varchar(255) COLLATE utf8_unicode_ci DEFAULT NULL,
  `group_id` int(11) DEFAULT NULL,
  `unit_id` int(11) DEFAULT NULL,
  `start_date` date DEFAULT NULL,
  `quantity` int(11) DEFAULT NULL,
  `rate` int(11) DEFAULT NULL,
  `month_count` int(11) DEFAULT NULL,
  `price` double DEFAULT NULL,
  `status` int(1) DEFAULT '1' COMMENT '1:dang khau hao, 2:tam ngung khau hao',
  `is_closed` int(1) DEFAULT '0' COMMENT '0:dang su dung, 1:da dong',
  `organization_id` int(11) DEFAULT NULL,
  PRIMARY KEY (`id`)
) ENGINE=InnoDB DEFAULT CHARSET=utf8 COLLATE=utf8_unicode_ci;

/*Data for the table `fixed_asset` */

/*Table structure for table `fixed_asset_depreciation` */

DROP TABLE IF EXISTS `fixed_asset_depreciation`;

CREATE TABLE `fixed_asset_depreciation` (
  `id` int(11) NOT NULL AUTO_INCREMENT,
  `code` varchar(255) COLLATE utf8_unicode_ci DEFAULT NULL,
  `created_date` date DEFAULT NULL,
  `note` text COLLATE utf8_unicode_ci,
  PRIMARY KEY (`id`)
) ENGINE=InnoDB DEFAULT CHARSET=utf8 COLLATE=utf8_unicode_ci;

/*Data for the table `fixed_asset_depreciation` */

/*Table structure for table `fixed_asset_depreciation_detail` */

DROP TABLE IF EXISTS `fixed_asset_depreciation_detail`;

CREATE TABLE `fixed_asset_depreciation_detail` (
  `id` int(11) NOT NULL AUTO_INCREMENT,
  `fixed_asset_depreciation_id` int(11) DEFAULT NULL,
  `fixed_asset_id` int(11) DEFAULT NULL,
  `unit_id` int(11) DEFAULT NULL,
  `quantity` int(11) DEFAULT NULL,
  `is_calculate` int(1) DEFAULT '1' COMMENT '1:checked, 0:unchecked',
  PRIMARY KEY (`id`)
) ENGINE=InnoDB DEFAULT CHARSET=utf8 COLLATE=utf8_unicode_ci;

/*Data for the table `fixed_asset_depreciation_detail` */

/*Table structure for table `fixed_asset_group` */

DROP TABLE IF EXISTS `fixed_asset_group`;

CREATE TABLE `fixed_asset_group` (
  `id` int(11) NOT NULL AUTO_INCREMENT,
  `name` varchar(255) COLLATE utf8_unicode_ci DEFAULT NULL,
  `organization_id` int(11) DEFAULT NULL,
  PRIMARY KEY (`id`)
) ENGINE=InnoDB AUTO_INCREMENT=2 DEFAULT CHARSET=utf8 COLLATE=utf8_unicode_ci;

/*Data for the table `fixed_asset_group` */

insert  into `fixed_asset_group`(`id`,`name`,`organization_id`) values (1,'Tài sản cố định',1);

/*Table structure for table `fraction_gas` */

DROP TABLE IF EXISTS `fraction_gas`;

CREATE TABLE `fraction_gas` (
  `id` int(11) NOT NULL AUTO_INCREMENT,
  `code` varchar(255) COLLATE utf8_unicode_ci DEFAULT NULL,
  `created_date` date DEFAULT NULL,
  `created_employee_id` int(11) DEFAULT NULL,
  `note` text COLLATE utf8_unicode_ci,
  PRIMARY KEY (`id`)
) ENGINE=MyISAM AUTO_INCREMENT=22 DEFAULT CHARSET=utf8 COLLATE=utf8_unicode_ci;

/*Data for the table `fraction_gas` */

insert  into `fraction_gas`(`id`,`code`,`created_date`,`created_employee_id`,`note`) values (1,'20200404-FG-0001','2020-04-01',35,''),(2,'20200406-FG-0001','2020-04-02',35,''),(3,'20200406-FG-0002','2020-04-03',35,''),(4,'20200407-FG-0001','2020-04-04',35,''),(5,'20200407-FG-0002','2020-04-06',35,''),(6,'20200409-FG-0001','2020-04-07',35,''),(7,'20200410-FG-0001','2020-04-08',35,''),(8,'20200413-FG-0001','2020-04-09',35,''),(14,'20200417-FG-0001','2020-04-15',35,''),(10,'20200413-FG-0002','2020-04-10',35,''),(11,'20200413-FG-0003','2020-04-11',35,''),(12,'20200414-FG-0001','2020-04-13',35,''),(13,'20200415-FG-0001','2020-04-14',35,''),(15,'20200417-FG-0002','2020-04-16',35,''),(16,'20200417-FG-0003','2020-04-17',35,''),(17,'20200421-FG-0001','2020-04-18',35,''),(18,'20200424-FG-0001','2020-04-21',35,''),(19,'20200424-FG-0002','2020-04-22',35,''),(20,'20200426-FG-0001','2020-04-24',35,''),(21,'20200426-FG-0002','2020-04-25',35,'');

/*Table structure for table `fraction_gas_detail` */

DROP TABLE IF EXISTS `fraction_gas_detail`;

CREATE TABLE `fraction_gas_detail` (
  `id` int(11) NOT NULL AUTO_INCREMENT,
  `fraction_id` int(11) DEFAULT NULL,
  `shell_id` int(11) DEFAULT NULL COMMENT 'shell_id in shell_vendor',
  `quantity` text COLLATE utf8_unicode_ci,
  PRIMARY KEY (`id`)
) ENGINE=InnoDB AUTO_INCREMENT=39 DEFAULT CHARSET=utf8 COLLATE=utf8_unicode_ci;

/*Data for the table `fraction_gas_detail` */

insert  into `fraction_gas_detail`(`id`,`fraction_id`,`shell_id`,`quantity`) values (1,1,1,'606'),(2,1,4,'9'),(3,2,1,'1071'),(4,3,1,'728'),(5,3,4,'6'),(6,4,1,'1103'),(7,5,1,'637'),(8,5,4,'15'),(9,6,1,'967'),(10,6,4,'10'),(11,7,1,'564'),(12,7,4,'15'),(13,8,1,'777'),(14,8,4,'7'),(17,10,1,'644'),(18,10,4,'7'),(19,11,1,'823'),(20,11,4,'1'),(21,12,1,'676'),(22,12,4,'16'),(23,13,1,'856'),(24,14,1,'524'),(25,15,1,'520'),(26,15,4,'6'),(27,16,1,'579'),(28,16,4,'13'),(29,17,1,'963'),(30,17,4,'2'),(31,18,1,'1058'),(32,18,4,'9'),(33,19,1,'565'),(34,19,4,'7'),(35,20,1,'623'),(36,20,4,'30'),(37,21,1,'1157'),(38,21,4,'9');

/*Table structure for table `gas_export_wholesale` */

DROP TABLE IF EXISTS `gas_export_wholesale`;

CREATE TABLE `gas_export_wholesale` (
  `id` int(11) NOT NULL AUTO_INCREMENT,
  `code` varchar(20) COLLATE utf8_unicode_ci DEFAULT NULL,
  `created_date` date DEFAULT NULL,
  `customer_id` int(11) DEFAULT NULL,
  `total` double DEFAULT NULL,
  `paid` double DEFAULT NULL,
  `debt` double DEFAULT NULL,
  `discount` double DEFAULT NULL,
  `total_pay` double DEFAULT NULL,
  `account_id` int(11) DEFAULT NULL,
  `note` text COLLATE utf8_unicode_ci,
  `created_employee_id` int(11) DEFAULT NULL,
  PRIMARY KEY (`id`)
) ENGINE=MyISAM AUTO_INCREMENT=7 DEFAULT CHARSET=utf8 COLLATE=utf8_unicode_ci;

/*Data for the table `gas_export_wholesale` */

/*Table structure for table `gas_export_wholesale_detail` */

DROP TABLE IF EXISTS `gas_export_wholesale_detail`;

CREATE TABLE `gas_export_wholesale_detail` (
  `id` int(11) NOT NULL AUTO_INCREMENT,
  `gas_export_wholesale_id` int(11) DEFAULT NULL,
  `shell_id` int(11) DEFAULT NULL COMMENT 'shell_id in shell_vendor',
  `quantity` int(5) DEFAULT NULL,
  `price` double DEFAULT NULL,
  `amount` double DEFAULT NULL,
  `note` text COLLATE utf8_unicode_ci,
  PRIMARY KEY (`id`)
) ENGINE=MyISAM AUTO_INCREMENT=13 DEFAULT CHARSET=utf8 COLLATE=utf8_unicode_ci;

/*Data for the table `gas_export_wholesale_detail` */

/*Table structure for table `gas_export_wholesale_shell_detail` */

DROP TABLE IF EXISTS `gas_export_wholesale_shell_detail`;

CREATE TABLE `gas_export_wholesale_shell_detail` (
  `id` int(11) NOT NULL AUTO_INCREMENT,
  `gas_export_wholesale_id` int(11) DEFAULT NULL,
  `shell_id` int(11) DEFAULT NULL,
  `quantity` int(5) DEFAULT NULL,
  PRIMARY KEY (`id`)
) ENGINE=MyISAM AUTO_INCREMENT=6 DEFAULT CHARSET=utf8 COLLATE=utf8_unicode_ci;

/*Data for the table `gas_export_wholesale_shell_detail` */

/*Table structure for table `gas_import` */

DROP TABLE IF EXISTS `gas_import`;

CREATE TABLE `gas_import` (
  `id` int(11) NOT NULL AUTO_INCREMENT,
  `code` varchar(20) COLLATE utf8_unicode_ci DEFAULT NULL,
  `created_date` date DEFAULT NULL,
  `vendor_id` int(11) DEFAULT NULL,
  `store_id` int(11) DEFAULT NULL,
  `rate` int(11) DEFAULT NULL,
  `total` double DEFAULT NULL,
  `paid` double DEFAULT NULL,
  `debt` double DEFAULT NULL,
  `account_id` int(11) DEFAULT NULL,
  `note` text COLLATE utf8_unicode_ci,
  `created_employee_id` int(11) DEFAULT NULL,
  PRIMARY KEY (`id`)
) ENGINE=MyISAM AUTO_INCREMENT=5 DEFAULT CHARSET=utf8 COLLATE=utf8_unicode_ci;

/*Data for the table `gas_import` */

/*Table structure for table `gas_import_detail` */

DROP TABLE IF EXISTS `gas_import_detail`;

CREATE TABLE `gas_import_detail` (
  `id` int(11) NOT NULL AUTO_INCREMENT,
  `gas_import_id` int(11) DEFAULT NULL,
  `shell_id` int(11) DEFAULT NULL COMMENT 'shell_id in shell_vendor',
  `quantity` int(11) DEFAULT NULL,
  `price` double DEFAULT NULL,
  `amount` double DEFAULT NULL,
  PRIMARY KEY (`id`)
) ENGINE=MyISAM AUTO_INCREMENT=8 DEFAULT CHARSET=utf8 COLLATE=utf8_unicode_ci;

/*Data for the table `gas_import_detail` */

/*Table structure for table `gas_price_list` */

DROP TABLE IF EXISTS `gas_price_list`;

CREATE TABLE `gas_price_list` (
  `id` int(11) NOT NULL AUTO_INCREMENT,
  `code` varchar(255) COLLATE utf8_unicode_ci DEFAULT NULL,
  `from_date` date DEFAULT NULL,
  `to_date` date DEFAULT NULL,
  `customer_id` int(1) DEFAULT NULL,
  `price` double DEFAULT NULL,
  `note` text COLLATE utf8_unicode_ci,
  PRIMARY KEY (`id`)
) ENGINE=MyISAM AUTO_INCREMENT=4 DEFAULT CHARSET=utf8 COLLATE=utf8_unicode_ci;

/*Data for the table `gas_price_list` */

/*Table structure for table `gas_retail` */

DROP TABLE IF EXISTS `gas_retail`;

CREATE TABLE `gas_retail` (
  `id` int(11) NOT NULL AUTO_INCREMENT,
  `code` varchar(20) COLLATE utf8_unicode_ci DEFAULT NULL,
  `created_date` date DEFAULT NULL,
  `customer_id` int(11) DEFAULT NULL,
  `total` double DEFAULT NULL,
  `discount` double DEFAULT NULL,
  `total_pay` double DEFAULT NULL,
  `paid` double DEFAULT NULL,
  `debt` double DEFAULT NULL,
  `account_id` int(11) DEFAULT NULL,
  `vehicle_id` int(11) DEFAULT NULL,
  `note` text COLLATE utf8_unicode_ci,
  PRIMARY KEY (`id`)
) ENGINE=MyISAM AUTO_INCREMENT=6 DEFAULT CHARSET=utf8 COLLATE=utf8_unicode_ci;

/*Data for the table `gas_retail` */

/*Table structure for table `gas_retail_detail` */

DROP TABLE IF EXISTS `gas_retail_detail`;

CREATE TABLE `gas_retail_detail` (
  `id` int(11) NOT NULL AUTO_INCREMENT,
  `gas_retail_id` int(11) DEFAULT NULL,
  `shell_id` int(11) DEFAULT NULL,
  `quantity` int(11) DEFAULT NULL,
  `price` double DEFAULT NULL,
  `amount` double DEFAULT NULL,
  PRIMARY KEY (`id`)
) ENGINE=MyISAM AUTO_INCREMENT=6 DEFAULT CHARSET=utf8 COLLATE=utf8_unicode_ci;

/*Data for the table `gas_retail_detail` */

/*Table structure for table `gas_retail_promotion` */

DROP TABLE IF EXISTS `gas_retail_promotion`;

CREATE TABLE `gas_retail_promotion` (
  `id` int(11) NOT NULL AUTO_INCREMENT,
  `gas_retail_id` int(11) DEFAULT NULL,
  `promotion_material_id` int(11) DEFAULT NULL,
  `quantity` int(3) DEFAULT NULL,
  PRIMARY KEY (`id`)
) ENGINE=MyISAM AUTO_INCREMENT=2 DEFAULT CHARSET=utf8 COLLATE=utf8_unicode_ci;

/*Data for the table `gas_retail_promotion` */

/*Table structure for table `gas_retail_return_shell` */

DROP TABLE IF EXISTS `gas_retail_return_shell`;

CREATE TABLE `gas_retail_return_shell` (
  `id` int(11) NOT NULL AUTO_INCREMENT,
  `gas_retail_id` int(11) DEFAULT NULL,
  `shell_id` int(11) DEFAULT NULL,
  `quantity` int(3) DEFAULT NULL,
  PRIMARY KEY (`id`)
) ENGINE=MyISAM AUTO_INCREMENT=2 DEFAULT CHARSET=utf8 COLLATE=utf8_unicode_ci;

/*Data for the table `gas_retail_return_shell` */

/*Table structure for table `gas_return` */

DROP TABLE IF EXISTS `gas_return`;

CREATE TABLE `gas_return` (
  `id` int(11) NOT NULL AUTO_INCREMENT,
  `created_date` date DEFAULT NULL,
  `code` varchar(255) COLLATE utf8_unicode_ci DEFAULT NULL,
  `customer_id` int(11) DEFAULT NULL,
  `total` double DEFAULT NULL,
  `paid` double DEFAULT NULL,
  `debt` double DEFAULT NULL,
  `discount` double DEFAULT NULL,
  `total_pay` double DEFAULT NULL,
  `account_id` int(11) DEFAULT NULL,
  `note` text COLLATE utf8_unicode_ci,
  `created_employee_id` int(11) DEFAULT NULL,
  PRIMARY KEY (`id`)
) ENGINE=MyISAM AUTO_INCREMENT=2 DEFAULT CHARSET=utf8 COLLATE=utf8_unicode_ci;

/*Data for the table `gas_return` */

/*Table structure for table `gas_return_detail` */

DROP TABLE IF EXISTS `gas_return_detail`;

CREATE TABLE `gas_return_detail` (
  `id` int(11) NOT NULL AUTO_INCREMENT,
  `gas_return_id` int(11) DEFAULT NULL,
  `shell_id` int(11) DEFAULT NULL,
  `quantity` int(11) DEFAULT NULL,
  `price` double DEFAULT NULL,
  `amount` double DEFAULT NULL,
  PRIMARY KEY (`id`)
) ENGINE=InnoDB DEFAULT CHARSET=utf8 COLLATE=utf8_unicode_ci;

/*Data for the table `gas_return_detail` */

/*Table structure for table `gas_return_vendor` */

DROP TABLE IF EXISTS `gas_return_vendor`;

CREATE TABLE `gas_return_vendor` (
  `id` int(11) NOT NULL AUTO_INCREMENT,
  `vendor_id` int(11) DEFAULT NULL,
  `organization_id` int(11) DEFAULT NULL,
  PRIMARY KEY (`id`)
) ENGINE=InnoDB AUTO_INCREMENT=2 DEFAULT CHARSET=utf8 COLLATE=utf8_unicode_ci;

/*Data for the table `gas_return_vendor` */

insert  into `gas_return_vendor`(`id`,`vendor_id`,`organization_id`) values (1,22,1);

/*Table structure for table `gas_wholesale` */

DROP TABLE IF EXISTS `gas_wholesale`;

CREATE TABLE `gas_wholesale` (
  `id` int(11) NOT NULL AUTO_INCREMENT,
  `code` varchar(20) COLLATE utf8_unicode_ci DEFAULT NULL,
  `created_date` date DEFAULT NULL,
  `customer_id` int(11) DEFAULT NULL,
  `total` double DEFAULT NULL,
  `discount` double DEFAULT NULL,
  `total_pay` double DEFAULT NULL,
  `paid` double DEFAULT NULL,
  `debt` double DEFAULT NULL,
  `account_id` int(11) DEFAULT NULL,
  `vehicle_out_id` int(11) DEFAULT NULL,
  `note` text COLLATE utf8_unicode_ci,
  `gas_return` int(11) DEFAULT NULL,
  `gas_return_price` double DEFAULT NULL,
  `gas_return_amount` double DEFAULT NULL,
  `paid_old_debt_amount` double DEFAULT NULL,
  `created_employee_id` int(11) DEFAULT NULL,
  PRIMARY KEY (`id`)
) ENGINE=MyISAM AUTO_INCREMENT=894 DEFAULT CHARSET=utf8 COLLATE=utf8_unicode_ci;

/*Data for the table `gas_wholesale` */

insert  into `gas_wholesale`(`id`,`code`,`created_date`,`customer_id`,`total`,`discount`,`total_pay`,`paid`,`debt`,`account_id`,`vehicle_out_id`,`note`,`gas_return`,`gas_return_price`,`gas_return_amount`,`paid_old_debt_amount`,`created_employee_id`) values (1,'20200404-GS-0001','2020-04-01',43,5480000,0,5480000,5480000,0,5,2,'',0,13417,0,0,35),(2,'20200404-GS-0002','2020-04-01',58,1610000,0,1610000,1610000,0,5,2,'',0,13417,0,0,35),(3,'20200404-GS-0003','2020-04-01',135,4746000,0,4746000,4746000,0,5,2,'',0,13417,0,0,35),(4,'20200404-GS-0004','2020-04-01',171,803000,0,803000,803000,0,5,2,'',0,13083,0,0,35),(5,'20200404-GS-0005','2020-04-01',232,12738000,0,12738000,12738000,0,5,2,'',0,12250,0,0,35),(6,'20200404-GS-0006','2020-04-01',75,688000,0,688000,688000,0,5,2,'',0,14333,0,0,35),(7,'20200404-GS-0007','2020-04-01',65,516000,0,516000,516000,0,5,3,'',0,14333,0,0,35),(8,'20200404-GS-0008','2020-04-01',96,721000,0,721000,721000,0,5,3,'',0,14333,0,0,35),(9,'20200404-GS-0009','2020-04-01',132,1720000,0,1720000,1720000,0,5,3,'',0,14333,0,0,35),(10,'20200404-GS-0010','2020-04-01',95,1163000,0,1163000,1163000,0,5,3,'',0,14333,0,0,35),(11,'20200404-GS-0011','2020-04-01',113,4610000,0,4610000,4610000,0,5,3,'',0,13917,0,0,35),(12,'20200404-GS-0012','2020-04-01',88,825000,0,825000,825000,0,5,3,'',0,14250,0,0,35),(13,'20200404-GS-0013','2020-04-01',66,57000,0,57000,57000,0,5,3,'',0,14250,0,0,35),(14,'20200404-GS-0014','2020-04-01',147,3420000,0,3420000,3420000,0,5,3,'',0,14250,0,3000000,35),(15,'20200404-GS-0015','2020-04-01',69,3591000,0,3591000,3591000,0,5,3,'',0,14250,0,0,35),(16,'20200404-GS-0016','2020-04-01',107,57000,0,57000,57000,0,5,3,'',0,14250,0,0,35),(17,'20200404-GS-0017','2020-04-01',158,1521000,0,1521000,1521000,0,5,3,'',0,14083,0,0,35),(18,'20200404-GS-0018','2020-04-01',310,3045000,0,3045000,3045000,0,5,3,'',0,13000,0,0,35),(19,'20200404-GS-0019','2020-04-01',17,1368000,0,1368000,1368000,0,5,3,'',0,14250,0,0,35),(20,'20200404-GS-0020','2020-04-01',129,1204000,0,1204000,1204000,0,5,3,'',0,14333,0,0,35),(21,'20200404-GS-0021','2020-04-01',16,673000,0,673000,673000,0,5,4,'',0,14583,0,0,35),(22,'20200404-GS-0022','2020-04-01',109,858000,0,858000,858000,0,5,4,'',0,14583,0,0,35),(23,'20200404-GS-0023','2020-04-01',83,4375000,0,4375000,4375000,0,5,4,'',0,14583,0,0,35),(24,'20200404-GS-0024','2020-04-01',59,1050000,0,1050000,1050000,0,5,4,'',0,14583,0,0,35),(25,'20200404-GS-0025','2020-04-01',176,1575000,0,1575000,1575000,0,5,4,'',0,14583,0,0,35),(26,'20200404-GS-0026','2020-04-01',198,1400000,0,1400000,1400000,0,5,4,'',0,14583,0,0,35),(27,'20200404-GS-0027','2020-04-01',98,1824000,0,1824000,1824000,0,5,4,'',0,14583,0,0,35),(28,'20200404-GS-0028','2020-04-01',46,1372000,0,1372000,1372000,0,5,4,'',0,14333,0,0,35),(29,'20200404-GS-0029','2020-04-01',67,2460000,0,2460000,2460000,0,5,4,'',0,14583,0,0,35),(30,'20200404-GS-0030','2020-04-01',35,15480000,0,15480000,15480000,0,5,4,'',0,14000,0,0,35),(31,'20200404-GS-0031','2020-04-01',312,1980000,0,1980000,1980000,0,5,4,'',0,14000,0,0,35),(32,'20200404-GS-0032','2020-04-01',144,1750000,0,1750000,1750000,0,5,4,'',0,14583,0,0,35),(33,'20200404-GS-0033','2020-04-01',29,645000,0,645000,645000,0,5,4,'',0,14000,0,0,35),(34,'20200404-GS-0034','2020-04-01',51,1400000,0,1400000,1400000,0,5,4,'',0,14583,0,2196000,35),(35,'20200404-GS-0035','2020-04-01',97,1050000,0,1050000,1050000,0,5,4,'',0,14583,0,0,35),(36,'20200404-GS-0036','2020-04-01',164,1225000,0,1225000,0,1225000,5,4,'',0,14583,0,0,35),(37,'20200404-GS-0037','2020-04-01',134,672000,0,672000,672000,0,5,4,'',0,14000,0,0,35),(38,'20200404-GS-0038','2020-04-01',79,1394000,0,1394000,1394000,0,5,4,'',0,13917,0,0,35),(39,'20200404-GS-0039','2020-04-01',26,2857000,0,2857000,2857000,0,5,4,'',0,13917,0,0,35),(40,'20200404-GS-0040','2020-04-01',200,1750000,0,1750000,1750000,0,5,4,'',0,14583,0,0,35),(41,'20200404-GS-0041','2020-04-01',11,1670000,0,1670000,0,1670000,5,1,'',0,13917,0,0,35),(42,'20200406-GS-0001','2020-04-02',202,2165000,0,2165000,2165000,0,5,7,'',0,13500,0,0,35),(43,'20200406-GS-0002','2020-04-02',203,4150000,0,4150000,4150000,0,5,7,'',0,13500,0,0,35),(44,'20200406-GS-0003','2020-04-02',220,3380000,0,3380000,3380000,0,5,7,'',0,14083,0,0,35),(45,'20200406-GS-0004','2020-04-02',311,2432000,0,2432000,2432000,0,5,7,'',0,12667,0,0,35),(46,'20200406-GS-0005','2020-04-02',28,1853000,0,1853000,1853000,0,5,7,'',0,14333,0,0,35),(47,'20200406-GS-0006','2020-04-02',328,1052000,0,1052000,1052000,0,5,7,'',0,12667,0,0,35),(48,'20200406-GS-0007','2020-04-02',9,1249000,0,1249000,1249000,0,5,5,'',0,14167,0,0,35),(49,'20200406-GS-0008','2020-04-02',133,5440000,0,5440000,5440000,0,5,5,'',0,14167,0,0,35),(50,'20200406-GS-0009','2020-04-02',41,3473000,0,3473000,3473000,0,5,5,'',0,14583,0,0,35),(51,'20200406-GS-0010','2020-04-02',130,1376000,0,1376000,1376000,0,5,5,'',0,14333,0,0,35),(52,'20200406-GS-0011','2020-04-02',115,3150000,0,3150000,3150000,0,5,5,'',0,14583,0,0,35),(53,'20200406-GS-0012','2020-04-02',56,1060000,0,1060000,1060000,0,5,5,'',0,14583,0,0,35),(54,'20200406-GS-0013','2020-04-02',15,715000,0,715000,715000,0,5,5,'',0,14583,0,0,35),(55,'20200406-GS-0014','2020-04-02',103,609000,0,609000,609000,0,5,5,'',0,14583,0,0,35),(56,'20200406-GS-0015','2020-04-02',84,1686000,0,1686000,1686000,0,5,5,'',0,14583,0,0,35),(57,'20200406-GS-0016','2020-04-02',75,4730000,0,4730000,4730000,0,5,5,'',0,14333,0,0,35),(58,'20200406-GS-0017','2020-04-02',104,1092000,0,1092000,1092000,0,5,5,'',0,14583,0,0,35),(59,'20200406-GS-0018','2020-04-02',47,569000,0,569000,569000,0,5,5,'',0,14167,0,0,35),(60,'20200406-GS-0019','2020-04-02',183,525000,0,525000,525000,0,5,5,'',0,14583,0,0,35),(61,'20200406-GS-0020','2020-04-02',42,1590000,0,1590000,1590000,0,5,5,'',0,14583,0,0,35),(62,'20200406-GS-0021','2020-04-02',142,3964000,0,3964000,3964000,0,5,5,'',0,13917,0,0,35),(63,'20200406-GS-0022','2020-04-02',11,1982000,0,1982000,1982000,0,5,5,'',0,13917,0,4030000,35),(64,'20200406-GS-0023','2020-04-02',90,1400000,0,1400000,1400000,0,5,5,'',0,14583,0,0,35),(65,'20200406-GS-0024','2020-04-02',22,3200000,0,3200000,3200000,0,5,5,'',0,13333,0,0,35),(66,'20200406-GS-0025','2020-04-02',21,1600000,0,1600000,1600000,0,5,5,'',0,13333,0,0,35),(67,'20200406-GS-0026','2020-04-02',117,860000,0,860000,860000,0,5,5,'',0,14333,0,0,35),(68,'20200406-GS-0027','2020-04-02',106,9460000,0,9460000,9460000,0,5,5,'',0,14167,0,0,35),(69,'20200406-GS-0028','2020-04-02',23,844000,0,844000,844000,0,5,5,'',0,13333,0,0,35),(70,'20200406-GS-0029','2020-04-02',53,1060000,0,1060000,1060000,0,5,5,'',0,14583,0,0,35),(71,'20200406-GS-0030','2020-04-02',319,835000,0,835000,835000,0,5,5,'',0,13917,0,0,35),(72,'20200406-GS-0031','2020-04-02',18,1750000,0,1750000,1750000,0,5,6,'',0,14583,0,0,35),(73,'20200406-GS-0032','2020-04-02',168,2625000,0,2625000,0,2625000,5,6,'',0,14583,0,0,35),(74,'20200406-GS-0033','2020-04-02',215,875000,0,875000,0,875000,5,6,'',0,14583,0,0,35),(75,'20200406-GS-0034','2020-04-02',119,8500000,0,8500000,8500000,0,5,8,'',0,12833,0,0,35),(76,'20200406-GS-0035','2020-04-02',323,690000,0,690000,690000,0,5,8,'',0,13333,0,0,35),(77,'20200406-GS-0036','2020-04-02',120,7700000,0,7700000,7700000,0,5,8,'',0,12833,0,0,35),(78,'20200406-GS-0037','2020-04-02',182,4347000,0,4347000,0,4347000,5,8,'',0,13417,0,0,35),(79,'20200406-GS-0038','2020-04-02',310,3588000,0,3588000,3588000,0,5,8,'',0,13000,0,0,35),(80,'20200406-GS-0039','2020-04-02',225,845000,0,845000,845000,0,5,8,'',0,14083,0,0,35),(81,'20200406-GS-0040','2020-04-03',405,2030000,0,2030000,2030000,0,5,12,'',0,14583,0,0,35),(82,'20200406-GS-0041','2020-04-03',109,2100000,0,2100000,2100000,0,5,12,'',0,14583,0,0,35),(83,'20200406-GS-0042','2020-04-03',93,875000,0,875000,875000,0,5,12,'',0,14583,0,0,35),(84,'20200406-GS-0043','2020-04-03',59,299000,0,299000,299000,0,5,12,'',0,14583,0,0,35),(85,'20200406-GS-0044','2020-04-03',176,882000,0,882000,882000,0,5,12,'',0,14583,0,0,35),(86,'20200406-GS-0045','2020-04-03',134,501000,0,501000,501000,0,5,12,'',0,13917,0,0,35),(87,'20200406-GS-0046','2020-04-03',321,1347000,0,1347000,1347000,0,5,12,'',0,14583,0,0,35),(88,'20200406-GS-0047','2020-04-03',198,680000,0,680000,680000,0,5,12,'',0,14583,0,0,35),(89,'20200406-GS-0048','2020-04-03',191,1260000,0,1260000,1260000,0,5,12,'',0,14583,0,0,35),(90,'20200406-GS-0049','2020-04-03',67,207000,0,207000,207000,0,5,12,'',0,14583,0,0,35),(91,'20200406-GS-0050','2020-04-03',178,720000,0,720000,720000,0,5,12,'',0,14583,0,0,35),(92,'20200406-GS-0051','2020-04-03',35,9072000,0,9072000,9072000,0,5,12,'',0,14000,0,0,35),(93,'20200406-GS-0052','2020-04-03',312,5040000,0,5040000,5040000,0,5,12,'',0,14000,0,0,35),(94,'20200406-GS-0053','2020-04-03',29,1680000,0,1680000,1680000,0,5,12,'',0,14000,0,0,35),(95,'20200406-GS-0054','2020-04-03',131,525000,0,525000,525000,0,5,12,'',0,14583,0,0,35),(96,'20200406-GS-0055','2020-04-03',37,875000,0,875000,875000,0,5,12,'',0,14583,0,0,35),(97,'20200406-GS-0056','2020-04-03',154,2000,0,2000,2000,0,5,12,'',0,14583,0,0,35),(98,'20200406-GS-0057','2020-04-03',136,875000,0,875000,875000,0,5,12,'',0,14583,0,0,35),(99,'20200406-GS-0058','2020-04-03',101,700000,0,700000,700000,0,5,12,'',0,14583,0,0,35),(100,'20200406-GS-0059','2020-04-03',139,840000,0,840000,840000,0,5,12,'',0,14000,0,0,35),(101,'20200406-GS-0060','2020-04-03',54,636000,0,636000,636000,0,5,12,'',0,14583,0,0,35),(102,'20200406-GS-0061','2020-04-03',149,525000,0,525000,525000,0,5,12,'',0,14583,0,0,35),(103,'20200406-GS-0062','2020-04-03',151,875000,0,875000,875000,0,5,12,'',0,14583,0,0,35),(104,'20200406-GS-0063','2020-04-03',97,362000,0,362000,362000,0,5,12,'',0,14583,0,0,35),(105,'20200406-GS-0064','2020-04-03',48,700000,0,700000,700000,0,5,12,'',0,14583,0,0,35),(106,'20200406-GS-0065','2020-04-03',51,875000,0,875000,875000,0,5,12,'',0,14583,0,0,35),(107,'20200406-GS-0066','2020-04-03',26,369000,0,369000,369000,0,5,12,'',0,13917,0,0,35),(108,'20200406-GS-0067','2020-04-03',108,350000,0,350000,0,350000,5,12,'',0,14583,0,0,35),(109,'20200406-GS-0068','2020-04-03',16,525000,0,525000,525000,0,5,12,'',0,14583,0,0,35),(110,'20200406-GS-0069','2020-04-03',65,1173000,0,1173000,1173000,0,5,11,'',0,14333,0,0,35),(111,'20200406-GS-0070','2020-04-03',132,1356000,0,1356000,1356000,0,5,11,'',0,14333,0,0,35),(112,'20200406-GS-0071','2020-04-03',95,2214000,0,2214000,2214000,0,5,11,'',0,14333,0,0,35),(113,'20200406-GS-0072','2020-04-03',71,1026000,0,1026000,1026000,0,5,11,'',0,14250,0,0,35),(114,'20200406-GS-0073','2020-04-03',113,-5000000,0,-5000000,-5000000,0,5,11,'',0,13917,0,11812000,35),(115,'20200406-GS-0074','2020-04-03',88,1491000,0,1491000,1491000,0,5,11,'',0,14250,0,0,35),(116,'20200406-GS-0075','2020-04-03',66,1027000,0,1027000,1027000,0,5,11,'',0,14250,0,0,35),(117,'20200406-GS-0076','2020-04-03',69,2291000,0,2291000,2291000,0,5,11,'',0,14250,0,0,35),(118,'20200406-GS-0077','2020-04-03',107,2605000,0,2605000,2605000,0,5,11,'',0,14250,0,0,35),(119,'20200406-GS-0078','2020-04-03',158,1690000,0,1690000,1690000,0,5,11,'',0,14083,0,1500000,35),(120,'20200406-GS-0079','2020-04-03',310,5265000,0,5265000,5265000,0,5,11,'',0,13000,0,0,35),(121,'20200406-GS-0080','2020-04-03',17,2223000,0,2223000,2223000,0,5,11,'',0,14250,0,0,35),(122,'20200406-GS-0081','2020-04-03',91,448000,0,448000,448000,0,5,11,'',0,14250,0,0,35),(123,'20200406-GS-0082','2020-04-03',114,859000,0,859000,859000,0,5,11,'',0,14333,0,0,35),(124,'20200406-GS-0083','2020-04-03',96,1418000,0,1418000,1418000,0,5,11,'',0,14333,0,0,35),(125,'20200406-GS-0084','2020-04-03',129,512000,0,512000,512000,0,5,11,'',0,14333,0,0,35),(126,'20200406-GS-0085','2020-04-03',146,300000,0,300000,300000,0,5,9,'',0,14000,0,0,35),(127,'20200406-GS-0086','2020-04-03',175,3150000,0,3150000,3150000,0,5,9,'',0,13500,0,0,35),(128,'20200406-GS-0087','2020-04-03',135,9450000,0,9450000,9450000,0,5,9,'',0,13417,0,0,35),(129,'20200406-GS-0088','2020-04-03',58,1687000,0,1687000,1687000,0,5,9,'',0,13417,0,0,35),(130,'20200406-GS-0089','2020-04-03',72,1512000,0,1512000,1512000,0,5,9,'',0,14000,0,0,35),(131,'20200406-GS-0090','2020-04-03',28,1376000,0,1376000,1376000,0,5,9,'',0,14333,0,0,35),(132,'20200406-GS-0091','2020-04-03',55,584000,0,584000,584000,0,5,9,'',0,14333,0,0,35),(133,'20200406-GS-0092','2020-04-03',27,2016000,0,2016000,2016000,0,5,9,'',0,14000,0,0,35),(134,'20200406-GS-0093','2020-04-03',43,22862000,0,22862000,0,22862000,5,9,'',0,13417,0,0,35),(135,'20200406-GS-0094','2020-04-03',161,4467000,0,4467000,4467000,0,5,10,'',0,13000,0,0,35),(136,'20200406-GS-0095','2020-04-03',162,238000,0,238000,238000,0,5,10,'',0,13000,0,0,35),(137,'20200406-GS-0096','2020-04-03',145,345000,0,345000,345000,0,5,10,'',0,13417,0,0,35),(138,'20200406-GS-0097','2020-04-03',171,1334000,0,1334000,1334000,0,5,10,'',0,13083,0,3500000,35),(139,'20200407-GS-0001','2020-04-04',202,135000,0,135000,135000,0,5,16,'',0,13500,0,0,35),(140,'20200407-GS-0002','2020-04-04',204,989000,0,989000,989000,0,5,16,'',0,13500,0,0,35),(141,'20200407-GS-0003','2020-04-04',203,4151000,0,4151000,4151000,0,5,16,'',0,13500,0,0,35),(142,'20200407-GS-0004','2020-04-04',222,3240000,0,3240000,3240000,0,5,16,'',0,13500,0,0,35),(143,'20200407-GS-0005','2020-04-04',211,6218000,0,6218000,6218000,0,5,16,'',0,12583,0,0,35),(144,'20200407-GS-0006','2020-04-04',213,5436000,0,5436000,5436000,0,5,16,'',0,12583,0,0,35),(145,'20200407-GS-0007','2020-04-04',212,2173000,0,2173000,2173000,0,5,16,'',0,12583,0,0,35),(146,'20200407-GS-0008','2020-04-04',328,760000,0,760000,0,760000,5,16,'',0,12667,0,0,35),(147,'20200407-GS-0009','2020-04-04',9,1037000,0,1037000,1037000,0,5,13,'',0,14167,0,0,35),(148,'20200407-GS-0010','2020-04-04',21,1120000,0,1120000,1120000,0,5,13,'',0,13333,0,0,35),(149,'20200407-GS-0011','2020-04-04',15,1116000,0,1116000,1116000,0,5,13,'',0,14583,0,0,35),(150,'20200407-GS-0012','2020-04-04',103,896000,0,896000,896000,0,5,13,'',0,14583,0,3636000,35),(151,'20200407-GS-0013','2020-04-04',84,537000,0,537000,537000,0,5,13,'',0,14583,0,0,35),(152,'20200407-GS-0014','2020-04-04',52,700000,0,700000,0,700000,5,13,'',0,14083,0,0,35),(153,'20200407-GS-0015','2020-04-04',42,646000,0,646000,646000,0,5,13,'',0,14583,0,0,35),(154,'20200407-GS-0016','2020-04-04',28,304000,0,304000,304000,0,5,13,'',0,14167,0,3000000,35),(155,'20200407-GS-0017','2020-04-04',104,140000,0,140000,140000,0,5,13,'',0,14583,0,0,35),(156,'20200407-GS-0018','2020-04-04',47,2210000,0,2210000,2210000,0,5,13,'',0,14167,0,0,35),(157,'20200407-GS-0019','2020-04-04',123,1575000,0,1575000,1575000,0,5,13,'',0,14583,0,0,35),(158,'20200407-GS-0020','2020-04-04',168,790000,0,790000,790000,0,5,13,'',0,14583,0,2625000,35),(159,'20200407-GS-0021','2020-04-04',86,875000,0,875000,875000,0,5,13,'',0,14583,0,0,35),(160,'20200407-GS-0022','2020-04-04',23,1440000,0,1440000,1440000,0,5,13,'',0,13333,0,0,35),(161,'20200407-GS-0023','2020-04-04',106,5075000,0,5075000,5075000,0,5,13,'',0,14167,0,0,35),(162,'20200407-GS-0024','2020-04-04',53,1562000,0,1562000,1562000,0,5,13,'',0,14583,0,0,35),(163,'20200407-GS-0025','2020-04-04',18,2164000,0,2164000,2164000,0,5,13,'',0,14583,0,0,35),(164,'20200407-GS-0026','2020-04-04',142,1670000,0,1670000,1670000,0,5,13,'',0,13917,0,0,35),(165,'20200407-GS-0027','2020-04-04',63,3500000,0,3500000,3500000,0,5,14,'',0,14583,0,0,35),(166,'20200407-GS-0028','2020-04-04',11,2397000,0,2397000,2397000,0,5,14,'',0,13917,0,0,35),(167,'20200407-GS-0029','2020-04-04',119,12320000,0,12320000,12320000,0,5,15,'',0,12833,0,0,35),(168,'20200407-GS-0030','2020-04-04',323,5360000,0,5360000,5360000,0,5,15,'',0,13333,0,0,35),(169,'20200407-GS-0031','2020-04-04',169,493000,0,493000,493000,0,5,15,'',0,12833,0,6244000,35),(170,'20200407-GS-0032','2020-04-04',179,3440000,0,3440000,3440000,0,5,15,'',0,14333,0,0,35),(171,'20200407-GS-0033','2020-04-04',310,3120000,0,3120000,3120000,0,5,15,'',0,13000,0,0,35),(172,'20200407-GS-0034','2020-04-04',41,432000,0,432000,432000,0,5,13,'',0,14583,0,0,35),(173,'20200407-GS-0035','2020-04-04',233,0,0,0,0,0,5,16,'',408,0,0,0,35),(174,'20200407-GS-0036','2020-04-06',134,166000,0,166000,166000,0,5,17,'',0,13833,0,0,35),(175,'20200407-GS-0037','2020-04-06',128,0,0,0,0,0,5,17,'',30,0,0,0,35),(176,'20200407-GS-0038','2020-04-06',42,2450000,0,2450000,2450000,0,5,18,'',0,14583,0,0,35),(177,'20200407-GS-0039','2020-04-06',135,8050000,0,8050000,8050000,0,5,18,'',0,13417,0,0,35),(178,'20200407-GS-0040','2020-04-06',162,936000,0,936000,936000,0,5,18,'',0,13000,0,0,35),(179,'20200407-GS-0041','2020-04-06',161,4992000,0,4992000,4992000,0,5,18,'',0,13000,0,0,35),(180,'20200407-GS-0042','2020-04-06',43,-1042000,0,-1042000,-1042000,0,5,18,'',0,13417,0,22862000,35),(181,'20200407-GS-0043','2020-04-06',58,805000,0,805000,805000,0,5,18,'',0,13417,0,0,35),(182,'20200407-GS-0044','2020-04-06',171,8321000,0,8321000,8321000,0,5,18,'',0,13083,0,0,35),(183,'20200407-GS-0045','2020-04-06',145,644000,0,644000,644000,0,5,18,'',0,13417,0,0,35),(184,'20200407-GS-0046','2020-04-06',28,6192000,0,6192000,6192000,0,5,18,'',0,14333,0,0,35),(185,'20200407-GS-0047','2020-04-06',65,1720000,0,1720000,1720000,0,5,19,'',0,14333,0,0,35),(186,'20200407-GS-0048','2020-04-06',96,1548000,0,1548000,1548000,0,5,19,'',0,14333,0,0,35),(187,'20200407-GS-0049','2020-04-06',132,1720000,0,1720000,1720000,0,5,19,'',0,14333,0,0,35),(188,'20200407-GS-0050','2020-04-06',95,5160000,0,5160000,5160000,0,5,19,'',0,14333,0,0,35),(189,'20200407-GS-0051','2020-04-06',113,9686000,0,9686000,9686000,0,5,19,'',0,13917,0,0,35),(190,'20200407-GS-0052','2020-04-06',88,5343000,0,5343000,5343000,0,5,19,'',0,14250,0,0,35),(191,'20200407-GS-0053','2020-04-06',66,2394000,0,2394000,2394000,0,5,19,'',0,14250,0,0,35),(192,'20200407-GS-0054','2020-04-06',147,3762000,0,3762000,3762000,0,5,19,'',0,14250,0,0,35),(193,'20200407-GS-0055','2020-04-06',69,2736000,0,2736000,2736000,0,5,19,'',0,14250,0,0,35),(194,'20200407-GS-0056','2020-04-06',107,3420000,0,3420000,3420000,0,5,19,'',0,14250,0,0,35),(195,'20200407-GS-0057','2020-04-06',310,4836000,0,4836000,4836000,0,5,19,'',0,13000,0,0,35),(196,'20200407-GS-0058','2020-04-06',17,1710000,0,1710000,1710000,0,5,19,'',0,14250,0,0,35),(197,'20200407-GS-0059','2020-04-06',44,3420000,0,3420000,3420000,0,5,19,'',0,14250,0,0,35),(198,'20200407-GS-0060','2020-04-06',158,2704000,0,2606000,2606000,0,5,19,'',7,14000,98000,0,35),(199,'20200407-GS-0061','2020-04-06',16,1575000,0,1575000,1575000,0,5,20,'',0,14583,0,0,35),(200,'20200407-GS-0062','2020-04-06',109,2800000,0,2800000,2800000,0,5,20,'',0,14583,0,0,35),(201,'20200407-GS-0063','2020-04-06',93,1575000,0,1575000,1575000,0,5,20,'',0,14583,0,0,35),(202,'20200407-GS-0064','2020-04-06',83,4602000,0,4602000,4602000,0,5,20,'',0,14583,0,0,35),(203,'20200407-GS-0065','2020-04-06',59,875000,0,875000,875000,0,5,20,'',0,14583,0,0,35),(204,'20200407-GS-0066','2020-04-06',198,1750000,0,1750000,1750000,0,5,20,'',0,14583,0,0,35),(205,'20200407-GS-0067','2020-04-06',89,200000,0,200000,200000,0,5,20,'',0,14583,0,0,35),(206,'20200407-GS-0068','2020-04-06',98,2363000,0,2363000,2363000,0,5,20,'',0,14583,0,0,35),(207,'20200407-GS-0069','2020-04-06',67,2275000,0,2275000,2275000,0,5,20,'',0,14583,0,0,35),(208,'20200407-GS-0070','2020-04-06',46,580000,0,580000,580000,0,5,20,'',0,14333,0,0,35),(209,'20200407-GS-0071','2020-04-06',35,13608000,0,13608000,13608000,0,5,20,'',0,14000,0,0,35),(210,'20200407-GS-0072','2020-04-06',29,1680000,0,1680000,1680000,0,5,20,'',0,14000,0,0,35),(211,'20200407-GS-0073','2020-04-06',116,875000,0,875000,0,875000,5,20,'',0,14583,0,0,35),(212,'20200407-GS-0074','2020-04-06',37,1400000,0,1400000,1400000,0,5,20,'',0,14583,0,0,35),(213,'20200407-GS-0075','2020-04-06',154,1575000,0,1575000,1575000,0,5,20,'',0,14583,0,0,35),(214,'20200407-GS-0076','2020-04-06',139,3360000,0,3360000,3360000,0,5,20,'',0,14000,0,0,35),(215,'20200407-GS-0077','2020-04-06',54,1400000,0,1400000,1400000,0,5,20,'',0,14583,0,0,35),(216,'20200407-GS-0078','2020-04-06',149,875000,0,875000,875000,0,5,20,'',0,14583,0,0,35),(217,'20200407-GS-0079','2020-04-06',178,875000,0,875000,875000,0,5,20,'',0,14583,0,0,35),(218,'20200407-GS-0080','2020-04-06',151,1750000,0,1750000,1750000,0,5,20,'',0,14583,0,0,35),(219,'20200407-GS-0081','2020-04-06',101,1225000,0,1225000,1225000,0,5,20,'',0,14583,0,0,35),(220,'20200407-GS-0082','2020-04-06',136,1050000,0,1050000,1050000,0,5,20,'',0,14583,0,0,35),(221,'20200407-GS-0083','2020-04-06',131,525000,0,525000,525000,0,5,20,'',0,14583,0,0,35),(222,'20200407-GS-0084','2020-04-06',97,1050000,0,1050000,1050000,0,5,20,'',0,14583,0,0,35),(223,'20200407-GS-0085','2020-04-06',79,1002000,0,1002000,1002000,0,5,20,'',0,13917,0,0,35),(224,'20200407-GS-0086','2020-04-06',26,1002000,0,1002000,1002000,0,5,20,'',0,13917,0,0,35),(225,'20200407-GS-0087','2020-04-06',108,875000,0,875000,875000,0,5,20,'',0,14583,0,350000,35),(226,'20200407-GS-0088','2020-04-06',164,700000,0,700000,700000,0,5,20,'',0,14583,0,1225000,35),(227,'20200410-GS-0001','2020-04-07',320,220000,0,220000,220000,0,5,23,'',0,12667,0,4862000,35),(228,'20200410-GS-0002','2020-04-07',201,870000,0,870000,870000,0,5,23,'',0,12667,0,0,35),(229,'20200410-GS-0003','2020-04-07',202,3610000,0,3610000,3610000,0,5,23,'',0,13500,0,0,35),(230,'20200410-GS-0004','2020-04-07',203,3344000,0,3344000,3344000,0,5,23,'',0,13500,0,0,35),(231,'20200410-GS-0005','2020-04-07',204,3040000,0,3040000,3040000,0,5,23,'',0,13500,0,0,35),(232,'20200410-GS-0006','2020-04-07',211,7677000,0,7677000,7677000,0,5,23,'',0,12583,0,0,35),(233,'20200410-GS-0007','2020-04-07',213,3020000,0,3020000,3020000,0,5,23,'',0,12583,0,0,35),(234,'20200410-GS-0008','2020-04-07',212,1661000,0,1661000,1661000,0,5,23,'',0,12583,0,0,35),(235,'20200410-GS-0009','2020-04-07',311,1520000,0,1520000,1520000,0,5,23,'',0,12667,0,0,35),(236,'20200410-GS-0010','2020-04-07',328,760000,0,760000,760000,0,5,23,'',0,12667,0,760000,35),(237,'20200410-GS-0011','2020-04-07',26,1008000,0,1008000,1008000,0,5,23,'',0,14000,0,0,35),(238,'20200410-GS-0012','2020-04-07',9,2720000,0,2720000,2720000,0,5,22,'',0,14167,0,0,35),(239,'20200410-GS-0013','2020-04-07',11,3674000,0,3674000,3674000,0,5,22,'',0,13917,0,0,35),(240,'20200410-GS-0014','2020-04-07',133,3740000,0,3740000,3740000,0,5,22,'',0,14167,0,0,35),(241,'20200410-GS-0015','2020-04-07',41,1925000,0,1925000,1925000,0,5,22,'',0,14583,0,0,35),(242,'20200410-GS-0016','2020-04-07',21,640000,0,640000,640000,0,5,21,'',0,13333,0,0,35),(243,'20200410-GS-0017','2020-04-07',56,1750000,0,1750000,1750000,0,5,21,'',0,14583,0,0,35),(244,'20200410-GS-0018','2020-04-07',15,3150000,0,3150000,3150000,0,5,21,'',0,14583,0,0,35),(245,'20200410-GS-0019','2020-04-07',23,1760000,0,1760000,1760000,0,5,21,'',0,13333,0,0,35),(246,'20200410-GS-0020','2020-04-07',84,2887000,0,2887000,2887000,0,5,21,'',0,14583,0,0,35),(247,'20200410-GS-0021','2020-04-07',52,845000,0,845000,845000,0,5,21,'',0,14083,0,700000,35),(248,'20200410-GS-0022','2020-04-07',34,3500000,0,3500000,3500000,0,5,21,'',0,14583,0,0,35),(249,'20200410-GS-0023','2020-04-07',104,525000,0,525000,525000,0,5,21,'',0,14583,0,0,35),(250,'20200410-GS-0024','2020-04-07',111,1050000,0,1050000,1050000,0,5,21,'',0,14583,0,0,35),(251,'20200410-GS-0025','2020-04-07',47,1190000,0,1190000,1190000,0,5,21,'',0,14167,0,0,35),(252,'20200410-GS-0026','2020-04-07',215,875000,0,875000,875000,0,5,21,'',0,14583,0,875000,35),(253,'20200410-GS-0027','2020-04-07',28,4472000,0,4472000,4472000,0,5,21,'',0,14333,0,0,35),(254,'20200410-GS-0028','2020-04-07',183,700000,0,700000,700000,0,5,21,'',0,14583,0,0,35),(255,'20200410-GS-0029','2020-04-07',168,2450000,0,2450000,2450000,0,5,21,'',0,14583,0,0,35),(256,'20200410-GS-0030','2020-04-07',103,3806000,0,3806000,3806000,0,5,21,'',0,14583,0,0,35),(257,'20200410-GS-0031','2020-04-07',22,1760000,0,1760000,1760000,0,5,21,'',0,13333,0,0,35),(258,'20200410-GS-0032','2020-04-07',53,1400000,0,1400000,1400000,0,5,21,'',0,14583,0,0,35),(259,'20200410-GS-0033','2020-04-07',18,2450000,0,2450000,2450000,0,5,21,'',0,14583,0,0,35),(260,'20200410-GS-0034','2020-04-07',142,3727000,0,3727000,3727000,0,5,21,'',0,13917,0,0,35),(261,'20200410-GS-0035','2020-04-07',106,17000000,0,17000000,17000000,0,5,21,'',0,14167,0,0,35),(262,'20200410-GS-0036','2020-04-07',319,1169000,0,1169000,1169000,0,5,21,'',0,13917,0,0,35),(263,'20200410-GS-0037','2020-04-07',310,3120000,0,3120000,3120000,0,5,24,'',0,13000,0,0,35),(264,'20200410-GS-0038','2020-04-07',119,20211000,0,20211000,20211000,0,5,24,'',0,12833,0,0,35),(265,'20200410-GS-0039','2020-04-07',323,3960000,0,3960000,3960000,0,5,24,'',0,13333,0,0,35),(266,'20200410-GS-0040','2020-04-07',125,0,0,0,0,0,5,24,'',17,0,0,0,35),(267,'20200410-GS-0041','2020-04-07',189,1610000,0,1610000,1610000,0,5,24,'',0,13417,0,0,35),(268,'20200410-GS-0042','2020-04-07',182,2737000,0,2737000,2737000,0,5,24,'',0,13417,0,3263000,35),(269,'20200410-GS-0043','2020-04-08',43,12880000,0,12880000,12880000,0,5,25,'',0,13417,0,0,35),(270,'20200410-GS-0044','2020-04-08',42,1050000,0,1050000,1050000,0,5,25,'',0,14583,0,0,35),(271,'20200410-GS-0045','2020-04-08',232,10620000,0,10620000,10620000,0,5,25,'',0,12250,0,0,35),(272,'20200410-GS-0046','2020-04-08',171,6280000,0,6280000,6280000,0,5,25,'',0,13083,0,0,35),(273,'20200410-GS-0047','2020-04-08',135,6279000,0,6279000,6279000,0,5,25,'',0,13417,0,0,35),(274,'20200410-GS-0048','2020-04-08',65,1376000,0,1376000,1376000,0,5,26,'',0,14333,0,0,35),(275,'20200410-GS-0049','2020-04-08',96,1032000,0,1032000,1032000,0,5,26,'',0,14333,0,0,35),(276,'20200410-GS-0050','2020-04-08',113,5010000,0,5010000,5010000,0,5,26,'',0,13917,0,0,35),(277,'20200410-GS-0051','2020-04-08',88,5130000,0,5130000,5130000,0,5,26,'',0,14250,0,0,35),(278,'20200410-GS-0052','2020-04-08',66,2565000,0,2565000,2565000,0,5,26,'',0,14250,0,0,35),(279,'20200410-GS-0053','2020-04-08',107,2394000,0,2394000,2394000,0,5,26,'',0,14250,0,0,35),(280,'20200410-GS-0054','2020-04-08',310,3276000,0,3276000,3276000,0,5,26,'',0,13000,0,0,35),(281,'20200410-GS-0055','2020-04-08',44,2394000,0,2394000,2394000,0,5,26,'',0,14250,0,0,35),(282,'20200410-GS-0056','2020-04-08',17,4446000,0,4446000,4446000,0,5,26,'',0,14250,0,0,35),(283,'20200410-GS-0057','2020-04-08',158,3420000,0,3420000,3420000,0,5,26,'',0,14083,0,0,35),(284,'20200410-GS-0058','2020-04-08',129,1710000,0,1710000,1710000,0,5,26,'',0,14250,0,0,35),(285,'20200410-GS-0059','2020-04-08',16,350000,0,350000,350000,0,5,27,'',0,14583,0,0,35),(286,'20200410-GS-0060','2020-04-08',109,1225000,0,1225000,1225000,0,5,27,'',0,14583,0,0,35),(287,'20200410-GS-0061','2020-04-08',93,700000,0,700000,700000,0,5,27,'',0,14583,0,0,35),(288,'20200410-GS-0062','2020-04-08',59,700000,0,700000,700000,0,5,27,'',0,14583,0,0,35),(289,'20200410-GS-0063','2020-04-08',98,875000,0,875000,875000,0,5,27,'',0,14583,0,0,35),(290,'20200410-GS-0064','2020-04-08',35,7896000,0,7896000,7896000,0,5,27,'',0,14000,0,0,35),(291,'20200410-GS-0065','2020-04-08',29,1680000,0,1680000,1680000,0,5,27,'',0,14000,0,0,35),(292,'20200410-GS-0066','2020-04-08',139,1512000,0,1512000,1512000,0,5,27,'',0,14000,0,0,35),(293,'20200410-GS-0067','2020-04-08',121,525000,0,525000,0,525000,5,27,'',0,14583,0,0,35),(294,'20200410-GS-0068','2020-04-08',73,525000,0,525000,525000,0,5,27,'',0,14583,0,0,35),(295,'20200410-GS-0069','2020-04-08',97,875000,0,875000,875000,0,5,27,'',0,14583,0,0,35),(296,'20200410-GS-0070','2020-04-08',48,525000,0,525000,525000,0,5,27,'',0,14583,0,0,35),(297,'20200410-GS-0071','2020-04-08',144,700000,0,700000,700000,0,5,27,'',0,14583,0,0,35),(298,'20200410-GS-0072','2020-04-08',67,2275000,0,2275000,2275000,0,5,27,'',0,14583,0,0,35),(299,'20200410-GS-0073','2020-04-08',327,344000,0,344000,344000,0,5,27,'',0,14333,0,0,35),(300,'20200410-GS-0074','2020-04-08',108,700000,0,700000,0,700000,5,27,'',0,14583,0,0,35),(301,'20200410-GS-0075','2020-04-08',26,2505000,0,2505000,2505000,0,5,27,'',0,13917,0,0,35),(302,'20200410-GS-0076','2020-04-08',79,3340000,0,3340000,3340000,0,5,27,'',0,13917,0,0,35),(303,'20200413-GS-0001','2020-04-09',9,2040000,0,2040000,2040000,0,5,28,'',0,14167,0,0,35),(304,'20200413-GS-0002','2020-04-09',11,2338000,0,2338000,2338000,0,5,28,'',0,13917,0,0,35),(305,'20200413-GS-0003','2020-04-09',15,2100000,0,2100000,2100000,0,5,28,'',0,14583,0,0,35),(306,'20200413-GS-0004','2020-04-09',41,875000,0,875000,875000,0,5,28,'',0,14583,0,0,35),(307,'20200413-GS-0005','2020-04-09',56,1750000,0,1750000,1750000,0,5,28,'',0,14583,0,0,35),(308,'20200413-GS-0006','2020-04-09',103,2625000,0,2625000,2625000,0,5,28,'',0,14583,0,0,35),(309,'20200413-GS-0007','2020-04-09',84,1400000,0,1400000,1400000,0,5,28,'',0,14583,0,0,35),(310,'20200413-GS-0008','2020-04-09',168,1050000,0,1050000,1050000,0,5,28,'',0,14583,0,0,35),(311,'20200413-GS-0009','2020-04-09',123,1050000,0,1050000,1050000,0,5,28,'',0,14583,0,0,35),(312,'20200413-GS-0010','2020-04-09',28,4773000,0,4773000,4773000,0,5,28,'',0,14333,0,0,35),(313,'20200413-GS-0011','2020-04-09',75,3096000,0,3096000,3096000,0,5,28,'',0,14333,0,0,35),(314,'20200413-GS-0012','2020-04-09',111,875000,0,875000,875000,0,5,28,'',0,14583,0,0,35),(315,'20200413-GS-0013','2020-04-09',104,525000,0,525000,525000,0,5,28,'',0,14583,0,0,35),(316,'20200413-GS-0014','2020-04-09',47,1530000,0,1530000,1530000,0,5,28,'',0,14167,0,0,35),(317,'20200413-GS-0015','2020-04-09',42,1750000,0,1750000,1750000,0,5,28,'',0,14583,0,0,35),(318,'20200413-GS-0016','2020-04-09',23,1760000,0,1760000,1760000,0,5,28,'',0,13333,0,0,35),(319,'20200413-GS-0017','2020-04-09',106,11900000,0,11900000,11900000,0,5,28,'',0,14167,0,0,35),(320,'20200413-GS-0018','2020-04-09',21,1760000,0,1760000,1760000,0,5,28,'',0,13333,0,0,35),(321,'20200413-GS-0019','2020-04-09',49,3360000,0,3360000,3360000,0,5,28,'',0,13333,0,0,35),(322,'20200413-GS-0020','2020-04-09',53,1575000,0,1575000,1575000,0,5,28,'',0,14583,0,0,35),(323,'20200413-GS-0021','2020-04-09',142,2505000,0,2505000,2505000,0,5,28,'',0,13917,0,0,35),(324,'20200413-GS-0022','2020-04-09',319,1002000,0,1002000,1002000,0,5,28,'',0,13917,0,0,35),(325,'20200413-GS-0023','2020-04-09',120,4114000,0,4114000,4114000,0,5,29,'',0,12833,0,0,35),(326,'20200413-GS-0024','2020-04-09',119,4620000,0,4620000,4620000,0,5,29,'',0,12833,0,0,35),(327,'20200413-GS-0025','2020-04-09',323,11200000,0,11200000,11200000,0,5,29,'',0,13333,0,0,35),(328,'20200413-GS-0026','2020-04-09',169,2579000,0,2579000,2200000,379000,5,29,'',0,12833,0,0,35),(329,'20200413-GS-0027','2020-04-09',125,0,0,0,0,0,5,29,'',0,0,0,0,35),(330,'20200413-GS-0028','2020-04-09',204,3040000,0,3040000,3040000,0,5,30,'',0,13500,0,0,35),(331,'20200413-GS-0029','2020-04-09',222,9272000,0,9272000,9272000,0,5,30,'',0,13500,0,0,35),(332,'20200413-GS-0030','2020-04-09',213,3171000,0,3171000,3171000,0,5,30,'',0,12583,0,0,35),(333,'20200413-GS-0031','2020-04-09',212,755000,0,755000,755000,0,5,30,'',0,12583,0,0,35),(334,'20200413-GS-0032','2020-04-09',311,1824000,0,1824000,1824000,0,5,30,'',0,12667,0,0,35),(335,'20200413-GS-0033','2020-04-09',202,21280000,0,21280000,0,21280000,5,31,'',0,13500,0,0,35),(336,'20200413-GS-0034','2020-04-09',203,2128000,0,2128000,2128000,0,5,30,'',0,13500,0,0,35),(337,'20200413-GS-0035','2020-04-09',328,912000,0,912000,912000,0,5,30,'',0,12667,0,0,35),(338,'20200413-GS-0036','2020-04-09',211,6757000,0,6757000,6757000,0,5,30,'',0,12583,0,0,35),(339,'20200413-GS-0037','2020-04-10',43,22540000,0,22540000,22540000,0,5,32,'',0,13417,0,0,35),(340,'20200413-GS-0038','2020-04-10',161,4680000,0,4680000,4680000,0,5,32,'',0,13000,0,0,35),(341,'20200413-GS-0039','2020-04-10',162,1092000,0,1092000,1092000,0,5,32,'',0,13000,0,0,35),(342,'20200413-GS-0040','2020-04-10',145,966000,0,966000,966000,0,5,32,'',0,13417,0,0,35),(343,'20200413-GS-0041','2020-04-10',171,6751000,0,6751000,6751000,0,5,32,'',0,13083,0,0,35),(344,'20200413-GS-0042','2020-04-10',135,7850000,0,7850000,7850000,0,5,32,'',0,13417,0,0,35),(345,'20200413-GS-0043','2020-04-10',72,1680000,0,1680000,1680000,0,5,32,'',0,14000,0,0,35),(346,'20200413-GS-0044','2020-04-10',16,1575000,0,1575000,1575000,0,5,34,'',0,14583,0,0,35),(347,'20200413-GS-0045','2020-04-10',109,2625000,0,2625000,2625000,0,5,34,'',0,14583,0,0,35),(348,'20200413-GS-0046','2020-04-10',93,525000,0,525000,525000,0,5,34,'',0,14583,0,0,35),(349,'20200413-GS-0047','2020-04-10',321,2275000,0,2275000,2275000,0,5,34,'',0,14583,0,0,35),(350,'20200413-GS-0048','2020-04-10',198,2406000,0,2406000,2406000,0,5,34,'',0,14583,0,0,35),(351,'20200413-GS-0049','2020-04-10',98,2100000,0,2100000,2100000,0,5,34,'',0,14583,0,0,35),(352,'20200413-GS-0050','2020-04-10',33,1750000,0,1750000,1750000,0,5,34,'',0,14583,0,0,35),(353,'20200413-GS-0051','2020-04-10',67,2450000,0,2450000,2450000,0,5,34,'',0,14583,0,0,35),(354,'20200413-GS-0052','2020-04-10',35,9408000,0,9408000,9408000,0,5,34,'',0,14000,0,0,35),(355,'20200413-GS-0053','2020-04-10',29,1680000,0,1680000,1680000,0,5,34,'',0,14000,0,0,35),(356,'20200413-GS-0054','2020-04-10',51,2450000,0,2450000,0,2450000,5,34,'',0,14583,0,0,35),(357,'20200413-GS-0055','2020-04-10',154,1050000,0,1050000,1050000,0,5,34,'',0,14583,0,0,35),(358,'20200413-GS-0056','2020-04-10',131,525000,0,525000,525000,0,5,34,'',0,14583,0,0,35),(359,'20200413-GS-0057','2020-04-10',37,1575000,0,1575000,1575000,0,5,34,'',0,14583,0,0,35),(360,'20200413-GS-0058','2020-04-10',136,1050000,0,1050000,1050000,0,5,34,'',0,14583,0,0,35),(361,'20200413-GS-0059','2020-04-10',138,1400000,0,1400000,1400000,0,5,34,'',0,14583,0,0,35),(362,'20200413-GS-0060','2020-04-10',134,672000,0,672000,672000,0,5,34,'',0,14000,0,0,35),(363,'20200413-GS-0061','2020-04-10',139,3360000,0,3360000,3360000,0,5,34,'',0,14000,0,0,35),(364,'20200413-GS-0062','2020-04-10',54,2275000,0,2275000,2275000,0,5,34,'',0,14583,0,0,35),(365,'20200413-GS-0063','2020-04-10',122,875000,0,875000,875000,0,5,34,'',0,14583,0,0,35),(366,'20200413-GS-0064','2020-04-10',40,700000,0,700000,700000,0,5,34,'',0,14583,0,0,35),(367,'20200413-GS-0065','2020-04-10',110,1050000,0,1050000,1050000,0,5,34,'',0,14583,0,0,35),(368,'20200413-GS-0066','2020-04-10',97,700000,0,700000,700000,0,5,34,'',0,14583,0,0,35),(369,'20200413-GS-0067','2020-04-10',108,525000,0,525000,525000,0,5,34,'',0,14583,0,1676000,35),(370,'20200413-GS-0068','2020-04-10',59,350000,0,350000,350000,0,5,34,'',0,14583,0,0,35),(371,'20200413-GS-0069','2020-04-10',26,1670000,0,1670000,1670000,0,5,34,'',0,13917,0,0,35),(372,'20200413-GS-0070','2020-04-10',65,2709000,0,2709000,2709000,0,5,33,'',0,14333,0,0,35),(373,'20200413-GS-0071','2020-04-10',132,1032000,0,1032000,1032000,0,5,33,'',0,14333,0,0,35),(374,'20200413-GS-0072','2020-04-10',95,5504000,0,5504000,5504000,0,5,33,'',0,14333,0,0,35),(375,'20200413-GS-0073','2020-04-10',71,2052000,0,2052000,2052000,0,5,33,'',0,14250,0,0,35),(376,'20200413-GS-0074','2020-04-10',88,8892000,0,8892000,8892000,0,5,33,'',0,14250,0,0,35),(377,'20200413-GS-0075','2020-04-10',147,2565000,0,2565000,2565000,0,5,33,'',0,14250,0,0,35),(378,'20200413-GS-0076','2020-04-10',69,3249000,0,3249000,3249000,0,5,33,'',0,14250,0,0,35),(379,'20200413-GS-0077','2020-04-10',107,3334000,0,3334000,3334000,0,5,33,'',0,14250,0,0,35),(380,'20200413-GS-0078','2020-04-10',113,10020000,0,10020000,10020000,0,5,33,'',0,13917,0,0,35),(381,'20200413-GS-0079','2020-04-10',158,2366000,0,2366000,0,2366000,5,33,'',0,14083,0,0,35),(382,'20200413-GS-0080','2020-04-10',310,6591000,0,6591000,6591000,0,5,33,'',0,13000,0,0,35),(383,'20200413-GS-0081','2020-04-10',96,1720000,0,1720000,1720000,0,5,33,'',0,14333,0,0,35),(384,'20200413-GS-0082','2020-04-11',9,1700000,0,1700000,1700000,0,5,35,'',0,14167,0,0,35),(385,'20200413-GS-0083','2020-04-11',11,1837000,0,1837000,1837000,0,5,35,'',0,13917,0,0,35),(386,'20200413-GS-0084','2020-04-11',15,2450000,0,2450000,2450000,0,5,35,'',0,14583,0,0,35),(387,'20200413-GS-0085','2020-04-11',41,2450000,0,2450000,2450000,0,5,35,'',0,14583,0,0,35),(388,'20200413-GS-0086','2020-04-11',115,1750000,0,1750000,1750000,0,5,35,'',0,14583,0,0,35),(389,'20200413-GS-0087','2020-04-11',103,1925000,0,1925000,1925000,0,5,35,'',0,14583,0,0,35),(390,'20200413-GS-0088','2020-04-11',84,1750000,0,1750000,1750000,0,5,35,'',0,14583,0,0,35),(391,'20200413-GS-0089','2020-04-11',52,1352000,0,1352000,0,1352000,5,35,'',0,14083,0,0,35),(392,'20200413-GS-0090','2020-04-11',42,3850000,0,3850000,3850000,0,5,35,'',0,14583,0,0,35),(393,'20200413-GS-0091','2020-04-11',28,5160000,0,5160000,1660000,3500000,5,35,'',0,14333,0,0,35),(394,'20200413-GS-0092','2020-04-11',19,2100000,0,2100000,2100000,0,5,35,'',0,14583,0,0,35),(395,'20200413-GS-0093','2020-04-11',23,960000,0,960000,960000,0,5,35,'',0,13333,0,0,35),(396,'20200413-GS-0094','2020-04-11',106,11900000,0,11900000,11900000,0,5,35,'',0,14167,0,0,35),(397,'20200413-GS-0095','2020-04-11',22,1120000,0,1120000,1120000,0,5,35,'',0,13333,0,0,35),(398,'20200413-GS-0096','2020-04-11',21,800000,0,800000,800000,0,5,35,'',0,13333,0,0,35),(399,'20200413-GS-0097','2020-04-11',53,875000,0,875000,875000,0,5,35,'',0,14583,0,0,35),(400,'20200413-GS-0098','2020-04-11',18,1750000,0,1750000,1750000,0,5,35,'',0,14583,0,0,35),(401,'20200413-GS-0099','2020-04-11',142,3340000,0,3340000,3340000,0,5,35,'',0,13917,0,0,35),(402,'20200413-GS-0100','2020-04-11',134,167000,0,167000,167000,0,5,35,'',0,13917,0,0,35),(403,'20200413-GS-0101','2020-04-11',119,7700000,0,7700000,7700000,0,5,37,'',0,12833,0,0,35),(404,'20200413-GS-0102','2020-04-11',323,8000000,0,8000000,8000000,0,5,37,'',0,13333,0,0,35),(405,'20200413-GS-0103','2020-04-11',320,2128000,0,2128000,2128000,0,5,36,'',0,12667,0,0,35),(406,'20200413-GS-0104','2020-04-11',201,1178000,0,1178000,1178000,0,5,36,'',0,12667,0,0,35),(407,'20200413-GS-0105','2020-04-11',202,3344000,0,3344000,3344000,0,5,36,'',0,13500,0,21280000,35),(408,'20200413-GS-0106','2020-04-11',203,9120000,0,9120000,9120000,0,5,36,'',0,13500,0,0,35),(409,'20200413-GS-0107','2020-04-11',211,4832000,0,4832000,4832000,0,5,36,'',0,12583,0,0,35),(410,'20200413-GS-0108','2020-04-11',311,3344000,0,3344000,3344000,0,5,36,'',0,12667,0,0,35),(411,'20200413-GS-0109','2020-04-11',212,962000,0,962000,962000,0,5,36,'',0,12583,0,0,35),(412,'20200413-GS-0110','2020-04-11',213,2416000,0,2416000,2416000,0,5,36,'',0,12583,0,0,35),(413,'20200413-GS-0111','2020-04-11',204,2584000,0,2584000,2584000,0,5,36,'',0,13500,0,200000,35),(414,'20200413-GS-0112','2020-04-11',303,810000,0,810000,810000,0,5,36,'',0,13500,0,0,35),(415,'20200413-GS-0113','2020-04-11',304,810000,0,810000,810000,0,5,36,'',0,13500,0,0,35),(416,'20200413-GS-0114','2020-04-11',328,1672000,0,1672000,1672000,0,5,36,'',0,12667,0,0,35),(417,'20200413-GS-0115','2020-04-11',26,835000,0,835000,835000,0,5,36,'',0,13917,0,0,35),(418,'20200414-GS-0001','2020-04-13',134,167000,0,167000,167000,0,5,38,'',0,13917,0,0,35),(419,'20200414-GS-0002','2020-04-13',42,3675000,0,3675000,3675000,0,5,39,'',0,14583,0,0,35),(420,'20200414-GS-0003','2020-04-13',43,16905000,0,16905000,16905000,0,5,39,'',0,13417,0,0,35),(421,'20200414-GS-0004','2020-04-13',58,805000,0,805000,805000,0,5,39,'',0,13417,0,0,35),(422,'20200414-GS-0005','2020-04-13',146,3360000,0,3360000,3360000,0,5,39,'',0,14000,0,0,35),(423,'20200414-GS-0006','2020-04-13',135,8533000,0,8533000,8533000,0,5,39,'',0,13417,0,0,35),(424,'20200414-GS-0007','2020-04-13',171,12089000,0,12089000,12089000,0,5,39,'',0,13083,0,0,35),(425,'20200414-GS-0008','2020-04-13',28,3096000,0,3096000,3096000,0,5,39,'',0,14333,0,0,35),(426,'20200414-GS-0009','2020-04-13',16,1050000,0,1050000,1050000,0,5,41,'',0,14583,0,0,35),(427,'20200414-GS-0010','2020-04-13',109,4375000,0,4375000,4375000,0,5,41,'',0,14583,0,0,35),(428,'20200414-GS-0011','2020-04-13',59,700000,0,700000,700000,0,5,41,'',0,14583,0,0,35),(429,'20200414-GS-0012','2020-04-13',98,1225000,0,1225000,1225000,0,5,41,'',0,14583,0,0,35),(430,'20200414-GS-0013','2020-04-13',93,1225000,0,1225000,1225000,0,5,41,'',0,14583,0,0,35),(431,'20200414-GS-0014','2020-04-13',198,1925000,0,1925000,1925000,0,5,41,'',0,14583,0,0,35),(432,'20200414-GS-0015','2020-04-13',46,2580000,0,2580000,2580000,0,5,41,'',0,14333,0,0,35),(433,'20200414-GS-0016','2020-04-13',178,350000,0,350000,350000,0,5,41,'',0,14583,0,0,35),(434,'20200414-GS-0017','2020-04-13',35,13776000,0,13776000,13776000,0,5,41,'',0,0,0,0,35),(435,'20200414-GS-0018','2020-04-13',312,8400000,0,8400000,8400000,0,5,41,'',0,14000,0,0,35),(436,'20200414-GS-0019','2020-04-13',29,1680000,0,1680000,1680000,0,5,41,'',0,14000,0,0,35),(437,'20200414-GS-0020','2020-04-13',101,875000,0,875000,875000,0,5,41,'',0,14583,0,0,35),(438,'20200414-GS-0021','2020-04-13',136,1575000,0,1575000,1575000,0,5,41,'',0,14583,0,0,35),(439,'20200415-GS-0001','2020-04-13',139,2184000,0,2184000,2184000,0,5,41,'',0,14000,0,0,35),(440,'20200415-GS-0002','2020-04-13',54,1575000,0,1575000,0,1575000,5,41,'',0,14583,0,0,35),(441,'20200415-GS-0003','2020-04-13',149,1225000,0,1225000,1225000,0,5,41,'',0,14583,0,0,35),(442,'20200415-GS-0004','2020-04-13',151,1750000,0,1750000,1750000,0,5,41,'',0,14583,0,0,35),(443,'20200415-GS-0005','2020-04-13',200,2625000,0,2625000,2625000,0,5,41,'',0,14583,0,0,35),(444,'20200415-GS-0006','2020-04-13',97,1750000,0,1750000,0,1750000,5,41,'',0,14583,0,0,35),(445,'20200415-GS-0007','2020-04-13',108,700000,0,700000,700000,0,5,41,'',0,14583,0,0,35),(446,'20200415-GS-0008','2020-04-13',51,0,0,0,0,0,5,41,'',0,0,0,2450000,35),(447,'20200415-GS-0009','2020-04-13',116,0,0,0,0,0,5,41,'',0,0,0,1851000,35),(448,'20200415-GS-0010','2020-04-13',67,1925000,0,1925000,1925000,0,5,41,'',0,14583,0,0,35),(449,'20200415-GS-0011','2020-04-13',327,344000,0,344000,344000,0,5,41,'',0,14333,0,0,35),(450,'20200415-GS-0012','2020-04-13',164,700000,0,700000,700000,0,5,41,'',0,14583,0,0,35),(451,'20200415-GS-0013','2020-04-13',26,1670000,0,1670000,1670000,0,5,41,'',0,13917,0,0,35),(452,'20200415-GS-0014','2020-04-13',65,1720000,0,1720000,1720000,0,5,40,'',0,14333,0,0,35),(453,'20200415-GS-0015','2020-04-13',96,1032000,0,1032000,1032000,0,5,40,'',0,14333,0,0,35),(454,'20200415-GS-0016','2020-04-13',132,1376000,0,1376000,1376000,0,5,40,'',0,14333,0,0,35),(455,'20200415-GS-0017','2020-04-13',95,3268000,0,3268000,3268000,0,5,40,'',0,14333,0,0,35),(456,'20200415-GS-0018','2020-04-13',113,8350000,0,8350000,8350000,0,5,40,'',0,13917,0,0,35),(457,'20200415-GS-0019','2020-04-13',88,3420000,0,3420000,3420000,0,5,40,'',0,14250,0,0,35),(458,'20200415-GS-0020','2020-04-13',66,3249000,0,3249000,3249000,0,5,40,'',0,14250,0,0,35),(459,'20200415-GS-0021','2020-04-13',147,2565000,0,2565000,2565000,0,5,40,'',0,14250,0,0,35),(460,'20200415-GS-0022','2020-04-13',69,2052000,0,2052000,2052000,0,5,40,'',0,14250,0,0,35),(461,'20200415-GS-0023','2020-04-13',107,3762000,0,3762000,0,3762000,5,40,'',0,14250,0,0,35),(462,'20200415-GS-0024','2020-04-13',158,3589000,0,3589000,3589000,0,5,40,'',0,14083,0,2366000,35),(463,'20200415-GS-0025','2020-04-13',310,7020000,0,7020000,7020000,0,5,40,'',0,13000,0,0,35),(464,'20200415-GS-0026','2020-04-13',91,1710000,0,1710000,1710000,0,5,40,'',0,14250,0,0,35),(465,'20200415-GS-0027','2020-04-13',44,4275000,0,4275000,4275000,0,5,40,'',0,14250,0,0,35),(466,'20200415-GS-0028','2020-04-14',202,2280000,0,2280000,2280000,0,5,45,'',0,13500,0,0,35),(467,'20200415-GS-0029','2020-04-14',204,4560000,0,4560000,4560000,0,5,45,'',0,13500,0,0,35),(468,'20200415-GS-0030','2020-04-14',222,4560000,0,4560000,4560000,0,5,45,'',0,13500,0,0,35),(469,'20200415-GS-0031','2020-04-14',311,2736000,0,2736000,2736000,0,5,45,'',0,12667,0,0,35),(470,'20200415-GS-0032','2020-04-14',213,5134000,0,5134000,5134000,0,5,45,'',0,12583,0,0,35),(471,'20200415-GS-0033','2020-04-14',203,2280000,0,2280000,2280000,0,5,45,'',0,13500,0,0,35),(472,'20200415-GS-0034','2020-04-14',211,5738000,0,5738000,5738000,0,5,45,'',0,12583,0,0,35),(473,'20200415-GS-0035','2020-04-14',306,810000,0,810000,810000,0,5,45,'',0,13500,0,0,35),(474,'20200415-GS-0036','2020-04-14',9,2550000,0,2550000,2550000,0,5,43,'',0,14167,0,0,35),(475,'20200415-GS-0037','2020-04-14',11,3173000,0,3173000,3173000,0,5,43,'',0,13917,0,0,35),(476,'20200415-GS-0038','2020-04-14',15,2100000,0,2100000,2100000,0,5,43,'',0,14583,0,0,35),(477,'20200415-GS-0039','2020-04-14',21,960000,0,960000,960000,0,5,43,'',0,13333,0,0,35),(478,'20200415-GS-0040','2020-04-14',117,860000,0,860000,860000,0,5,43,'',0,14333,0,0,35),(479,'20200415-GS-0041','2020-04-14',41,3150000,0,3150000,3150000,0,5,43,'',0,14583,0,0,35),(480,'20200415-GS-0042','2020-04-14',115,1750000,0,1750000,1750000,0,5,42,'',0,14583,0,0,35),(481,'20200415-GS-0043','2020-04-14',56,3500000,0,3500000,3500000,0,5,42,'',0,14583,0,0,35),(482,'20200415-GS-0044','2020-04-14',103,2450000,0,2450000,2450000,0,5,42,'',0,14583,0,0,35),(483,'20200415-GS-0045','2020-04-14',84,2450000,0,2450000,2450000,0,5,42,'',0,14583,0,0,35),(484,'20200415-GS-0046','2020-04-14',52,1014000,0,1014000,1014000,0,5,42,'',0,14083,0,1352000,35),(485,'20200415-GS-0047','2020-04-14',42,1400000,0,1400000,1400000,0,5,42,'',0,14583,0,0,35),(486,'20200415-GS-0048','2020-04-14',28,4816000,0,4816000,4816000,0,5,42,'',0,14333,0,0,35),(487,'20200415-GS-0049','2020-04-14',75,3058000,0,3058000,3058000,0,5,42,'',0,14333,0,0,35),(488,'20200415-GS-0050','2020-04-14',111,700000,0,700000,700000,0,5,42,'',0,14583,0,0,35),(489,'20200415-GS-0051','2020-04-14',34,2275000,0,2275000,2275000,0,5,42,'',0,14583,0,0,35),(490,'20200415-GS-0052','2020-04-14',104,1575000,0,1575000,1575000,0,5,42,'',0,14583,0,0,35),(491,'20200415-GS-0053','2020-04-14',47,2380000,0,2380000,2380000,0,5,42,'',0,14167,0,0,35),(492,'20200415-GS-0054','2020-04-14',168,2625000,0,2625000,2625000,0,5,42,'',0,14583,0,0,35),(493,'20200415-GS-0055','2020-04-14',23,1440000,0,1440000,1440000,0,5,42,'',0,13333,0,0,35),(494,'20200415-GS-0056','2020-04-14',106,15300000,0,15300000,15300000,0,5,42,'',0,14167,0,0,35),(495,'20200415-GS-0057','2020-04-14',22,1600000,0,1600000,1600000,0,5,42,'',0,13333,0,0,35),(496,'20200415-GS-0058','2020-04-14',142,4562000,0,4562000,4562000,0,5,42,'',0,13917,0,0,35),(497,'20200415-GS-0059','2020-04-14',53,2450000,0,2450000,2450000,0,5,42,'',0,14583,0,0,35),(498,'20200415-GS-0060','2020-04-14',119,7700000,0,7700000,7700000,0,5,44,'',0,12833,0,0,35),(499,'20200415-GS-0061','2020-04-14',323,6600000,0,6600000,6600000,0,5,44,'',0,13333,0,0,35),(500,'20200415-GS-0062','2020-04-14',169,1694000,0,1694000,1694000,0,5,44,'',0,12833,0,379000,35),(501,'20200415-GS-0063','2020-04-14',182,3542000,0,3542000,3542000,0,5,44,'',0,13417,0,0,35),(503,'20200417-GS-0001','2020-04-15',134,835000,0,835000,835000,0,5,46,'',0,13917,0,0,35),(504,'20200417-GS-0002','2020-04-15',16,700000,0,700000,700000,0,5,49,'',0,14583,0,0,35),(505,'20200417-GS-0003','2020-04-15',109,1575000,0,1575000,1575000,0,5,49,'',0,14583,0,0,35),(506,'20200417-GS-0004','2020-04-15',83,1750000,0,1750000,1750000,0,5,49,'',0,14583,0,0,35),(507,'20200417-GS-0005','2020-04-15',59,525000,0,525000,525000,0,5,49,'',0,14583,0,0,35),(508,'20200417-GS-0006','2020-04-15',198,1356000,0,1356000,1356000,0,5,49,'',0,14583,0,0,35),(509,'20200417-GS-0007','2020-04-15',67,1225000,0,1225000,1225000,0,5,49,'',0,14583,0,0,35),(510,'20200417-GS-0008','2020-04-15',144,1225000,0,1225000,1225000,0,5,49,'',0,14583,0,0,35),(511,'20200417-GS-0009','2020-04-15',35,11760000,0,11760000,11760000,0,5,49,'',0,14000,0,0,35),(512,'20200417-GS-0010','2020-04-15',29,1680000,0,1680000,1680000,0,5,49,'',0,14000,0,0,35),(513,'20200417-GS-0011','2020-04-15',97,525000,0,525000,525000,0,5,49,'',0,14583,0,0,35),(514,'20200417-GS-0012','2020-04-15',314,875000,0,875000,875000,0,5,49,'',0,14583,0,0,35),(515,'20200417-GS-0013','2020-04-15',26,2505000,0,2505000,2505000,0,5,49,'',0,13917,0,0,35),(516,'20200417-GS-0014','2020-04-15',108,350000,0,350000,0,350000,5,49,'',0,14583,0,0,35),(517,'20200417-GS-0015','2020-04-15',65,1204000,0,1204000,1204000,0,5,48,'',0,14333,0,0,35),(518,'20200417-GS-0016','2020-04-15',96,1032000,0,1032000,1032000,0,5,48,'',0,14333,0,0,35),(519,'20200417-GS-0017','2020-04-15',132,1204000,0,1204000,1204000,0,5,48,'',0,14333,0,0,35),(520,'20200417-GS-0018','2020-04-15',95,3440000,0,3440000,3440000,0,5,48,'',0,14333,0,0,35),(521,'20200417-GS-0019','2020-04-15',310,6240000,0,6240000,6240000,0,5,48,'',0,13000,0,0,35),(522,'20200417-GS-0020','2020-04-15',17,1710000,0,1710000,1710000,0,5,48,'',0,14250,0,0,35),(523,'20200417-GS-0021','2020-04-15',113,10020000,0,10020000,10020000,0,5,48,'',0,13917,0,0,35),(524,'20200417-GS-0022','2020-04-15',69,2907000,0,2907000,2907000,0,5,48,'',0,14250,0,0,35),(525,'20200417-GS-0023','2020-04-15',88,5130000,0,5130000,5130000,0,5,48,'',0,14250,0,0,35),(526,'20200417-GS-0024','2020-04-15',107,2394000,0,2394000,2394000,0,5,48,'',0,14250,0,0,35),(527,'20200417-GS-0025','2020-04-15',158,1521000,0,1521000,1521000,0,5,48,'',0,14083,0,0,35),(528,'20200417-GS-0026','2020-04-15',114,688000,0,688000,688000,0,5,48,'',0,14333,0,0,35),(529,'20200417-GS-0027','2020-04-15',43,16100000,0,16100000,16100000,0,5,47,'',0,13417,0,0,35),(530,'20200417-GS-0028','2020-04-15',161,3120000,0,3120000,3120000,0,5,47,'',0,13000,0,0,35),(531,'20200417-GS-0029','2020-04-15',171,9106000,0,9106000,9106000,0,5,47,'',0,13083,0,0,35),(532,'20200417-GS-0030','2020-04-15',232,10437000,0,10437000,10437000,0,5,47,'',0,12250,0,0,35),(533,'20200417-GS-0031','2020-04-15',135,4830000,0,4830000,4830000,0,5,47,'',0,13417,0,0,35),(534,'20200417-GS-0032','2020-04-16',202,3040000,0,3040000,3040000,0,5,51,'',0,13500,0,0,35),(535,'20200417-GS-0033','2020-04-16',211,5549000,0,5549000,5549000,0,5,51,'',0,12583,0,0,35),(536,'20200417-GS-0034','2020-04-16',213,2869000,0,2869000,2869000,0,5,51,'',0,12583,0,0,35),(537,'20200417-GS-0035','2020-04-16',203,1520000,0,1520000,1520000,0,5,51,'',0,13500,0,0,35),(538,'20200417-GS-0036','2020-04-16',164,350000,0,350000,350000,0,5,51,'',0,14583,0,0,35),(539,'20200417-GS-0037','2020-04-16',9,2663000,0,2663000,2663000,0,5,50,'',0,14167,0,0,35),(540,'20200417-GS-0038','2020-04-16',11,2505000,0,2505000,2505000,0,5,50,'',0,13917,0,0,35),(541,'20200417-GS-0039','2020-04-16',23,2080000,0,2080000,2080000,0,5,50,'',0,13333,0,0,35),(542,'20200417-GS-0040','2020-04-16',15,1050000,0,1050000,1050000,0,5,50,'',0,14583,0,0,35),(543,'20200417-GS-0041','2020-04-16',21,960000,0,960000,960000,0,5,50,'',0,13333,0,0,35),(544,'20200417-GS-0042','2020-04-16',41,1750000,0,1750000,1750000,0,5,50,'',0,14583,0,0,35),(545,'20200417-GS-0043','2020-04-16',115,1750000,0,1750000,1750000,0,5,50,'',0,14583,0,0,35),(546,'20200417-GS-0044','2020-04-16',56,1750000,0,1750000,1750000,0,5,50,'',0,14583,0,0,35),(547,'20200417-GS-0045','2020-04-16',103,2275000,0,2275000,2275000,0,5,50,'',0,14583,0,0,35),(548,'20200417-GS-0046','2020-04-16',84,2800000,0,2800000,2800000,0,5,50,'',0,14583,0,0,35),(549,'20200417-GS-0047','2020-04-16',42,1575000,0,1575000,1575000,0,5,50,'',0,14583,0,0,35),(550,'20200417-GS-0048','2020-04-16',123,2100000,0,2100000,2100000,0,5,50,'',0,14583,0,0,35),(551,'20200417-GS-0049','2020-04-16',104,875000,0,875000,875000,0,5,50,'',0,14583,0,0,35),(552,'20200417-GS-0050','2020-04-16',47,510000,0,510000,510000,0,5,50,'',0,14167,0,0,35),(553,'20200417-GS-0051','2020-04-16',183,1050000,0,1050000,1050000,0,5,50,'',0,14583,0,0,35),(554,'20200417-GS-0052','2020-04-16',28,5762000,0,5762000,5762000,0,5,50,'',0,14333,0,0,35),(555,'20200417-GS-0053','2020-04-16',168,1400000,0,1400000,1400000,0,5,50,'',0,14583,0,0,35),(556,'20200417-GS-0054','2020-04-16',53,1575000,0,1575000,1575000,0,5,50,'',0,14583,0,0,35),(557,'20200417-GS-0055','2020-04-16',63,2450000,0,2450000,2450000,0,5,50,'',0,14583,0,0,35),(558,'20200417-GS-0056','2020-04-16',106,9860000,0,9860000,9860000,0,5,50,'',0,14167,0,0,35),(559,'20200417-GS-0057','2020-04-16',18,1750000,0,1750000,1750000,0,5,50,'',0,14583,0,0,35),(560,'20200417-GS-0058','2020-04-16',142,4175000,0,4175000,4175000,0,5,50,'',0,13917,0,0,35),(561,'20200417-GS-0059','2020-04-16',128,0,0,0,0,0,5,52,'',15,0,0,0,35),(562,'20200420-GS-0001','2020-04-20',16,1225000,0,1225000,1225000,0,5,57,'',0,14583,0,0,20),(563,'20200420-GS-0002','2020-04-20',109,1925000,0,1925000,1925000,0,5,57,'',0,14583,0,0,20),(564,'20200420-GS-0003','2020-04-20',93,2100000,0,2100000,2100000,0,5,57,'',0,14583,0,0,20),(565,'20200420-GS-0004','2020-04-20',83,2800000,0,2800000,2800000,0,5,57,'',0,14583,0,0,20),(566,'20200420-GS-0005','2020-04-20',59,1225000,0,1225000,1225000,0,5,57,'',0,14583,0,0,20),(567,'20200420-GS-0006','2020-04-20',176,1050000,0,1050000,1050000,0,5,57,'',0,14583,0,0,20),(568,'20200420-GS-0007','2020-04-20',198,2712000,0,2712000,2712000,0,5,57,'',0,14583,0,0,20),(569,'20200420-GS-0008','2020-04-20',98,2975000,0,2975000,2975000,0,5,57,'',0,14583,0,0,20),(570,'20200420-GS-0009','2020-04-20',89,2275000,0,2275000,2275000,0,5,57,'',0,14583,0,0,20),(571,'20200420-GS-0010','2020-04-20',67,1750000,0,1750000,1750000,0,5,57,'',0,14583,0,0,20),(572,'20200420-GS-0011','2020-04-20',164,1225000,0,1225000,0,1225000,5,57,'',0,14583,0,0,20),(573,'20200420-GS-0012','2020-04-20',206,1312000,0,1312000,1312000,0,5,57,'',0,14578,0,0,20),(574,'20200420-GS-0013','2020-04-20',178,875000,0,875000,875000,0,5,57,'',0,14583,0,0,20),(575,'20200420-GS-0014','2020-04-20',35,12600000,0,12600000,12600000,0,5,57,'',0,14000,0,0,20),(576,'20200420-GS-0015','2020-04-20',29,1680000,0,1680000,1680000,0,5,57,'',0,14000,0,0,20),(577,'20200420-GS-0016','2020-04-20',116,525000,0,525000,525000,0,5,57,'',0,14583,0,0,20),(578,'20200420-GS-0017','2020-04-20',131,700000,0,700000,700000,0,5,57,'',0,14583,0,0,20),(579,'20200420-GS-0018','2020-04-20',37,1225000,0,1225000,1225000,0,5,57,'',0,14583,0,0,20),(580,'20200420-GS-0019','2020-04-20',54,875000,0,875000,875000,0,5,57,'',0,14583,0,1575000,20),(581,'20200420-GS-0020','2020-04-20',122,875000,0,875000,875000,0,5,57,'',0,14583,0,0,20),(582,'20200420-GS-0021','2020-04-20',110,1925000,0,1925000,1925000,0,5,57,'',0,14583,0,0,20),(583,'20200420-GS-0022','2020-04-20',97,1225000,0,1225000,1225000,0,5,57,'',0,14583,0,0,20),(584,'20200420-GS-0023','2020-04-20',108,350000,0,350000,350000,0,5,57,'',0,14583,0,0,20),(585,'20200420-GS-0024','2020-04-20',144,875000,0,875000,875000,0,5,57,'',0,14583,0,0,20),(586,'20200420-GS-0025','2020-04-20',101,700000,0,700000,700000,0,5,57,'',0,14583,0,0,20),(587,'20200420-GS-0026','2020-04-20',136,875000,0,875000,875000,0,5,57,'',0,14583,0,0,20),(588,'20200420-GS-0027','2020-04-20',26,3340000,0,3340000,3340000,0,5,57,'',0,13917,0,0,20),(589,'20200420-GS-0028','2020-04-20',65,1892000,0,1892000,1892000,0,5,59,'',0,14333,0,0,20),(590,'20200420-GS-0029','2020-04-20',96,1892000,0,1892000,1892000,0,5,59,'',0,14333,0,0,20),(591,'20200420-GS-0030','2020-04-20',132,1032000,0,1032000,1032000,0,5,59,'',0,14333,0,0,20),(592,'20200420-GS-0031','2020-04-20',95,5848000,0,5848000,5848000,0,5,59,'',0,14333,0,0,20),(593,'20200420-GS-0032','2020-04-20',113,8350000,0,8350000,8350000,0,5,59,'',0,13917,0,0,20),(594,'20200420-GS-0033','2020-04-20',88,6840000,0,6840000,6840000,0,5,59,'',0,14250,0,0,20),(595,'20200420-GS-0034','2020-04-20',66,3591000,0,3591000,3591000,0,5,59,'',0,14250,0,0,20),(596,'20200420-GS-0035','2020-04-20',147,2052000,0,2052000,2052000,0,5,59,'',0,14250,0,0,20),(597,'20200420-GS-0036','2020-04-20',69,1710000,0,1710000,1710000,0,5,59,'',0,14250,0,0,20),(598,'20200420-GS-0037','2020-04-20',107,2565000,0,2565000,2565000,0,5,59,'',0,14250,0,0,20),(599,'20200420-GS-0038','2020-04-20',158,3887000,0,3887000,3887000,0,5,59,'',0,14083,0,1690000,20),(600,'20200420-GS-0039','2020-04-20',310,4524000,0,4524000,4524000,0,5,59,'',0,13000,0,0,20),(601,'20200420-GS-0040','2020-04-20',44,3078000,0,3078000,3078000,0,5,59,'',0,14250,0,0,20),(602,'20200420-GS-0041','2020-04-15',11,1670000,0,1670000,0,1670000,5,60,'',0,13917,0,0,20),(603,'20200420-GS-0042','2020-04-15',134,167000,0,167000,167000,0,5,60,'',0,13917,0,0,20),(604,'20200420-GS-0043','2020-04-15',42,1575000,0,1575000,1575000,0,5,58,'',0,14583,0,0,20),(605,'20200420-GS-0044','2020-04-15',28,6622000,0,6622000,6622000,0,5,58,'',0,14333,0,0,20),(606,'20200420-GS-0045','2020-04-15',145,1127000,0,1127000,1127000,0,5,58,'',0,13417,0,0,20),(607,'20200420-GS-0046','2020-04-15',135,6440000,0,6440000,6440000,0,5,58,'',0,13417,0,0,20),(608,'20200420-GS-0047','2020-04-15',162,1248000,0,1248000,1248000,0,5,58,'',0,13000,0,0,20),(609,'20200420-GS-0048','2020-04-15',161,4056000,0,4056000,4056000,0,5,58,'',0,13000,0,0,20),(610,'20200420-GS-0049','2020-04-15',58,3623000,0,3542000,0,3542000,5,58,'',6,13417,81000,0,20),(611,'20200420-GS-0050','2020-04-20',42,1575000,0,1575000,1575000,0,5,58,'',0,14583,0,0,20),(612,'20200420-GS-0051','2020-04-20',28,6622000,0,6622000,6622000,0,5,58,'',0,14333,0,0,20),(613,'20200420-GS-0052','2020-04-20',145,1127000,0,1127000,1127000,0,5,58,'',0,13417,0,0,20),(614,'20200420-GS-0053','2020-04-20',135,6440000,0,6440000,6440000,0,5,58,'',0,13417,0,0,20),(615,'20200420-GS-0054','2020-04-20',162,1248000,0,1248000,1248000,0,5,58,'',0,13000,0,0,20),(616,'20200420-GS-0055','2020-04-20',161,4056000,0,4056000,4056000,0,5,58,'',0,13000,0,0,20),(617,'20200420-GS-0056','2020-04-20',58,3623000,0,3543000,3543000,0,5,58,'',6,13333,80000,0,20),(618,'20200420-GS-0057','2020-04-20',171,10519000,0,10519000,10519000,0,5,58,'',0,13083,0,0,20),(619,'20200420-GS-0058','2020-04-20',43,17710000,0,17710000,17710000,0,5,58,'',0,13417,0,0,20),(620,'20200420-GS-0059','2020-04-20',11,1670000,0,1670000,0,1670000,5,60,'',0,13917,0,0,20),(621,'20200420-GS-0060','2020-04-20',167,167000,0,167000,167000,0,5,60,'',0,13917,0,0,20),(622,'20200421-GS-0001','2020-04-17',167,167000,0,167000,167000,0,5,53,'',0,13917,0,0,35),(623,'20200421-GS-0002','2020-04-17',175,3240000,0,3240000,3240000,0,5,54,'',0,13500,0,0,35),(624,'20200421-GS-0003','2020-04-17',135,7245000,0,7245000,7245000,0,5,54,'',0,13417,0,0,35),(625,'20200421-GS-0004','2020-04-17',171,7379000,0,7379000,7379000,0,5,54,'',0,13083,0,0,35),(626,'20200421-GS-0005','2020-04-17',161,3744000,0,3744000,3744000,0,5,54,'',0,13000,0,0,35),(627,'20200421-GS-0006','2020-04-17',162,2652000,0,2652000,2652000,0,5,54,'',0,13000,0,0,35),(628,'20200421-GS-0007','2020-04-17',145,966000,0,966000,966000,0,5,54,'',0,13417,0,0,35),(629,'20200421-GS-0008','2020-04-17',43,19320000,0,19320000,19320000,0,5,54,'',0,13417,0,0,35),(630,'20200421-GS-0009','2020-04-17',58,966000,0,966000,966000,0,5,54,'',0,13417,0,0,35),(631,'20200421-GS-0010','2020-04-17',164,700000,0,700000,700000,0,5,56,'',0,14583,0,0,35),(632,'20200421-GS-0011','2020-04-17',16,1050000,0,1050000,1050000,0,5,56,'',0,14583,0,0,35),(633,'20200421-GS-0012','2020-04-17',109,2275000,0,2275000,2275000,0,5,56,'',0,14583,0,0,35),(634,'20200421-GS-0013','2020-04-17',93,1225000,0,1225000,1225000,0,5,56,'',0,14583,0,0,35),(635,'20200421-GS-0014','2020-04-17',59,1050000,0,1050000,1050000,0,5,56,'',0,14583,0,0,35),(636,'20200421-GS-0015','2020-04-17',176,1050000,0,1050000,1050000,0,5,56,'',0,14583,0,0,35),(637,'20200421-GS-0016','2020-04-17',98,1925000,0,1925000,1925000,0,5,56,'',0,14583,0,0,35),(638,'20200421-GS-0017','2020-04-17',191,1750000,0,1750000,1750000,0,5,56,'',0,14583,0,0,35),(639,'20200421-GS-0018','2020-04-17',67,1750000,0,1750000,1750000,0,5,56,'',0,14583,0,0,35),(640,'20200421-GS-0019','2020-04-17',46,2580000,0,2580000,2580000,0,5,56,'',0,14333,0,0,35),(641,'20200421-GS-0020','2020-04-17',35,8904000,0,8904000,8904000,0,5,56,'',0,14000,0,0,35),(642,'20200421-GS-0021','2020-04-17',29,1680000,0,1680000,1680000,0,5,56,'',0,14000,0,0,35),(643,'20200421-GS-0022','2020-04-17',51,1225000,0,1225000,1225000,0,5,56,'',0,14583,0,0,35),(644,'20200421-GS-0023','2020-04-17',37,700000,0,700000,700000,0,5,56,'',0,14583,0,0,35),(645,'20200421-GS-0024','2020-04-17',136,1050000,0,1050000,1050000,0,5,56,'',0,14583,0,0,35),(646,'20200421-GS-0025','2020-04-17',154,1225000,0,1225000,1225000,0,5,56,'',0,14583,0,0,35),(647,'20200421-GS-0026','2020-04-17',139,1680000,0,1680000,1680000,0,5,56,'',0,14000,0,0,35),(648,'20200421-GS-0027','2020-04-17',54,2450000,0,2450000,2450000,0,5,56,'',0,14583,0,0,35),(649,'20200421-GS-0028','2020-04-17',97,700000,0,700000,700000,0,5,56,'',0,14583,0,0,35),(650,'20200421-GS-0029','2020-04-17',108,525000,0,525000,525000,0,5,56,'',0,14583,0,350000,35),(651,'20200421-GS-0030','2020-04-17',26,2505000,0,2505000,2505000,0,5,56,'',0,13917,0,0,35),(652,'20200421-GS-0031','2020-04-17',96,2924000,0,2924000,2924000,0,5,55,'',0,14333,0,0,35),(653,'20200421-GS-0032','2020-04-17',132,1376000,0,1376000,1376000,0,5,55,'',0,14333,0,0,35),(654,'20200421-GS-0033','2020-04-17',95,6708000,0,6708000,6708000,0,5,55,'',0,14333,0,0,35),(655,'20200421-GS-0034','2020-04-17',113,8350000,0,8350000,8350000,0,5,55,'',0,13917,0,0,35),(656,'20200421-GS-0035','2020-04-17',66,3078000,0,3078000,3078000,0,5,55,'',0,14250,0,0,35),(657,'20200421-GS-0036','2020-04-17',147,2225000,0,2225000,2225000,0,5,55,'',0,14250,0,0,35),(658,'20200421-GS-0037','2020-04-17',69,1710000,0,1710000,1710000,0,5,55,'',0,14250,0,0,35),(659,'20200421-GS-0038','2020-04-17',88,5130000,0,5130000,5130000,0,5,55,'',0,14250,0,0,35),(660,'20200421-GS-0039','2020-04-17',107,3591000,0,3591000,3591000,0,5,55,'',0,14250,0,3762000,35),(661,'20200421-GS-0040','2020-04-17',158,1690000,0,1690000,0,1690000,5,55,'',0,14083,0,0,35),(662,'20200421-GS-0041','2020-04-17',310,7566000,0,7566000,7566000,0,5,55,'',0,13000,0,0,35),(663,'20200422-GS-0001','2020-04-23',9,1700000,0,1700000,1700000,0,5,61,'',0,14167,0,0,20),(664,'20200422-GS-0002','2020-04-23',11,3507000,0,3507000,3507000,0,5,61,'',0,13917,0,0,20),(665,'20200422-GS-0003','2020-04-23',15,2581000,0,2581000,2581000,0,5,61,'',0,14583,0,0,20),(666,'20200422-GS-0004','2020-04-23',41,1750000,0,1750000,1750000,0,5,61,'',0,14583,0,0,20),(667,'20200422-GS-0005','2020-04-23',115,1225000,0,1225000,1225000,0,5,61,'',0,14583,0,0,20),(668,'20200422-GS-0006','2020-04-23',127,1750000,0,1750000,1750000,0,5,61,'',0,14583,0,0,20),(669,'20200422-GS-0007','2020-04-23',103,1400000,0,1400000,1400000,0,5,61,'',0,14583,0,0,20),(670,'20200422-GS-0008','2020-04-23',84,1050000,0,1050000,1050000,0,5,61,'',0,14583,0,0,20),(671,'20200422-GS-0009','2020-04-23',42,2800000,0,2800000,2800000,0,5,61,'',0,14583,0,0,20),(672,'20200422-GS-0010','2020-04-23',75,645000,0,620000,620000,0,5,61,'',2,12500,25000,0,20),(673,'20200422-GS-0011','2020-04-23',104,700000,0,700000,700000,0,5,61,'',0,14583,0,0,20),(674,'20200422-GS-0012','2020-04-23',47,850000,0,850000,850000,0,5,61,'',0,14167,0,0,20),(675,'20200422-GS-0013','2020-04-23',28,6880000,0,6880000,6880000,0,5,61,'',0,14333,0,0,20),(676,'20200422-GS-0014','2020-04-23',106,11900000,0,11900000,11900000,0,5,61,'',0,14167,0,0,20),(677,'20200423-GS-0001','2020-04-23',23,800000,0,800000,800000,0,5,61,'',0,13333,0,0,20),(678,'20200423-GS-0002','2020-04-23',53,1575000,0,1575000,1575000,0,5,61,'',0,14583,0,0,20),(679,'20200423-GS-0003','2020-04-23',320,1824000,0,1824000,1824000,0,5,63,'',0,12667,0,0,20),(680,'20200423-GS-0004','2020-04-23',201,1216000,0,1216000,1216000,0,5,63,'',0,13500,0,0,20),(681,'20200423-GS-0005','2020-04-23',328,6080000,0,6080000,6080000,0,5,63,'',0,12667,0,0,20),(682,'20200423-GS-0006','2020-04-23',211,4945000,0,4895000,4895000,0,5,63,'',4,12500,50000,0,20),(683,'20200423-GS-0007','2020-04-23',213,3322000,0,3322000,3322000,0,5,63,'',0,12583,0,0,20),(684,'20200423-GS-0008','2020-04-23',311,1520000,0,1520000,1520000,0,5,63,'',0,12667,0,1520000,20),(685,'20200423-GS-0009','2020-04-23',204,2432000,0,2432000,2432000,0,5,63,'',0,12667,0,0,20),(686,'20200423-GS-0010','2020-04-23',202,3344000,0,3344000,3344000,0,5,63,'',0,13500,0,0,20),(687,'20200423-GS-0011','2020-04-18',77,0,0,0,0,0,5,64,'',0,0,0,3640000,35),(688,'20200423-GS-0012','2020-04-18',9,3060000,0,3060000,3060000,0,5,64,'',0,14167,0,0,35),(689,'20200423-GS-0013','2020-04-18',11,2338000,0,2338000,2338000,0,5,64,'',0,13917,0,0,35),(690,'20200423-GS-0014','2020-04-18',133,3740000,0,3740000,3740000,0,5,64,'',0,14167,0,0,35),(691,'20200423-GS-0015','2020-04-18',21,800000,0,800000,800000,0,5,64,'',0,13333,0,0,35),(692,'20200423-GS-0016','2020-04-18',15,1050000,0,1050000,1050000,0,5,64,'',0,14583,0,0,35),(693,'20200423-GS-0017','2020-04-18',41,5249000,0,5249000,5249000,0,5,64,'',0,14583,0,0,35),(694,'20200423-GS-0018','2020-04-18',115,2975000,0,2975000,2975000,0,5,64,'',0,14583,0,0,35),(695,'20200423-GS-0019','2020-04-18',56,1750000,0,1750000,1750000,0,5,64,'',0,14583,0,0,35),(696,'20200423-GS-0020','2020-04-18',117,516000,0,516000,516000,0,5,64,'',0,14333,0,0,35),(697,'20200423-GS-0021','2020-04-18',103,1925000,0,1925000,1925000,0,5,64,'',0,14583,0,0,35),(698,'20200423-GS-0022','2020-04-18',84,3237000,0,3237000,3237000,0,5,64,'',0,14583,0,0,35),(699,'20200423-GS-0023','2020-04-18',52,1690000,0,1690000,1690000,0,5,64,'',0,14083,0,0,35),(700,'20200423-GS-0024','2020-04-18',168,1050000,0,1050000,1050000,0,5,64,'',0,14583,0,0,35),(701,'20200423-GS-0025','2020-04-18',42,2100000,0,2100000,2100000,0,5,64,'',0,14583,0,0,35),(702,'20200423-GS-0026','2020-04-18',28,4472000,0,4472000,4472000,0,5,64,'',0,14333,0,0,35),(703,'20200423-GS-0027','2020-04-18',34,2975000,0,2975000,2975000,0,5,64,'',0,14583,0,0,35),(704,'20200423-GS-0028','2020-04-18',47,1360000,0,1360000,1360000,0,5,64,'',0,14167,0,0,35),(705,'20200423-GS-0029','2020-04-18',23,1120000,0,1120000,1120000,0,5,64,'',0,13333,0,0,35),(706,'20200423-GS-0030','2020-04-18',106,13600000,0,13600000,13600000,0,5,64,'',0,14167,0,0,35),(707,'20200423-GS-0031','2020-04-18',142,2672000,0,2672000,2672000,0,5,64,'',0,13917,0,0,35),(708,'20200423-GS-0032','2020-04-18',53,1575000,0,1575000,1575000,0,5,64,'',0,14583,0,0,35),(709,'20200423-GS-0033','2020-04-18',18,1925000,0,1925000,1925000,0,5,64,'',0,14583,0,0,35),(710,'20200423-GS-0034','2020-04-18',320,3040000,0,3040000,3040000,0,5,66,'',0,12667,0,0,35),(711,'20200423-GS-0035','2020-04-18',201,1064000,0,1064000,1064000,0,5,66,'',0,12667,0,0,35),(712,'20200423-GS-0036','2020-04-18',202,3952000,0,3952000,3952000,0,5,66,'',0,13500,0,0,35),(713,'20200423-GS-0037','2020-04-18',203,1216000,0,1216000,1216000,0,5,66,'',0,13500,0,0,35),(714,'20200423-GS-0038','2020-04-18',328,3040000,0,3040000,3040000,0,5,66,'',0,12667,0,0,35),(715,'20200423-GS-0039','2020-04-18',204,3040000,0,3040000,3040000,0,5,66,'',0,13500,0,0,35),(716,'20200423-GS-0040','2020-04-18',222,4560000,0,4560000,4560000,0,5,66,'',0,13500,0,0,35),(717,'20200423-GS-0041','2020-04-18',212,2265000,0,2265000,2265000,0,5,66,'',0,12583,0,0,35),(718,'20200423-GS-0042','2020-04-18',311,3648000,0,3648000,3648000,0,5,66,'',0,12667,0,0,35),(719,'20200423-GS-0043','2020-04-18',213,3926000,0,3926000,3926000,0,5,66,'',0,12583,0,0,35),(720,'20200423-GS-0044','2020-04-18',645,2280000,0,2280000,2280000,0,5,66,'',0,12667,0,0,35),(721,'20200423-GS-0045','2020-04-18',211,5134000,0,5134000,5134000,0,5,66,'',0,12583,0,0,35),(722,'20200423-GS-0046','2020-04-18',120,4620000,0,4620000,4620000,0,5,65,'',0,12833,0,0,35),(723,'20200423-GS-0047','2020-04-18',119,9817000,0,9817000,9817000,0,5,65,'',0,12833,0,0,35),(724,'20200423-GS-0048','2020-04-18',169,4004000,0,4004000,4004000,0,5,65,'',0,12833,0,0,35),(725,'20200423-GS-0049','2020-04-18',125,0,0,0,0,0,5,65,'',0,0,0,0,35),(726,'20200423-GS-0050','2020-04-18',179,3249000,0,3249000,3249000,0,5,65,'',0,14250,0,0,35),(727,'20200423-GS-0051','2020-04-18',67,875000,0,875000,875000,0,5,65,'',0,14583,0,0,35),(728,'20200423-GS-0052','2020-04-23',120,4620000,0,4620000,4620000,0,5,62,'',0,12833,0,0,20),(729,'20200423-GS-0053','2020-04-23',119,3850000,0,3850000,3850000,0,5,62,'',0,12833,0,0,20),(730,'20200423-GS-0054','2020-04-23',323,6600000,0,6600000,6600000,0,5,62,'',0,13333,0,0,20),(731,'20200423-GS-0055','2020-04-23',169,1540000,0,1540000,0,1540000,5,62,'',0,12833,0,0,20),(732,'20200423-GS-0056','2020-04-23',310,3900000,0,3900000,3900000,0,5,62,'',0,13000,0,0,20),(734,'20200424-GS-0001','2020-04-21',9,3570000,0,3570000,3570000,0,5,67,'',0,14167,0,0,35),(735,'20200424-GS-0002','2020-04-21',11,2755000,0,2755000,2755000,0,5,67,'',0,13917,0,1670000,35),(736,'20200424-GS-0003','2020-04-21',646,3400000,0,3400000,3400000,0,5,67,'',0,13333,0,0,35),(737,'20200424-GS-0004','2020-04-21',21,960000,0,960000,960000,0,5,67,'',0,13333,0,0,35),(738,'20200424-GS-0005','2020-04-21',15,3150000,0,3150000,3150000,0,5,67,'',0,14583,0,0,35),(739,'20200424-GS-0006','2020-04-21',41,2800000,0,2800000,2800000,0,5,67,'',0,14583,0,0,35),(740,'20200424-GS-0007','2020-04-21',115,2100000,0,2100000,2100000,0,5,67,'',0,14583,0,0,35),(741,'20200424-GS-0008','2020-04-21',103,1050000,0,1050000,1050000,0,5,67,'',0,14583,0,0,35),(742,'20200424-GS-0009','2020-04-21',84,2100000,0,2100000,2100000,0,5,67,'',0,14583,0,0,35),(743,'20200424-GS-0010','2020-04-21',42,1400000,0,1400000,1400000,0,5,67,'',0,14583,0,0,35),(744,'20200424-GS-0011','2020-04-21',75,3268000,0,3268000,3268000,0,5,67,'',0,14333,0,0,35),(745,'20200424-GS-0012','2020-04-21',111,525000,0,525000,525000,0,5,67,'',0,14583,0,0,35),(746,'20200424-GS-0013','2020-04-21',28,2408000,0,2408000,2408000,0,5,67,'',0,14333,0,0,35),(747,'20200424-GS-0014','2020-04-21',52,1521000,0,1521000,1521000,0,5,67,'',0,14083,0,0,35),(748,'20200424-GS-0015','2020-04-21',23,1440000,0,1440000,1440000,0,5,67,'',0,13333,0,0,35),(749,'20200424-GS-0016','2020-04-21',106,8500000,0,8500000,8500000,0,5,67,'',0,14167,0,0,35),(750,'20200424-GS-0017','2020-04-21',22,1920000,0,1920000,1920000,0,5,67,'',0,13333,0,0,35),(751,'20200424-GS-0018','2020-04-21',188,700000,0,700000,700000,0,5,67,'',0,14583,0,0,35),(752,'20200424-GS-0019','2020-04-21',18,2275000,0,2275000,2275000,0,5,67,'',0,14583,0,0,35),(753,'20200424-GS-0020','2020-04-21',142,3340000,0,3340000,3340000,0,5,67,'',0,13917,0,0,35),(754,'20200424-GS-0021','2020-04-21',192,10260000,0,10260000,10260000,0,5,70,'',0,14250,0,0,35),(755,'20200424-GS-0022','2020-04-21',119,6160000,0,6160000,6160000,0,5,70,'',0,12833,0,0,35),(756,'20200424-GS-0023','2020-04-21',323,7200000,0,7200000,2200000,5000000,5,70,'',0,13333,0,0,35),(757,'20200424-GS-0024','2020-04-21',169,1540000,0,1540000,1540000,0,5,70,'',0,12833,0,0,35),(758,'20200424-GS-0025','2020-04-21',182,2415000,0,2415000,2415000,0,5,70,'',0,13417,0,1084000,35),(759,'20200424-GS-0026','2020-04-21',310,4992000,0,4992000,4992000,0,5,70,'',0,13000,0,0,35),(760,'20200424-GS-0027','2020-04-21',202,2584000,0,2584000,2584000,0,5,68,'',0,13500,0,0,35),(761,'20200424-GS-0028','2020-04-21',328,3040000,0,3040000,3040000,0,5,68,'',0,12667,0,0,35),(762,'20200424-GS-0029','2020-04-21',222,8512000,0,8512000,8512000,0,5,68,'',0,13500,0,0,35),(763,'20200424-GS-0030','2020-04-21',211,9060000,0,9060000,9060000,0,5,68,'',0,12583,0,0,35),(764,'20200424-GS-0031','2020-04-21',213,5134000,0,5134000,5134000,0,5,68,'',0,12583,0,0,35),(765,'20200424-GS-0032','2020-04-21',212,1057000,0,1057000,1057000,0,5,69,'',0,12583,0,0,35),(766,'20200424-GS-0033','2020-04-21',311,1520000,0,1520000,0,1520000,5,69,'',0,12667,0,0,35),(767,'20200424-GS-0034','2020-04-21',217,648000,0,648000,648000,0,5,69,'',0,13500,0,0,35),(768,'20200424-GS-0035','2020-04-21',203,17974000,0,17974000,17974000,0,5,69,'',0,13500,0,0,35),(769,'20200424-GS-0036','2020-04-21',220,3718000,0,3718000,0,3718000,5,69,'',0,14083,0,0,35),(770,'20200424-GS-0037','2020-04-22',16,700000,0,700000,700000,0,5,73,'',0,14583,0,0,35),(771,'20200424-GS-0038','2020-04-22',109,1575000,0,1575000,1575000,0,5,73,'',0,14583,0,0,35),(772,'20200424-GS-0039','2020-04-22',198,1050000,0,1050000,1050000,0,5,73,'',0,14583,0,0,35),(773,'20200424-GS-0040','2020-04-22',46,2580000,0,2580000,2580000,0,5,73,'',0,14333,0,0,35),(774,'20200424-GS-0041','2020-04-22',35,5880000,0,5880000,5880000,0,5,73,'',0,14000,0,0,35),(775,'20200424-GS-0042','2020-04-22',312,6720000,0,6650000,6650000,0,5,73,'',5,14000,70000,0,35),(776,'20200424-GS-0043','2020-04-22',29,1680000,0,1680000,1680000,0,5,73,'',0,14000,0,0,35),(777,'20200424-GS-0044','2020-04-22',327,344000,0,344000,344000,0,5,73,'',0,14333,0,0,35),(778,'20200424-GS-0045','2020-04-22',164,0,0,0,0,0,5,73,'',0,0,0,1225000,35),(779,'20200424-GS-0046','2020-04-22',150,525000,0,525000,525000,0,5,73,'',0,14583,0,0,35),(780,'20200424-GS-0047','2020-04-22',139,1848000,0,1848000,1848000,0,5,73,'',0,14000,0,0,35),(781,'20200424-GS-0048','2020-04-22',97,700000,0,700000,700000,0,5,73,'',0,14583,0,0,35),(782,'20200424-GS-0049','2020-04-22',48,1050000,0,1050000,1050000,0,5,73,'',0,14583,0,0,35),(783,'20200424-GS-0050','2020-04-22',108,700000,0,700000,700000,0,5,73,'',0,14583,0,0,35),(784,'20200424-GS-0051','2020-04-22',79,2171000,0,2171000,2171000,0,5,73,'',0,13917,0,0,35),(785,'20200424-GS-0052','2020-04-22',26,1670000,0,1670000,1670000,0,5,73,'',0,13917,0,0,35),(786,'20200424-GS-0053','2020-04-22',178,875000,0,875000,875000,0,5,73,'',0,14583,0,0,35),(787,'20200424-GS-0054','2020-04-22',43,11270000,0,11270000,11270000,0,5,71,'',0,13417,0,0,35),(788,'20200424-GS-0055','2020-04-22',232,16904000,0,16904000,16904000,0,5,71,'',0,12250,0,0,35),(789,'20200424-GS-0056','2020-04-22',135,3542000,0,3542000,3542000,0,5,71,'',0,13417,0,0,35),(790,'20200424-GS-0057','2020-04-22',171,8007000,0,8007000,8007000,0,5,71,'',0,13083,0,0,35),(791,'20200424-GS-0058','2020-04-22',129,3078000,0,3078000,3078000,0,5,72,'',0,14250,0,0,35),(792,'20200424-GS-0059','2020-04-22',96,1720000,0,1720000,1720000,0,5,72,'',0,14333,0,0,35),(793,'20200424-GS-0060','2020-04-22',95,3440000,0,3440000,3440000,0,5,72,'',0,14333,0,0,35),(794,'20200424-GS-0061','2020-04-22',113,5845000,0,5845000,5845000,0,5,72,'',0,13917,0,0,35),(795,'20200424-GS-0062','2020-04-22',88,3420000,0,3420000,3420000,0,5,72,'',0,14250,0,0,35),(796,'20200424-GS-0063','2020-04-22',69,1710000,0,1710000,1710000,0,5,72,'',0,14250,0,0,35),(797,'20200424-GS-0064','2020-04-22',107,4702000,0,4702000,4702000,0,5,72,'',0,14250,0,0,35),(798,'20200424-GS-0065','2020-04-22',17,1026000,0,1026000,1026000,0,5,72,'',0,14250,0,0,35),(799,'20200424-GS-0066','2020-04-22',310,3432000,0,3432000,3432000,0,5,72,'',0,13000,0,0,35),(800,'20200424-GS-0067','2020-04-22',91,1710000,0,1710000,1710000,0,5,72,'',0,14250,0,0,35),(801,'20200424-GS-0068','2020-04-22',44,3420000,0,3420000,3420000,0,5,72,'',0,14250,0,0,35),(802,'20200424-GS-0069','2020-04-22',158,4222000,0,4194000,4194000,0,5,72,'',2,14000,28000,0,35),(803,'20200424-GS-0070','2020-04-22',647,5544000,0,5544000,5544000,0,5,72,'',0,14000,0,0,35),(804,'20200426-GS-0001','2020-04-24',134,167000,0,167000,167000,0,5,77,'',0,13917,0,0,35),(805,'20200426-GS-0002','2020-04-24',146,3360000,0,3360000,3360000,0,5,74,'',0,14000,0,0,35),(806,'20200426-GS-0003','2020-04-24',161,4368000,0,4368000,4368000,0,5,74,'',0,13000,0,0,35),(807,'20200426-GS-0004','2020-04-24',135,6118000,0,6118000,6118000,0,5,74,'',0,13417,0,0,35),(808,'20200426-GS-0005','2020-04-24',43,16100000,0,16100000,16100000,0,5,74,'',0,13417,0,0,35),(809,'20200426-GS-0006','2020-04-24',58,2254000,0,2254000,2254000,0,5,74,'',0,13417,0,0,35),(810,'20200426-GS-0007','2020-04-24',171,12560000,0,12560000,12560000,0,5,74,'',0,13083,0,0,35),(811,'20200426-GS-0008','2020-04-24',16,1050000,0,1050000,1050000,0,5,76,'',0,14583,0,0,35),(812,'20200426-GS-0009','2020-04-24',405,2450000,0,2450000,2450000,0,5,76,'',0,14583,0,0,35),(813,'20200426-GS-0010','2020-04-24',109,1925000,0,1925000,1925000,0,5,76,'',0,14583,0,0,35),(814,'20200426-GS-0011','2020-04-24',93,1925000,0,1925000,1925000,0,5,76,'',0,14583,0,0,35),(815,'20200426-GS-0012','2020-04-24',83,2625000,0,2625000,2625000,0,5,76,'',0,14583,0,0,35),(816,'20200426-GS-0013','2020-04-24',59,700000,0,700000,700000,0,5,76,'',0,14583,0,0,35),(817,'20200426-GS-0014','2020-04-24',198,1750000,0,1750000,1750000,0,5,76,'',0,14583,0,0,35),(818,'20200426-GS-0015','2020-04-24',144,1050000,0,1050000,1050000,0,5,76,'',0,14583,0,0,35),(819,'20200426-GS-0016','2020-04-24',33,1925000,0,1925000,1925000,0,5,76,'',0,14583,0,0,35),(820,'20200426-GS-0017','2020-04-24',67,1750000,0,1750000,1750000,0,5,76,'',0,14583,0,0,35),(821,'20200426-GS-0018','2020-04-24',35,10920000,0,10920000,10920000,0,5,76,'',0,14000,0,0,35),(822,'20200426-GS-0019','2020-04-24',29,1680000,0,1680000,1680000,0,5,76,'',0,14000,0,0,35),(823,'20200426-GS-0020','2020-04-24',51,1575000,0,1575000,1575000,0,5,76,'',0,14583,0,0,35),(824,'20200426-GS-0021','2020-04-24',131,700000,0,700000,700000,0,5,76,'',0,14583,0,0,35),(825,'20200426-GS-0022','2020-04-24',37,1050000,0,1050000,1050000,0,5,76,'',0,14583,0,0,35),(826,'20200426-GS-0023','2020-04-24',136,1925000,0,1925000,1925000,0,5,76,'',0,14583,0,0,35),(827,'20200426-GS-0024','2020-04-24',154,875000,0,875000,875000,0,5,76,'',0,14583,0,0,35),(828,'20200426-GS-0025','2020-04-24',54,1050000,0,1050000,1050000,0,5,76,'',0,14583,0,0,35),(829,'20200426-GS-0026','2020-04-24',121,525000,0,525000,525000,0,5,76,'',0,14583,0,0,35),(830,'20200426-GS-0027','2020-04-24',97,700000,0,700000,700000,0,5,76,'',0,14583,0,0,35),(831,'20200426-GS-0028','2020-04-24',108,350000,0,350000,350000,0,5,76,'',0,14583,0,0,35),(832,'20200426-GS-0029','2020-04-24',200,3150000,0,3150000,3150000,0,5,76,'',0,14583,0,0,35),(833,'20200426-GS-0030','2020-04-24',26,1670000,0,1670000,1670000,0,5,76,'',0,13917,0,0,35),(834,'20200426-GS-0031','2020-04-24',98,1225000,0,1225000,1225000,0,5,76,'',0,14583,0,0,35),(835,'20200426-GS-0032','2020-04-24',65,1548000,0,1548000,1548000,0,5,75,'',0,14333,0,0,35),(836,'20200426-GS-0033','2020-04-24',132,860000,0,860000,860000,0,5,75,'',0,14333,0,0,35),(837,'20200426-GS-0034','2020-04-24',95,6880000,0,6880000,6880000,0,5,75,'',0,14333,0,0,35),(838,'20200426-GS-0035','2020-04-24',113,9519000,0,9519000,9519000,0,5,75,'',0,13917,0,0,35),(839,'20200426-GS-0036','2020-04-24',147,2394000,0,2394000,2394000,0,5,75,'',0,14250,0,0,35),(840,'20200426-GS-0037','2020-04-24',69,1710000,0,1710000,1710000,0,5,75,'',0,14250,0,0,35),(841,'20200426-GS-0038','2020-04-24',88,10473000,0,10473000,10473000,0,5,75,'',0,14250,0,0,35),(842,'20200426-GS-0039','2020-04-24',107,2522000,0,2522000,2522000,0,5,75,'',0,14250,0,0,35),(843,'20200426-GS-0040','2020-04-24',310,3120000,0,3120000,0,3120000,5,75,'',0,13000,0,0,35),(844,'20200426-GS-0041','2020-04-24',91,1923000,0,1923000,1923000,0,5,75,'',0,14244,0,0,35),(845,'20200426-GS-0042','2020-04-24',158,6121000,0,5995000,3000000,2995000,5,75,'',9,14000,126000,0,35),(846,'20200426-GS-0043','2020-04-24',71,1368000,0,1368000,1368000,0,5,75,'',0,14250,0,0,35),(847,'20200426-GS-0044','2020-04-24',17,860000,0,860000,0,860000,5,75,'',0,14333,0,0,35),(848,'20200426-GS-0045','2020-04-24',96,1720000,0,1720000,1720000,0,5,75,'',0,14333,0,0,35),(849,'20200427-GS-0001','2020-04-25',88,17100000,0,17100000,17100000,0,5,78,'',0,14250,0,0,35),(850,'20200427-GS-0002','2020-04-25',9,3002000,0,3002000,3002000,0,5,79,'',0,14167,0,0,35),(851,'20200427-GS-0003','2020-04-25',11,2505000,0,2505000,2505000,0,5,79,'',0,13917,0,0,35),(852,'20200427-GS-0004','2020-04-25',15,1575000,0,1575000,1575000,0,5,79,'',0,14583,0,0,35),(853,'20200427-GS-0005','2020-04-25',21,800000,0,800000,800000,0,5,79,'',0,13333,0,0,35),(854,'20200427-GS-0006','2020-04-25',41,3150000,0,3150000,3150000,0,5,79,'',0,14583,0,0,35),(855,'20200427-GS-0007','2020-04-25',115,4200000,0,4200000,4200000,0,5,79,'',0,14583,0,0,35),(856,'20200427-GS-0008','2020-04-25',56,1750000,0,1750000,1750000,0,5,79,'',0,14583,0,0,35),(857,'20200427-GS-0009','2020-04-25',42,1925000,0,1925000,1925000,0,5,79,'',0,14583,0,0,35),(858,'20200427-GS-0010','2020-04-25',34,2100000,0,2100000,2100000,0,5,79,'',0,14583,0,0,35),(859,'20200427-GS-0011','2020-04-25',104,350000,0,350000,350000,0,5,79,'',0,14583,0,0,35),(860,'20200427-GS-0012','2020-04-25',47,1020000,0,1020000,1020000,0,5,79,'',0,14167,0,0,35),(861,'20200427-GS-0013','2020-04-25',28,3956000,0,3956000,3956000,0,5,79,'',0,14333,0,0,35),(862,'20200427-GS-0014','2020-04-25',52,338000,0,338000,338000,0,5,79,'',0,14083,0,0,35),(892,'20200427-GS-0043','2020-04-28',622,200000,0,200000,200000,0,13,0,'',0,8333,0,0,54),(864,'20200427-GS-0016','2020-04-25',168,1225000,0,1225000,1225000,0,5,79,'',0,14583,0,0,35),(865,'20200427-GS-0017','2020-04-25',84,2712000,0,2712000,2712000,0,5,79,'',0,14583,0,0,35),(866,'20200427-GS-0018','2020-04-25',103,1400000,0,1400000,1400000,0,5,79,'',0,14583,0,0,35),(867,'20200427-GS-0019','2020-04-25',23,1120000,0,1120000,1120000,0,5,80,'',0,13333,0,0,35),(868,'20200427-GS-0020','2020-04-25',117,516000,0,516000,516000,0,5,80,'',0,14333,0,0,35),(869,'20200427-GS-0021','2020-04-25',106,11220000,0,11220000,11220000,0,5,80,'',0,14167,0,0,35),(870,'20200427-GS-0022','2020-04-25',53,875000,0,875000,875000,0,5,80,'',0,14583,0,0,35),(871,'20200427-GS-0023','2020-04-25',133,5100000,0,5100000,5100000,0,5,80,'',0,14167,0,0,35),(872,'20200427-GS-0024','2020-04-25',18,1750000,0,1750000,1750000,0,5,80,'',0,14583,0,0,35),(873,'20200427-GS-0025','2020-04-25',142,6566000,0,6316000,6316000,0,5,80,'',18,13888,250000,1222000,35),(874,'20200427-GS-0026','2020-04-25',202,1064000,0,1064000,1064000,0,5,82,'',0,13500,0,0,35),(875,'20200427-GS-0027','2020-04-25',328,3040000,0,3040000,3040000,0,5,82,'',0,12667,0,0,35),(876,'20200427-GS-0028','2020-04-25',204,3040000,0,3040000,3040000,0,5,82,'',0,13500,0,0,35),(877,'20200427-GS-0029','2020-04-25',203,9044000,0,9044000,9044000,0,5,82,'',0,13500,0,0,35),(878,'20200427-GS-0030','2020-04-25',211,17516000,0,17516000,17516000,0,5,82,'',0,12583,0,0,35),(879,'20200427-GS-0031','2020-04-25',213,3020000,0,3020000,3020000,0,5,82,'',0,12583,0,0,35),(880,'20200427-GS-0032','2020-04-25',212,2416000,0,2416000,2416000,0,5,82,'',0,12583,0,0,35),(881,'20200427-GS-0033','2020-04-25',311,5320000,0,5320000,5320000,0,5,82,'',0,12667,0,0,35),(882,'20200427-GS-0034','2020-04-25',645,1520000,0,1520000,1520000,0,5,82,'',0,12667,0,0,35),(883,'20200427-GS-0035','2020-04-25',303,972000,0,972000,972000,0,5,82,'',0,13500,0,0,35),(884,'20200427-GS-0036','2020-04-25',323,16000000,0,16000000,16000000,0,5,81,'',0,13333,0,0,35),(885,'20200427-GS-0037','2020-04-25',169,2310000,0,2310000,2310000,0,5,81,'',0,12833,0,1540000,35),(886,'20200427-GS-0038','2020-04-25',125,0,0,0,0,0,5,81,'',18,0,0,0,35),(887,'20200427-GS-0039','2020-04-25',119,6160000,0,6160000,6160000,0,5,81,'',0,12833,0,0,35),(888,'20200427-GS-0040','2020-04-25',310,4017000,0,4017000,4017000,0,5,81,'',0,13000,0,3120000,35),(889,'20200427-GS-0041','2020-04-25',158,1899000,0,1899000,1899000,0,5,81,'',0,14067,0,2995000,35),(890,'20200427-GS-0042','2020-04-25',67,1575000,0,1575000,1575000,0,5,81,'',0,14583,0,0,35),(893,'20200427-GS-0044','2020-04-01',638,420000,0,420000,0,420000,13,0,'',0,17500,0,0,54);

/*Table structure for table `gas_wholesale_detail` */

DROP TABLE IF EXISTS `gas_wholesale_detail`;

CREATE TABLE `gas_wholesale_detail` (
  `id` int(11) NOT NULL AUTO_INCREMENT,
  `gas_wholesale_id` int(11) DEFAULT NULL,
  `shell_id` int(11) DEFAULT NULL COMMENT 'shell_id in shell_vendor',
  `quantity` int(11) DEFAULT NULL,
  `price` double DEFAULT NULL,
  `amount` double DEFAULT NULL,
  PRIMARY KEY (`id`)
) ENGINE=MyISAM AUTO_INCREMENT=952 DEFAULT CHARSET=utf8 COLLATE=utf8_unicode_ci;

/*Data for the table `gas_wholesale_detail` */

insert  into `gas_wholesale_detail`(`id`,`gas_wholesale_id`,`shell_id`,`quantity`,`price`,`amount`) values (1,1,1,100,161000,16100000),(2,2,1,10,161000,1610000),(3,3,1,60,161000,9660000),(4,4,1,35,157000,5495000),(5,5,1,80,147000,11760000),(6,5,4,5,551000,2755000),(7,6,1,4,172000,688000),(8,7,1,3,172000,516000),(9,8,1,7,172000,1204000),(10,9,1,10,172000,1720000),(11,10,1,20,172000,3440000),(12,11,1,40,167000,6680000),(13,12,1,25,171000,4275000),(14,13,1,8,171000,1368000),(15,14,1,20,171000,3420000),(16,15,1,21,171000,3591000),(17,16,1,8,171000,1368000),(18,17,1,9,169000,1521000),(19,18,1,35,156000,5460000),(20,19,1,8,171000,1368000),(21,20,1,7,172000,1204000),(22,21,1,7,175000,1225000),(23,22,1,12,175000,2100000),(24,23,1,25,175000,4375000),(25,24,1,6,175000,1050000),(26,25,1,9,175000,1575000),(27,26,1,8,175000,1400000),(28,27,1,12,175000,2100000),(29,28,1,16,172000,2752000),(30,29,1,18,175000,3150000),(31,30,1,125,168000,21000000),(32,31,1,20,168000,3360000),(33,32,1,10,175000,1750000),(34,33,1,10,168000,1680000),(35,34,1,8,175000,1400000),(36,35,1,6,175000,1050000),(37,36,1,7,175000,1225000),(38,37,1,4,168000,672000),(39,38,1,10,167000,1670000),(40,39,1,20,167000,3340000),(41,40,1,10,175000,1750000),(42,41,1,10,167000,1670000),(43,42,1,25,162000,4050000),(44,43,1,50,162000,8100000),(45,44,1,20,169000,3380000),(46,45,1,16,152000,2432000),(47,46,1,20,172000,3440000),(48,47,1,16,152000,2432000),(49,48,1,11,170000,1870000),(50,49,1,32,170000,5440000),(51,50,1,23,175000,4025000),(52,51,1,8,172000,1376000),(53,52,1,18,175000,3150000),(54,53,1,10,175000,1750000),(55,54,1,10,175000,1750000),(56,55,1,9,175000,1575000),(57,56,1,12,175000,2100000),(58,57,1,20,172000,3440000),(59,57,4,2,645000,1290000),(60,58,1,9,175000,1575000),(61,59,1,7,170000,1190000),(62,60,1,3,175000,525000),(63,61,1,15,175000,2625000),(64,62,1,32,167000,5344000),(65,63,1,16,167000,2672000),(66,64,1,8,175000,1400000),(67,65,1,20,160000,3200000),(68,66,1,10,160000,1600000),(69,67,1,5,172000,860000),(70,68,1,80,170000,13600000),(71,69,1,7,160000,1120000),(72,70,1,10,175000,1750000),(73,71,1,5,167000,835000),(74,72,1,10,175000,1750000),(75,73,1,15,175000,2625000),(76,74,1,5,175000,875000),(77,75,1,100,154000,15400000),(78,76,1,25,160000,4000000),(79,77,1,50,154000,7700000),(80,78,1,27,161000,4347000),(81,79,1,23,156000,3588000),(82,80,1,5,169000,845000),(83,81,1,12,175000,2100000),(84,82,1,12,175000,2100000),(85,83,1,5,175000,875000),(86,84,1,5,175000,875000),(87,85,1,6,175000,1050000),(88,86,1,3,167000,501000),(89,87,1,10,175000,1750000),(90,88,1,10,175000,1750000),(91,89,1,8,175000,1400000),(92,90,1,15,175000,2625000),(93,91,1,5,175000,875000),(94,92,1,54,168000,9072000),(95,93,1,30,168000,5040000),(96,94,1,10,168000,1680000),(97,95,1,3,175000,525000),(98,96,1,5,175000,875000),(99,97,1,4,175000,700000),(100,98,1,5,175000,875000),(101,99,1,4,175000,700000),(102,100,1,5,168000,840000),(103,101,1,6,175000,1050000),(104,102,1,3,175000,525000),(105,103,1,5,175000,875000),(106,104,1,4,175000,700000),(107,105,1,4,175000,700000),(108,106,1,5,175000,875000),(109,107,1,7,167000,1169000),(110,108,1,2,175000,350000),(111,109,1,3,175000,525000),(112,110,1,10,172000,1720000),(113,111,1,10,172000,1720000),(114,112,1,25,172000,4300000),(115,113,1,6,171000,1026000),(116,114,1,52,167000,8684000),(117,115,1,34,171000,5814000),(118,116,1,14,171000,2394000),(119,117,1,16,171000,2736000),(120,118,1,20,171000,3420000),(121,119,1,10,169000,1690000),(122,120,1,30,156000,4680000),(123,120,4,1,585000,585000),(124,121,1,13,171000,2223000),(125,122,1,10,171000,1710000),(126,123,1,7,172000,1204000),(127,124,1,12,172000,2064000),(128,125,1,5,172000,860000),(129,126,1,10,168000,1680000),(130,127,1,20,162000,3240000),(131,128,1,60,161000,9660000),(132,129,1,13,161000,2093000),(133,130,1,9,168000,1512000),(134,131,1,8,172000,1376000),(135,132,1,5,172000,860000),(136,133,1,12,168000,2016000),(137,134,1,142,161000,22862000),(138,135,1,45,156000,7020000),(139,136,1,8,156000,1248000),(140,137,1,6,161000,966000),(141,138,1,63,157000,9891000),(142,139,1,10,162000,1620000),(143,140,1,30,162000,4860000),(144,141,1,41,162000,6642000),(145,142,1,20,162000,3240000),(146,143,1,120,151000,18120000),(147,143,4,1,566000,566000),(148,144,1,36,151000,5436000),(149,145,1,10,151000,1510000),(150,145,4,3,566000,1698000),(151,146,1,5,152000,760000),(152,147,1,16,170000,2720000),(153,148,1,7,160000,1120000),(154,149,1,17,175000,2975000),(155,150,1,15,175000,2625000),(156,151,1,12,175000,2100000),(157,152,1,7,169000,1183000),(158,153,1,10,175000,1750000),(159,154,1,40,170000,6800000),(160,155,1,4,175000,700000),(161,156,1,13,170000,2210000),(162,157,1,9,175000,1575000),(163,158,1,7,175000,1225000),(164,159,1,5,175000,875000),(165,160,1,9,160000,1440000),(166,161,1,100,170000,17000000),(167,162,1,12,175000,2100000),(168,163,1,17,175000,2975000),(169,164,1,10,167000,1670000),(170,165,1,20,175000,3500000),(171,166,1,21,167000,3507000),(172,167,1,80,154000,12320000),(173,168,1,26,160000,4160000),(174,168,4,2,600000,1200000),(175,169,1,12,154000,1848000),(176,169,4,1,577000,577000),(177,170,1,20,172000,3440000),(178,171,1,20,156000,3120000),(179,172,1,14,175000,2450000),(180,174,1,1,166000,166000),(181,175,4,4,0,0),(182,176,1,14,175000,2450000),(183,177,1,50,161000,8050000),(184,178,1,6,156000,936000),(185,179,1,32,156000,4992000),(186,180,1,100,161000,16100000),(187,181,1,5,161000,805000),(188,182,1,53,157000,8321000),(189,183,1,4,161000,644000),(190,184,1,36,172000,6192000),(191,185,1,10,172000,1720000),(192,186,1,9,172000,1548000),(193,187,1,10,172000,1720000),(194,188,1,30,172000,5160000),(195,189,1,58,167000,9686000),(196,190,1,20,171000,3420000),(197,190,4,3,641000,1923000),(198,191,1,14,171000,2394000),(199,192,1,22,171000,3762000),(200,193,1,16,171000,2736000),(201,194,1,20,171000,3420000),(202,195,1,31,156000,4836000),(203,196,1,10,171000,1710000),(204,197,1,20,171000,3420000),(205,198,1,16,169000,2704000),(206,199,1,9,175000,1575000),(207,200,1,16,175000,2800000),(208,201,1,9,175000,1575000),(209,202,1,30,175000,5250000),(210,203,1,5,175000,875000),(211,204,1,10,175000,1750000),(212,205,1,8,175000,1400000),(213,206,1,16,175000,2800000),(214,206,4,1,656000,656000),(215,207,1,13,175000,2275000),(216,208,1,10,172000,1720000),(217,209,1,81,168000,13608000),(218,210,1,10,168000,1680000),(219,211,1,5,175000,875000),(220,212,1,8,175000,1400000),(221,213,1,9,175000,1575000),(222,214,1,20,168000,3360000),(223,215,1,8,175000,1400000),(224,216,1,5,175000,875000),(225,217,1,5,175000,875000),(226,218,1,10,175000,1750000),(227,219,1,7,175000,1225000),(228,220,1,6,175000,1050000),(229,221,1,3,175000,525000),(230,222,1,6,175000,1050000),(231,223,1,6,167000,1002000),(232,224,1,6,167000,1002000),(233,225,1,5,175000,875000),(234,226,1,4,175000,700000),(235,227,1,14,152000,2128000),(236,228,1,6,152000,912000),(237,229,1,20,162000,3240000),(238,229,4,1,570000,570000),(239,230,1,22,162000,3564000),(240,231,1,20,162000,3240000),(241,232,1,51,151000,7701000),(242,233,1,20,151000,3020000),(243,234,1,11,151000,1661000),(244,235,1,10,152000,1520000),(245,236,1,5,152000,760000),(246,237,1,6,168000,1008000),(247,238,1,16,170000,2720000),(248,239,1,22,167000,3674000),(249,240,1,22,170000,3740000),(250,241,1,11,175000,1925000),(251,242,1,4,160000,640000),(252,243,1,10,175000,1750000),(253,244,1,18,175000,3150000),(254,245,1,11,160000,1760000),(255,246,1,9,175000,1575000),(256,246,4,2,656000,1312000),(257,247,1,5,169000,845000),(258,248,1,20,175000,3500000),(259,249,1,3,175000,525000),(260,250,1,6,175000,1050000),(261,251,1,7,170000,1190000),(262,252,1,5,175000,875000),(263,253,1,26,172000,4472000),(264,254,1,4,175000,700000),(265,255,1,14,175000,2450000),(266,256,1,18,175000,3150000),(267,256,4,1,656000,656000),(268,257,1,11,160000,1760000),(269,258,1,8,175000,1400000),(270,259,1,14,175000,2450000),(271,260,1,15,167000,2505000),(272,260,4,2,611000,1222000),(273,261,1,100,170000,17000000),(274,262,1,7,167000,1169000),(275,263,1,20,156000,3120000),(276,264,1,120,154000,18480000),(277,264,4,3,577000,1731000),(278,265,1,21,160000,3360000),(279,265,4,1,600000,600000),(280,266,1,15,0,0),(281,266,4,9,0,0),(282,267,1,10,161000,1610000),(283,268,1,17,161000,2737000),(284,269,1,80,161000,12880000),(285,270,1,6,175000,1050000),(286,271,1,61,147000,8967000),(287,271,4,3,551000,1653000),(288,272,1,40,157000,6280000),(289,273,1,39,161000,6279000),(290,274,1,8,172000,1376000),(291,275,1,6,172000,1032000),(292,276,1,30,167000,5010000),(293,277,1,30,171000,5130000),(294,278,1,15,171000,2565000),(295,279,1,14,171000,2394000),(296,280,1,21,156000,3276000),(297,281,1,14,171000,2394000),(298,282,1,26,171000,4446000),(299,283,1,9,169000,1521000),(300,283,4,3,633000,1899000),(301,284,1,10,171000,1710000),(302,285,1,2,175000,350000),(303,286,1,7,175000,1225000),(304,287,1,4,175000,700000),(305,288,1,4,175000,700000),(306,289,1,5,175000,875000),(307,290,1,47,168000,7896000),(308,291,1,10,168000,1680000),(309,292,1,9,168000,1512000),(310,293,1,3,175000,525000),(311,294,1,3,175000,525000),(312,295,1,5,175000,875000),(313,296,1,3,175000,525000),(314,297,1,4,175000,700000),(315,298,1,13,175000,2275000),(316,299,1,2,172000,344000),(317,300,1,4,175000,700000),(318,301,1,15,167000,2505000),(319,302,1,20,167000,3340000),(320,303,1,12,170000,2040000),(321,304,1,14,167000,2338000),(322,305,1,12,175000,2100000),(323,306,1,5,175000,875000),(324,307,1,10,175000,1750000),(325,308,1,15,175000,2625000),(326,309,1,8,175000,1400000),(327,310,1,6,175000,1050000),(328,311,1,6,175000,1050000),(329,312,1,24,172000,4128000),(330,312,4,1,645000,645000),(331,313,1,18,172000,3096000),(332,314,1,5,175000,875000),(333,315,1,3,175000,525000),(334,316,1,9,170000,1530000),(335,317,1,10,175000,1750000),(336,318,1,11,160000,1760000),(337,319,1,70,170000,11900000),(338,320,1,11,160000,1760000),(339,321,1,21,160000,3360000),(340,322,1,9,175000,1575000),(341,323,1,15,167000,2505000),(342,324,1,6,167000,1002000),(343,325,1,30,154000,4620000),(344,326,1,30,154000,4620000),(345,327,1,70,160000,11200000),(346,328,1,13,154000,2002000),(347,328,4,1,577000,577000),(348,329,4,9,0,0),(349,330,1,20,162000,3240000),(350,331,1,61,162000,9882000),(351,332,1,21,151000,3171000),(352,333,1,5,151000,755000),(353,334,1,12,152000,1824000),(354,335,1,140,162000,22680000),(355,336,1,14,162000,2268000),(356,337,1,6,152000,912000),(357,338,1,41,151000,6191000),(358,338,4,1,566000,566000),(359,339,1,140,161000,22540000),(360,340,1,30,156000,4680000),(361,341,1,7,156000,1092000),(362,342,1,6,161000,966000),(363,343,1,43,157000,6751000),(364,344,1,30,161000,4830000),(365,344,4,5,604000,3020000),(366,345,1,10,168000,1680000),(367,346,1,9,175000,1575000),(368,347,1,15,175000,2625000),(369,348,1,3,175000,525000),(370,349,1,13,175000,2275000),(371,350,1,10,175000,1750000),(372,350,4,1,656000,656000),(373,351,1,12,175000,2100000),(374,352,1,10,175000,1750000),(375,353,1,14,175000,2450000),(376,354,1,56,168000,9408000),(377,355,1,10,168000,1680000),(378,356,1,14,175000,2450000),(379,357,1,6,175000,1050000),(380,358,1,3,175000,525000),(381,359,1,9,175000,1575000),(382,360,1,6,175000,1050000),(383,361,1,8,175000,1400000),(384,362,1,4,168000,672000),(385,363,1,20,168000,3360000),(386,364,1,13,175000,2275000),(387,365,1,5,175000,875000),(388,366,1,4,175000,700000),(389,367,1,6,175000,1050000),(390,368,1,4,175000,700000),(391,369,1,3,175000,525000),(392,370,1,2,175000,350000),(393,371,1,10,167000,1670000),(394,372,1,12,172000,2064000),(395,372,4,1,645000,645000),(396,373,1,6,172000,1032000),(397,374,1,32,172000,5504000),(398,375,1,12,171000,2052000),(399,376,1,52,171000,8892000),(400,377,1,15,171000,2565000),(401,378,1,19,171000,3249000),(402,379,1,12,171000,2052000),(403,379,4,2,641000,1282000),(404,380,1,60,167000,10020000),(405,381,1,14,169000,2366000),(406,382,1,31,156000,4836000),(407,382,4,3,585000,1755000),(408,383,1,10,172000,1720000),(409,384,1,10,170000,1700000),(410,385,1,11,167000,1837000),(411,386,1,14,175000,2450000),(412,387,1,14,175000,2450000),(413,388,1,10,175000,1750000),(414,389,1,11,175000,1925000),(415,390,1,10,175000,1750000),(416,391,1,8,169000,1352000),(417,392,1,22,175000,3850000),(418,393,1,30,172000,5160000),(419,394,1,12,175000,2100000),(420,395,1,6,160000,960000),(421,396,1,70,170000,11900000),(422,397,1,7,160000,1120000),(423,398,1,5,160000,800000),(424,399,1,5,175000,875000),(425,400,1,10,175000,1750000),(426,401,1,20,167000,3340000),(427,402,1,1,167000,167000),(428,403,1,50,154000,7700000),(429,404,1,50,160000,8000000),(430,405,1,14,152000,2128000),(431,406,1,4,152000,608000),(432,406,4,1,570000,570000),(433,407,1,22,162000,3564000),(434,408,1,60,162000,9720000),(435,409,1,32,151000,4832000),(436,410,1,22,152000,3344000),(437,411,1,7,151000,1057000),(438,412,1,16,151000,2416000),(439,413,1,17,162000,2754000),(440,414,1,5,162000,810000),(441,415,1,5,162000,810000),(442,416,1,11,152000,1672000),(443,417,1,5,167000,835000),(444,418,1,1,167000,167000),(445,419,1,21,175000,3675000),(446,420,1,105,161000,16905000),(447,421,1,5,161000,805000),(448,422,1,20,168000,3360000),(449,423,1,53,161000,8533000),(450,424,1,77,157000,12089000),(451,425,1,18,172000,3096000),(452,426,1,6,175000,1050000),(453,427,1,25,175000,4375000),(454,428,1,4,175000,700000),(455,429,1,7,175000,1225000),(456,430,1,7,175000,1225000),(457,431,1,11,175000,1925000),(458,432,1,15,172000,2580000),(459,433,1,2,175000,350000),(460,434,1,82,168000,13776000),(461,435,1,50,168000,8400000),(462,436,1,10,168000,1680000),(463,437,1,5,175000,875000),(464,438,1,9,175000,1575000),(465,439,1,13,168000,2184000),(466,440,1,9,175000,1575000),(467,441,1,7,175000,1225000),(468,442,1,10,175000,1750000),(469,443,1,15,175000,2625000),(470,444,1,10,175000,1750000),(471,445,1,4,175000,700000),(472,448,1,11,175000,1925000),(473,449,1,2,172000,344000),(474,450,1,4,175000,700000),(475,451,1,10,167000,1670000),(476,452,1,10,172000,1720000),(477,453,1,6,172000,1032000),(478,454,1,8,172000,1376000),(479,455,1,19,172000,3268000),(480,456,1,50,167000,8350000),(481,457,1,20,171000,3420000),(482,458,1,19,171000,3249000),(483,459,1,15,171000,2565000),(484,460,1,12,171000,2052000),(485,461,1,22,171000,3762000),(486,462,1,10,169000,1690000),(487,462,4,3,633000,1899000),(488,463,1,45,156000,7020000),(489,464,1,10,171000,1710000),(490,465,1,25,171000,4275000),(491,466,1,15,162000,2430000),(492,467,1,30,162000,4860000),(493,468,1,30,162000,4860000),(494,469,1,18,152000,2736000),(495,470,1,34,151000,5134000),(496,471,1,15,162000,2430000),(497,472,1,38,151000,5738000),(498,473,1,5,162000,810000),(499,474,1,15,170000,2550000),(500,475,1,19,167000,3173000),(501,476,1,12,175000,2100000),(502,477,1,6,160000,960000),(503,478,1,5,172000,860000),(504,479,1,18,175000,3150000),(505,480,1,10,175000,1750000),(506,481,1,20,175000,3500000),(507,482,1,14,175000,2450000),(508,483,1,14,175000,2450000),(509,484,1,6,169000,1014000),(510,485,1,8,175000,1400000),(511,486,1,28,172000,4816000),(512,487,1,14,172000,2408000),(513,487,4,1,650000,650000),(514,488,1,4,175000,700000),(515,489,1,13,175000,2275000),(516,490,1,9,175000,1575000),(517,491,1,14,170000,2380000),(518,492,1,15,175000,2625000),(519,493,1,9,160000,1440000),(520,494,1,90,170000,15300000),(521,495,1,10,160000,1600000),(522,496,1,20,167000,3340000),(523,496,4,2,611000,1222000),(524,497,1,14,175000,2450000),(525,498,1,50,154000,7700000),(526,499,1,30,160000,4800000),(527,499,4,3,600000,1800000),(528,500,1,11,154000,1694000),(529,501,1,22,161000,3542000),(778,734,1,21,170000,3570000),(531,503,1,5,167000,835000),(532,504,1,4,175000,700000),(533,505,1,9,175000,1575000),(534,506,1,10,175000,1750000),(535,507,1,3,175000,525000),(536,508,1,4,175000,700000),(537,508,4,1,656000,656000),(538,509,1,7,175000,1225000),(539,510,1,7,175000,1225000),(540,511,1,70,168000,11760000),(541,512,1,10,168000,1680000),(542,513,1,3,175000,525000),(543,514,1,5,175000,875000),(544,515,1,15,167000,2505000),(545,516,1,2,175000,350000),(546,517,1,7,172000,1204000),(547,518,1,6,172000,1032000),(548,519,1,7,172000,1204000),(549,520,1,20,172000,3440000),(550,521,1,40,156000,6240000),(551,522,1,10,171000,1710000),(552,523,1,60,167000,10020000),(553,524,1,17,171000,2907000),(554,525,1,30,171000,5130000),(555,526,1,14,171000,2394000),(556,527,1,9,169000,1521000),(557,528,1,4,172000,688000),(558,529,1,100,161000,16100000),(559,530,1,20,156000,3120000),(560,531,1,58,157000,9106000),(561,532,1,71,147000,10437000),(562,533,1,30,161000,4830000),(563,534,1,20,162000,3240000),(564,535,1,33,151000,4983000),(565,535,4,1,566000,566000),(566,536,1,19,151000,2869000),(567,537,1,10,162000,1620000),(568,538,1,2,175000,350000),(569,539,1,12,170000,2040000),(570,539,4,1,623000,623000),(571,540,1,15,167000,2505000),(572,541,1,13,160000,2080000),(573,542,1,6,175000,1050000),(574,543,1,6,160000,960000),(575,544,1,10,175000,1750000),(576,545,1,10,175000,1750000),(577,546,1,10,175000,1750000),(578,547,1,13,175000,2275000),(579,548,1,16,175000,2800000),(580,549,1,9,175000,1575000),(581,550,1,12,175000,2100000),(582,551,1,5,175000,875000),(583,552,1,3,170000,510000),(584,553,1,6,175000,1050000),(585,554,1,26,172000,4472000),(586,554,4,2,645000,1290000),(587,555,1,8,175000,1400000),(588,556,1,9,175000,1575000),(589,557,1,14,175000,2450000),(590,558,1,58,170000,9860000),(591,559,1,10,175000,1750000),(592,560,1,25,167000,4175000),(593,561,4,4,0,0),(594,562,1,7,175000,1225000),(595,563,1,11,175000,1925000),(596,564,1,12,175000,2100000),(597,565,1,16,175000,2800000),(598,566,1,7,175000,1225000),(599,567,1,6,175000,1050000),(600,568,1,8,175000,1400000),(601,568,4,2,656000,1312000),(602,569,1,17,175000,2975000),(603,570,1,13,175000,2275000),(604,571,1,10,175000,1750000),(605,572,1,7,175000,1225000),(606,573,4,2,656000,1312000),(607,574,1,5,175000,875000),(608,575,1,75,168000,12600000),(609,576,1,10,168000,1680000),(610,577,1,3,175000,525000),(611,578,1,4,175000,700000),(612,579,1,7,175000,1225000),(613,580,1,5,175000,875000),(614,581,1,5,175000,875000),(615,582,1,11,175000,1925000),(616,583,1,7,175000,1225000),(617,584,1,2,175000,350000),(618,585,1,5,175000,875000),(619,586,1,4,175000,700000),(620,587,1,5,175000,875000),(621,588,1,20,167000,3340000),(622,589,1,11,172000,1892000),(623,590,1,11,172000,1892000),(624,591,1,6,172000,1032000),(625,592,1,34,172000,5848000),(626,593,1,50,167000,8350000),(627,594,1,40,171000,6840000),(628,595,1,21,171000,3591000),(629,596,1,12,171000,2052000),(630,597,1,10,171000,1710000),(631,598,1,15,171000,2565000),(632,599,1,23,169000,3887000),(633,600,1,29,156000,4524000),(634,601,1,18,171000,3078000),(635,602,1,10,167000,1670000),(636,603,1,1,167000,167000),(637,604,1,9,175000,1575000),(638,605,1,31,172000,5332000),(639,605,4,2,645000,1290000),(640,606,1,7,161000,1127000),(641,607,1,40,161000,6440000),(642,608,1,8,156000,1248000),(643,609,1,26,156000,4056000),(644,610,1,15,161000,2415000),(645,610,4,2,604000,1208000),(646,611,1,9,175000,1575000),(647,612,1,31,172000,5332000),(648,612,4,2,645000,1290000),(649,613,1,7,161000,1127000),(650,614,1,40,161000,6440000),(651,615,1,8,156000,1248000),(652,616,1,26,156000,4056000),(653,617,1,15,161000,2415000),(654,617,4,2,604000,1208000),(655,618,1,67,157000,10519000),(656,619,1,110,161000,17710000),(657,620,1,10,167000,1670000),(658,621,1,1,167000,167000),(659,622,1,1,167000,167000),(660,623,1,20,162000,3240000),(661,624,1,45,161000,7245000),(662,625,1,47,157000,7379000),(663,626,1,24,156000,3744000),(664,627,1,17,156000,2652000),(665,628,1,6,161000,966000),(666,629,1,120,161000,19320000),(667,630,1,6,161000,966000),(668,631,1,4,175000,700000),(669,632,1,6,175000,1050000),(670,633,1,13,175000,2275000),(671,634,1,7,175000,1225000),(672,635,1,6,175000,1050000),(673,636,1,6,175000,1050000),(674,637,1,11,175000,1925000),(675,638,1,10,175000,1750000),(676,639,1,10,175000,1750000),(677,640,1,15,172000,2580000),(678,641,1,53,168000,8904000),(679,642,1,10,168000,1680000),(680,643,1,7,175000,1225000),(681,644,1,4,175000,700000),(682,645,1,6,175000,1050000),(683,646,1,7,175000,1225000),(684,647,1,10,168000,1680000),(685,648,1,14,175000,2450000),(686,649,1,4,175000,700000),(687,650,1,3,175000,525000),(688,651,1,15,167000,2505000),(689,652,1,17,172000,2924000),(690,653,1,8,172000,1376000),(691,654,1,39,172000,6708000),(692,655,1,50,167000,8350000),(693,656,1,18,171000,3078000),(694,657,1,15,171000,2565000),(695,658,1,10,171000,1710000),(696,659,1,30,171000,5130000),(697,660,1,21,171000,3591000),(698,661,1,10,169000,1690000),(699,662,1,41,156000,6396000),(700,662,4,2,585000,1170000),(701,663,1,10,170000,1700000),(702,664,1,21,167000,3507000),(703,665,1,11,175000,1925000),(704,665,4,1,656000,656000),(705,666,1,10,175000,1750000),(706,667,1,7,175000,1225000),(707,668,1,10,175000,1750000),(708,669,1,8,175000,1400000),(709,670,1,6,175000,1050000),(710,671,1,16,175000,2800000),(711,672,4,1,645000,645000),(712,673,1,4,175000,700000),(713,674,1,5,170000,850000),(714,675,1,40,172000,6880000),(715,676,1,70,170000,11900000),(716,677,1,5,160000,800000),(717,678,1,9,175000,1575000),(718,679,1,12,152000,1824000),(719,680,1,8,162000,1296000),(720,681,1,40,152000,6080000),(721,682,1,29,151000,4379000),(722,682,4,1,566000,566000),(723,683,1,22,151000,3322000),(724,684,1,10,152000,1520000),(725,685,1,16,152000,2432000),(726,686,1,22,162000,3564000),(727,688,1,18,170000,3060000),(728,689,1,14,167000,2338000),(729,690,1,22,170000,3740000),(730,691,1,5,160000,800000),(731,692,1,6,175000,1050000),(732,693,1,15,175000,2625000),(733,693,4,4,656000,2624000),(734,694,1,17,175000,2975000),(735,695,1,10,175000,1750000),(736,696,1,3,172000,516000),(737,697,1,11,175000,1925000),(738,698,1,11,175000,1925000),(739,698,4,2,656000,1312000),(740,699,1,10,169000,1690000),(741,700,1,6,175000,1050000),(742,701,1,12,175000,2100000),(743,702,1,26,172000,4472000),(744,703,1,17,175000,2975000),(745,704,1,8,170000,1360000),(746,705,1,7,160000,1120000),(747,706,1,80,170000,13600000),(748,707,1,16,167000,2672000),(749,708,1,9,175000,1575000),(750,709,1,11,175000,1925000),(751,710,1,20,152000,3040000),(752,711,1,7,152000,1064000),(753,712,1,26,162000,4212000),(754,713,1,8,162000,1296000),(755,714,1,20,152000,3040000),(756,715,1,20,162000,3240000),(757,716,1,30,162000,4860000),(758,717,1,15,151000,2265000),(759,718,1,24,152000,3648000),(760,719,1,26,151000,3926000),(761,720,1,15,152000,2280000),(762,721,1,34,151000,5134000),(763,722,1,30,154000,4620000),(764,723,1,60,154000,9240000),(765,723,4,1,577000,577000),(766,724,1,26,154000,4004000),(767,725,1,16,0,0),(768,725,4,10,0,0),(769,726,1,19,171000,3249000),(770,727,1,5,175000,875000),(771,728,1,30,154000,4620000),(772,729,1,25,154000,3850000),(773,730,1,30,160000,4800000),(774,730,4,3,600000,1800000),(775,731,1,10,154000,1540000),(776,732,1,25,156000,3900000),(779,735,1,9,167000,1503000),(780,735,4,2,626000,1252000),(781,736,1,10,160000,1600000),(782,736,4,3,600000,1800000),(783,737,1,6,160000,960000),(784,738,1,18,175000,3150000),(785,739,1,16,175000,2800000),(786,740,1,12,175000,2100000),(787,741,1,6,175000,1050000),(788,742,1,12,175000,2100000),(789,743,1,8,175000,1400000),(790,744,1,19,172000,3268000),(791,745,1,3,175000,525000),(792,746,1,14,172000,2408000),(793,747,1,9,169000,1521000),(794,748,1,9,160000,1440000),(795,749,1,50,170000,8500000),(796,750,1,12,160000,1920000),(797,751,1,4,175000,700000),(798,752,1,13,175000,2275000),(799,753,1,20,167000,3340000),(800,754,1,60,171000,10260000),(801,755,1,40,154000,6160000),(802,756,1,45,160000,7200000),(803,757,1,10,154000,1540000),(804,758,1,15,161000,2415000),(805,759,1,32,156000,4992000),(806,760,1,17,162000,2754000),(807,761,1,20,152000,3040000),(808,762,1,56,162000,9072000),(809,763,1,60,151000,9060000),(810,764,1,34,151000,5134000),(811,765,1,7,151000,1057000),(812,766,1,10,152000,1520000),(813,767,1,4,162000,648000),(814,768,1,107,162000,17334000),(815,768,4,3,570000,1710000),(816,769,1,22,169000,3718000),(817,770,1,4,175000,700000),(818,771,1,9,175000,1575000),(819,772,1,6,175000,1050000),(820,773,1,15,172000,2580000),(821,774,1,35,168000,5880000),(822,775,1,40,168000,6720000),(823,776,1,10,168000,1680000),(824,777,1,2,172000,344000),(825,779,1,3,175000,525000),(826,780,1,11,168000,1848000),(827,781,1,4,175000,700000),(828,782,1,6,175000,1050000),(829,783,1,4,175000,700000),(830,784,1,13,167000,2171000),(831,785,1,10,167000,1670000),(832,786,1,5,175000,875000),(833,787,1,70,161000,11270000),(834,788,1,100,147000,14700000),(835,788,4,4,551000,2204000),(836,789,1,22,161000,3542000),(837,790,1,51,157000,8007000),(838,791,1,18,171000,3078000),(839,792,1,10,172000,1720000),(840,793,1,20,172000,3440000),(841,794,1,35,167000,5845000),(842,795,1,20,171000,3420000),(843,796,1,10,171000,1710000),(844,797,1,20,171000,3420000),(845,797,4,2,641000,1282000),(846,798,1,6,171000,1026000),(847,799,1,22,156000,3432000),(848,800,1,10,171000,1710000),(849,801,1,20,171000,3420000),(850,802,1,10,169000,1690000),(851,802,4,4,633000,2532000),(852,803,1,33,168000,5544000),(853,804,1,1,167000,167000),(854,805,1,20,168000,3360000),(855,806,1,28,156000,4368000),(856,807,1,38,161000,6118000),(857,808,1,100,161000,16100000),(858,809,1,14,161000,2254000),(859,810,1,80,157000,12560000),(860,811,1,6,175000,1050000),(861,812,1,14,175000,2450000),(862,813,1,11,175000,1925000),(863,814,1,11,175000,1925000),(864,815,1,15,175000,2625000),(865,816,1,4,175000,700000),(866,817,1,10,175000,1750000),(867,818,1,6,175000,1050000),(868,819,1,11,175000,1925000),(869,820,1,10,175000,1750000),(870,821,1,65,168000,10920000),(871,822,1,10,168000,1680000),(872,823,1,9,175000,1575000),(873,824,1,4,175000,700000),(874,825,1,6,175000,1050000),(875,826,1,11,175000,1925000),(876,827,1,5,175000,875000),(877,828,1,6,175000,1050000),(878,829,1,3,175000,525000),(879,830,1,4,175000,700000),(880,831,1,2,175000,350000),(881,832,1,18,175000,3150000),(882,833,1,10,167000,1670000),(883,834,1,7,175000,1225000),(884,835,1,9,172000,1548000),(885,836,1,5,172000,860000),(886,837,1,40,172000,6880000),(887,838,1,57,167000,9519000),(888,839,1,14,171000,2394000),(889,840,1,10,171000,1710000),(890,841,1,50,171000,8550000),(891,841,4,3,641000,1923000),(892,842,1,11,171000,1881000),(893,842,4,1,641000,641000),(894,843,1,20,156000,3120000),(895,844,4,3,641000,1923000),(896,845,1,10,169000,1690000),(897,845,4,7,633000,4431000),(898,846,1,8,171000,1368000),(899,847,1,5,172000,860000),(900,848,1,10,172000,1720000),(901,849,1,100,171000,17100000),(902,850,1,14,170000,2380000),(903,850,4,1,622000,622000),(904,851,1,15,167000,2505000),(905,852,1,9,175000,1575000),(906,853,1,5,160000,800000),(907,854,1,18,175000,3150000),(908,855,1,24,175000,4200000),(909,856,1,10,175000,1750000),(910,857,1,11,175000,1925000),(911,858,1,12,175000,2100000),(912,859,1,2,175000,350000),(913,860,1,6,170000,1020000),(914,861,1,23,172000,3956000),(915,862,1,2,169000,338000),(950,892,45,2,100000,200000),(917,864,1,7,175000,1225000),(918,865,1,8,175000,1400000),(919,865,4,2,656000,1312000),(920,866,1,8,175000,1400000),(921,867,1,7,160000,1120000),(922,868,1,3,172000,516000),(923,869,1,66,170000,11220000),(924,870,1,5,175000,875000),(925,871,1,30,170000,5100000),(926,872,1,10,175000,1750000),(927,873,1,32,167000,5344000),(928,873,4,2,611000,1222000),(929,874,1,7,162000,1134000),(930,875,1,20,152000,3040000),(931,876,1,20,162000,3240000),(932,877,1,52,162000,8424000),(933,877,4,2,570000,1140000),(934,878,1,116,151000,17516000),(935,879,1,20,151000,3020000),(936,880,1,16,151000,2416000),(937,881,1,35,152000,5320000),(938,882,1,10,152000,1520000),(939,883,1,6,162000,972000),(940,884,1,100,160000,16000000),(941,885,1,15,154000,2310000),(942,886,1,17,0,0),(943,886,4,10,0,0),(944,887,1,40,154000,6160000),(945,888,1,22,156000,3432000),(946,888,4,1,585000,585000),(947,889,4,3,633000,1899000),(948,890,1,9,175000,1575000),(951,893,45,2,210000,420000);

/*Table structure for table `gas_wholesale_fee` */

DROP TABLE IF EXISTS `gas_wholesale_fee`;

CREATE TABLE `gas_wholesale_fee` (
  `id` int(11) NOT NULL AUTO_INCREMENT,
  `name` varchar(255) COLLATE utf8_unicode_ci DEFAULT NULL,
  `kind` int(2) DEFAULT '1' COMMENT '1:tang, -1:giam',
  `status` int(1) DEFAULT '1',
  PRIMARY KEY (`id`)
) ENGINE=InnoDB AUTO_INCREMENT=4 DEFAULT CHARSET=utf8 COLLATE=utf8_unicode_ci;

/*Data for the table `gas_wholesale_fee` */

insert  into `gas_wholesale_fee`(`id`,`name`,`kind`,`status`) values (1,'Hỗ trợ',-1,1),(2,'Chiết Khấu',-1,1),(3,'Bao giá',-1,1);

/*Table structure for table `gas_wholesale_fee_detail` */

DROP TABLE IF EXISTS `gas_wholesale_fee_detail`;

CREATE TABLE `gas_wholesale_fee_detail` (
  `id` int(11) NOT NULL AUTO_INCREMENT,
  `gas_wholesale_id` int(11) DEFAULT NULL,
  `fee_id` int(11) DEFAULT NULL,
  `kind` int(2) DEFAULT NULL,
  `amount` double DEFAULT NULL,
  `note` text COLLATE utf8_unicode_ci,
  PRIMARY KEY (`id`)
) ENGINE=InnoDB AUTO_INCREMENT=134 DEFAULT CHARSET=utf8 COLLATE=utf8_unicode_ci;

/*Data for the table `gas_wholesale_fee_detail` */

insert  into `gas_wholesale_fee_detail`(`id`,`gas_wholesale_id`,`fee_id`,`kind`,`amount`,`note`) values (1,1,3,-1,10620000,''),(2,3,3,-1,4914000,''),(3,4,3,-1,4692000,''),(4,5,3,-1,1777000,''),(5,8,3,-1,483000,''),(6,10,3,-1,2277000,''),(7,11,3,-1,2070000,''),(8,12,3,-1,3450000,''),(9,13,3,-1,1311000,''),(10,16,3,-1,1311000,''),(11,18,3,-1,2415000,''),(12,21,3,-1,552000,''),(13,22,3,-1,1242000,''),(14,27,3,-1,276000,''),(15,28,3,-1,1380000,''),(16,29,3,-1,690000,''),(17,30,3,-1,5520000,''),(18,31,3,-1,1380000,''),(19,33,3,-1,1035000,''),(20,38,3,-1,276000,''),(21,39,3,-1,483000,''),(22,42,1,-1,1885000,''),(23,43,1,-1,3950000,''),(24,46,3,-1,1587000,''),(25,47,3,-1,1380000,''),(26,48,3,-1,621000,''),(27,50,3,-1,552000,''),(28,53,3,-1,690000,''),(29,54,3,-1,1035000,''),(30,55,3,-1,966000,''),(31,56,3,-1,414000,''),(32,58,3,-1,483000,''),(33,59,3,-1,621000,''),(34,61,3,-1,1035000,''),(35,62,3,-1,1380000,''),(36,63,3,-1,690000,''),(37,68,3,-1,4140000,''),(38,69,3,-1,276000,''),(39,70,3,-1,690000,''),(40,75,3,-1,6900000,''),(41,76,3,-1,3310000,''),(42,81,2,-1,70000,''),(43,84,2,-1,576000,''),(44,85,2,-1,168000,''),(45,87,2,-1,403000,''),(46,88,2,-1,1070000,''),(47,89,2,-1,140000,''),(48,90,2,-1,2418000,''),(49,91,2,-1,155000,''),(50,97,2,-1,698000,''),(51,101,2,-1,414000,''),(52,104,2,-1,338000,''),(53,107,2,-1,800000,''),(54,110,2,-1,547000,''),(55,111,2,-1,364000,''),(56,112,2,-1,2086000,''),(57,114,2,-1,13684000,''),(58,115,2,-1,4323000,''),(59,116,2,-1,1367000,''),(60,117,2,-1,445000,''),(61,118,2,-1,815000,''),(62,122,2,-1,1262000,''),(63,123,2,-1,345000,''),(64,124,2,-1,646000,''),(65,125,2,-1,348000,''),(66,126,3,-1,1380000,''),(67,127,2,-1,90000,''),(68,128,3,-1,210000,''),(69,129,2,-1,406000,''),(70,132,3,-1,276000,''),(71,135,3,-1,2553000,''),(72,136,3,-1,1010000,''),(73,137,3,-1,621000,''),(74,138,2,-1,8557000,''),(75,139,2,-1,1485000,''),(76,140,2,-1,3871000,''),(77,141,2,-1,2491000,''),(78,143,2,-1,12468000,''),(79,145,2,-1,1035000,''),(80,147,2,-1,1683000,''),(81,149,2,-1,1859000,''),(82,150,2,-1,1729000,''),(83,151,2,-1,1563000,''),(84,152,2,-1,483000,''),(85,153,2,-1,1104000,''),(86,154,2,-1,6496000,''),(87,155,2,-1,560000,''),(88,158,2,-1,435000,''),(89,161,2,-1,11925000,''),(90,162,2,-1,538000,''),(91,163,2,-1,811000,''),(92,166,2,-1,1110000,''),(93,169,3,-1,1932000,''),(94,172,2,-1,2018000,''),(95,180,2,-1,17142000,''),(96,202,2,-1,648000,''),(97,205,2,-1,1200000,''),(98,206,2,-1,1093000,''),(99,208,2,-1,1140000,''),(100,227,2,-1,1908000,''),(101,228,2,-1,42000,''),(102,229,1,-1,200000,''),(103,230,1,-1,220000,''),(104,231,1,-1,200000,''),(105,232,1,-1,24000,''),(106,325,2,-1,506000,''),(107,330,1,-1,200000,''),(108,331,1,-1,610000,''),(109,335,1,-1,1400000,''),(110,336,1,-1,140000,''),(111,408,1,-1,600000,''),(112,411,1,-1,95000,''),(113,413,1,-1,170000,''),(114,407,1,-1,220000,''),(115,466,1,-1,150000,''),(116,467,1,-1,300000,''),(117,468,1,-1,300000,''),(118,471,1,-1,150000,''),(119,534,1,-1,200000,''),(120,537,1,-1,100000,''),(121,657,2,-1,340000,''),(122,680,1,-1,80000,''),(123,686,2,-1,220000,''),(124,712,1,-1,260000,''),(125,713,1,-1,80000,''),(126,715,1,-1,200000,''),(127,716,1,-1,300000,''),(128,760,1,-1,170000,''),(129,762,1,-1,560000,''),(130,768,1,-1,1070000,''),(131,874,1,-1,70000,''),(132,876,1,-1,200000,''),(133,877,1,-1,520000,'');

/*Table structure for table `gas_wholesale_promotion` */

DROP TABLE IF EXISTS `gas_wholesale_promotion`;

CREATE TABLE `gas_wholesale_promotion` (
  `id` int(11) NOT NULL AUTO_INCREMENT,
  `gas_wholesale_id` int(11) DEFAULT NULL,
  `promotion_material_id` int(11) DEFAULT NULL,
  `quantity` int(3) DEFAULT NULL,
  PRIMARY KEY (`id`)
) ENGINE=MyISAM AUTO_INCREMENT=8 DEFAULT CHARSET=utf8 COLLATE=utf8_unicode_ci;

/*Data for the table `gas_wholesale_promotion` */

/*Table structure for table `gas_wholesale_return_shell` */

DROP TABLE IF EXISTS `gas_wholesale_return_shell`;

CREATE TABLE `gas_wholesale_return_shell` (
  `id` int(11) NOT NULL AUTO_INCREMENT,
  `gas_wholesale_id` int(11) DEFAULT NULL,
  `shell_id` int(11) DEFAULT NULL,
  `quantity` int(3) DEFAULT NULL,
  PRIMARY KEY (`id`)
) ENGINE=MyISAM AUTO_INCREMENT=1335 DEFAULT CHARSET=utf8 COLLATE=utf8_unicode_ci;

/*Data for the table `gas_wholesale_return_shell` */

insert  into `gas_wholesale_return_shell`(`id`,`gas_wholesale_id`,`shell_id`,`quantity`) values (1,1,1,100),(2,2,1,9),(3,2,3,1),(4,3,1,56),(5,3,18,4),(69,42,1,25),(7,4,18,2),(8,5,1,64),(9,5,11,6),(10,5,12,6),(11,5,15,4),(12,5,2,5),(13,6,1,4),(14,7,1,3),(15,8,1,7),(16,9,1,10),(17,10,1,19),(18,10,24,1),(19,11,1,40),(20,12,1,24),(21,12,42,1),(22,12,2,4),(23,13,1,8),(24,14,1,18),(25,14,42,2),(26,15,1,18),(27,15,42,3),(28,16,1,7),(29,16,38,1),(30,17,1,9),(31,18,1,35),(32,19,1,6),(33,19,38,2),(34,20,1,7),(35,21,1,7),(36,22,1,11),(37,22,28,1),(38,23,1,25),(39,23,2,1),(40,24,1,6),(41,25,1,9),(42,26,1,8),(43,27,1,12),(44,28,1,16),(45,29,1,16),(46,29,38,2),(47,30,1,105),(48,30,36,18),(49,30,40,2),(50,31,1,8),(51,31,38,12),(52,32,1,9),(53,32,38,1),(54,33,1,10),(55,34,1,7),(56,34,19,1),(57,35,1,6),(58,36,1,7),(59,37,1,2),(60,37,19,2),(61,38,1,3),(62,38,31,6),(63,38,37,1),(64,39,1,20),(65,40,1,9),(66,40,19,1),(67,41,1,10),(68,4,1,33),(70,43,1,97),(71,43,39,2),(72,44,1,17),(73,44,12,3),(74,45,1,15),(75,45,15,1),(76,46,1,20),(77,47,1,16),(78,48,1,11),(79,49,1,32),(80,50,1,22),(81,50,39,1),(82,51,1,6),(83,51,18,2),(84,52,1,16),(85,52,42,2),(86,53,1,10),(87,54,1,10),(88,55,1,9),(89,56,1,9),(90,56,36,3),(91,57,1,20),(92,57,2,2),(93,58,1,7),(94,58,31,2),(95,59,1,7),(96,60,1,1),(97,60,36,2),(98,61,1,33),(99,61,36,2),(100,62,1,32),(101,63,1,15),(102,63,36,1),(103,64,1,7),(104,64,36,1),(105,65,1,20),(106,66,1,10),(107,67,1,5),(108,68,1,80),(109,69,1,6),(110,69,33,1),(111,70,1,7),(112,70,39,3),(113,71,1,5),(114,72,1,9),(115,72,33,1),(116,73,1,15),(117,74,1,5),(118,75,1,100),(119,76,1,21),(120,76,19,4),(121,77,1,50),(122,78,1,23),(123,78,38,4),(124,79,1,23),(125,80,1,5),(126,81,36,12),(127,82,1,12),(128,83,1,5),(129,84,1,5),(130,85,1,6),(131,86,1,3),(132,87,1,9),(133,87,12,1),(134,88,1,10),(135,89,1,8),(136,90,1,11),(137,90,42,4),(138,91,1,5),(139,92,1,44),(140,92,12,10),(141,93,1,23),(142,93,28,7),(143,94,1,10),(144,95,1,3),(145,96,1,3),(146,96,28,2),(147,97,1,4),(148,98,1,5),(149,99,1,4),(150,100,1,5),(151,101,1,6),(152,102,1,3),(153,103,1,5),(154,104,1,4),(155,105,1,3),(156,105,20,1),(157,106,1,4),(158,106,24,1),(159,107,1,7),(160,108,1,2),(161,109,1,3),(162,110,1,10),(163,111,1,10),(164,112,1,25),(165,113,1,6),(166,114,1,51),(167,114,33,1),(168,115,1,31),(169,115,31,3),(170,116,1,13),(171,116,41,1),(172,117,1,13),(173,117,15,3),(174,118,1,20),(175,119,1,7),(176,119,31,3),(177,120,1,18),(178,120,12,12),(179,120,2,1),(180,121,1,11),(181,121,36,2),(182,122,1,8),(183,122,31,2),(184,123,1,4),(185,123,28,3),(186,124,1,12),(187,125,1,5),(188,126,1,10),(189,127,1,20),(190,128,1,60),(191,129,1,11),(192,129,36,2),(193,130,1,8),(194,130,41,1),(195,131,1,8),(196,132,1,4),(197,132,42,1),(198,133,1,12),(199,134,1,109),(200,135,1,41),(201,135,42,4),(202,136,1,8),(203,137,1,5),(204,137,38,1),(205,138,1,58),(206,138,38,5),(207,139,1,10),(208,140,1,28),(209,140,37,1),(210,140,38,1),(211,141,1,39),(212,141,38,2),(213,142,1,20),(214,143,1,69),(215,143,12,14),(216,143,28,16),(217,143,31,16),(218,143,19,5),(219,143,2,1),(220,144,1,34),(221,144,38,2),(222,145,1,10),(223,146,1,5),(224,147,1,16),(225,148,1,7),(226,149,1,16),(227,149,11,1),(228,150,1,15),(229,151,1,12),(230,152,1,7),(231,153,1,10),(232,154,1,40),(233,155,1,3),(234,155,14,1),(235,156,1,12),(236,156,15,1),(237,157,1,8),(238,157,27,1),(239,158,1,7),(240,159,1,5),(241,160,1,9),(242,161,1,100),(243,162,1,10),(244,162,19,2),(245,163,1,16),(246,163,19,1),(247,164,1,10),(248,165,1,20),(249,166,1,20),(250,166,36,1),(251,167,1,72),(252,167,18,8),(253,168,1,20),(254,168,39,6),(255,168,2,2),(256,169,1,12),(257,169,2,1),(258,170,1,7),(259,170,36,13),(260,171,1,18),(261,171,38,1),(262,171,39,1),(263,172,1,14),(264,174,1,1),(265,175,2,4),(266,176,1,14),(267,177,1,50),(268,178,1,6),(269,179,1,29),(270,179,24,1),(271,179,28,2),(272,180,1,126),(273,181,1,5),(274,182,1,47),(275,182,12,6),(276,183,1,3),(277,183,12,1),(278,184,1,36),(279,185,1,10),(280,186,1,9),(281,187,1,10),(282,188,1,27),(283,188,36,3),(284,189,1,58),(285,190,1,20),(286,191,1,13),(287,191,17,1),(288,192,1,19),(289,192,36,1),(290,192,38,2),(291,193,1,15),(292,193,18,1),(293,194,1,20),(294,195,1,31),(295,196,1,10),(296,197,1,20),(297,198,1,16),(298,199,1,9),(299,200,1,16),(300,201,1,9),(301,202,1,30),(302,203,1,5),(303,204,1,10),(304,205,1,8),(305,206,1,16),(306,206,2,1),(307,207,1,10),(308,207,31,3),(309,208,1,10),(310,209,12,4),(311,209,1,77),(312,210,1,10),(313,211,1,2),(314,211,38,3),(315,212,1,6),(316,212,15,2),(317,213,1,7),(318,213,19,1),(319,213,34,1),(320,214,1,19),(321,214,20,1),(322,215,1,8),(323,216,1,5),(324,217,1,5),(325,218,1,10),(326,219,1,7),(327,220,1,3),(328,220,42,3),(329,221,1,3),(330,222,1,6),(331,223,1,6),(332,224,1,6),(333,225,1,3),(334,225,42,2),(335,226,1,4),(336,198,2,2),(337,227,1,14),(338,228,1,6),(339,229,1,20),(340,229,2,1),(341,230,1,22),(342,231,1,18),(343,231,11,2),(344,232,1,48),(345,232,38,3),(346,233,1,20),(347,234,1,11),(348,234,2,3),(349,235,1,10),(350,236,1,5),(351,237,1,6),(352,238,1,16),(353,239,1,21),(354,239,15,1),(355,240,1,21),(356,240,20,1),(357,241,1,11),(358,242,1,4),(359,243,1,10),(360,244,1,18),(361,245,1,14),(363,246,42,1),(364,246,2,2),(365,247,1,4),(366,247,24,1),(367,248,1,19),(368,248,28,1),(369,249,1,3),(370,250,1,4),(371,250,37,1),(372,250,39,1),(373,251,1,6),(374,251,31,1),(375,252,1,4),(376,252,19,1),(377,253,1,23),(378,253,38,3),(379,254,1,4),(380,255,1,10),(381,255,38,4),(382,256,1,18),(383,256,2,1),(384,257,1,11),(385,258,1,8),(386,259,1,14),(387,260,1,13),(388,260,12,2),(389,261,1,90),(390,261,12,10),(391,262,1,7),(392,263,1,10),(393,263,36,10),(394,264,1,85),(395,264,2,3),(396,265,1,14),(397,265,12,7),(398,265,2,1),(399,266,1,17),(400,266,2,18),(401,267,1,8),(402,267,39,2),(403,268,1,15),(404,268,40,2),(405,269,1,80),(406,270,1,6),(407,271,1,42),(408,271,12,7),(409,271,15,3),(410,271,19,4),(411,271,34,5),(412,271,2,3),(413,272,1,35),(414,272,42,5),(415,273,1,39),(416,274,1,8),(417,275,1,5),(418,275,18,1),(419,276,1,29),(420,276,28,1),(421,277,1,30),(422,278,1,13),(423,278,3,2),(424,279,1,14),(425,280,1,21),(426,281,1,14),(427,282,1,24),(428,282,31,2),(429,283,1,9),(430,283,2,3),(431,284,1,10),(432,285,1,2),(433,286,1,7),(434,287,1,4),(435,288,1,4),(436,289,1,5),(437,290,1,43),(438,290,38,4),(439,291,1,10),(440,292,1,9),(441,293,1,3),(442,294,1,3),(443,295,1,5),(444,296,1,2),(445,296,39,1),(446,297,1,3),(447,297,39,1),(448,298,1,10),(449,298,37,3),(450,299,1,2),(451,300,1,4),(452,301,1,15),(453,302,1,6),(454,302,36,14),(455,303,1,12),(456,304,1,13),(457,304,15,1),(458,305,1,11),(459,305,18,1),(460,306,1,5),(461,307,1,7),(462,307,12,3),(463,308,1,15),(464,309,1,7),(465,309,18,1),(466,310,1,5),(467,310,18,1),(468,311,1,6),(469,312,1,24),(470,312,2,1),(471,313,1,17),(472,313,24,1),(473,314,1,5),(474,315,1,3),(475,316,1,9),(476,317,1,9),(477,317,36,1),(478,318,1,11),(479,319,1,70),(480,320,1,11),(481,321,1,21),(482,322,1,8),(483,322,36,1),(484,323,1,15),(485,324,1,4),(486,324,28,2),(487,325,1,30),(488,326,1,29),(489,326,36,1),(490,327,1,70),(491,328,1,13),(492,328,2,1),(493,329,1,2),(494,329,2,4),(495,330,1,20),(496,331,1,60),(497,331,36,1),(498,332,1,21),(499,333,1,5),(500,334,1,12),(501,335,1,140),(502,336,1,13),(503,336,36,1),(504,337,1,6),(505,338,1,31),(506,338,38,10),(507,338,2,1),(508,339,1,84),(509,340,1,25),(510,340,12,5),(511,341,1,5),(512,341,12,2),(513,342,1,5),(514,342,11,1),(515,343,1,35),(516,343,36,8),(517,344,1,30),(518,344,2,4),(519,345,1,6),(520,345,18,4),(521,346,1,8),(522,346,18,1),(523,347,1,15),(524,348,1,3),(525,349,1,11),(526,349,42,2),(527,350,1,5),(528,350,20,1),(529,350,2,1),(530,351,1,12),(531,352,1,9),(532,352,36,1),(533,353,1,11),(534,353,28,3),(535,354,1,55),(536,354,37,1),(537,355,1,10),(538,356,1,14),(539,357,1,6),(540,358,1,2),(541,358,38,1),(542,359,1,9),(543,360,1,6),(544,361,1,8),(545,362,1,4),(546,363,1,20),(547,364,1,12),(548,364,39,1),(549,365,1,5),(550,366,1,3),(551,366,34,1),(552,367,1,6),(553,368,1,4),(554,369,1,3),(555,370,1,2),(556,371,1,8),(557,371,34,2),(558,372,1,12),(559,372,2,1),(560,373,1,6),(561,374,1,32),(562,375,1,12),(563,376,1,50),(564,376,31,2),(565,377,1,14),(566,377,34,1),(567,378,1,16),(568,378,31,3),(569,379,1,11),(570,379,19,1),(571,379,2,2),(572,380,1,60),(573,381,1,14),(574,382,1,31),(575,382,2,3),(576,383,1,10),(577,384,1,10),(578,385,1,10),(579,385,22,1),(580,386,1,14),(581,387,1,14),(582,388,1,9),(583,388,42,1),(584,389,1,11),(585,390,1,9),(586,390,40,1),(587,391,1,8),(588,392,1,22),(589,393,1,29),(590,393,38,1),(591,394,1,10),(592,394,18,2),(593,395,1,5),(594,395,38,1),(595,396,1,63),(596,396,12,7),(597,397,1,7),(598,398,1,5),(599,399,1,5),(600,400,1,10),(601,401,1,18),(602,401,12,2),(603,402,1,1),(604,403,1,49),(605,403,34,1),(606,404,1,50),(607,405,1,12),(608,405,33,2),(609,406,1,3),(610,406,38,1),(611,406,2,1),(612,407,1,21),(613,407,38,1),(614,408,1,37),(615,408,24,11),(616,408,31,11),(617,408,19,1),(618,409,1,30),(619,409,38,2),(620,410,1,20),(621,410,36,2),(622,411,1,1),(623,411,36,6),(624,412,1,14),(625,412,37,2),(626,413,1,17),(627,414,1,5),(628,415,1,4),(629,415,37,1),(630,416,1,11),(631,417,1,5),(632,246,1,8),(633,418,1,1),(634,419,1,21),(635,420,1,115),(636,421,1,5),(637,422,1,18),(638,422,36,2),(639,423,1,50),(640,423,42,3),(641,424,1,71),(642,424,42,6),(643,425,1,18),(644,426,1,6),(645,427,1,25),(646,428,1,4),(647,429,1,7),(648,430,1,7),(649,431,1,10),(650,431,18,1),(651,432,1,15),(652,433,1,2),(653,434,1,77),(654,434,36,5),(655,434,2,1),(656,435,1,42),(657,435,12,8),(658,436,1,10),(659,437,1,4),(660,437,12,1),(661,438,1,8),(662,438,20,1),(663,439,1,13),(664,440,1,9),(665,441,1,7),(666,442,1,10),(667,443,1,12),(668,443,34,3),(669,444,1,10),(670,445,1,4),(671,448,1,7),(672,448,15,4),(673,449,1,2),(674,450,1,4),(675,451,1,9),(676,451,26,1),(677,452,1,10),(678,453,1,6),(679,454,1,8),(680,455,1,19),(681,456,1,50),(682,457,1,18),(683,457,36,2),(684,458,1,19),(685,459,1,13),(686,459,31,2),(687,460,1,8),(688,460,31,4),(689,461,1,22),(690,462,1,9),(691,462,37,1),(692,462,2,3),(693,463,1,44),(694,463,36,1),(695,464,1,6),(696,464,36,4),(697,465,1,25),(698,466,1,15),(699,467,1,30),(700,468,1,30),(701,469,1,15),(702,469,36,3),(703,470,1,27),(704,470,38,6),(705,470,39,1),(706,471,1,10),(707,471,36,5),(708,472,1,37),(709,472,39,1),(710,473,1,3),(711,473,20,2),(712,474,1,15),(713,475,1,18),(714,475,24,1),(715,476,1,12),(716,477,1,6),(717,478,1,3),(718,478,11,2),(719,479,1,18),(720,480,1,10),(721,481,1,20),(722,482,1,14),(723,483,1,14),(724,484,1,5),(725,484,27,1),(726,485,1,7),(727,485,31,1),(728,486,1,25),(729,486,31,3),(730,487,1,14),(731,487,2,1),(732,488,1,4),(733,489,1,13),(734,490,1,7),(735,490,18,2),(736,491,1,14),(737,492,1,12),(738,492,39,3),(739,493,1,7),(740,493,19,2),(741,494,1,86),(742,494,12,4),(743,495,1,10),(744,496,1,20),(745,496,2,2),(746,497,1,14),(747,498,1,50),(748,499,1,23),(749,499,37,5),(750,499,38,2),(751,499,2,3),(752,500,1,11),(753,501,1,22),(754,503,1,5),(755,504,1,4),(756,505,1,9),(757,506,1,10),(758,507,1,3),(759,508,1,7),(760,508,14,1),(761,508,2,1),(762,509,1,5),(763,509,11,2),(764,510,1,6),(765,510,42,1),(766,511,1,65),(767,511,12,5),(768,512,1,10),(769,513,1,3),(770,514,1,3),(771,514,28,2),(772,515,1,14),(773,515,18,1),(774,516,1,2),(775,517,1,7),(776,518,1,6),(777,519,1,7),(778,520,1,20),(779,521,1,34),(780,521,12,6),(781,522,1,10),(782,523,1,60),(783,524,1,16),(784,524,24,1),(785,525,1,30),(786,526,1,13),(787,526,31,1),(788,527,1,9),(789,528,1,4),(790,529,1,100),(791,530,1,17),(792,530,19,1),(793,530,40,2),(794,531,1,52),(795,531,36,6),(796,532,1,71),(797,533,1,30),(798,534,1,20),(799,535,1,31),(800,535,11,2),(801,535,2,1),(802,536,1,16),(803,536,38,3),(804,537,1,5),(805,537,12,4),(806,538,1,2),(807,539,1,12),(808,539,2,1),(809,540,1,13),(810,540,24,2),(811,541,1,13),(812,542,1,6),(813,543,1,6),(814,544,1,9),(815,544,38,1),(816,545,1,9),(817,545,38,1),(818,546,1,9),(819,546,38,1),(820,547,1,13),(821,548,1,14),(822,548,39,2),(823,549,1,9),(824,550,1,9),(825,550,38,3),(826,551,1,5),(827,552,1,2),(828,552,31,1),(829,553,1,1),(830,553,31,5),(831,554,1,26),(832,554,2,2),(833,555,1,8),(834,556,1,8),(835,556,33,1),(836,557,1,12),(837,557,38,2),(838,558,1,47),(839,558,36,11),(840,559,1,10),(841,560,1,25),(842,561,2,4),(843,562,1,7),(844,563,1,11),(845,564,1,12),(846,565,1,16),(847,566,1,7),(848,567,1,6),(849,568,1,8),(850,568,2,2),(851,569,1,17),(852,570,1,13),(853,571,1,10),(854,572,1,7),(855,573,2,2),(856,574,1,5),(857,575,1,72),(858,575,36,2),(859,575,38,1),(860,576,1,10),(861,576,2,2),(862,577,1,3),(863,578,1,2),(864,578,36,2),(865,579,1,4),(866,579,36,1),(867,579,38,2),(868,580,1,5),(869,581,1,5),(870,582,1,9),(871,582,36,2),(872,583,1,7),(873,584,1,1),(874,584,38,1),(875,585,1,5),(876,586,1,4),(877,587,1,5),(878,588,1,17),(879,588,15,1),(880,588,38,2),(881,589,1,11),(882,590,1,11),(883,591,1,6),(884,592,1,31),(885,592,31,1),(886,592,42,2),(887,593,1,50),(888,594,1,38),(889,594,39,1),(890,594,28,1),(891,595,1,21),(892,596,1,12),(893,597,1,10),(894,598,1,15),(895,599,1,23),(896,600,1,29),(897,601,1,18),(898,603,1,1),(899,604,1,9),(900,605,1,31),(901,605,2,2),(902,606,1,6),(903,606,20,1),(904,607,1,40),(905,608,1,8),(906,609,1,22),(907,609,28,2),(908,609,24,2),(909,610,1,15),(910,610,2,1),(911,611,1,9),(912,612,1,31),(913,612,2,2),(914,613,1,6),(915,613,20,1),(916,614,1,40),(917,615,1,8),(918,616,1,22),(919,616,28,2),(920,616,24,2),(921,617,1,15),(922,617,2,1),(923,618,1,63),(924,618,15,1),(925,618,12,2),(926,618,27,1),(927,619,1,129),(928,619,28,1),(929,619,24,1),(930,619,34,1),(931,621,1,1),(932,622,1,1),(933,623,1,20),(934,624,1,45),(935,625,1,43),(936,625,42,4),(937,626,1,20),(938,626,36,4),(939,627,1,16),(940,627,12,1),(941,628,1,5),(942,628,15,1),(943,629,1,104),(944,630,1,6),(945,631,1,4),(946,632,1,6),(947,633,1,9),(948,633,31,3),(949,633,19,1),(950,634,1,7),(951,635,1,5),(952,635,34,1),(953,636,1,6),(954,637,1,11),(955,638,1,10),(956,639,1,9),(957,639,37,1),(958,640,1,15),(959,641,1,52),(960,641,38,1),(961,642,1,10),(962,643,1,7),(963,644,1,4),(964,645,1,6),(965,646,1,3),(966,646,28,3),(967,646,33,1),(968,647,1,9),(969,647,38,1),(970,648,1,14),(971,649,1,4),(972,650,1,3),(973,651,1,15),(974,652,1,16),(975,652,18,1),(976,653,1,8),(977,654,1,37),(978,654,18,2),(979,655,1,48),(980,655,42,2),(981,656,1,18),(982,657,1,15),(983,658,1,9),(984,658,42,1),(985,659,1,30),(986,660,1,20),(987,660,24,1),(988,661,1,9),(989,661,24,1),(990,662,1,41),(991,662,2,2),(992,663,1,10),(993,664,1,21),(994,665,1,11),(995,665,2,1),(996,666,1,10),(997,667,1,7),(998,668,1,9),(999,668,38,1),(1000,669,1,8),(1001,670,1,6),(1002,671,1,16),(1003,672,2,1),(1004,673,1,4),(1005,674,1,4),(1006,674,36,1),(1007,675,1,38),(1008,675,31,1),(1009,675,38,1),(1010,676,1,70),(1011,677,1,5),(1012,678,1,9),(1013,679,1,10),(1014,679,36,1),(1015,679,12,1),(1016,680,1,8),(1017,681,1,40),(1018,682,1,27),(1019,682,2,1),(1020,682,31,1),(1021,682,12,1),(1022,683,1,21),(1023,683,18,1),(1024,684,1,10),(1025,685,1,16),(1026,686,1,21),(1027,686,12,1),(1028,688,1,18),(1029,689,1,14),(1030,690,1,22),(1031,691,1,5),(1032,692,1,6),(1033,693,1,14),(1034,693,18,1),(1035,693,2,4),(1036,694,1,16),(1037,694,24,1),(1038,695,1,9),(1039,695,24,1),(1040,696,1,3),(1041,697,1,11),(1042,698,1,11),(1043,698,2,2),(1044,699,1,9),(1045,699,19,1),(1046,700,1,5),(1047,700,19,1),(1048,701,1,11),(1049,701,19,1),(1050,702,1,26),(1051,703,1,17),(1052,704,1,6),(1053,704,38,2),(1054,705,1,6),(1055,705,38,1),(1056,706,1,78),(1057,706,38,2),(1058,707,1,16),(1059,708,1,8),(1060,708,39,1),(1061,709,1,10),(1062,709,36,1),(1063,710,1,20),(1064,711,1,7),(1065,712,1,24),(1066,712,39,2),(1067,713,1,7),(1068,713,31,1),(1069,714,1,20),(1070,715,1,18),(1071,715,36,2),(1072,716,1,30),(1073,717,1,15),(1074,718,1,20),(1075,718,38,4),(1076,719,1,20),(1077,719,42,5),(1078,719,37,1),(1079,720,12,9),(1080,720,28,6),(1081,721,1,27),(1082,721,36,7),(1083,722,1,30),(1084,723,1,75),(1085,723,2,1),(1086,724,1,26),(1087,725,1,13),(1088,725,2,10),(1089,726,1,11),(1090,726,31,8),(1091,727,1,5),(1092,728,1,30),(1093,729,1,25),(1094,730,1,30),(1095,730,2,3),(1096,731,1,9),(1097,731,18,1),(1098,732,1,23),(1099,732,12,2),(1101,734,1,21),(1102,735,1,19),(1103,735,2,2),(1104,736,37,10),(1105,736,2,3),(1106,737,1,6),(1107,738,1,18),(1108,739,1,16),(1109,740,1,12),(1110,741,1,6),(1111,742,1,12),(1112,743,1,8),(1113,744,1,19),(1114,745,1,3),(1115,746,1,13),(1116,746,11,1),(1117,747,1,8),(1118,747,11,1),(1119,748,1,9),(1120,749,1,50),(1121,750,1,12),(1122,751,1,4),(1123,752,1,13),(1124,753,1,20),(1125,754,1,60),(1126,755,1,40),(1127,756,1,45),(1128,757,1,10),(1129,758,1,12),(1130,758,28,3),(1131,759,1,31),(1132,759,27,1),(1133,760,1,17),(1134,761,1,19),(1135,761,36,1),(1136,762,1,50),(1137,762,18,6),(1138,763,1,53),(1139,763,36,7),(1140,764,1,29),(1141,764,38,5),(1142,765,1,7),(1143,766,1,10),(1144,767,1,3),(1145,767,38,1),(1146,768,1,81),(1147,768,12,9),(1148,768,31,13),(1149,768,19,5),(1150,769,1,18),(1151,769,38,4),(1152,770,1,4),(1153,771,1,9),(1154,772,1,4),(1155,772,28,2),(1156,773,1,15),(1157,774,1,34),(1158,774,31,1),(1159,775,1,39),(1160,775,36,1),(1161,776,1,10),(1162,777,1,2),(1163,779,1,3),(1164,780,1,11),(1165,781,1,3),(1166,781,18,1),(1167,782,1,6),(1168,783,1,4),(1169,784,1,12),(1170,784,42,1),(1171,785,1,9),(1172,785,42,1),(1173,786,1,5),(1174,787,1,70),(1175,788,1,96),(1176,788,11,4),(1177,788,2,4),(1178,789,1,22),(1179,790,1,51),(1180,791,1,18),(1181,792,1,10),(1182,793,1,20),(1183,794,1,35),(1184,795,1,18),(1185,795,36,2),(1186,796,1,8),(1187,796,38,2),(1188,797,1,20),(1189,797,2,2),(1190,798,1,6),(1191,799,1,20),(1192,799,40,1),(1193,799,41,1),(1194,800,1,7),(1195,800,42,3),(1196,800,2,2),(1197,801,1,20),(1198,802,1,10),(1199,802,2,5),(1200,803,1,3),(1201,804,1,1),(1202,805,1,19),(1203,805,40,1),(1204,806,1,23),(1205,806,24,5),(1206,807,1,38),(1207,808,1,109),(1208,809,1,13),(1209,809,38,1),(1210,810,1,80),(1211,811,1,6),(1212,812,1,3),(1213,812,42,11),(1214,813,1,11),(1215,814,1,11),(1216,815,1,15),(1217,816,1,4),(1218,817,1,10),(1219,818,1,6),(1220,819,1,11),(1221,820,1,9),(1222,820,15,1),(1223,821,1,57),(1224,821,15,8),(1225,822,1,10),(1226,823,1,9),(1227,824,1,4),(1228,825,1,6),(1229,826,1,11),(1230,827,1,5),(1231,828,1,6),(1232,829,1,3),(1233,830,1,4),(1234,831,1,2),(1235,832,1,4),(1236,832,36,12),(1237,832,38,2),(1238,833,1,9),(1239,833,45,1),(1240,834,1,7),(1241,835,1,9),(1242,836,1,5),(1243,837,1,29),(1244,837,28,1),(1245,838,1,55),(1246,838,11,2),(1247,839,1,12),(1248,839,28,2),(1249,840,1,9),(1250,840,31,1),(1251,841,1,33),(1252,841,31,1),(1253,841,2,1),(1254,842,1,11),(1255,842,19,1),(1256,843,1,20),(1264,849,1,199),(1258,845,1,10),(1259,845,2,6),(1260,846,1,8),(1261,847,1,5),(1262,848,1,10),(1263,844,2,3),(1265,849,15,1),(1266,850,1,14),(1267,850,2,1),(1268,851,1,13),(1269,851,14,2),(1270,852,1,9),(1271,853,1,5),(1272,854,1,17),(1273,854,15,1),(1274,855,1,24),(1275,856,1,10),(1276,857,1,11),(1277,858,1,12),(1278,859,1,2),(1279,860,1,5),(1280,860,27,1),(1281,861,1,22),(1282,861,38,1),(1283,862,1,2),(1334,892,1,2),(1285,864,1,6),(1286,864,38,1),(1287,865,1,8),(1288,865,2,2),(1289,866,1,8),(1290,867,1,7),(1291,868,1,3),(1292,869,1,66),(1293,870,1,5),(1294,871,1,18),(1295,871,12,12),(1296,872,1,9),(1297,872,24,1),(1298,873,1,30),(1299,873,38,2),(1300,873,2,3),(1301,874,1,7),(1302,875,1,20),(1303,876,1,16),(1304,876,19,3),(1305,876,38,1),(1306,877,1,37),(1307,877,28,5),(1308,877,36,10),(1309,878,1,105),(1310,878,12,11),(1311,879,1,20),(1312,880,1,15),(1313,880,42,1),(1314,881,1,31),(1315,881,42,4),(1316,882,37,2),(1317,882,39,7),(1318,882,40,1),(1319,883,1,5),(1320,883,18,1),(1321,884,1,92),(1322,884,31,8),(1323,885,1,13),(1324,885,42,2),(1325,886,1,17),(1326,886,2,14),(1327,887,1,40),(1328,888,1,20),(1329,888,2,1),(1330,888,24,2),(1331,890,1,7),(1332,890,18,2);

/*Table structure for table `good` */

DROP TABLE IF EXISTS `good`;

CREATE TABLE `good` (
  `id` int(11) NOT NULL AUTO_INCREMENT,
  `code` varchar(20) COLLATE utf8_unicode_ci DEFAULT NULL,
  `name` varchar(255) COLLATE utf8_unicode_ci DEFAULT NULL,
  `price` double DEFAULT NULL,
  `unit_id` int(11) DEFAULT NULL,
  `organization_id` int(11) DEFAULT NULL,
  `status` int(1) DEFAULT '1' COMMENT '0:bi khoa,1:dang hoat dong',
  PRIMARY KEY (`id`)
) ENGINE=InnoDB AUTO_INCREMENT=10 DEFAULT CHARSET=utf8 COLLATE=utf8_unicode_ci;

/*Data for the table `good` */

insert  into `good`(`id`,`code`,`name`,`price`,`unit_id`,`organization_id`,`status`) values (1,'HD40(T18)','NHỚT HD 40 (Thùng 18L)',0,15,1,1),(2,'SHELL(T18)','NHỚT SHELL (Thùng 18L)',0,15,1,1),(3,'N68(T18)','NHỚT THỦY LỰC 68 (Thùng 18L)',0,15,1,1),(4,'N140(L)','NHỚT ĐẶC 140 ',0,5,1,1),(5,'NHOTZIC','NHỚT ZIC 7000+3000',0,15,1,1),(6,'NHOTLE(L)','NHỚT LẺ (Lít)',0,5,1,1),(7,'NHOTNIWA(50)','NHỚT NIWA (50T 18L)',0,12,1,1),(8,'NHOTNIWA(40)','NHỚT NIWA (40T 18L)',0,12,1,1),(9,'NHOT68LE','NHỚT 68 LẺ (LÍT)',0,5,1,1);

/*Table structure for table `good_import` */

DROP TABLE IF EXISTS `good_import`;

CREATE TABLE `good_import` (
  `id` int(11) NOT NULL AUTO_INCREMENT,
  `code` varchar(20) COLLATE utf8_unicode_ci DEFAULT NULL,
  `created_date` date DEFAULT NULL,
  `store_id` int(11) DEFAULT NULL,
  `vendor_id` int(11) DEFAULT NULL,
  `rate` double DEFAULT NULL,
  `total` double DEFAULT NULL,
  `paid` double DEFAULT NULL,
  `debt` double DEFAULT NULL,
  `account_id` int(11) DEFAULT NULL,
  `note` text COLLATE utf8_unicode_ci,
  `created_employee_id` int(11) DEFAULT NULL,
  PRIMARY KEY (`id`)
) ENGINE=InnoDB DEFAULT CHARSET=utf8 COLLATE=utf8_unicode_ci;

/*Data for the table `good_import` */

/*Table structure for table `good_import_detail` */

DROP TABLE IF EXISTS `good_import_detail`;

CREATE TABLE `good_import_detail` (
  `id` int(11) NOT NULL AUTO_INCREMENT,
  `good_import_id` int(11) DEFAULT NULL,
  `good_id` int(11) DEFAULT NULL,
  `quantity` int(11) DEFAULT NULL,
  `price` double DEFAULT NULL,
  `amount` double DEFAULT NULL,
  `note` text COLLATE utf8_unicode_ci,
  PRIMARY KEY (`id`)
) ENGINE=InnoDB DEFAULT CHARSET=utf8 COLLATE=utf8_unicode_ci;

/*Data for the table `good_import_detail` */

/*Table structure for table `good_in_stock` */

DROP TABLE IF EXISTS `good_in_stock`;

CREATE TABLE `good_in_stock` (
  `id` int(11) NOT NULL AUTO_INCREMENT,
  `day` date DEFAULT NULL,
  `good_id` int(11) DEFAULT NULL,
  `organization_id` int(11) DEFAULT NULL,
  `store_id` int(11) DEFAULT NULL,
  `in_stock` int(11) DEFAULT '0',
  PRIMARY KEY (`id`)
) ENGINE=InnoDB DEFAULT CHARSET=utf8 COLLATE=utf8_unicode_ci;

/*Data for the table `good_in_stock` */

/*Table structure for table `good_sale` */

DROP TABLE IF EXISTS `good_sale`;

CREATE TABLE `good_sale` (
  `id` int(11) NOT NULL AUTO_INCREMENT,
  `code` varchar(20) COLLATE utf8_unicode_ci DEFAULT NULL,
  `created_date` date DEFAULT NULL,
  `customer_id` int(11) DEFAULT NULL,
  `store_id` int(11) DEFAULT NULL,
  `total` double DEFAULT NULL,
  `discount` double DEFAULT NULL,
  `total_pay` double DEFAULT NULL,
  `paid` double DEFAULT NULL,
  `debt` double DEFAULT NULL,
  `account_id` int(11) DEFAULT NULL,
  `note` text COLLATE utf8_unicode_ci,
  `created_employee_id` int(11) DEFAULT NULL,
  PRIMARY KEY (`id`)
) ENGINE=InnoDB DEFAULT CHARSET=utf8 COLLATE=utf8_unicode_ci;

/*Data for the table `good_sale` */

/*Table structure for table `good_sale_detail` */

DROP TABLE IF EXISTS `good_sale_detail`;

CREATE TABLE `good_sale_detail` (
  `id` int(11) NOT NULL AUTO_INCREMENT,
  `good_sale_id` int(11) DEFAULT NULL,
  `good_id` int(11) DEFAULT NULL,
  `quantity` int(11) DEFAULT NULL,
  `price` double DEFAULT NULL,
  `amount` double DEFAULT NULL,
  PRIMARY KEY (`id`)
) ENGINE=InnoDB DEFAULT CHARSET=utf8 COLLATE=utf8_unicode_ci;

/*Data for the table `good_sale_detail` */

/*Table structure for table `income` */

DROP TABLE IF EXISTS `income`;

CREATE TABLE `income` (
  `id` int(11) NOT NULL AUTO_INCREMENT,
  `code` varchar(255) COLLATE utf8_unicode_ci DEFAULT NULL,
  `created_date` date DEFAULT NULL,
  `content` text COLLATE utf8_unicode_ci,
  `amount` double DEFAULT NULL,
  `account_id` int(11) DEFAULT NULL,
  `type` int(11) DEFAULT NULL,
  `note` text COLLATE utf8_unicode_ci,
  `created_employee_id` int(11) DEFAULT NULL,
  PRIMARY KEY (`id`)
) ENGINE=MyISAM AUTO_INCREMENT=73 DEFAULT CHARSET=utf8 COLLATE=utf8_unicode_ci;

/*Data for the table `income` */

insert  into `income`(`id`,`code`,`created_date`,`content`,`amount`,`account_id`,`type`,`note`,`created_employee_id`) values (2,'20200404-IC-0002','2020-04-01','Nộp tiền vào TK',20000000,9,1,'',35),(3,'20200404-IC-0003','2020-04-01','Thu tiền Pin',5900000,5,1,'',35),(4,'20200404-IC-0004','2020-04-01','bán 6 vỏ',1080000,5,1,'',35),(6,'20200411-IC-0001','2020-04-30','Thu NLMT',100671000,5,1,'',35),(9,'20200411-IC-0004','2020-04-04','Bán 3 vỏ',540000,5,1,'',35),(11,'20200411-IC-0006','2020-04-07','Nộp TM vào TK',822000000,9,1,'',35),(13,'20200411-IC-0008','2020-04-08','Thành Tâm (Mẫu giáo Thắng Hải)',10909091,9,1,'',35),(14,'20200411-IC-0009','2020-04-08','Bán 14 vỏ',2520000,5,1,'',35),(16,'20200411-IC-0011','2020-04-09','Bán 70 vỏ',12600000,5,1,'',35),(18,'20200411-IC-0013','2020-04-10','Bán 1 vỏ',180000,5,1,'',35),(19,'20200414-IC-0001','2020-04-11','bán 10 vỏ',1800000,5,1,'',20),(20,'20200414-IC-0002','2020-04-11','bán 50 vỏ',9000000,5,1,'',20),(21,'20200414-IC-0003','2020-04-13','nộp tm',576000000,9,1,'',20),(22,'20200414-IC-0004','2020-04-13','ban 3 vỏ',540000,5,1,'',20),(23,'20200414-IC-0005','2020-04-14','bán 50 vỏ',9000000,5,1,'',20),(24,'20200414-IC-0006','2020-04-14','bán 5 vỏ',900000,5,1,'',20),(25,'20200414-IC-0007','0000-00-00','cây xăng',26305000,5,1,'',20),(26,'20200414-IC-0008','2020-04-30','cây xăng',48283000,5,1,'',20),(27,'20200414-IC-0009','2020-04-30','cây xăng',29860000,5,1,'',20),(28,'20200414-IC-0010','0000-00-00','cây xăng',34798000,5,1,'',20),(29,'20200414-IC-0011','2020-04-15','chạy dầu',2400000,5,1,'',20),(30,'20200414-IC-0012','2020-04-30','cây xăng',47216480,10,1,'',20),(32,'20200415-IC-0001','2020-04-15','bán 3 vỏ',540000,5,1,'',20),(33,'20200416-IC-0001','2020-04-16','bán 4 vỏ',720000,5,1,'',20),(34,'20200416-IC-0002','2020-04-14','thu CTCC(ck nhớt a thái)',5989250,9,1,'',53),(35,'20200416-IC-0003','2020-04-09','mua bán vỏ',14840000,5,1,'',20),(36,'20200417-IC-0001','2020-04-30','cnpt',14840000,9,1,'',20),(37,'20200417-IC-0002','2020-04-17','bán 2 vỏ',360000,5,1,'',20),(38,'20200418-IC-0001','2020-04-18','bán 4 vỏ',720000,5,1,'',20),(39,'20200418-IC-0002','2020-04-30','cây xăng',35829000,5,1,'',20),(40,'20200418-IC-0003','2020-04-30','cây xăng',55887000,5,1,'',20),(41,'20200418-IC-0004','2020-04-30','cây xăng',46083000,5,1,'',20),(42,'20200419-IC-0001','2020-04-30','cây xăng',35079000,5,1,'',20),(43,'20200419-IC-0002','2020-04-30','cây xăng',57882000,5,1,'',20),(44,'20200420-IC-0001','2020-04-20','bán 1 vỏ',180000,5,1,'',20),(45,'20200420-IC-0002','2020-04-20','bán 5 vỏ',900000,5,1,'',20),(46,'20200420-IC-0003','2020-04-21','nộp tm',387266000,9,1,'',20),(47,'20200421-IC-0001','2020-04-30','cây xăng',49680000,5,1,'',20),(48,'20200421-IC-0002','2020-04-21','bán 45 vỏ',8100000,5,1,'',20),(49,'20200421-IC-0003','2020-04-21','bán vỏ tạp',11700000,5,1,'',20),(50,'20200421-IC-0004','2020-04-30','nộp tm',110000000,9,1,'',20),(51,'20200422-IC-0001','2020-04-22','bán 167 vỏ',30060000,5,1,'',20),(52,'20200423-IC-0001','2020-04-23','bán 2 vỏ',360000,5,1,'',20),(53,'20200423-IC-0002','2020-04-30','cây xăng',35507000,5,1,'',20),(54,'20200423-IC-0003','2020-04-24','bán vỏ tạp',4800000,5,1,'',20),(55,'20200423-IC-0004','2020-04-24','rút tm',582025000,5,1,'',20),(56,'20200424-IC-0001','2020-04-30','cnpt',9749000,9,1,'',20),(57,'20200424-IC-0002','2020-04-24','nộp tm',958519000,9,1,'',20),(58,'20200424-IC-0003','2020-04-24','bán 40 vỏ',7200000,5,1,'',20),(59,'20200424-IC-0004','2020-04-24','bán 5 vỏ',900000,5,1,'',20),(60,'20200424-IC-0005','2020-04-24','bán 4 vỏ',720000,5,1,'',20),(61,'20200425-IC-0001','2020-04-25','bán 23 vỏ',4140000,5,1,'',20),(62,'20200425-IC-0002','2020-04-30','cây xăng',32610000,5,1,'',20),(63,'20200426-IC-0001','2020-04-30','cây xăng',36623000,5,1,'',20),(64,'20200426-IC-0002','2020-04-30','cây xăng',47092000,5,1,'',20),(65,'20200427-IC-0001','2020-04-27','nộp tm',95000000,9,1,'',20),(66,'20200427-IC-0002','2020-04-27','bán 156 vỏ',26830000,5,1,'',20),(67,'20200427-IC-0003','2020-04-27','bán 10 vỏ',1800000,5,1,'',20),(68,'20200427-IC-0004','2020-04-28','',0,13,1,'',54),(69,'20200428-IC-0001','2020-04-28','bán 10 vỏ',1800000,5,1,'',20),(70,'20200428-IC-0002','2020-04-28','nộp tm',348900000,9,1,'',20),(71,'20200428-IC-0003','2020-04-28','bán 10 vỏ',1800000,5,1,'',20),(72,'20200428-IC-0004','2020-04-28','bán 27 vỏ',4860000,5,1,'',20);

/*Table structure for table `inner_sale` */

DROP TABLE IF EXISTS `inner_sale`;

CREATE TABLE `inner_sale` (
  `id` int(11) NOT NULL AUTO_INCREMENT,
  `code` varchar(20) COLLATE utf8_unicode_ci DEFAULT NULL,
  `created_date` date DEFAULT NULL,
  `employee_id` int(11) DEFAULT NULL,
  `total` double DEFAULT NULL,
  `discount` double DEFAULT NULL,
  `paid` double DEFAULT NULL,
  `debt` double DEFAULT NULL,
  `total_pay` double DEFAULT NULL,
  `account_id` int(11) DEFAULT NULL,
  `note` text COLLATE utf8_unicode_ci,
  `created_employee_id` int(11) DEFAULT NULL,
  PRIMARY KEY (`id`)
) ENGINE=InnoDB DEFAULT CHARSET=utf8 COLLATE=utf8_unicode_ci;

/*Data for the table `inner_sale` */

/*Table structure for table `inner_sale_detail` */

DROP TABLE IF EXISTS `inner_sale_detail`;

CREATE TABLE `inner_sale_detail` (
  `id` int(11) NOT NULL AUTO_INCREMENT,
  `inner_sale_id` int(11) DEFAULT NULL,
  `shell_id` int(11) DEFAULT NULL,
  `quantity` int(5) DEFAULT NULL,
  `price` double DEFAULT NULL,
  `amount` double DEFAULT NULL,
  PRIMARY KEY (`id`)
) ENGINE=InnoDB DEFAULT CHARSET=utf8 COLLATE=utf8_unicode_ci;

/*Data for the table `inner_sale_detail` */

/*Table structure for table `invoice` */

DROP TABLE IF EXISTS `invoice`;

CREATE TABLE `invoice` (
  `id` int(11) NOT NULL AUTO_INCREMENT,
  `created_date` date DEFAULT NULL,
  `code` varchar(20) COLLATE utf8_unicode_ci DEFAULT NULL,
  `number` text COLLATE utf8_unicode_ci,
  `created_employee_id` int(11) DEFAULT NULL,
  `note` text COLLATE utf8_unicode_ci,
  `amount` double DEFAULT NULL,
  `amount_paid` double DEFAULT NULL,
  `customer_id` int(11) DEFAULT NULL,
  PRIMARY KEY (`id`)
) ENGINE=InnoDB DEFAULT CHARSET=utf8 COLLATE=utf8_unicode_ci;

/*Data for the table `invoice` */

/*Table structure for table `invoice_detail` */

DROP TABLE IF EXISTS `invoice_detail`;

CREATE TABLE `invoice_detail` (
  `id` int(11) NOT NULL AUTO_INCREMENT,
  `invoice_id` int(11) DEFAULT NULL,
  `oil_sale_detail_id` int(11) DEFAULT NULL,
  `paid_amount` double DEFAULT NULL,
  `paid` int(1) DEFAULT '0' COMMENT '0:chua thanh toan, 1:da thanh toan',
  `commissioned` int(1) DEFAULT '0' COMMENT '0: chua chiet khau, 1: da chiet khau',
  PRIMARY KEY (`id`)
) ENGINE=InnoDB DEFAULT CHARSET=utf8 COLLATE=utf8_unicode_ci;

/*Data for the table `invoice_detail` */

/*Table structure for table `invoice_paid_detail` */

DROP TABLE IF EXISTS `invoice_paid_detail`;

CREATE TABLE `invoice_paid_detail` (
  `id` int(11) NOT NULL AUTO_INCREMENT,
  `invoice_id` int(11) DEFAULT NULL,
  `paid_date` date DEFAULT NULL,
  `amount` double DEFAULT NULL,
  PRIMARY KEY (`id`)
) ENGINE=InnoDB DEFAULT CHARSET=utf8 COLLATE=utf8_unicode_ci;

/*Data for the table `invoice_paid_detail` */

/*Table structure for table `invoice_solar` */

DROP TABLE IF EXISTS `invoice_solar`;

CREATE TABLE `invoice_solar` (
  `id` int(11) NOT NULL AUTO_INCREMENT,
  `created_date` date DEFAULT NULL,
  `code` varchar(20) COLLATE utf8_unicode_ci DEFAULT NULL,
  `number` text COLLATE utf8_unicode_ci,
  `created_employee_id` int(11) DEFAULT NULL,
  `note` text COLLATE utf8_unicode_ci,
  `amount` double DEFAULT NULL,
  `amount_paid` double DEFAULT NULL,
  `customer_id` int(11) DEFAULT NULL,
  PRIMARY KEY (`id`)
) ENGINE=InnoDB AUTO_INCREMENT=6 DEFAULT CHARSET=utf8 COLLATE=utf8_unicode_ci;

/*Data for the table `invoice_solar` */

insert  into `invoice_solar`(`id`,`created_date`,`code`,`number`,`created_employee_id`,`note`,`amount`,`amount_paid`,`customer_id`) values (4,'2020-04-09','20200409-IS-0001','001',53,'',0,0,403),(5,'2020-04-09','20200409-IS-0002','002',35,'',0,0,336);

/*Table structure for table `invoice_solar_detail` */

DROP TABLE IF EXISTS `invoice_solar_detail`;

CREATE TABLE `invoice_solar_detail` (
  `id` int(11) NOT NULL AUTO_INCREMENT,
  `invoice_solar_id` int(11) DEFAULT NULL,
  `solar_sale_detail_id` int(11) DEFAULT NULL,
  `paid_amount` double DEFAULT NULL,
  `paid` int(1) DEFAULT '0' COMMENT '0:chua thanh toan, 1:da thanh toan',
  `commissioned` int(1) DEFAULT '0' COMMENT '0: chua chiet khau, 1: da chiet khau',
  PRIMARY KEY (`id`)
) ENGINE=InnoDB AUTO_INCREMENT=12 DEFAULT CHARSET=utf8 COLLATE=utf8_unicode_ci;

/*Data for the table `invoice_solar_detail` */

insert  into `invoice_solar_detail`(`id`,`invoice_solar_id`,`solar_sale_detail_id`,`paid_amount`,`paid`,`commissioned`) values (9,4,2,0,1,0),(10,5,11,0,1,0),(11,5,10,0,1,0);

/*Table structure for table `invoice_solar_paid_detail` */

DROP TABLE IF EXISTS `invoice_solar_paid_detail`;

CREATE TABLE `invoice_solar_paid_detail` (
  `id` int(11) NOT NULL AUTO_INCREMENT,
  `invoice_solar_id` int(11) DEFAULT NULL,
  `paid_date` date DEFAULT NULL,
  `amount` double DEFAULT NULL,
  PRIMARY KEY (`id`)
) ENGINE=InnoDB DEFAULT CHARSET=utf8 COLLATE=utf8_unicode_ci;

/*Data for the table `invoice_solar_paid_detail` */

/*Table structure for table `lo_vo` */

DROP TABLE IF EXISTS `lo_vo`;

CREATE TABLE `lo_vo` (
  `id` int(11) NOT NULL AUTO_INCREMENT,
  `code` varchar(255) COLLATE utf8_unicode_ci DEFAULT NULL,
  `created_date` date DEFAULT NULL,
  `quantity` int(11) DEFAULT NULL,
  `note` text COLLATE utf8_unicode_ci,
  `created_employee_id` int(11) DEFAULT NULL,
  PRIMARY KEY (`id`)
) ENGINE=InnoDB AUTO_INCREMENT=12 DEFAULT CHARSET=utf8 COLLATE=utf8_unicode_ci;

/*Data for the table `lo_vo` */

insert  into `lo_vo`(`id`,`code`,`created_date`,`quantity`,`note`,`created_employee_id`) values (1,'20200404-LV-0001','2020-04-01',2,'',35),(2,'20200406-LV-0001','2020-04-02',2,'',35),(3,'20200406-LV-0002','2020-04-03',2,'',35),(4,'20200407-LV-0001','2020-04-06',2,'',35),(5,'20200410-LV-0001','2020-04-08',2,'',35),(6,'20200413-LV-0001','2020-04-10',2,'',35),(7,'20200414-LV-0001','2020-04-13',2,'',35),(8,'20200417-LV-0001','2020-04-15',2,'',35),(9,'20200417-LV-0002','2020-04-17',2,'',35),(10,'20200424-LV-0001','2020-04-22',2,'',35),(11,'20200426-LV-0001','2020-04-24',2,'',35);

/*Table structure for table `lo_vo_employee_detail` */

DROP TABLE IF EXISTS `lo_vo_employee_detail`;

CREATE TABLE `lo_vo_employee_detail` (
  `id` int(11) NOT NULL AUTO_INCREMENT,
  `lo_vo_id` int(11) DEFAULT NULL,
  `employee_id` int(11) DEFAULT NULL,
  `note` text COLLATE utf8_unicode_ci,
  PRIMARY KEY (`id`)
) ENGINE=InnoDB AUTO_INCREMENT=71 DEFAULT CHARSET=utf8 COLLATE=utf8_unicode_ci;

/*Data for the table `lo_vo_employee_detail` */

insert  into `lo_vo_employee_detail`(`id`,`lo_vo_id`,`employee_id`,`note`) values (1,1,52,''),(2,1,33,''),(3,1,41,''),(4,1,19,''),(5,1,43,''),(6,1,21,''),(7,1,30,''),(8,2,52,''),(9,2,33,''),(10,2,41,''),(11,2,46,''),(12,2,19,''),(13,2,43,''),(14,2,21,''),(15,2,30,''),(16,3,52,''),(17,3,33,''),(18,3,41,''),(19,3,19,''),(20,3,43,''),(21,3,21,''),(22,4,52,''),(23,4,33,''),(24,4,41,''),(25,4,19,''),(26,4,43,''),(27,4,21,''),(28,5,52,''),(29,5,33,''),(30,5,41,''),(31,5,19,''),(32,5,43,''),(33,5,21,''),(34,5,30,''),(35,6,52,''),(36,6,33,''),(37,6,41,''),(38,6,19,''),(39,6,43,''),(40,6,21,''),(41,7,52,''),(42,7,33,''),(43,7,41,''),(44,7,19,''),(45,7,43,''),(46,7,21,''),(47,8,52,''),(48,8,33,''),(49,8,41,''),(50,8,19,''),(51,8,43,''),(52,8,21,''),(53,8,30,''),(54,9,52,''),(55,9,33,''),(56,9,41,''),(57,9,19,''),(58,9,43,''),(59,9,21,''),(60,10,33,''),(61,10,19,''),(62,10,43,''),(63,10,21,''),(64,10,30,''),(65,11,52,''),(66,11,33,''),(67,11,46,''),(68,11,19,''),(69,11,43,''),(70,11,21,'');

/*Table structure for table `lpg_import` */

DROP TABLE IF EXISTS `lpg_import`;

CREATE TABLE `lpg_import` (
  `id` int(11) NOT NULL AUTO_INCREMENT,
  `code` varchar(255) COLLATE utf8_unicode_ci DEFAULT NULL,
  `import_date` date DEFAULT NULL,
  `vendor_id` int(11) DEFAULT NULL,
  `kind` int(1) DEFAULT '1',
  `paper_quantity` int(11) DEFAULT NULL,
  `actual_quantity` int(11) DEFAULT NULL,
  `price` double DEFAULT NULL,
  `vat` double DEFAULT NULL,
  `invoice_amount` double DEFAULT NULL,
  `amount` double DEFAULT NULL,
  `paid` double DEFAULT NULL,
  `debt` double DEFAULT NULL,
  `rate` double DEFAULT NULL,
  `note` text COLLATE utf8_unicode_ci,
  `account_id` int(11) DEFAULT NULL,
  `route_id` int(11) DEFAULT NULL,
  `created_employee_id` int(11) DEFAULT NULL,
  `link_lpg_ids` text COLLATE utf8_unicode_ci,
  `link_lpg_codes` text COLLATE utf8_unicode_ci,
  PRIMARY KEY (`id`)
) ENGINE=MyISAM AUTO_INCREMENT=24 DEFAULT CHARSET=utf8 COLLATE=utf8_unicode_ci;

/*Data for the table `lpg_import` */

insert  into `lpg_import`(`id`,`code`,`import_date`,`vendor_id`,`kind`,`paper_quantity`,`actual_quantity`,`price`,`vat`,`invoice_amount`,`amount`,`paid`,`debt`,`rate`,`note`,`account_id`,`route_id`,`created_employee_id`,`link_lpg_ids`,`link_lpg_codes`) values (1,'20200404-LI-0001','2020-04-02',15,1,11730,11780,369.6,0,102532399,102532399,0,102532399,23650,'TH QT',5,0,35,NULL,''),(2,'20200404-LI-0002','2020-04-03',15,1,11920,11950,369.6,0,103664521,103664521,0,103664521,23530,'TH QT',5,0,35,NULL,''),(3,'20200406-LI-0001','2020-04-04',15,1,11830,11910,369.6,0,102881819,102881819,0,102881819,23530,'TH Qt',5,0,35,NULL,''),(4,'20200408-LI-0001','2020-04-06',16,1,11020,10960,370.1775,0,96150422,96150422,0,96150422,23570,'KDK SPO 38123',5,0,35,NULL,''),(5,'20200408-LI-0002','2020-04-06',15,1,11010,10960,369.6,0,95913307,95913307,0,95913307,23570,'TH QT ',5,0,35,NULL,''),(6,'20200408-LI-0003','2020-04-07',15,1,11640,11700,369.6,0,101401534,101401534,0,101401534,23570,'TH QT',5,0,35,NULL,''),(7,'20200409-LI-0001','2020-04-08',15,1,11030,10920,0,0,0,0,0,0,0,'Mượn trả hàng với ngày 23/4',5,0,35,NULL,''),(8,'20200409-LI-0002','2020-04-09',16,1,11040,11060,370.1775,0,96488394,96488394,0,96488394,23610,'kdK qt 38299',5,0,35,NULL,''),(9,'20200409-LI-0003','2020-04-09',16,1,11020,10970,370.1775,0,96272803,96272803,0,96272803,23600,'KDK QT 38310',5,0,35,NULL,''),(10,'20200410-LI-0001','2020-04-10',16,1,11020,11060,370.1775,0,96191216,96191216,0,96191216,23580,'KDK QT 38369',5,0,35,NULL,''),(11,'20200413-LI-0001','2020-04-10',16,1,11020,11040,370.1775,0,95946454,95946454,0,95946454,23520,'KDK SPO 38414',5,0,35,NULL,''),(12,'20200413-LI-0002','2020-04-11',15,1,11860,11890,371.91,0,103743253,103743253,0,103743253,23520,'TH QT',5,0,35,NULL,''),(13,'20200414-LI-0001','2020-04-14',15,1,11950,11930,371.91,0,104708285,104708285,0,104708285,23560,'',5,0,35,NULL,''),(14,'20200415-LI-0001','2020-04-15',15,1,11790,11780,371.91,0,103174789,103174789,0,103174789,23530,'',5,0,35,NULL,''),(15,'20200417-LI-0001','2020-04-17',16,1,11030,10930,370.1775,0,96156012,96156012,0,96156012,23550,'KDK SPO 38761',5,0,35,NULL,''),(16,'20200417-LI-0002','2020-04-17',16,1,11020,11060,370.1775,0,95905661,95905661,0,95905661,23510,'KDK 38784',5,0,35,NULL,''),(17,'20200420-LI-0001','2020-04-20',16,1,11030,10960,370.1775,0,96033520,96033520,0,96033520,23520,'KDK QT 38909',5,0,35,NULL,''),(18,'20200421-LI-0001','2020-04-21',16,1,11030,11030,370.1775,0,96156012,96156012,0,96156012,23550,'KDK QT 38966',5,0,35,NULL,''),(19,'20200422-LI-0001','2020-04-22',16,1,11030,11010,370.1775,0,96115181,96115181,0,96115181,23540,'KDK QT 39019',5,0,35,NULL,''),(20,'20200424-LI-0001','2020-04-23',16,1,11020,10980,370.1775,0,96109629,96109629,0,96109629,23560,'KDK SPO',5,0,35,NULL,''),(21,'20200424-LI-0002','2020-04-24',16,1,11010,12000,370.1775,0,96063171,96063171,0,96063171,23570,'KDK QT 39123',5,0,35,NULL,''),(22,'20200424-LI-0003','2020-04-23',15,1,11920,0,371.91,0,104489751,104489751,0,104489751,23570,'Mượn trả hàng với ngày 8/4',5,0,35,NULL,''),(23,'20200425-LI-0001','2020-04-24',16,1,11010,11350,370.1775,0,96103928,96103928,0,96103928,23580,'KDk QT 39153',5,0,35,NULL,'');

/*Table structure for table `lpg_in_stock` */

DROP TABLE IF EXISTS `lpg_in_stock`;

CREATE TABLE `lpg_in_stock` (
  `id` int(11) NOT NULL AUTO_INCREMENT,
  `organization_id` int(11) DEFAULT NULL,
  `vendor_id` int(11) DEFAULT NULL,
  `day` date DEFAULT NULL,
  `in_stock` int(11) DEFAULT '0',
  PRIMARY KEY (`id`)
) ENGINE=InnoDB AUTO_INCREMENT=11 DEFAULT CHARSET=utf8 COLLATE=utf8_unicode_ci;

/*Data for the table `lpg_in_stock` */

insert  into `lpg_in_stock`(`id`,`organization_id`,`vendor_id`,`day`,`in_stock`) values (1,14,15,'2020-04-01',0),(2,14,23,'2020-04-01',0),(3,14,22,'2020-04-01',0),(4,1,24,'2020-04-01',0),(5,1,16,'2020-04-01',0),(6,1,15,'2020-04-01',0),(7,1,21,'2020-04-01',0),(8,1,23,'2020-04-01',0),(9,1,22,'2020-04-01',18633),(10,1,28,'2020-04-01',0);

/*Table structure for table `lpg_sale` */

DROP TABLE IF EXISTS `lpg_sale`;

CREATE TABLE `lpg_sale` (
  `id` int(11) NOT NULL AUTO_INCREMENT,
  `code` varchar(255) COLLATE utf8_unicode_ci DEFAULT NULL,
  `sale_date` date DEFAULT NULL,
  `kind` int(1) DEFAULT '1',
  `customer_id` int(11) DEFAULT NULL,
  `quantity` int(11) DEFAULT NULL,
  `price` double DEFAULT NULL,
  `price_transport` double DEFAULT NULL,
  `vat` double DEFAULT NULL,
  `rate` double DEFAULT NULL,
  `amount` double DEFAULT NULL,
  `paid` double DEFAULT NULL,
  `debt` double DEFAULT NULL,
  `note` text COLLATE utf8_unicode_ci,
  `account_id` int(11) DEFAULT NULL,
  `route_id` int(11) DEFAULT NULL,
  `created_employee_id` int(11) DEFAULT NULL,
  PRIMARY KEY (`id`)
) ENGINE=InnoDB AUTO_INCREMENT=5 DEFAULT CHARSET=utf8 COLLATE=utf8_unicode_ci;

/*Data for the table `lpg_sale` */

insert  into `lpg_sale`(`id`,`code`,`sale_date`,`kind`,`customer_id`,`quantity`,`price`,`price_transport`,`vat`,`rate`,`amount`,`paid`,`debt`,`note`,`account_id`,`route_id`,`created_employee_id`) values (1,'20200408-LS-0001','2020-04-06',1,152,10960,10286,0,10,1000,124008016,0,124008016,'',5,0,35),(2,'20200413-LS-0001','2020-04-10',1,152,11040,10286,0,10,1000,124913184,0,124913184,'',5,0,35),(3,'20200417-LS-0001','2020-04-17',1,152,10930,10286,0,10,1000,123668578,0,123668578,'',5,0,35),(4,'20200424-LS-0001','2020-04-23',1,152,10980,10286,0,10,1000,124234308,0,124234308,'',5,0,35);

/*Table structure for table `money_in_stock` */

DROP TABLE IF EXISTS `money_in_stock`;

CREATE TABLE `money_in_stock` (
  `id` int(11) NOT NULL AUTO_INCREMENT,
  `day` date DEFAULT NULL,
  `account_id` int(11) DEFAULT NULL COMMENT '0: tien mat',
  `organization_id` int(11) DEFAULT NULL COMMENT 'neu account_id=0 thi la id cua organization',
  `in_stock` double DEFAULT '0',
  PRIMARY KEY (`id`)
) ENGINE=InnoDB AUTO_INCREMENT=8 DEFAULT CHARSET=utf8 COLLATE=utf8_unicode_ci;

/*Data for the table `money_in_stock` */

insert  into `money_in_stock`(`id`,`day`,`account_id`,`organization_id`,`in_stock`) values (1,'2020-04-01',8,14,0),(2,'2020-04-01',7,14,0),(3,'2020-04-01',9,1,326999480),(4,'2020-04-01',11,1,10013854),(5,'2020-04-01',10,1,23803076),(6,'2020-04-01',4,1,102914),(7,'2020-04-01',5,1,1129814000);

/*Table structure for table `oil` */

DROP TABLE IF EXISTS `oil`;

CREATE TABLE `oil` (
  `id` int(11) NOT NULL AUTO_INCREMENT,
  `code` varchar(255) COLLATE utf8_unicode_ci DEFAULT NULL,
  `name` varchar(255) COLLATE utf8_unicode_ci DEFAULT NULL,
  `vendor_id` int(11) DEFAULT NULL,
  `group_id` int(11) DEFAULT NULL,
  `weight_unit_id` int(11) DEFAULT NULL,
  `weight` float DEFAULT NULL,
  `base_unit_id` int(11) DEFAULT NULL,
  `sale_unit_id` int(11) DEFAULT NULL,
  `employee_commission_id` int(11) DEFAULT NULL,
  `status` int(1) DEFAULT '1' COMMENT '0:bi khoa,1:dang hoat dong',
  `organization_id` int(11) DEFAULT NULL,
  `price` double DEFAULT NULL,
  PRIMARY KEY (`id`)
) ENGINE=InnoDB AUTO_INCREMENT=83 DEFAULT CHARSET=utf8 COLLATE=utf8_unicode_ci;

/*Data for the table `oil` */

insert  into `oil`(`id`,`code`,`name`,`vendor_id`,`group_id`,`weight_unit_id`,`weight`,`base_unit_id`,`sale_unit_id`,`employee_commission_id`,`status`,`organization_id`,`price`) values (1,'NW01','NIWA  AUTO 15W-40 4L SJ/CH4',20,1,5,4,4,4,2,1,1,325000),(2,'NW02','NIWA  AUTO 20W-50 4L SJ/CH4',20,1,5,4,4,4,2,1,1,330000),(3,'NW14','NIWA AUTO TURBO DIESEL 20W-50 CF4/SJ - 18L',20,2,5,18,12,12,2,1,1,1430000),(4,'MK LITEL3','LITEL3',26,1,9,1,13,13,2,1,1,43400),(5,'MK VG68','Mê Kông otto VG68',26,1,5,200,14,14,1,1,1,4550000),(6,'NW49','NIWA VG68 - 209L',20,3,5,209,14,14,1,1,1,11690000),(7,'NASCA','Mỡ bò Nasca',27,1,9,1,13,13,2,1,1,0),(8,'NW03','NIWA  OIL 10W-40 4L SL/CI4',20,1,5,4,4,4,2,1,1,350000),(9,'NW04','NIWA  OIL 20W-50 4L SL/CI4',20,1,5,4,4,4,2,1,1,365000),(10,'NW05','NIWA TURBO 10W-40 4L SM/CJ4',20,1,5,4,4,4,2,1,1,385000),(11,'NW06','NIWA TURBO 20W-50 4L SM/CJ4',20,1,5,4,4,4,2,1,1,400000),(12,'NW07','NIWA  AUTO 10W-40 5L SJ/CH4',20,1,5,5,4,4,2,1,1,396000),(13,'NW08','NIWA  AUTO 20W-50 5L SJ/CH4',20,1,5,5,4,4,2,1,1,406000),(14,'NW09','NIWA  OIL 10W-40 5L SL/CI4',20,2,5,5,4,4,2,1,1,427000),(15,'NW10','NIWA  OIL 20W-50 5L SL/CI4',20,1,5,5,4,4,2,1,1,438000),(16,'NW11','NIWA TURBO 10W-40 5L SM/CJ4',20,1,5,5,4,4,2,1,1,469000),(17,'NW12','NIWA TURBO 20W-50 5L SM/CJ4',20,1,5,5,4,4,2,1,1,480000),(18,'NW13','NIWA AUTO TURBO DIESEL 15W-40 - 18L CF4/SJ',20,2,5,18,12,12,2,1,1,1410000),(19,'NW15','NIWA AUTO TURBO DIESEL 15W-40 - 25L CF4/SJ',20,2,5,25,15,15,2,1,1,1936000),(20,'NW16','NIWA AUTO TURBO DIESEL 20W-50 - 25L CF4/SJ',20,2,5,25,15,15,2,1,1,1965000),(21,'NW17','NIWA AUTO TURBO DIESEL 15W-40 - 209L CF4/SJ',20,2,5,209,14,14,1,1,1,14890000),(22,'NW18','NIWA AUTO TURBO DIESEL 20W-50 - 209L CF4/SJ',20,2,5,209,14,14,1,1,1,15100000),(23,'NW19','NIWA AUTO TURBO DIESEL 15W-40 - 18L CH4/SL',20,2,5,18,12,12,2,1,1,1450000),(24,'NW20','NIWA AUTO TURBO DIESEL 20W-50 - 18L CH4/SL',20,2,5,18,12,12,2,1,1,1470000),(25,'NW21','NIWA AUTO TURBO DIESEL 15W-40 - 25L CH4/SL',20,2,5,25,15,15,2,1,1,1990000),(26,'NW22','NIWA AUTO TURBO DIESEL 20W-50 - 25L CH4/SL',20,2,5,25,15,15,2,1,1,2015000),(27,'NW23','NIWA AUTO TURBO DIESEL 15W-40 - 209L CH4/SL',20,2,5,209,14,14,1,1,1,15320000),(28,'NW24','NIWA AUTO TURBO DIESEL 20W-50 - 209L CH4/SL',20,2,5,209,14,14,1,1,1,15550000),(29,'NW25','NIWA AUTO TURBO DIESEL 15W-40 - 18L CI4/SM',20,2,5,18,12,12,2,1,1,1565000),(30,'NW26','NIWA AUTO TURBO DIESEL 20W-50 - 18L CI4/SM',20,2,5,18,12,12,2,1,1,1585000),(31,'NW27','NIWA AUTO TURBO DIESEL 15W-40 - 25L CI4/SM',20,2,5,25,15,15,2,1,1,2145000),(32,'NW28','NIWA AUTO TURBO DIESEL 20W-50 - 25L CI4/SM',20,2,5,25,15,15,2,1,1,2175000),(33,'NW29','NIWA AUTO TURBO DIESEL 15W-40 - 209L CI4/SM',20,2,5,209,14,14,1,1,1,16600000),(34,'NW30','NIWA AUTO TURBO DIESEL 20W-50 - 209L CI4/SM',20,2,5,209,14,14,1,1,1,16810000),(35,'NW31','NIWA TURBO DIESEL 15W-40 - 18L CJ4/SN',20,2,5,18,12,12,2,1,1,1675000),(36,'NW32','NIWA TURBO DIESEL 20W-50 - 18L CJ4/SN',20,2,5,18,12,12,2,1,1,1697000),(37,'NW33','NIWA TURBO DIESEL 15W-40 - 25L CJ4/SN',20,2,5,25,15,15,2,1,1,2305000),(38,'NW34','NIWA TURBO DIESEL 20W-50 - 25L CJ4/SN',20,2,5,25,15,15,2,1,1,2330000),(39,'NW35','NIWA TURBO DIESEL 15W-40 - 209L CJ4/SN',20,2,5,209,14,14,1,1,1,17870000),(40,'NW36','NIWA TURBO DIESEL 20W-50 - 209L CJ4/SN',20,2,5,209,14,14,1,1,1,18070000),(41,'NW48','NIWA VG68 - 18L VG',20,3,5,18,12,12,2,1,1,1130000),(42,'NW54','NIWA AW68 - 18L AW',20,3,5,18,12,12,2,1,1,1360000),(43,'NW55','NIWA AW68 - 209L AW',20,3,5,209,14,14,1,1,1,14250000),(44,'NW59','NIWA GEAR 90 - 4L GL4',20,4,5,4,4,4,2,1,1,335000),(45,'NW60','NIWA GEAR 90 - 18L GL4',20,4,5,18,12,12,2,1,1,1360000),(46,'NW61','NIWA GEAR 90 - 209L GL4',20,4,5,209,14,14,1,1,1,14590000),(47,'NW71','NIWA GEAR 140 - 4L GL5',20,4,5,4,4,4,2,1,1,384000),(48,'NW72','NIWA GEAR 140 - 18L GL5',20,4,5,18,12,12,2,1,1,1580000),(49,'NW73','NIWA GEAR 140 - 209L GL5',20,4,5,209,14,14,1,1,1,17200000),(50,'NW56','NIWA GEAR 90 - 4L GL1',20,5,5,4,4,4,2,1,1,300000),(51,'NW65','NIWA GEAR 140 - 4L GL1',20,5,5,4,4,4,2,1,1,309000),(52,'NW66','NIWA GEAR 140 - 18L GL1',20,5,5,18,12,12,2,1,1,1243000),(53,'NW82','NIWA OIL DIESEL 15W-40 - 18L PT',20,6,5,18,12,12,2,1,1,1208000),(54,'NW83','NIWA OIL DIESEL 15W-40 - 200L PT',20,6,5,200,14,14,1,1,1,12320000),(55,'NW84','NIWA OIL DIESEL 20W-50 - 18L PT CF/SF',20,6,5,18,12,12,2,1,1,1246000),(56,'NW85','NIWA OIL DIESEL 20W-50 - 200L PT',20,6,5,200,14,14,1,1,1,12740000),(57,'NW90','NIWA HG68 - 18L PT HG',20,3,5,18,12,12,2,1,1,1020000),(58,'NW37','NIWA NANO  SJ 0,8L ',20,7,5,1,4,4,2,1,1,62000),(59,'NW38','NIWA NANO  SJ 1L ',20,7,5,1,4,4,2,1,1,75000),(60,'NW39','NIWA NANO SL 0,8L ',20,8,5,1,4,4,2,1,1,88000),(61,'NW40','NIWA NANO SL 1L ',20,8,5,1,4,4,2,1,1,98000),(62,'NW41','NIWA NANO scooter 0.8L ',20,8,5,1,4,4,2,1,1,90000),(63,'NW42','NIWA NANO scooter 1L ',20,8,5,1,4,4,2,1,1,99900),(64,'NWM05','NIWA NANO LIPEX 3 ',20,9,5,18,12,12,2,1,1,1815000),(65,'NWM11','NIWA NANO CALPEX (XĐ)',20,9,5,18,12,12,2,1,1,1494000),(66,'NWM17','NIWA NANO STAR ',20,9,5,18,12,12,2,1,1,1317000),(67,'NW57','NIWA GEAR 90GL1-18L',20,2,12,0,12,12,1,1,1,0),(68,'NW79','NIWA 20W-50 PT CC/SC - 18L',20,2,12,0,12,12,1,1,1,0),(69,'NW92','NIWA NANO Mỡ bôi trơn màu xanh bi trong X',20,2,12,0,12,12,1,1,1,0),(70,'MK CALTOIX','Mỡ bôi trơn MK',26,9,13,0,13,13,1,1,1,0),(71,'NW74','NIWA 15W-40 - 4L PT',20,11,5,4,4,4,1,1,1,276000),(72,'NW75','NIWA 15W-40 - 18L PT',20,11,5,18,12,12,1,1,1,1095000),(73,'NW78','NIWA  20W-50 - 4L PT',20,11,5,4,4,4,1,1,1,284000),(74,'NW91','NIWA HG68 - 200L PT',20,3,5,200,14,14,1,1,1,10230000),(75,'NW98','NIWA NANO SINOMULTI L1 ',20,12,9,18,12,12,1,1,1,1353000),(76,'NW225','Niwa dầu máy nén lạnh âm 40 độ cool oil 68_ 18L',20,14,5,18,12,12,1,1,1,1623000),(77,'MK  HD40','HD 40(200L)',26,3,14,200,14,14,1,1,1,0),(78,'CX Brake','CX Brake/Clutch Fld DOT 3(10x1L)',29,2,4,0,4,4,1,1,1,145000),(79,'CX Texamatic','CX Texamatic 1888 ATF(18L)',29,2,15,0,15,15,1,1,1,1200000),(80,'CX Delo','CX Delo ELC Cocentrate_18L WOL',20,2,12,0,12,12,1,1,1,1490000),(81,'CX Hav ','CX Hav Form[SN]15w440(4x4L)',20,2,15,0,15,15,1,1,1,280300),(82,'fffgg','sdfgs',27,2,13,0,13,13,1,1,1,0);

/*Table structure for table `oil_export` */

DROP TABLE IF EXISTS `oil_export`;

CREATE TABLE `oil_export` (
  `id` int(11) NOT NULL AUTO_INCREMENT,
  `created_date` date DEFAULT NULL,
  `code` varchar(20) COLLATE utf8_unicode_ci DEFAULT NULL,
  `oil_sale_id` int(11) DEFAULT NULL,
  `customer_id` int(11) DEFAULT NULL,
  `total` double DEFAULT NULL,
  `note` text COLLATE utf8_unicode_ci,
  `created_employee_id` int(11) DEFAULT NULL,
  PRIMARY KEY (`id`)
) ENGINE=InnoDB AUTO_INCREMENT=5 DEFAULT CHARSET=utf8 COLLATE=utf8_unicode_ci;

/*Data for the table `oil_export` */

insert  into `oil_export`(`id`,`created_date`,`code`,`oil_sale_id`,`customer_id`,`total`,`note`,`created_employee_id`) values (1,'2020-04-16','20200416-OE-0001',10,230,9405000,'',53),(2,'2020-04-16','20200416-OE-0002',11,229,10380000,'',53),(3,'2020-04-16','20200416-OE-0003',12,284,33180000,'',53),(4,'2020-04-18','20200417-OE-0001',13,233,0,'',53);

/*Table structure for table `oil_export_detail` */

DROP TABLE IF EXISTS `oil_export_detail`;

CREATE TABLE `oil_export_detail` (
  `id` int(11) NOT NULL AUTO_INCREMENT,
  `oil_export_id` int(11) DEFAULT NULL,
  `oil_id` int(11) DEFAULT NULL,
  `oil_sale_detail_id` int(11) DEFAULT NULL,
  `quantity` int(3) DEFAULT NULL,
  PRIMARY KEY (`id`)
) ENGINE=InnoDB AUTO_INCREMENT=6 DEFAULT CHARSET=utf8 COLLATE=utf8_unicode_ci;

/*Data for the table `oil_export_detail` */

insert  into `oil_export_detail`(`id`,`oil_export_id`,`oil_id`,`oil_sale_detail_id`,`quantity`) values (1,1,6,20,1),(2,2,5,21,2),(3,3,3,22,20),(4,3,5,23,2),(5,4,3,24,1);

/*Table structure for table `oil_group` */

DROP TABLE IF EXISTS `oil_group`;

CREATE TABLE `oil_group` (
  `id` int(11) NOT NULL AUTO_INCREMENT,
  `name` varchar(255) COLLATE utf8_unicode_ci DEFAULT NULL,
  `note` text COLLATE utf8_unicode_ci,
  `status` int(1) DEFAULT '1' COMMENT '0: da bi khoa, 1: dang su dung',
  PRIMARY KEY (`id`)
) ENGINE=InnoDB AUTO_INCREMENT=15 DEFAULT CHARSET=utf8 COLLATE=utf8_unicode_ci;

/*Data for the table `oil_group` */

insert  into `oil_group`(`id`,`name`,`note`,`status`) values (1,'NIWA NANO ĐỘNG CƠ CAO CẤP','',1),(2,'AUTO TURBO CAO CẤP','',1),(3,'DẦU THỦY LỰC','',1),(4,'DẦU BÁNH RĂNG','',1),(5,'DẦU BÁNH RĂNG PT','',1),(6,'NIWA OIL','',1),(7,'XE MÁY CHAI NHỰA','',1),(8,'XE MÁY LON THIẾC','',1),(9,'MỠ BÔI TRƠN','',1),(10,'THAI','',1),(11,'DẦU ĐỘNG CƠ','',1),(12,'MỠ BÔI TRƠN CAO CẤP','',1),(13,'Niwa dầu máy nén lạnh âm 40 độ cool oil 68_ 18L','',1),(14,'DẦU MÁY NÉN LẠNH','',1);

/*Table structure for table `oil_import` */

DROP TABLE IF EXISTS `oil_import`;

CREATE TABLE `oil_import` (
  `id` int(11) NOT NULL AUTO_INCREMENT,
  `code` varchar(20) COLLATE utf8_unicode_ci DEFAULT NULL,
  `created_date` date DEFAULT NULL,
  `vendor_id` int(11) DEFAULT NULL,
  `store_id` int(11) DEFAULT NULL,
  `commission` float DEFAULT NULL,
  `rate` double DEFAULT NULL,
  `total_before_commission` double DEFAULT NULL,
  `total` double DEFAULT NULL,
  `paid` double DEFAULT NULL,
  `debt` double DEFAULT NULL,
  `account_id` int(11) DEFAULT NULL,
  `note` text COLLATE utf8_unicode_ci,
  `created_employee_id` int(11) DEFAULT NULL,
  PRIMARY KEY (`id`)
) ENGINE=InnoDB AUTO_INCREMENT=3 DEFAULT CHARSET=utf8 COLLATE=utf8_unicode_ci;

/*Data for the table `oil_import` */

insert  into `oil_import`(`id`,`code`,`created_date`,`vendor_id`,`store_id`,`commission`,`rate`,`total_before_commission`,`total`,`paid`,`debt`,`account_id`,`note`,`created_employee_id`) values (2,'20200422-OI-0001','2020-04-22',26,4,0,0,0,0,0,0,5,'',53);

/*Table structure for table `oil_import_detail` */

DROP TABLE IF EXISTS `oil_import_detail`;

CREATE TABLE `oil_import_detail` (
  `id` int(11) NOT NULL AUTO_INCREMENT,
  `oil_import_id` int(11) DEFAULT NULL,
  `oil_id` int(11) DEFAULT NULL,
  `unit_id` int(11) DEFAULT NULL,
  `quantity` int(3) DEFAULT NULL,
  `base_quantity` int(3) DEFAULT NULL,
  `price` double DEFAULT NULL,
  `amount` double DEFAULT NULL,
  `note` text COLLATE utf8_unicode_ci,
  PRIMARY KEY (`id`)
) ENGINE=InnoDB AUTO_INCREMENT=3 DEFAULT CHARSET=utf8 COLLATE=utf8_unicode_ci;

/*Data for the table `oil_import_detail` */

insert  into `oil_import_detail`(`id`,`oil_import_id`,`oil_id`,`unit_id`,`quantity`,`base_quantity`,`price`,`amount`,`note`) values (2,2,5,14,4,4,0,0,NULL);

/*Table structure for table `oil_in_stock` */

DROP TABLE IF EXISTS `oil_in_stock`;

CREATE TABLE `oil_in_stock` (
  `id` int(11) NOT NULL AUTO_INCREMENT,
  `day` date DEFAULT NULL,
  `oil_id` int(11) DEFAULT NULL,
  `organization_id` int(11) DEFAULT NULL,
  `store_id` int(11) DEFAULT NULL,
  `in_stock` int(11) DEFAULT NULL,
  PRIMARY KEY (`id`)
) ENGINE=InnoDB AUTO_INCREMENT=244 DEFAULT CHARSET=utf8 COLLATE=utf8_unicode_ci;

/*Data for the table `oil_in_stock` */

insert  into `oil_in_stock`(`id`,`day`,`oil_id`,`organization_id`,`store_id`,`in_stock`) values (1,'2020-04-01',78,1,9,0),(2,'2020-04-01',80,1,9,0),(3,'2020-04-01',81,1,9,0),(4,'2020-04-01',79,1,9,0),(5,'2020-04-01',77,1,9,0),(6,'2020-04-01',4,1,9,0),(7,'2020-04-01',5,1,9,0),(8,'2020-04-01',7,1,9,0),(9,'2020-04-01',70,1,9,0),(10,'2020-04-01',73,1,9,64),(11,'2020-04-01',12,1,9,0),(12,'2020-04-01',1,1,9,4),(13,'2020-04-01',2,1,9,4),(14,'2020-04-01',13,1,9,65),(15,'2020-04-01',8,1,9,4),(16,'2020-04-01',14,1,9,0),(17,'2020-04-01',9,1,9,30),(18,'2020-04-01',15,1,9,24),(19,'2020-04-01',72,1,9,20),(20,'2020-04-01',71,1,9,17),(21,'2020-04-01',68,1,9,30),(22,'2020-04-01',18,1,9,6),(23,'2020-04-01',23,1,9,0),(24,'2020-04-01',29,1,9,5),(25,'2020-04-01',21,1,9,0),(26,'2020-04-01',27,1,9,0),(27,'2020-04-01',33,1,9,0),(28,'2020-04-01',19,1,9,12),(29,'2020-04-01',25,1,9,0),(30,'2020-04-01',31,1,9,0),(31,'2020-04-01',24,1,9,0),(32,'2020-04-01',30,1,9,4),(33,'2020-04-01',22,1,9,0),(34,'2020-04-01',28,1,9,0),(35,'2020-04-01',34,1,9,0),(36,'2020-04-01',20,1,9,4),(37,'2020-04-01',26,1,9,0),(38,'2020-04-01',32,1,9,0),(39,'2020-04-01',3,1,9,0),(40,'2020-04-01',42,1,9,2),(41,'2020-04-01',43,1,9,0),(42,'2020-04-01',76,1,9,57),(43,'2020-04-01',52,1,9,0),(44,'2020-04-01',48,1,9,0),(45,'2020-04-01',49,1,9,0),(46,'2020-04-01',51,1,9,0),(47,'2020-04-01',47,1,9,12),(48,'2020-04-01',45,1,9,7),(49,'2020-04-01',46,1,9,0),(50,'2020-04-01',50,1,9,12),(51,'2020-04-01',44,1,9,0),(52,'2020-04-01',67,1,9,8),(53,'2020-04-01',57,1,9,9),(54,'2020-04-01',74,1,9,2),(55,'2020-04-01',58,1,9,532),(56,'2020-04-01',59,1,9,0),(57,'2020-04-01',65,1,9,0),(58,'2020-04-01',64,1,9,8),(59,'2020-04-01',69,1,9,0),(60,'2020-04-01',62,1,9,0),(61,'2020-04-01',63,1,9,0),(62,'2020-04-01',75,1,9,2),(63,'2020-04-01',60,1,9,4),(64,'2020-04-01',61,1,9,115),(65,'2020-04-01',66,1,9,10),(66,'2020-04-01',53,1,9,8),(67,'2020-04-01',54,1,9,0),(68,'2020-04-01',55,1,9,8),(69,'2020-04-01',56,1,9,1),(70,'2020-04-01',10,1,9,34),(71,'2020-04-01',16,1,9,5),(72,'2020-04-01',11,1,9,35),(73,'2020-04-01',17,1,9,0),(74,'2020-04-01',35,1,9,0),(75,'2020-04-01',39,1,9,0),(76,'2020-04-01',37,1,9,0),(77,'2020-04-01',36,1,9,0),(78,'2020-04-01',40,1,9,0),(79,'2020-04-01',38,1,9,0),(80,'2020-04-01',41,1,9,0),(81,'2020-04-01',6,1,9,0),(82,'2020-04-01',78,1,8,0),(83,'2020-04-01',80,1,8,0),(84,'2020-04-01',81,1,8,0),(85,'2020-04-01',79,1,8,0),(86,'2020-04-01',77,1,8,0),(87,'2020-04-01',4,1,8,0),(88,'2020-04-01',5,1,8,4),(89,'2020-04-01',7,1,8,100),(90,'2020-04-01',70,1,8,1),(91,'2020-04-01',73,1,8,0),(92,'2020-04-01',12,1,8,0),(93,'2020-04-01',1,1,8,97),(94,'2020-04-01',2,1,8,44),(95,'2020-04-01',13,1,8,0),(96,'2020-04-01',8,1,8,93),(97,'2020-04-01',14,1,8,0),(98,'2020-04-01',9,1,8,72),(99,'2020-04-01',15,1,8,0),(100,'2020-04-01',72,1,8,0),(101,'2020-04-01',71,1,8,0),(102,'2020-04-01',68,1,8,30),(103,'2020-04-01',18,1,8,64),(104,'2020-04-01',23,1,8,0),(105,'2020-04-01',29,1,8,1),(106,'2020-04-01',21,1,8,5),(107,'2020-04-01',27,1,8,0),(108,'2020-04-01',33,1,8,0),(109,'2020-04-01',19,1,8,3),(110,'2020-04-01',25,1,8,0),(111,'2020-04-01',31,1,8,0),(112,'2020-04-01',24,1,8,0),(113,'2020-04-01',30,1,8,0),(114,'2020-04-01',22,1,8,5),(115,'2020-04-01',28,1,8,0),(116,'2020-04-01',34,1,8,0),(117,'2020-04-01',20,1,8,0),(118,'2020-04-01',26,1,8,0),(119,'2020-04-01',32,1,8,0),(120,'2020-04-01',3,1,8,157),(121,'2020-04-01',42,1,8,5),(122,'2020-04-01',43,1,8,5),(123,'2020-04-01',76,1,8,0),(124,'2020-04-01',52,1,8,0),(125,'2020-04-01',48,1,8,4),(126,'2020-04-01',49,1,8,0),(127,'2020-04-01',51,1,8,0),(128,'2020-04-01',47,1,8,0),(129,'2020-04-01',45,1,8,6),(130,'2020-04-01',46,1,8,0),(131,'2020-04-01',50,1,8,24),(132,'2020-04-01',44,1,8,0),(133,'2020-04-01',67,1,8,11),(134,'2020-04-01',57,1,8,1),(135,'2020-04-01',74,1,8,0),(136,'2020-04-01',58,1,8,247),(137,'2020-04-01',59,1,8,440),(138,'2020-04-01',65,1,8,10),(139,'2020-04-01',64,1,8,0),(140,'2020-04-01',69,1,8,0),(141,'2020-04-01',62,1,8,2),(142,'2020-04-01',63,1,8,139),(143,'2020-04-01',75,1,8,0),(144,'2020-04-01',60,1,8,218),(145,'2020-04-01',61,1,8,118),(146,'2020-04-01',66,1,8,0),(147,'2020-04-01',53,1,8,60),(148,'2020-04-01',54,1,8,0),(149,'2020-04-01',55,1,8,86),(150,'2020-04-01',56,1,8,0),(151,'2020-04-01',10,1,8,53),(152,'2020-04-01',16,1,8,40),(153,'2020-04-01',11,1,8,71),(154,'2020-04-01',17,1,8,24),(155,'2020-04-01',35,1,8,0),(156,'2020-04-01',39,1,8,3),(157,'2020-04-01',37,1,8,0),(158,'2020-04-01',36,1,8,0),(159,'2020-04-01',40,1,8,0),(160,'2020-04-01',38,1,8,0),(161,'2020-04-01',41,1,8,23),(162,'2020-04-01',6,1,8,7),(163,'2020-04-01',78,1,10,0),(164,'2020-04-01',80,1,10,0),(165,'2020-04-01',81,1,10,0),(166,'2020-04-01',79,1,10,0),(167,'2020-04-01',77,1,10,0),(168,'2020-04-01',4,1,10,0),(169,'2020-04-01',5,1,10,0),(170,'2020-04-01',7,1,10,0),(171,'2020-04-01',70,1,10,0),(172,'2020-04-01',73,1,10,0),(173,'2020-04-01',12,1,10,0),(174,'2020-04-01',1,1,10,2),(175,'2020-04-01',2,1,10,97),(176,'2020-04-01',13,1,10,0),(177,'2020-04-01',8,1,10,0),(178,'2020-04-01',14,1,10,0),(179,'2020-04-01',9,1,10,0),(180,'2020-04-01',15,1,10,0),(181,'2020-04-01',72,1,10,0),(182,'2020-04-01',71,1,10,0),(183,'2020-04-01',68,1,10,0),(184,'2020-04-01',18,1,10,1),(185,'2020-04-01',23,1,10,0),(186,'2020-04-01',29,1,10,0),(187,'2020-04-01',21,1,10,0),(188,'2020-04-01',27,1,10,0),(189,'2020-04-01',33,1,10,0),(190,'2020-04-01',19,1,10,0),(191,'2020-04-01',25,1,10,0),(192,'2020-04-01',31,1,10,0),(193,'2020-04-01',24,1,10,0),(194,'2020-04-01',30,1,10,0),(195,'2020-04-01',22,1,10,0),(196,'2020-04-01',28,1,10,0),(197,'2020-04-01',34,1,10,0),(198,'2020-04-01',20,1,10,0),(199,'2020-04-01',26,1,10,0),(200,'2020-04-01',32,1,10,0),(201,'2020-04-01',3,1,10,0),(202,'2020-04-01',42,1,10,0),(203,'2020-04-01',43,1,10,0),(204,'2020-04-01',76,1,10,0),(205,'2020-04-01',52,1,10,0),(206,'2020-04-01',48,1,10,0),(207,'2020-04-01',49,1,10,0),(208,'2020-04-01',51,1,10,0),(209,'2020-04-01',47,1,10,0),(210,'2020-04-01',45,1,10,0),(211,'2020-04-01',46,1,10,0),(212,'2020-04-01',50,1,10,3),(213,'2020-04-01',44,1,10,0),(214,'2020-04-01',67,1,10,0),(215,'2020-04-01',57,1,10,0),(216,'2020-04-01',74,1,10,0),(217,'2020-04-01',58,1,10,0),(218,'2020-04-01',59,1,10,0),(219,'2020-04-01',65,1,10,0),(220,'2020-04-01',64,1,10,0),(221,'2020-04-01',69,1,10,1),(222,'2020-04-01',62,1,10,9),(223,'2020-04-01',63,1,10,0),(224,'2020-04-01',75,1,10,0),(225,'2020-04-01',60,1,10,60),(226,'2020-04-01',61,1,10,10),(227,'2020-04-01',66,1,10,0),(228,'2020-04-01',53,1,10,0),(229,'2020-04-01',54,1,10,0),(230,'2020-04-01',55,1,10,1),(231,'2020-04-01',56,1,10,0),(232,'2020-04-01',10,1,10,0),(233,'2020-04-01',16,1,10,0),(234,'2020-04-01',11,1,10,0),(235,'2020-04-01',17,1,10,0),(236,'2020-04-01',35,1,10,0),(237,'2020-04-01',39,1,10,0),(238,'2020-04-01',37,1,10,0),(239,'2020-04-01',36,1,10,0),(240,'2020-04-01',40,1,10,0),(241,'2020-04-01',38,1,10,0),(242,'2020-04-01',41,1,10,0),(243,'2020-04-01',6,1,10,0);

/*Table structure for table `oil_return_store` */

DROP TABLE IF EXISTS `oil_return_store`;

CREATE TABLE `oil_return_store` (
  `id` int(11) NOT NULL AUTO_INCREMENT,
  `organization_id` int(11) DEFAULT NULL,
  `store_id` int(11) DEFAULT NULL,
  PRIMARY KEY (`id`)
) ENGINE=InnoDB AUTO_INCREMENT=2 DEFAULT CHARSET=utf8 COLLATE=utf8_unicode_ci;

/*Data for the table `oil_return_store` */

insert  into `oil_return_store`(`id`,`organization_id`,`store_id`) values (1,1,10);

/*Table structure for table `oil_sale` */

DROP TABLE IF EXISTS `oil_sale`;

CREATE TABLE `oil_sale` (
  `id` int(11) NOT NULL AUTO_INCREMENT,
  `code` varchar(20) COLLATE utf8_unicode_ci DEFAULT NULL,
  `created_date` date DEFAULT NULL,
  `customer_id` int(11) DEFAULT NULL,
  `commission` float DEFAULT '0' COMMENT 'ty le chiet khau',
  `commission_kind` int(11) DEFAULT '1' COMMENT '1:chiet khau tren hoa don, 2:chiet khau truc tiep tren gia ban',
  `commission_amount` double DEFAULT '0' COMMENT 'chiet khau theo khach hang',
  `gap_agency_amount` double DEFAULT '0' COMMENT 'tong tien chenh lech cua dai ly',
  `gap_customer_amount` double DEFAULT '0' COMMENT 'tong tien chenh lech cua khach hang',
  `total_before_commission` double DEFAULT '0' COMMENT 'tong tien truoc chiet khau',
  `total` double DEFAULT '0' COMMENT 'tong tien sau chiet khau',
  `discount` double DEFAULT '0',
  `total_pay` double DEFAULT '0',
  `paid` double DEFAULT '0',
  `debt` double DEFAULT '0',
  `account_id` int(11) DEFAULT NULL,
  `note` text COLLATE utf8_unicode_ci,
  `created_employee_id` int(11) DEFAULT NULL,
  `is_calculate_agency_commission` int(1) DEFAULT '1' COMMENT '0:khong tinh, 1:tinh CK cho dai ly',
  PRIMARY KEY (`id`)
) ENGINE=InnoDB AUTO_INCREMENT=14 DEFAULT CHARSET=utf8 COLLATE=utf8_unicode_ci;

/*Data for the table `oil_sale` */

insert  into `oil_sale`(`id`,`code`,`created_date`,`customer_id`,`commission`,`commission_kind`,`commission_amount`,`gap_agency_amount`,`gap_customer_amount`,`total_before_commission`,`total`,`discount`,`total_pay`,`paid`,`debt`,`account_id`,`note`,`created_employee_id`,`is_calculate_agency_commission`) values (9,'20200410-SO-0001','2020-04-10',329,0,1,0,0,0,0,0,0,0,0,0,5,'',53,1),(10,'20200416-SO-0001','2020-04-16',230,20,1,0,876750,53000,0,9405000,0,9405000,0,9405000,5,'',53,1),(11,'20200416-SO-0002','2020-04-16',229,20,1,0,0,0,0,10380000,0,10380000,0,10380000,5,'',53,1),(12,'20200416-SO-0003','2020-04-16',284,0,1,0,0,0,0,33180000,0,33180000,0,33180000,5,'',53,1),(13,'20200417-SO-0001','2020-04-18',233,0,1,0,0,0,0,0,0,0,0,0,5,'',53,1);

/*Table structure for table `oil_sale_detail` */

DROP TABLE IF EXISTS `oil_sale_detail`;

CREATE TABLE `oil_sale_detail` (
  `id` int(11) NOT NULL AUTO_INCREMENT,
  `oil_sale_id` int(11) DEFAULT NULL,
  `oil_id` int(11) DEFAULT NULL,
  `unit_id` int(11) DEFAULT NULL,
  `store_id` int(11) DEFAULT NULL,
  `quantity` int(3) DEFAULT NULL,
  `base_quantity` int(3) DEFAULT NULL,
  `price_before_commission` double DEFAULT '0',
  `commission_price` float DEFAULT '0' COMMENT 'chiet khau truc tiep tren gia',
  `price` double DEFAULT '0',
  `first_amount` double DEFAULT '0',
  `commission` float DEFAULT '0' COMMENT 'chiet khau tren tung mat hang',
  `gap_agency_amount` double DEFAULT '0' COMMENT 'tien chenh lech cua dai ly',
  `gap_customer_amount` double DEFAULT '0' COMMENT 'tien chenh lech cua khach hang',
  `amount` double DEFAULT '0',
  `vendor_id` int(11) DEFAULT NULL,
  PRIMARY KEY (`id`)
) ENGINE=InnoDB AUTO_INCREMENT=25 DEFAULT CHARSET=utf8 COLLATE=utf8_unicode_ci;

/*Data for the table `oil_sale_detail` */

insert  into `oil_sale_detail`(`id`,`oil_sale_id`,`oil_id`,`unit_id`,`store_id`,`quantity`,`base_quantity`,`price_before_commission`,`commission_price`,`price`,`first_amount`,`commission`,`gap_agency_amount`,`gap_customer_amount`,`amount`,`vendor_id`) values (18,9,18,12,8,20,20,0,0,0,0,0,0,0,0,20),(19,9,3,12,8,15,15,0,0,0,0,0,0,0,0,20),(20,10,6,14,8,1,1,8475250,0,9405000,9405000,0,876750,53000,9405000,20),(21,11,5,14,8,2,2,5190000,0,5190000,10380000,0,0,0,10380000,26),(22,12,3,12,8,20,20,1430000,20,1144000,22880000,0,0,0,22880000,20),(23,12,5,14,8,2,2,5150000,0,5150000,10300000,0,0,0,10300000,26),(24,13,3,12,8,1,1,0,0,0,0,0,0,0,0,20);

/*Table structure for table `oil_sale_promotion` */

DROP TABLE IF EXISTS `oil_sale_promotion`;

CREATE TABLE `oil_sale_promotion` (
  `id` int(11) NOT NULL AUTO_INCREMENT,
  `sale_oil_id` int(11) DEFAULT NULL,
  `oil_id` int(11) DEFAULT NULL,
  `unit_id` int(11) DEFAULT NULL,
  `store_id` int(11) DEFAULT NULL,
  `quantity` int(3) DEFAULT NULL,
  `base_quantity` int(3) DEFAULT NULL,
  PRIMARY KEY (`id`)
) ENGINE=InnoDB DEFAULT CHARSET=utf8 COLLATE=utf8_unicode_ci;

/*Data for the table `oil_sale_promotion` */

/*Table structure for table `oil_sale_return` */

DROP TABLE IF EXISTS `oil_sale_return`;

CREATE TABLE `oil_sale_return` (
  `id` int(11) NOT NULL AUTO_INCREMENT,
  `code` varchar(20) COLLATE utf8_unicode_ci DEFAULT NULL,
  `created_date` date DEFAULT NULL,
  `oil_sale_id` int(11) DEFAULT NULL,
  `customer_id` int(11) DEFAULT NULL,
  `commission` float DEFAULT NULL,
  `commission_kind` int(11) DEFAULT NULL,
  `commission_amount` double DEFAULT NULL,
  `gap_agency_amount` double DEFAULT NULL,
  `gap_customer_amount` double DEFAULT NULL,
  `total_before_commission` double DEFAULT NULL,
  `total` double DEFAULT NULL,
  `total_pay` double DEFAULT NULL,
  `paid` double DEFAULT NULL,
  `debt` double DEFAULT NULL,
  `account_id` int(11) DEFAULT NULL,
  `note` text COLLATE utf8_unicode_ci,
  `created_employee_id` int(11) DEFAULT NULL,
  PRIMARY KEY (`id`)
) ENGINE=InnoDB DEFAULT CHARSET=utf8 COLLATE=utf8_unicode_ci;

/*Data for the table `oil_sale_return` */

/*Table structure for table `oil_sale_return_detail` */

DROP TABLE IF EXISTS `oil_sale_return_detail`;

CREATE TABLE `oil_sale_return_detail` (
  `id` int(11) NOT NULL AUTO_INCREMENT,
  `oil_sale_return_id` int(11) DEFAULT NULL,
  `oil_sale_detail_id` int(11) DEFAULT NULL,
  `oil_id` int(11) DEFAULT NULL,
  `unit_id` int(11) DEFAULT NULL,
  `store_id` int(11) DEFAULT NULL,
  `quantity` int(3) DEFAULT NULL,
  `base_quantity` int(3) DEFAULT NULL,
  `price_before_commission` double DEFAULT NULL,
  `commission_price` float DEFAULT NULL,
  `price` double DEFAULT NULL,
  `first_amount` double DEFAULT NULL,
  `commission` float DEFAULT NULL,
  `gap_agency_amount` double DEFAULT NULL,
  `gap_customer_amount` double DEFAULT NULL,
  `amount` double DEFAULT NULL,
  PRIMARY KEY (`id`)
) ENGINE=InnoDB DEFAULT CHARSET=utf8 COLLATE=utf8_unicode_ci;

/*Data for the table `oil_sale_return_detail` */

/*Table structure for table `old_shell` */

DROP TABLE IF EXISTS `old_shell`;

CREATE TABLE `old_shell` (
  `id` int(11) NOT NULL AUTO_INCREMENT,
  `code` varchar(20) COLLATE utf8_unicode_ci DEFAULT NULL,
  `created_date` date DEFAULT NULL,
  `shell_id` int(11) DEFAULT NULL,
  `quantity` int(5) DEFAULT NULL,
  `note` text COLLATE utf8_unicode_ci,
  `created_employee_id` int(11) DEFAULT NULL,
  PRIMARY KEY (`id`)
) ENGINE=MyISAM AUTO_INCREMENT=82 DEFAULT CHARSET=utf8 COLLATE=utf8_unicode_ci;

/*Data for the table `old_shell` */

insert  into `old_shell`(`id`,`code`,`created_date`,`shell_id`,`quantity`,`note`,`created_employee_id`) values (1,'20200406-OS-0001','2020-04-01',1,219,'',35),(2,'20200406-OS-0002','2020-04-03',1,257,'',35),(3,'20200406-OS-0003','2020-04-04',1,213,'',35),(4,'20200406-OS-0004','2020-04-04',12,-80,'',35),(5,'20200406-OS-0005','2020-04-04',14,-5,'',35),(6,'20200406-OS-0006','2020-04-04',15,-26,'',35),(7,'20200406-OS-0007','2020-04-04',18,-18,'',35),(8,'20200406-OS-0008','2020-04-04',20,-2,'',35),(9,'20200406-OS-0009','2020-04-04',3,-3,'',35),(10,'20200406-OS-0010','2020-04-04',26,-3,'',35),(11,'20200406-OS-0011','2020-04-04',31,-42,'',35),(12,'20200406-OS-0012','2020-04-04',19,-37,'',35),(13,'20200407-OS-0001','2020-04-06',1,-10,'',35),(14,'20200407-OS-0002','2020-04-06',47,-1,'',35),(15,'20200407-OS-0003','2020-04-06',11,-19,'',35),(16,'20200407-OS-0004','2020-04-06',12,-12,'',35),(17,'20200407-OS-0005','2020-04-06',42,-45,'',35),(18,'20200407-OS-0006','2020-04-06',24,-11,'',35),(19,'20200407-OS-0007','2020-04-06',27,-7,'',35),(20,'20200407-OS-0008','2020-04-06',28,-72,'',35),(21,'20200407-OS-0009','2020-04-06',33,-4,'',35),(22,'20200407-OS-0010','2020-04-06',34,-10,'',35),(23,'20200407-OS-0011','2020-04-06',36,-68,'',35),(24,'20200407-OS-0012','2020-04-06',37,-6,'',35),(25,'20200407-OS-0013','2020-04-06',38,-29,'',35),(26,'20200407-OS-0014','2020-04-06',39,-20,'',35),(27,'20200407-OS-0015','2020-04-06',40,-6,'',35),(28,'20200407-OS-0016','2020-04-06',41,-2,'',35),(29,'20200411-OS-0001','2020-04-08',1,-14,'',35),(30,'20200413-OS-0001','2020-04-09',1,-80,'',35),(31,'20200413-OS-0002','2020-04-10',1,-1,'',35),(32,'20200413-OS-0003','2020-04-11',1,-60,'',35),(33,'20200415-OS-0001','2020-04-13',1,246,'',35),(34,'20200415-OS-0002','2020-04-13',11,-3,'',35),(35,'20200415-OS-0003','2020-04-13',12,-56,'',35),(36,'20200415-OS-0004','2020-04-13',15,-7,'',35),(37,'20200415-OS-0005','2020-04-13',17,-1,'',35),(38,'20200415-OS-0006','2020-04-13',18,-12,'',35),(39,'20200415-OS-0007','2020-04-13',20,-3,'',35),(40,'20200415-OS-0008','2020-04-13',3,-2,'',35),(41,'20200415-OS-0009','2020-04-13',22,-1,'',35),(42,'20200415-OS-0010','2020-04-13',42,-14,'',35),(43,'20200415-OS-0011','2020-04-13',24,-14,'',35),(44,'20200415-OS-0012','2020-04-13',31,-22,'',35),(45,'20200415-OS-0013','2020-04-13',19,-8,'',35),(46,'20200415-OS-0014','2020-04-13',33,-2,'',35),(47,'20200415-OS-0015','2020-04-13',34,-11,'',35),(48,'20200415-OS-0016','2020-04-13',36,-50,'',35),(49,'20200415-OS-0017','2020-04-13',37,-8,'',35),(50,'20200415-OS-0018','2020-04-13',39,-5,'',35),(51,'20200415-OS-0019','2020-04-14',1,-50,'',35),(52,'20200417-OS-0001','2020-04-15',1,-3,'',35),(53,'20200417-OS-0002','2020-04-16',1,-4,'',35),(54,'20200417-OS-0003','2020-04-17',1,-2,'',35),(55,'20200426-OS-0001','2020-04-18',1,-4,'',35),(56,'20200426-OS-0002','2020-04-20',1,-6,'',35),(57,'20200426-OS-0003','2020-04-21',1,161,'',35),(58,'20200426-OS-0004','2020-04-21',11,-6,'',35),(59,'20200426-OS-0005','2020-04-21',12,-40,'',35),(60,'20200426-OS-0006','2020-04-21',14,-1,'',35),(61,'20200426-OS-0007','2020-04-21',15,-6,'',35),(62,'20200426-OS-0008','2020-04-21',18,-8,'',35),(63,'20200426-OS-0009','2020-04-21',20,-4,'',35),(64,'20200426-OS-0010','2020-04-21',42,-25,'',35),(65,'20200426-OS-0011','2020-04-21',24,-10,'',35),(66,'20200426-OS-0012','2020-04-21',26,-1,'',35),(67,'20200426-OS-0013','2020-04-21',27,-2,'',35),(68,'20200426-OS-0014','2020-04-21',28,-27,'',35),(69,'20200426-OS-0015','2020-04-21',31,-30,'',35),(70,'20200426-OS-0016','2020-04-21',19,-7,'',35),(71,'20200426-OS-0017','2020-04-21',33,-2,'',35),(72,'20200426-OS-0018','2020-04-21',34,-5,'',35),(73,'20200426-OS-0019','2020-04-21',36,-58,'',35),(74,'20200426-OS-0020','2020-04-21',37,-8,'',35),(75,'20200426-OS-0021','2020-04-21',38,-48,'',35),(76,'20200426-OS-0022','2020-04-21',39,-12,'',35),(77,'20200426-OS-0023','2020-04-22',1,-167,'',35),(78,'20200426-OS-0024','2020-04-23',1,-32,'',35),(79,'20200426-OS-0025','2020-04-24',1,-36,'',35),(80,'20200426-OS-0026','2020-04-24',38,-45,'',35),(81,'20200426-OS-0027','2020-04-25',1,354,'Nhận Thanh Trúc (160 bảo dưỡng)',35);

/*Table structure for table `organization` */

DROP TABLE IF EXISTS `organization`;

CREATE TABLE `organization` (
  `id` int(11) NOT NULL AUTO_INCREMENT,
  `code` varchar(20) COLLATE utf8_unicode_ci DEFAULT NULL,
  `name` varchar(255) COLLATE utf8_unicode_ci DEFAULT NULL,
  `address` text COLLATE utf8_unicode_ci,
  `status` int(1) DEFAULT '1' COMMENT '0:bi khoa, 1: dang su dung',
  `phone` varchar(30) COLLATE utf8_unicode_ci DEFAULT NULL,
  `fax` varchar(30) COLLATE utf8_unicode_ci DEFAULT NULL,
  `bank_account` text COLLATE utf8_unicode_ci,
  `tax` varchar(30) COLLATE utf8_unicode_ci DEFAULT NULL,
  `presenter` varchar(255) COLLATE utf8_unicode_ci DEFAULT NULL,
  `presenter_position` varchar(255) COLLATE utf8_unicode_ci DEFAULT NULL,
  PRIMARY KEY (`id`)
) ENGINE=MyISAM AUTO_INCREMENT=16 DEFAULT CHARSET=utf8 COLLATE=utf8_unicode_ci;

/*Data for the table `organization` */

insert  into `organization`(`id`,`code`,`name`,`address`,`status`,`phone`,`fax`,`bank_account`,`tax`,`presenter`,`presenter_position`) values (1,'QT','Công ty TNHH Quang Trung','21 Bình Giã, khu phố Phước Lộc, thị trấn Phước Bửu, huyện Xuyên Mộc, tỉnh Bà Rịa Vũng Tàu',1,'0254.3771972','0254.3877075','050014822604, tại ngân hàng Sacombank - PGD Xuyên Mộc, huyện Xuyên Mộc, tỉnh Bà Rịa Vũng Tàu','3501475916','Cao Huy Hoàng','Giám đốc'),(14,'HT','Công ty TNHH Khí Hóa Lỏng Hưng Thịnh','39/1, KP3, P. Tam Hiệp, TP. Biên Hòa, Đồng Nai',1,'(0251)3.818.111','(0251)3.855.550','050046951171 Ngân hàng TMCP Sài Gòn Thương Tín- Sacombank Chi nhánh Đ.Nai','3600874037','Trần Quang Ngọc','Giám đốc'),(15,'CNPT','Chi nhánh Phan Thiết','',1,'','','','','','');

/*Table structure for table `organization_shell` */

DROP TABLE IF EXISTS `organization_shell`;

CREATE TABLE `organization_shell` (
  `id` int(11) NOT NULL AUTO_INCREMENT,
  `organization_id` int(11) DEFAULT NULL,
  `shell_id` int(11) DEFAULT NULL,
  PRIMARY KEY (`id`)
) ENGINE=InnoDB AUTO_INCREMENT=14 DEFAULT CHARSET=utf8 COLLATE=utf8_unicode_ci;

/*Data for the table `organization_shell` */

insert  into `organization_shell`(`id`,`organization_id`,`shell_id`) values (4,14,1),(5,14,2),(6,1,9),(7,1,10),(8,1,2),(9,1,1),(10,15,9),(11,15,1),(12,15,10),(13,15,2);

/*Table structure for table `other_bonus` */

DROP TABLE IF EXISTS `other_bonus`;

CREATE TABLE `other_bonus` (
  `id` int(11) NOT NULL AUTO_INCREMENT,
  `name` varchar(255) COLLATE utf8_unicode_ci DEFAULT NULL,
  `organization_id` int(11) DEFAULT NULL,
  `note` text COLLATE utf8_unicode_ci,
  PRIMARY KEY (`id`)
) ENGINE=InnoDB DEFAULT CHARSET=utf8 COLLATE=utf8_unicode_ci;

/*Data for the table `other_bonus` */

/*Table structure for table `panelty` */

DROP TABLE IF EXISTS `panelty`;

CREATE TABLE `panelty` (
  `id` int(11) NOT NULL AUTO_INCREMENT,
  `name` varchar(255) COLLATE utf8_unicode_ci DEFAULT NULL,
  `organization_id` int(11) DEFAULT NULL,
  `note` text COLLATE utf8_unicode_ci,
  PRIMARY KEY (`id`)
) ENGINE=InnoDB AUTO_INCREMENT=6 DEFAULT CHARSET=utf8 COLLATE=utf8_unicode_ci;

/*Data for the table `panelty` */

insert  into `panelty`(`id`,`name`,`organization_id`,`note`) values (4,'Điện thoại',1,' '),(5,'Phạt',1,'');

/*Table structure for table `parameter` */

DROP TABLE IF EXISTS `parameter`;

CREATE TABLE `parameter` (
  `id` int(11) NOT NULL AUTO_INCREMENT,
  `code` varchar(20) COLLATE utf8_unicode_ci DEFAULT NULL,
  `name` varchar(255) COLLATE utf8_unicode_ci DEFAULT NULL,
  `value` varchar(255) COLLATE utf8_unicode_ci DEFAULT NULL,
  `note` text COLLATE utf8_unicode_ci,
  `is_show` int(1) DEFAULT '1',
  PRIMARY KEY (`id`)
) ENGINE=MyISAM AUTO_INCREMENT=11 DEFAULT CHARSET=utf8 COLLATE=utf8_unicode_ci;

/*Data for the table `parameter` */

insert  into `parameter`(`id`,`code`,`name`,`value`,`note`,`is_show`) values (3,'startdate','Ngày bắt đầu sử dụng','01/01/2018',NULL,0),(2,'mailbeforeday','Số ngày nhắc mail trước sinh nhật','3',NULL,1),(4,'insurancepersonal','Bảo hiểm xã hội - Nhân viên đóng (%)','8',NULL,1),(5,'insurancecompany','Bảo hiểm xã hội - Công ty đóng (%)','17',NULL,1),(6,'seniallowday','Số ngày nhắc mail trước khi thay đổi thâm niên','2',NULL,1),(7,'lovo','Lò vỏ','220000',NULL,1),(8,'100km','Số lít dầu cho 100 km','28',NULL,1),(9,'1000kggas','Số lít dầu cho 1000 kg gas','1',NULL,1),(10,'dayoffperyear','Số ngày nghỉ phép trong năm','12',NULL,1);

/*Table structure for table `permission` */

DROP TABLE IF EXISTS `permission`;

CREATE TABLE `permission` (
  `id` int(11) NOT NULL AUTO_INCREMENT,
  `name` varchar(255) COLLATE utf8_unicode_ci DEFAULT NULL,
  `note` text COLLATE utf8_unicode_ci,
  `users` text COLLATE utf8_unicode_ci,
  `organizations` text COLLATE utf8_unicode_ci,
  PRIMARY KEY (`id`)
) ENGINE=MyISAM AUTO_INCREMENT=25 DEFAULT CHARSET=utf8 COLLATE=utf8_unicode_ci;

/*Data for the table `permission` */

insert  into `permission`(`id`,`name`,`note`,`users`,`organizations`) values (8,'admin','Quyền quản trị hệ thống','1','1'),(12,'Admin Tú','','15','1,14,15'),(13,'Admin Quang Trung','','13,22','1,15'),(24,'Trạm gas Quang Trung','','14','1'),(15,'Nhập gas Hưng Thịnh','','','14'),(16,'Nhập dầu nhớt và NLMT Quang Trung','','16','1'),(17,'Nhập dầu nhớt và NLMT Hưng Thịnh','','','14'),(18,'Xăng dầu nhớt Quang Trung','','17','1'),(19,'Xăng dầu nhớt Hưng Thịnh','','','14'),(20,'Nhập gas Phan Thiết','','18','15'),(21,'Báo cáo Lộc','','19','1'),(22,'Báo cáo Kiều','','21','1'),(23,'Báo cáo Huân','','20','1');

/*Table structure for table `permission_detail` */

DROP TABLE IF EXISTS `permission_detail`;

CREATE TABLE `permission_detail` (
  `id` int(11) NOT NULL AUTO_INCREMENT,
  `permission_id` int(11) DEFAULT NULL,
  `operation` int(2) DEFAULT NULL,
  `function` text COLLATE utf8_unicode_ci,
  PRIMARY KEY (`id`)
) ENGINE=MyISAM AUTO_INCREMENT=115 DEFAULT CHARSET=utf8 COLLATE=utf8_unicode_ci;

/*Data for the table `permission_detail` */

insert  into `permission_detail`(`id`,`permission_id`,`operation`,`function`) values (17,8,2,'4,5,1,6,7,3,13,98,99,100,9,10,11,16,17,18,24,75,110,111,112,113,116,127,137,138,139,140,12,19,70,58,14,15,53,54,8,83,152,153,154,155,156,157,158,159,160,161,162,163,20,109,22,23,51,52,101,102,21,25,108,106,43,44,45,90,26,27,59,28,29,30,34,96,95,38,39,40,42,82,33,37,117,118,128,126,76,77,60,61,31,36,32,55,133,134,135,136,56,130,151,46,48,49,50,93'),(16,8,1,'4,5,1,6,7,3,13,98,99,100,9,10,11,16,17,18,24,75,110,111,112,113,116,137,138,139,12,19,70,58,14,15,53,54,8,83,152,153,154,155,156,157,158,159,160,161,162,163,20,109,22,23,51,52,101,102,21,25,108,106,43,44,45,90,26,27,59,28,29,30,34,96,95,38,39,40,42,82,33,37,117,118,128,126,76,77,60,61,31,36,32,55,133,134,135,136,56,130,151,46,48,49,50,93'),(18,8,3,'4,5,1,13,98,99,100,110,116,139,70,58,14,15,53,54,8,20,109,22,23,51,52,101,102,25,108,106,43,44,45,90,26,27,59,28,29,30,34,95,38,39,40,42,82,33,37,117,118,128,126,76,77,60,61,31,36,32,55,133,134,135,136,56,130,151,46,48,49,50,93'),(19,8,4,'4,5,1,6,7,3,13,98,99,100,9,10,11,16,17,18,24,75,110,111,112,113,116,127,137,138,139,140,12,19,70,58,14,15,53,54,8,20,109,22,23,51,52,101,102,21,25,108,106,43,44,45,90,26,27,59,28,29,30,34,96,95,38,39,40,42,82,33,37,117,118,128,126,76,77,60,61,31,36,32,55,133,134,135,136,56,130,151,46,48,49,50,93'),(20,8,6,'56,130,151,57,89,86,81,94,62,63,69,64,65,88,92,66,67,79,80,97,71,72,73,74,78,119,120,121,122,123,124,131,125,129,132,141,142,143,144,145,146,149,147,148,150,84,85,87,91,103,104,105,107,68'),(40,12,4,'4,5,1,6,7,3,13,98,99,100,9,10,11,16,17,18,24,75,110,111,112,113,116,127,137,138,139,140,12,19,70,58,14,15,53,54,8,20,109,22,23,51,52,101,102,21,25,108,106,43,44,45,90,26,27,59,28,29,30,34,96,95,38,39,40,42,82,33,37,117,118,128,126,76,77,60,61,31,36,32,55,133,134,135,136,56,130,151,46,48,49,50,93'),(37,12,1,'4,5,1,6,7,3,13,98,99,100,9,10,11,16,17,18,24,75,110,111,112,113,116,137,138,139,12,19,70,58,14,15,53,54,8,83,152,153,154,155,156,157,158,159,160,161,162,163,20,109,22,23,51,52,101,102,21,25,108,106,43,44,45,90,26,27,59,28,29,30,34,96,95,38,39,40,42,82,33,37,117,118,128,126,76,77,60,61,31,36,32,55,133,134,135,136,56,130,151,46,48,49,50,93'),(47,13,8,'20,109,52,101,102,43,44,45,26,27,59,28,30,34,95,38,39,40,42,33,37,117,118,128,126,76,77,60,61,31,36,32,133,134,135,136,46,48,49,50,93'),(48,13,6,'56,130,57,89,86,81,94,62,63,69,64,65,88,92,66,67,79,80,97,71,72,73,74,78,119,120,121,122,123,124,131,125,129,132,141,142,143,144,145,146,149,147,148,150,84,85,87,91,103,104,105,107,68'),(38,12,2,'4,5,1,6,7,3,13,98,99,100,9,10,11,16,17,18,24,75,110,111,112,113,116,127,137,138,139,140,12,19,70,58,14,15,53,54,8,20,109,22,23,51,52,101,102,21,25,108,106,43,44,45,90,26,27,59,28,29,30,34,96,95,38,39,40,42,82,33,37,117,118,128,126,76,77,60,61,31,36,32,55,133,134,135,136,56,130,151,46,48,49,50,93'),(39,12,3,'4,5,1,13,98,99,100,110,116,139,70,58,14,15,53,54,8,20,109,22,23,51,52,101,102,25,108,106,43,44,45,90,26,27,59,28,29,30,34,95,38,39,40,42,82,33,37,117,118,128,126,76,77,60,61,31,36,32,55,133,134,135,136,56,130,151,46,48,49,50,93'),(46,13,4,'4,5,1,6,7,3,13,98,99,100,9,10,11,16,17,18,24,75,110,111,112,113,116,127,137,138,139,140,12,19,70,58,14,15,53,54,8,20,109,22,23,51,52,101,102,21,25,108,106,43,44,45,90,26,27,59,28,29,30,34,96,95,38,39,40,42,82,33,37,117,118,128,126,76,77,60,61,31,36,32,55,133,134,135,136,56,130,46,48,49,50,93'),(45,13,3,'4,5,1,13,98,99,100,110,116,139,70,58,14,15,53,54,8,20,109,22,23,51,52,101,102,25,108,106,43,44,45,90,26,27,59,28,29,30,34,95,38,39,40,42,82,33,37,117,118,128,126,76,77,60,61,31,36,32,55,133,134,135,136,56,130,46,48,49,50,93'),(44,13,2,'4,5,1,6,7,3,13,98,99,100,9,10,11,16,17,18,24,75,110,111,112,113,116,127,137,138,139,140,12,19,70,58,14,15,53,54,8,83,152,153,154,155,156,157,158,159,160,161,162,163,20,109,22,23,51,52,101,102,21,25,108,106,43,44,45,90,26,27,59,28,29,30,34,96,95,38,39,40,42,82,33,37,117,118,128,126,76,77,60,61,31,36,32,55,133,134,135,136,56,130,46,48,49,50,93'),(43,13,1,'4,5,1,6,7,3,13,98,99,100,9,10,11,16,17,18,24,75,110,111,112,113,116,137,138,139,12,19,70,58,14,15,53,54,8,83,152,153,154,155,156,157,158,159,160,161,162,163,20,109,22,23,51,52,101,102,21,25,108,106,43,44,45,90,26,27,59,28,29,30,34,96,95,38,39,40,42,82,33,37,117,118,128,126,76,77,60,61,31,36,32,55,133,134,135,136,56,130,46,48,49,50,93'),(41,12,8,'20,109,52,101,102,43,44,45,26,27,59,28,30,34,95,38,39,40,42,33,37,117,118,128,126,76,77,60,61,31,36,32,133,134,135,136,46,48,49,50,93'),(42,12,6,'56,130,151,57,89,86,81,94,62,63,69,64,65,88,92,66,67,79,80,97,71,72,73,74,78,119,120,121,122,123,124,131,125,129,132,141,142,143,144,145,146,149,147,148,150,84,85,87,91,103,104,105,107,68'),(113,24,8,'33,37'),(112,24,4,'6,7,3,13,98,9,10,11,16,17,18,75,12,19,70,58,14,15,8,25,108,106,43,44,45,90,26,27,59,28,29,30,34,96,95,38,39,40,42,82,33,37,76,77,60,61,31,36,55,56,130,151,46,48,49,50,93'),(111,24,3,'13,98,70,58,14,15,8,25,108,106,43,44,45,90,26,27,59,28,29,30,34,95,38,39,40,42,82,33,37,76,77,60,61,31,36,55,56,130,151,46,48,49,50,93'),(110,24,2,'4,5,6,7,3,13,98,9,10,11,16,17,18,75,12,19,70,58,14,15,8,83,152,153,154,155,156,157,158,159,160,161,25,108,106,43,44,45,90,26,27,59,28,29,30,34,96,95,38,39,40,42,82,33,37,76,77,60,61,31,36,55,56,130,151,46,48,49,50,93'),(55,15,1,'43,44,45,90,28,29,30,34,95,38,39,40,42,82,56,130,46,48,49,50,93'),(56,15,2,'44,45,90,28,29,30,34,95,38,39,40,42,82,56,130,46,48,49,50,93'),(57,15,3,''),(58,15,4,''),(59,15,8,''),(60,15,6,''),(61,16,1,'112,113,137,138,139,12,19,152,161,162,163,117,118,128,126,133,134,135,136,130,151,46,48,49,50,93'),(62,16,2,'112,113,137,138,139,12,19,152,161,162,163,117,118,128,126,133,134,135,136,130,151,46,48,49,50,93'),(63,16,3,''),(64,16,4,''),(65,16,8,'118,134'),(66,16,6,'119,120,121,122,123,124,131,125,129,132,141,142,143,144,145,146,149,147,148,150'),(67,17,1,'112,113,137,138,139,117,118,128,126,133,134,135,136,46,48,49,50,93'),(68,17,2,'112,113,137,138,139,117,118,128,126,133,134,135,136,46,48,49,50,93'),(69,17,3,''),(70,17,4,''),(71,17,8,''),(72,17,6,''),(73,18,1,'3,24,75,12,19,152,156,33,37,76,77,46,48,49,50'),(74,18,2,'3,24,75,12,19,152,156,33,37,76,77,46,48,49,50'),(75,18,3,''),(76,18,4,''),(77,18,8,''),(78,18,6,'71,72,73,74'),(79,19,1,'24,75,33,37,76,77'),(80,19,2,'24,75,33,37,76,77'),(81,19,3,''),(82,19,4,''),(83,19,8,''),(84,19,6,''),(109,24,1,'4,5,6,7,3,13,98,9,10,11,16,17,18,75,12,19,70,58,14,15,8,83,152,153,154,155,156,157,158,159,160,161,25,108,106,43,44,45,90,26,27,59,28,29,30,34,96,95,38,39,40,42,82,33,37,76,77,60,61,31,36,55,56,130,151,46,48,49,50,93'),(85,20,1,'10,11,16,17,18,12,19,152,155,158,159,161,26,29,30,34,95,38,39,40,42,46,48,49,50,93'),(86,20,2,'10,11,16,17,18,19,152,155,158,159,161,26,29,30,34,95,38,39,40,42,46,48,49,50,93'),(87,20,3,''),(88,20,4,'10,11,16,17,18,19'),(89,20,8,''),(90,20,6,'66,67'),(91,21,1,''),(92,21,2,''),(93,21,3,''),(94,21,4,''),(95,21,8,''),(96,21,6,'63,66,97,71,72,73,74,119,120,121,122,123,124,131,125,132,141,142,143,144,145,146,149,150,104,105'),(97,22,1,''),(98,22,2,''),(99,22,3,''),(100,22,4,''),(101,22,8,''),(102,22,6,'57,89,86,81,94,62,63,69,64,65,88,92,66,67,79,80,97,71,72,73,74,78,119,120,121,122,123,124,131,125,129,132,141,142,143,144,145,146,149,147,148,150,84,85,87,91,103,104,105,107,68'),(103,23,1,'19'),(104,23,2,''),(105,23,3,''),(106,23,4,''),(107,23,8,''),(108,23,6,'63,64,65,66,67,119,120,121,122,123,124,131,125,129,132,141,142,143,144,145,146,149,147,148,150'),(114,24,6,'56,130,151,57,89,86,81,94,62,63,69,64,65,88,92,66,67,79,80,97,71,72,73,74,78,84,85,87,91,68');

/*Table structure for table `petro` */

DROP TABLE IF EXISTS `petro`;

CREATE TABLE `petro` (
  `id` int(11) NOT NULL AUTO_INCREMENT,
  `code` varchar(20) COLLATE utf8_unicode_ci DEFAULT NULL,
  `name` varchar(255) COLLATE utf8_unicode_ci DEFAULT NULL,
  `price` double DEFAULT NULL,
  `unit_id` int(11) DEFAULT NULL,
  `organization_id` int(11) DEFAULT NULL,
  `status` int(1) DEFAULT '1' COMMENT '0:bi khoa,1:dang hoat dong',
  PRIMARY KEY (`id`)
) ENGINE=MyISAM AUTO_INCREMENT=22 DEFAULT CHARSET=utf8 COLLATE=utf8_unicode_ci;

/*Data for the table `petro` */

insert  into `petro`(`id`,`code`,`name`,`price`,`unit_id`,`organization_id`,`status`) values (6,'DO','DẦU DO 0,05S',20000,5,1,1),(5,'A92-E5','XĂNG A92-E5',300000,5,1,2),(4,'A95','XĂNG A95',100000,5,1,0),(7,'HD40(T18)','HD40(T18)',0,5,1,0),(8,'HD40(4L)','NHỚT HD 40 (can 4 L)',0,5,1,0),(9,'SHELL(T18)','NHỚT SHELL (thùng 18 L)',0,5,1,0),(10,'N68 (T18)','NHỚT THỦY LỰC 68 (thùng 18 L)',0,5,1,0),(11,'N140 (L)','NHỚT ĐẶC 140',0,5,1,0),(12,'XANG 95','XĂNG 95',0,5,1,1),(13,'HD40(18T)','NHớt HD 40 Thùng 18L',0,15,1,1),(14,'SHELL(T18)','Nhớt Shell (Thùng 18L)',0,12,1,1),(15,'N68 (T18)','Nhớt Thủy Lực N68 (Thùng 18L)',0,15,1,1),(16,'N140(L)','Nhớt đặc 140',0,5,1,1),(17,'NHOTZIC','Nhớt Zic 7000+3000',0,12,1,1),(18,'NHOTLE','Nhớt lẻ (Lít)',0,5,1,1),(19,'NHOTNIWA(50)','NHớt Niwa (50T18L)',0,12,1,1),(20,'NHOTNIWA(40)','NHớt Niwa (40T18L)',0,12,1,1),(21,'NHOT68LE','Nhớt 68 lẻ (lít)',0,5,1,1);

/*Table structure for table `petro_import` */

DROP TABLE IF EXISTS `petro_import`;

CREATE TABLE `petro_import` (
  `id` int(11) NOT NULL AUTO_INCREMENT,
  `code` varchar(20) COLLATE utf8_unicode_ci DEFAULT NULL,
  `created_date` date DEFAULT NULL,
  `store_id` int(11) DEFAULT NULL,
  `vendor_id` int(11) DEFAULT NULL,
  `rate` double DEFAULT NULL,
  `total` double DEFAULT NULL,
  `paid` double DEFAULT NULL,
  `debt` double DEFAULT NULL,
  `account_id` int(11) DEFAULT NULL,
  `note` text COLLATE utf8_unicode_ci,
  `created_employee_id` int(11) DEFAULT NULL,
  PRIMARY KEY (`id`)
) ENGINE=MyISAM AUTO_INCREMENT=23 DEFAULT CHARSET=utf8 COLLATE=utf8_unicode_ci;

/*Data for the table `petro_import` */

insert  into `petro_import`(`id`,`code`,`created_date`,`store_id`,`vendor_id`,`rate`,`total`,`paid`,`debt`,`account_id`,`note`,`created_employee_id`) values (4,'20200419-GI-0001','2020-04-07',6,45,0,0,0,0,5,'Chuyển kho',20),(5,'20200419-GI-0002','2020-04-07',6,45,0,0,0,0,5,'Mượn DO Phú Vân',20),(6,'20200419-GI-0003','2020-04-08',6,43,0,0,0,0,5,'',20),(7,'20200419-GI-0004','2020-04-08',6,43,0,0,0,0,5,'',20),(8,'20200419-GI-0005','2020-04-08',4,43,0,0,0,0,5,'',20),(9,'20200419-GI-0006','2020-04-08',6,44,0,0,0,0,5,'',20),(10,'20200419-GI-0007','2020-04-08',4,44,0,0,0,0,5,'',20),(11,'20200419-GI-0008','2020-04-09',6,45,0,0,0,0,5,'Chuyển kho',20),(12,'20200419-GI-0009','2020-04-10',6,45,0,0,0,0,5,'',20),(13,'20200419-GI-0010','2020-04-10',6,45,0,0,0,0,5,'',20),(14,'20200419-GI-0011','2020-04-13',6,45,0,0,0,0,5,'',20),(15,'20200419-GI-0012','2020-04-13',4,45,0,0,0,0,5,'',20),(16,'20200419-GI-0013','2020-04-14',4,43,0,0,0,0,5,'',20),(17,'20200419-GI-0014','2020-04-14',6,43,0,0,0,0,5,'',20),(18,'20200419-GI-0015','2020-04-14',4,45,0,0,0,0,5,'',20),(19,'20200419-GI-0016','2020-04-17',6,43,0,0,0,0,5,'',20),(20,'20200420-GI-0001','2020-04-20',4,43,0,0,0,0,5,'',55),(21,'20200420-GI-0002','2020-04-20',6,43,0,0,0,0,5,'',55),(22,'20200422-GI-0001','2020-04-22',4,45,0,0,0,0,5,'kiểm định',55);

/*Table structure for table `petro_import_detail` */

DROP TABLE IF EXISTS `petro_import_detail`;

CREATE TABLE `petro_import_detail` (
  `id` int(11) NOT NULL AUTO_INCREMENT,
  `petro_import_id` int(11) DEFAULT NULL,
  `petro_id` int(11) DEFAULT NULL,
  `quantity` int(11) DEFAULT NULL,
  `price` double DEFAULT NULL,
  `amount` double DEFAULT NULL,
  `note` text COLLATE utf8_unicode_ci,
  PRIMARY KEY (`id`)
) ENGINE=MyISAM AUTO_INCREMENT=26 DEFAULT CHARSET=utf8 COLLATE=utf8_unicode_ci;

/*Data for the table `petro_import_detail` */

insert  into `petro_import_detail`(`id`,`petro_import_id`,`petro_id`,`quantity`,`price`,`amount`,`note`) values (5,4,6,100,0,0,NULL),(6,5,6,450,0,0,NULL),(7,6,6,2000,0,0,NULL),(8,7,6,14000,0,0,NULL),(9,8,6,6000,0,0,NULL),(10,9,6,14000,0,0,NULL),(11,10,6,6000,0,0,NULL),(12,11,12,600,0,0,NULL),(13,12,19,15,0,0,NULL),(14,13,20,20,0,0,NULL),(15,14,14,40,0,0,NULL),(16,15,14,10,0,0,NULL),(17,16,12,14000,0,0,NULL),(18,17,12,4000,0,0,NULL),(19,18,12,30,0,0,NULL),(20,19,6,6000,0,0,NULL),(21,20,6,10000,0,0,NULL),(22,20,12,2000,0,0,NULL),(23,21,6,8000,0,0,NULL),(24,22,6,59,0,0,NULL),(25,22,12,47,0,0,NULL);

/*Table structure for table `petro_in_stock` */

DROP TABLE IF EXISTS `petro_in_stock`;

CREATE TABLE `petro_in_stock` (
  `id` int(11) NOT NULL AUTO_INCREMENT,
  `day` date DEFAULT NULL,
  `petro_id` int(11) DEFAULT NULL,
  `organization_id` int(11) DEFAULT NULL,
  `store_id` int(11) DEFAULT NULL,
  `in_stock` int(11) DEFAULT '0',
  PRIMARY KEY (`id`)
) ENGINE=InnoDB AUTO_INCREMENT=67 DEFAULT CHARSET=utf8 COLLATE=utf8_unicode_ci;

/*Data for the table `petro_in_stock` */

insert  into `petro_in_stock`(`id`,`day`,`petro_id`,`organization_id`,`store_id`,`in_stock`) values (1,'2020-04-01',6,15,6,0),(2,'2020-04-01',21,15,6,0),(3,'2020-04-01',16,15,6,0),(4,'2020-04-01',13,15,6,0),(5,'2020-04-01',18,15,6,0),(6,'2020-04-01',20,15,6,0),(7,'2020-04-01',19,15,6,0),(8,'2020-04-01',14,15,6,0),(9,'2020-04-01',15,15,6,0),(10,'2020-04-01',17,15,6,0),(11,'2020-04-01',12,15,6,0),(12,'2020-04-01',6,15,4,0),(13,'2020-04-01',21,15,4,0),(14,'2020-04-01',16,15,4,0),(15,'2020-04-01',13,15,4,0),(16,'2020-04-01',18,15,4,0),(17,'2020-04-01',20,15,4,0),(18,'2020-04-01',19,15,4,0),(19,'2020-04-01',14,15,4,0),(20,'2020-04-01',15,15,4,0),(21,'2020-04-01',17,15,4,0),(22,'2020-04-01',12,15,4,0),(23,'2020-04-01',6,14,6,0),(24,'2020-04-01',21,14,6,0),(25,'2020-04-01',16,14,6,0),(26,'2020-04-01',13,14,6,0),(27,'2020-04-01',18,14,6,0),(28,'2020-04-01',20,14,6,0),(29,'2020-04-01',19,14,6,0),(30,'2020-04-01',14,14,6,0),(31,'2020-04-01',15,14,6,0),(32,'2020-04-01',17,14,6,0),(33,'2020-04-01',12,14,6,0),(34,'2020-04-01',6,14,4,0),(35,'2020-04-01',21,14,4,0),(36,'2020-04-01',16,14,4,0),(37,'2020-04-01',13,14,4,0),(38,'2020-04-01',18,14,4,0),(39,'2020-04-01',20,14,4,0),(40,'2020-04-01',19,14,4,0),(41,'2020-04-01',14,14,4,0),(42,'2020-04-01',15,14,4,0),(43,'2020-04-01',17,14,4,0),(44,'2020-04-01',12,14,4,0),(45,'2020-04-01',6,1,6,10676),(46,'2020-04-01',21,1,6,0),(47,'2020-04-01',16,1,6,0),(48,'2020-04-01',13,1,6,17),(49,'2020-04-01',18,1,6,202),(50,'2020-04-01',20,1,6,1),(51,'2020-04-01',19,1,6,4),(52,'2020-04-01',14,1,6,10),(53,'2020-04-01',15,1,6,3),(54,'2020-04-01',17,1,6,19),(55,'2020-04-01',12,1,6,2195),(56,'2020-04-01',6,1,4,7924),(57,'2020-04-01',21,1,4,7),(58,'2020-04-01',16,1,4,202),(59,'2020-04-01',13,1,4,22),(60,'2020-04-01',18,1,4,314),(61,'2020-04-01',20,1,4,0),(62,'2020-04-01',19,1,4,4),(63,'2020-04-01',14,1,4,10),(64,'2020-04-01',15,1,4,14),(65,'2020-04-01',17,1,4,0),(66,'2020-04-01',12,1,4,17271);

/*Table structure for table `petro_sale` */

DROP TABLE IF EXISTS `petro_sale`;

CREATE TABLE `petro_sale` (
  `id` int(11) NOT NULL AUTO_INCREMENT,
  `code` varchar(20) COLLATE utf8_unicode_ci DEFAULT NULL,
  `created_date` date DEFAULT NULL,
  `customer_id` int(11) DEFAULT NULL,
  `store_id` int(11) DEFAULT NULL,
  `total` double DEFAULT NULL,
  `discount` double DEFAULT NULL,
  `total_pay` double DEFAULT NULL,
  `paid` double DEFAULT NULL,
  `debt` double DEFAULT NULL,
  `account_id` int(11) DEFAULT NULL,
  `note` text COLLATE utf8_unicode_ci,
  `created_employee_id` int(11) DEFAULT NULL,
  PRIMARY KEY (`id`)
) ENGINE=MyISAM AUTO_INCREMENT=510 DEFAULT CHARSET=utf8 COLLATE=utf8_unicode_ci;

/*Data for the table `petro_sale` */

insert  into `petro_sale`(`id`,`code`,`created_date`,`customer_id`,`store_id`,`total`,`discount`,`total_pay`,`paid`,`debt`,`account_id`,`note`,`created_employee_id`) values (6,'20200419-SP-0001','2020-04-01',416,4,25655000,0,25655000,25655000,0,5,'',20),(469,'20200425-SP-0001','2020-04-01',599,4,800000,0,800000,800000,0,5,'',35),(8,'20200419-SP-0003','2020-04-01',584,4,440000,0,440000,440000,0,5,'',55),(9,'20200419-SP-0004','2020-04-01',559,4,950000,0,950000,950000,0,5,'',55),(10,'20200419-SP-0005','2020-04-01',585,4,220000,0,220000,220000,0,5,'',55),(11,'20200419-SP-0006','2020-04-01',564,4,220000,0,220000,220000,0,5,'',55),(12,'20200419-SP-0007','2020-04-01',598,4,300000,0,300000,300000,0,5,'',55),(13,'20200419-SP-0008','2020-04-01',592,4,310000,0,310000,310000,0,5,'',55),(14,'20200419-SP-0009','2020-04-01',595,4,600000,0,600000,600000,0,5,'',55),(15,'20200419-SP-0010','2020-04-01',580,4,680000,0,680000,680000,0,5,'',55),(16,'20200419-SP-0011','2020-04-01',582,4,200000,0,200000,200000,0,5,'',55),(17,'20200419-SP-0012','2020-04-01',541,4,200000,0,200000,200000,0,5,'',55),(18,'20200419-SP-0013','2020-04-01',522,4,510000,0,510000,510000,0,5,'',55),(19,'20200419-SP-0014','2020-04-01',476,4,163280,0,163280,0,163280,5,'',55),(20,'20200419-SP-0015','2020-04-01',523,4,213520,0,213520,0,213520,5,'',55),(21,'20200419-SP-0016','2020-04-01',515,4,307000,0,307000,307000,0,5,'',55),(507,'20200428-SP-0003','2020-04-28',418,4,26647520,0,26647520,26647000,520,5,'',55),(23,'20200419-SP-0018','2020-04-01',419,6,12172130,0,12172130,12178000,-5870,5,'',55),(24,'20200419-SP-0019','2020-04-01',443,6,575000,0,575000,0,575000,5,'',55),(25,'20200419-SP-0020','2020-04-01',436,6,281250,0,281250,0,281250,5,'',55),(26,'20200419-SP-0021','2020-04-01',520,6,393750,0,393750,400000,-6250,5,'',55),(27,'20200419-SP-0022','2020-04-02',417,4,15075000,0,15075000,15075000,0,5,'',55),(28,'20200419-SP-0023','2020-04-02',517,4,1182500,0,1182500,1183000,-500,5,'',55),(29,'20200419-SP-0024','2020-04-02',578,4,816000,0,816000,816000,0,5,'',55),(30,'20200419-SP-0025','2020-04-02',594,4,220000,0,220000,220000,0,5,'',55),(31,'20200419-SP-0026','2020-04-02',596,4,680000,0,680000,680000,0,5,'',55),(32,'20200419-SP-0027','2020-04-02',563,4,250000,0,250000,250000,0,5,'',55),(33,'20200419-SP-0028','2020-04-02',600,4,400000,0,400000,400000,0,5,'',55),(34,'20200419-SP-0029','2020-04-02',541,4,300000,0,300000,300000,0,5,'',55),(35,'20200419-SP-0030','2020-04-02',544,4,500000,0,500000,500000,0,5,'',55),(36,'20200419-SP-0031','2020-04-02',434,4,188400,0,188400,0,188400,5,'',55),(37,'20200419-SP-0032','2020-04-02',556,4,620000,0,620000,620000,0,5,'',55),(38,'20200419-SP-0033','2020-04-02',419,6,7436820,0,7436820,7437000,-180,5,'',55),(39,'20200419-SP-0034','2020-04-02',436,6,315000,0,315000,0,315000,5,'',55),(40,'20200419-SP-0035','2020-04-02',590,6,337500,0,337500,340000,-2500,5,'',55),(41,'20200419-SP-0036','2020-04-02',562,6,1505000,0,1505000,1505000,0,5,'',55),(42,'20200419-SP-0037','2020-04-03',416,4,16129007,0,16129007,16129000,7,5,'',55),(43,'20200420-SP-0001','2020-04-03',539,4,300000,0,300000,300000,0,5,'',55),(44,'20200420-SP-0002','2020-04-03',434,4,4283400,0,4283400,0,4283400,5,'',55),(45,'20200420-SP-0003','2020-04-03',586,4,880000,0,880000,880000,0,5,'',55),(46,'20200420-SP-0004','2020-04-03',583,4,1500000,0,1500000,1500000,0,5,'',55),(47,'20200420-SP-0005','2020-04-03',585,4,220000,0,220000,220000,0,5,'',55),(48,'20200420-SP-0006','2020-04-03',596,4,610000,0,610000,610000,0,5,'',55),(49,'20200420-SP-0007','2020-04-03',523,4,163280,0,163280,0,163280,5,'',55),(50,'20200420-SP-0008','2020-04-03',517,4,1182500,0,1182500,1183000,-500,5,'',55),(51,'20200420-SP-0009','2020-04-03',600,4,200000,0,200000,200000,0,5,'',55),(52,'20200420-SP-0010','2020-04-03',599,4,500000,0,500000,500000,0,5,'',55),(53,'20200420-SP-0011','2020-04-03',541,4,200000,0,200000,200000,0,5,'',55),(54,'20200420-SP-0012','2020-04-03',551,4,400000,0,400000,400000,0,5,'',55),(55,'20200420-SP-0013','2020-04-03',504,4,670000,0,670000,670000,0,5,'',55),(56,'20200420-SP-0014','2020-04-03',557,4,690000,0,690000,690000,0,5,'',55),(57,'20200420-SP-0015','2020-04-03',417,6,8515720,0,8515720,8516000,-280,5,'',55),(58,'20200420-SP-0016','2020-04-03',436,6,540000,0,540000,0,540000,5,'',55),(59,'20200420-SP-0017','2020-04-03',435,6,562500,0,562500,560000,2500,5,'',55),(60,'20200420-SP-0018','2020-04-03',589,6,1575000,0,1575000,0,1575000,5,'',55),(61,'20200420-SP-0019','2020-04-03',562,6,634250,0,634250,634000,250,5,'',55),(62,'20200420-SP-0020','2020-04-04',416,4,14175046,0,14175046,14175000,46,5,'',55),(63,'20200420-SP-0021','2020-04-04',539,4,400000,0,400000,400000,0,5,'',55),(64,'20200420-SP-0022','2020-04-04',599,4,300000,0,300000,300000,0,5,'',55),(65,'20200420-SP-0023','2020-04-04',515,4,390000,0,390000,390000,0,5,'',55),(66,'20200420-SP-0024','2020-04-04',434,4,100480,0,100480,0,100480,5,'',55),(67,'20200420-SP-0025','2020-04-04',591,4,1500000,0,1500000,1500000,0,5,'',55),(506,'20200428-SP-0002','2020-04-28',476,6,6492000,0,6492000,0,6492000,5,'',55),(69,'20200420-SP-0027','2020-04-04',551,4,360000,0,360000,360000,0,5,'',55),(70,'20200420-SP-0028','2020-04-04',559,4,900000,0,900000,900000,0,5,'',55),(71,'20200420-SP-0029','2020-04-04',544,4,400000,0,400000,400000,0,5,'',55),(72,'20200420-SP-0030','2020-04-04',516,4,634250,0,634250,634000,250,5,'',55),(73,'20200420-SP-0031','2020-04-04',417,6,9541090,0,9541090,9541000,90,5,'',55),(74,'20200420-SP-0032','2020-04-05',418,4,13511040,0,13511040,13511000,40,5,'',55),(75,'20200420-SP-0033','2020-04-05',584,4,180000,0,180000,180000,0,5,'',55),(76,'20200420-SP-0034','2020-04-05',434,4,125600,0,125600,30000000,-29874400,5,'',55),(77,'20200420-SP-0035','2020-04-05',599,4,733000,0,733000,733000,0,5,'',55),(78,'20200420-SP-0036','2020-04-05',547,4,300000,0,300000,300000,0,5,'',55),(79,'20200420-SP-0037','2020-04-05',592,4,650000,0,650000,650000,0,5,'',55),(80,'20200420-SP-0038','2020-04-05',597,4,150000,0,150000,150000,0,5,'',55),(81,'20200420-SP-0039','2020-04-05',564,4,220000,0,220000,220000,0,5,'',55),(82,'20200420-SP-0040','2020-04-05',580,4,670000,0,670000,670000,0,5,'',55),(83,'20200420-SP-0038','2020-04-18',417,4,18334048,0,18334048,18334000,48,5,'',55),(84,'20200420-SP-0041','2020-04-05',591,4,1500000,0,1500000,1500000,0,5,'',55),(85,'20200420-SP-0042','2020-04-05',551,4,1260000,0,1260000,1260000,0,5,'',55),(86,'20200420-SP-0043','2020-04-05',529,4,510000,0,510000,510000,0,5,'',55),(87,'20200420-SP-0041','2020-04-18',595,4,400015,0,400015,400000,15,5,'',55),(88,'20200420-SP-0044','2020-04-05',541,4,500000,0,500000,500000,0,5,'',55),(89,'20200420-SP-0044','2020-04-18',551,4,396012,0,396012,396000,12,5,'',55),(90,'20200420-SP-0045','2020-04-05',522,4,430000,0,430000,430000,0,5,'',55),(91,'20200420-SP-0045','2020-04-18',569,4,940009,0,940009,940000,9,5,'',55),(92,'20200420-SP-0046','2020-04-18',516,4,608880,0,608880,609000,-120,5,'',55),(93,'20200420-SP-0047','2020-04-18',434,4,2995480,0,2995480,0,2995480,5,'',55),(94,'20200420-SP-0048','2020-04-18',592,4,600001,0,600001,600000,1,5,'',55),(95,'20200420-SP-0049','2020-04-18',587,4,400005,0,400005,400000,5,5,'',55),(96,'20200420-SP-0050','2020-04-18',556,4,460001,0,460001,460000,1,5,'',55),(97,'20200420-SP-0051','2020-04-18',563,4,300006,0,300006,300000,6,5,'',55),(98,'20200420-SP-0052','2020-04-18',517,4,1135200,0,1135200,1135000,200,5,'',55),(99,'20200420-SP-0053','2020-04-18',541,4,194760,0,194760,200000,-5240,5,'',55),(100,'20200420-SP-0054','2020-04-18',558,4,497720,0,497720,500000,-2280,5,'',55),(101,'20200420-SP-0055','2020-04-18',530,4,724940,0,724940,0,724940,5,'',55),(102,'20200420-SP-0056','2020-04-18',419,6,10391330,0,10391330,10396000,-4670,5,'',55),(103,'20200420-SP-0057','2020-04-18',436,6,1082000,0,1082000,0,1082000,5,'',55),(104,'20200420-SP-0058','2020-04-18',603,6,3787000,0,3787000,0,3787000,5,'',55),(105,'20200420-SP-0059','2020-04-18',435,6,724940,0,724940,730000,-5060,5,'',55),(106,'20200420-SP-0060','2020-04-20',417,4,18751170,0,18751170,18755000,-3830,5,'',55),(107,'20200420-SP-0061','2020-04-20',517,4,2270400,0,2270400,2270000,400,5,'',55),(108,'20200420-SP-0062','2020-04-20',476,4,357900,0,357900,0,357900,5,'',55),(109,'20200420-SP-0063','2020-04-20',580,4,638380,0,638380,640000,-1620,5,'',55),(110,'20200420-SP-0064','2020-04-20',513,4,497720,0,497720,500000,-2280,5,'',55),(111,'20200420-SP-0065','2020-04-20',564,4,194760,0,194760,200000,-5240,5,'',55),(112,'20200420-SP-0066','2020-04-20',592,4,324600,0,324600,320000,4600,5,'',55),(113,'20200420-SP-0067','2020-04-20',594,4,302960,0,302960,300000,2960,5,'',55),(114,'20200420-SP-0068','2020-04-20',563,4,302960,0,302960,300000,2960,5,'',55),(115,'20200420-SP-0069','2020-04-20',602,4,97380,0,97380,100000,-2620,5,'',55),(116,'20200420-SP-0070','2020-04-20',556,4,595100,0,595100,0,595100,5,'',55),(117,'20200420-SP-0071','2020-04-20',541,4,302960,0,302960,300000,2960,5,'',55),(118,'20200420-SP-0072','2020-04-20',434,4,262460,0,262460,0,262460,5,'',55),(119,'20200420-SP-0073','2020-04-20',578,4,703300,0,703300,700000,3300,5,'',55),(120,'20200420-SP-0074','2020-04-20',516,4,608880,0,608880,609000,-120,5,'',55),(121,'20200420-SP-0075','2020-04-20',558,4,595100,0,595100,600000,-4900,5,'',55),(122,'20200420-SP-0076','2020-04-20',539,4,302960,0,302960,300000,2960,5,'',55),(123,'20200420-SP-0077','2020-04-20',530,4,768220,0,768220,0,768220,5,'',55),(124,'20200420-SP-0078','2020-04-20',419,6,12743520,0,12743520,12743000,520,5,'',55),(125,'20200420-SP-0079','2020-04-20',589,6,1514800,0,1514800,0,1514800,5,'',55),(126,'20200420-SP-0080','2020-04-20',453,6,11219320,0,11219320,10910000,309320,5,'',55),(127,'20200420-SP-0081','2020-04-20',593,6,11543920,0,11543920,0,11543920,5,'',55),(128,'20200420-SP-0082','2020-04-20',590,6,151480,0,151480,150000,1480,5,'',55),(129,'20200420-SP-0083','2020-04-20',606,4,595100,0,595100,600000,-4900,5,'',55),(130,'20200420-SP-0084','2020-04-19',418,4,14053210,0,14053210,14049000,4210,5,'',55),(505,'20200428-SP-0001','2020-04-28',419,6,8661050,0,8661050,8661000,50,5,'',55),(132,'20200420-SP-0086','2020-04-19',434,4,167020,0,167020,0,167020,5,'',55),(133,'20200420-SP-0087','2020-04-19',523,4,214740,0,214740,0,214740,5,'',55),(134,'20200420-SP-0088','2020-04-19',577,4,800031,0,800031,800000,31,5,'',55),(135,'20200420-SP-0087','2020-04-05',577,4,650000,0,650000,650000,0,5,'',55),(136,'20200420-SP-0089','2020-04-19',585,4,300039,0,300039,300000,39,5,'',55),(137,'20200420-SP-0090','2020-04-19',594,4,300039,0,300039,300000,39,5,'',55),(138,'20200420-SP-0090','2020-04-05',544,4,435000,0,435000,435000,0,5,'',55),(139,'20200420-SP-0091','2020-04-19',504,4,599969,0,599969,600000,-31,5,'',55),(140,'20200420-SP-0092','2020-04-19',556,4,1200046,0,1200046,1200000,46,5,'',55),(141,'20200420-SP-0091','2020-04-05',578,4,869000,0,869000,869000,0,5,'',55),(142,'20200420-SP-0093','2020-04-19',551,4,499992,0,499992,500000,-8,5,'',55),(143,'20200420-SP-0094','2020-04-19',582,4,99977,0,99977,100000,-23,5,'',55),(144,'20200420-SP-0093','2020-04-05',419,6,7821200,0,7821200,7828000,-6800,5,'',55),(145,'20200420-SP-0095','2020-04-19',522,4,400015,0,400015,400000,15,5,'',55),(146,'20200420-SP-0095','2020-04-05',436,6,315000,0,315000,0,315000,5,'',55),(147,'20200420-SP-0096','2020-04-19',541,4,199954,0,199954,200000,-46,5,'',55),(148,'20200420-SP-0097','2020-04-19',498,4,0,0,0,0,0,5,'Anh Hùng',55),(149,'20200420-SP-0096','2020-04-05',589,6,1575000,0,1575000,0,1575000,5,'',55),(150,'20200420-SP-0098','2020-04-19',515,4,420032,0,420032,420000,32,5,'',55),(151,'20200420-SP-0098','2020-04-05',435,6,495000,0,495000,500000,-5000,5,'',55),(152,'20200420-SP-0099','2020-04-19',564,4,199954,0,199954,200000,-46,5,'',55),(153,'20200420-SP-0100','2020-04-19',419,6,7897110,0,7897110,7898000,-890,5,'',55),(154,'20200420-SP-0099','2020-04-05',427,6,12337500,0,12337500,12370000,-32500,5,'',55),(155,'20200420-SP-0101','2020-04-19',450,6,16586040,0,16586040,0,16586040,5,'',55),(156,'20200420-SP-0102','2020-04-19',562,6,5160000,0,5160000,5160000,0,5,'',55),(157,'20200420-SP-0103','2020-04-12',601,6,1395000,0,1395000,1400000,-5000,5,'',55),(158,'20200420-SP-0101','2020-04-06',416,4,22569987,0,22569987,22570000,-13,5,'',55),(159,'20200420-SP-0104','2020-04-12',590,6,1001250,0,1001250,1000000,1250,5,'',55),(160,'20200420-SP-0105','2020-04-12',435,6,596250,0,596250,600000,-3750,5,'',55),(161,'20200420-SP-0104','2020-04-06',515,4,421000,0,421000,421000,0,5,'',55),(162,'20200420-SP-0106','2020-04-13',418,4,13457610,0,13457610,13455000,2610,5,'',55),(163,'20200420-SP-0106','2020-04-06',539,4,300038,0,300038,300000,38,5,'',55),(164,'20200420-SP-0107','2020-04-13',434,4,708750,0,708750,0,708750,5,'',55),(165,'20200420-SP-0107','2020-04-06',585,4,220050,0,220050,220000,50,5,'',55),(166,'20200420-SP-0108','2020-04-13',602,4,303750,0,303750,300000,3750,5,'',55),(167,'20200420-SP-0108','2020-04-06',583,4,650025,0,650025,650000,25,5,'',55),(168,'20200420-SP-0109','2020-04-06',594,4,150000,0,150000,150000,0,5,'',55),(169,'20200420-SP-0109','2020-04-13',476,4,251200,0,251200,3034000,-2782800,10,'',55),(170,'20200420-SP-0110','2020-04-06',541,4,200025,0,200025,200000,25,5,'',55),(171,'20200420-SP-0110','2020-04-13',592,4,315000,0,315000,320000,-5000,5,'',55),(172,'20200420-SP-0111','2020-04-06',504,4,660038,0,660038,660000,38,5,'',55),(173,'20200420-SP-0111','2020-04-13',516,4,634250,0,634250,634000,250,5,'',55),(174,'20200420-SP-0112','2020-04-13',587,4,405000,0,405000,400000,5000,5,'',55),(175,'20200420-SP-0112','2020-04-06',519,4,300038,0,300038,300000,38,5,'',55),(176,'20200420-SP-0113','2020-04-13',585,4,146250,0,146250,150000,-3750,5,'',55),(177,'20200420-SP-0114','2020-04-13',519,4,596250,0,596250,600000,-3750,5,'',55),(178,'20200420-SP-0113','2020-04-06',530,4,780000,0,780000,780000,0,5,'',55),(179,'20200420-SP-0115','2020-04-13',563,4,326250,0,326250,330000,-3750,5,'',55),(180,'20200420-SP-0116','2020-04-13',556,4,945000,0,945000,950000,-5000,5,'',55),(181,'20200420-SP-0115','2020-04-06',419,6,5771030,0,5771030,5771000,30,5,'',55),(182,'20200420-SP-0117','2020-04-13',541,4,202500,0,202500,200000,2500,5,'',55),(183,'20200420-SP-0118','2020-04-13',434,4,389360,0,389360,0,389360,5,'',55),(184,'20200420-SP-0118','2020-04-06',581,6,337500,0,337500,340000,-2500,5,'',55),(185,'20200420-SP-0119','2020-04-13',539,4,495000,0,495000,500000,-5000,5,'',55),(186,'20200420-SP-0120','2020-04-13',530,4,787500,0,787500,0,787500,5,'',55),(187,'20200420-SP-0120','2020-04-07',417,4,13437065,0,13437065,13437000,65,5,'',55),(188,'20200420-SP-0121','2020-04-13',419,6,8895680,0,8895680,8896000,-320,5,'',55),(189,'20200420-SP-0121','2020-04-07',434,4,439600,0,439600,0,439600,5,'',55),(190,'20200420-SP-0122','2020-04-13',524,6,6119400,0,6119400,6120000,-600,5,'',55),(191,'20200420-SP-0122','2020-04-07',556,4,578025,0,578025,578000,25,5,'',55),(192,'20200420-SP-0123','2020-04-07',592,4,1000013,0,1000013,1000000,13,5,'',55),(193,'20200420-SP-0123','2020-04-14',417,4,1939710,0,1939710,1943000,-3290,5,'',55),(194,'20200420-SP-0124','2020-04-14',569,4,945000,0,945000,940000,5000,5,'',55),(489,'20200425-SP-0021','2020-04-25',436,6,692480,0,692480,0,692480,5,'',55),(196,'20200420-SP-0124','2020-04-07',582,4,200000,0,200000,200000,0,5,'',55),(197,'20200420-SP-0125','2020-04-14',559,4,978750,0,978750,980000,-1250,5,'',55),(198,'20200420-SP-0125','2020-04-07',523,4,188400,0,188400,0,188400,5,'',55),(199,'20200420-SP-0126','2020-04-14',417,4,15348130,0,15348130,15345000,3130,5,'',55),(200,'20200420-SP-0126','2020-04-07',563,4,300000,0,300000,300000,0,5,'',55),(201,'20200420-SP-0127','2020-04-14',517,4,1135200,0,1135200,1135000,200,5,'',55),(202,'20200420-SP-0127','2020-04-07',529,4,200000,0,200000,200000,0,5,'',55),(203,'20200420-SP-0128','2020-04-14',564,4,194760,0,194760,200000,-5240,5,'',55),(204,'20200420-SP-0128','2020-04-07',578,4,700000,0,700000,700000,0,5,'',55),(205,'20200420-SP-0129','2020-04-14',578,4,714120,0,714120,710000,4120,5,'',55),(206,'20200420-SP-0130','2020-04-14',556,4,595100,0,595100,600000,-4900,5,'',55),(207,'20200420-SP-0129','2020-04-07',517,4,1182500,0,1182500,1183000,-500,5,'',55),(208,'20200420-SP-0131','2020-04-14',577,4,800680,0,800680,800000,680,5,'',55),(209,'20200420-SP-0131','2020-04-07',522,4,400050,0,400050,400000,50,5,'',55),(210,'20200420-SP-0132','2020-04-17',419,6,6784590,0,6784590,6785000,-410,5,'',55),(211,'20200420-SP-0133','2020-04-17',589,6,1444800,0,1444800,1445000,-200,5,'',55),(212,'20200420-SP-0134','2020-04-17',443,6,12984000,0,12984000,0,12984000,5,'',55),(213,'20200420-SP-0135','2020-04-17',491,6,2196460,0,2196460,2195000,1460,5,'',55),(214,'20200420-SP-0136','2020-04-07',547,4,348750,0,348750,350000,-1250,5,'',55),(215,'20200420-SP-0137','2020-04-07',558,4,495000,0,495000,500000,-5000,5,'',55),(216,'20200420-SP-0138','2020-04-07',516,4,634250,0,634250,634000,250,5,'',55),(217,'20200420-SP-0139','2020-04-07',584,4,225000,0,225000,220000,5000,5,'',55),(218,'20200420-SP-0140','2020-04-07',580,4,337500,0,337500,340000,-2500,5,'',55),(219,'20200420-SP-0141','2020-04-07',419,6,16238080,0,16238080,16238000,80,5,'',55),(220,'20200420-SP-0142','2020-04-07',469,6,16083750,0,16083750,23000000,-6916250,5,'',55),(221,'20200420-SP-0143','2020-04-07',491,6,3847500,0,3847500,3848000,-500,5,'',55),(222,'20200420-SP-0144','2020-04-07',560,6,3375000,0,3375000,0,3375000,5,'',55),(223,'20200420-SP-0145','2020-04-07',601,6,3003750,0,3003750,3000000,3750,5,'',55),(224,'20200420-SP-0146','2020-04-07',543,6,3052750,0,3052750,3053000,-250,5,'',55),(225,'20200420-SP-0147','2020-04-07',525,6,0,0,0,0,0,5,'Trả DO Phú Vân',55),(226,'20200420-SP-0148','2020-04-07',510,6,5375000,0,5375000,5375000,0,5,'',55),(227,'20200420-SP-0149','2020-04-07',445,6,13500000,0,13500000,12000000,1500000,5,'',55),(228,'20200420-SP-0150','2020-04-08',418,4,16038630,0,16038630,16037000,1630,5,'',55),(229,'20200420-SP-0151','2020-04-08',544,4,326250,0,326250,330000,-3750,5,'',55),(230,'20200420-SP-0152','2020-04-08',551,4,450000,0,450000,450000,0,5,'',55),(231,'20200420-SP-0153','2020-04-08',525,4,0,0,0,0,0,5,'Chuyển kho',55),(232,'20200420-SP-0154','2020-04-08',445,4,3375000,0,3375000,0,3375000,5,'',55),(233,'20200420-SP-0155','2020-04-08',513,4,495000,0,495000,500000,-5000,5,'',55),(234,'20200420-SP-0156','2020-04-08',564,4,202500,0,202500,200000,2500,5,'',55),(235,'20200420-SP-0157','2020-04-08',434,4,150720,0,150720,0,150720,5,'',55),(236,'20200420-SP-0158','2020-04-08',517,4,1182500,0,1182500,1183000,-500,5,'',55),(237,'20200420-SP-0159','2020-04-08',602,4,303750,0,303750,300000,3750,5,'',55),(238,'20200420-SP-0160','2020-04-08',584,4,202500,0,202500,200000,2500,5,'',55),(239,'20200420-SP-0161','2020-04-08',557,4,652500,0,652500,650000,2500,5,'',55),(240,'20200420-SP-0162','2020-04-08',541,4,405000,0,405000,400000,5000,5,'',55),(241,'20200420-SP-0163','2020-04-08',547,4,202500,0,202500,200000,2500,5,'',55),(242,'20200420-SP-0164','2020-04-08',539,4,405000,0,405000,400000,5000,5,'',55),(243,'20200420-SP-0165','2020-04-08',576,4,315000,0,315000,320000,-5000,5,'',55),(244,'20200420-SP-0166','2020-04-08',419,6,10396400,0,10396400,10396000,400,5,'',55),(245,'20200420-SP-0167','2020-04-08',498,6,0,0,0,0,0,5,'Anh Phước',55),(246,'20200420-SP-0167','2020-04-16',416,4,16607038,0,16607038,16607000,38,5,'',55),(247,'20200420-SP-0168','2020-04-16',517,4,1135200,0,1135200,1135000,200,5,'',55),(248,'20200420-SP-0168','2020-04-09',416,4,16510420,0,16510420,16511000,-580,5,'',55),(249,'20200420-SP-0169','2020-04-16',578,4,800031,0,800031,800000,31,5,'',55),(250,'20200420-SP-0170','2020-04-16',434,4,465260,0,465260,0,465260,5,'',55),(251,'20200420-SP-0170','2020-04-09',571,4,810000,0,810000,810000,0,5,'',55),(252,'20200420-SP-0171','2020-04-09',525,4,0,0,0,0,0,5,'Chuyển kho',55),(253,'20200420-SP-0171','2020-04-16',564,4,400015,0,400015,400000,15,5,'',55),(254,'20200420-SP-0172','2020-04-09',578,4,742500,0,742500,740000,2500,5,'',55),(255,'20200420-SP-0173','2020-04-09',584,4,146250,0,146250,150000,-3750,5,'',55),(256,'20200420-SP-0172','2020-04-16',592,4,599969,0,599969,600000,-31,5,'',55),(257,'20200420-SP-0174','2020-04-09',595,4,495000,0,495000,500000,-5000,5,'',55),(258,'20200420-SP-0175','2020-04-09',434,4,630000,0,630000,0,630000,5,'',55),(259,'20200420-SP-0174','2020-04-16',541,4,199954,0,199954,200000,-46,5,'',55),(260,'20200420-SP-0176','2020-04-09',547,4,1001250,0,1001250,1000000,1250,5,'',55),(261,'20200420-SP-0176','2020-04-16',539,4,300039,0,300039,300000,39,5,'',55),(262,'20200420-SP-0177','2020-04-09',537,4,540000,0,540000,540000,0,5,'',55),(263,'20200420-SP-0177','2020-04-16',551,4,392009,0,392009,392000,9,5,'',55),(264,'20200420-SP-0178','2020-04-09',519,4,348750,0,348750,350000,-1250,5,'',55),(265,'20200420-SP-0178','2020-04-16',434,4,143160,0,143160,0,143160,5,'',55),(266,'20200420-SP-0179','2020-04-09',587,4,225000,0,225000,220000,5000,5,'',55),(267,'20200420-SP-0179','2020-04-16',547,4,1499977,0,1499977,1500000,-23,5,'',55),(268,'20200420-SP-0180','2020-04-09',592,4,315000,0,315000,320000,-5000,5,'',55),(269,'20200420-SP-0181','2020-04-09',585,4,225000,0,225000,220000,5000,5,'',55),(270,'20200420-SP-0180','2020-04-16',558,4,599969,0,599969,600000,-31,5,'',55),(271,'20200420-SP-0182','2020-04-09',504,4,1316250,0,1316250,1320000,-3750,5,'',55),(272,'20200420-SP-0183','2020-04-09',602,4,202500,0,202500,200000,2500,5,'',55),(273,'20200420-SP-0184','2020-04-09',597,4,202500,0,202500,200000,2500,5,'',55),(274,'20200420-SP-0182','2020-04-16',417,6,13837440,0,13837440,13837000,440,5,'',55),(275,'20200420-SP-0185','2020-04-09',563,4,303750,0,303750,300000,3750,5,'',55),(276,'20200420-SP-0186','2020-04-09',594,4,202500,0,202500,200000,2500,5,'',55),(277,'20200420-SP-0185','2020-04-16',511,6,3405600,0,3405600,3406000,-400,5,'',55),(278,'20200420-SP-0187','2020-04-09',551,4,495000,0,495000,500000,-5000,5,'',55),(279,'20200420-SP-0188','2020-04-09',541,4,202500,0,202500,200000,2500,5,'',55),(280,'20200420-SP-0187','2020-04-16',436,6,216400,0,216400,0,216400,5,'',55),(281,'20200420-SP-0189','2020-04-09',556,4,1226250,0,1226250,1222000,4250,5,'',55),(282,'20200420-SP-0189','2020-04-16',543,6,1265940,0,1265940,0,1265940,5,'',55),(283,'20200420-SP-0190','2020-04-09',539,4,303750,0,303750,300000,3750,5,'',55),(284,'20200420-SP-0191','2020-04-09',600,4,202500,0,202500,200000,2500,5,'',55),(285,'20200420-SP-0192','2020-04-09',586,4,821250,0,821250,825000,-3750,5,'',55),(286,'20200420-SP-0190','2020-04-17',416,4,16300060,0,16300060,16300000,60,5,'',55),(287,'20200420-SP-0193','2020-04-09',419,6,9700660,0,9700660,9701000,-340,5,'',55),(288,'20200420-SP-0194','2020-04-09',472,6,16886250,0,16886250,0,16886250,5,'',55),(289,'20200420-SP-0193','2020-04-17',551,4,450004,0,450004,450000,4,5,'',55),(290,'20200420-SP-0195','2020-04-09',436,6,1946250,0,1946250,17000000,-15053750,5,'',55),(291,'20200420-SP-0195','2020-04-17',597,4,199954,0,199954,200000,-46,5,'',55),(292,'20200420-SP-0196','2020-04-09',484,6,25623750,0,25623750,0,25623750,5,'',55),(293,'20200420-SP-0196','2020-04-17',556,4,649957,0,649957,650000,-43,5,'',55),(294,'20200420-SP-0197','2020-04-09',486,6,15198750,0,15198750,0,15198750,5,'',55),(295,'20200420-SP-0197','2020-04-17',605,4,450004,0,450004,450000,4,5,'',55),(296,'20200420-SP-0198','2020-04-17',602,4,199954,0,199954,200000,-46,5,'',55),(297,'20200420-SP-0199','2020-04-17',582,4,99977,0,99977,100000,-23,5,'',55),(298,'20200420-SP-0199','2020-04-09',470,6,16443750,0,16443750,20000000,-3556250,5,'',55),(299,'20200420-SP-0200','2020-04-17',541,4,199954,0,199954,200000,-46,5,'',55),(300,'20200420-SP-0201','2020-04-17',517,4,1135200,0,1135200,1135000,200,5,'',55),(301,'20200420-SP-0200','2020-04-10',418,4,15940170,0,15940170,15935000,5170,5,'',55),(302,'20200420-SP-0202','2020-04-10',434,4,630000,0,630000,0,630000,5,'',55),(303,'20200420-SP-0202','2020-04-17',539,4,300039,0,300039,300000,39,5,'',55),(304,'20200420-SP-0203','2020-04-10',559,4,967500,0,967500,970000,-2500,5,'',55),(305,'20200420-SP-0203','2020-04-17',522,4,379998,0,379998,380000,-2,5,'',55),(306,'20200420-SP-0204','2020-04-10',564,4,202500,0,202500,200000,2500,5,'',55),(307,'20200420-SP-0204','2020-04-17',578,4,750042,0,750042,750000,42,5,'',55),(308,'20200420-SP-0205','2020-04-10',421,4,1182500,0,1182500,1183000,-500,5,'',55),(309,'20200420-SP-0206','2020-04-10',539,4,596250,0,596250,600000,-3750,5,'',55),(310,'20200420-SP-0206','2020-04-17',564,4,189999,0,189999,190000,-1,5,'',55),(311,'20200420-SP-0207','2020-04-10',594,4,202500,0,202500,200000,2500,5,'',55),(312,'20200420-SP-0208','2020-04-10',541,4,202500,0,202500,200000,2500,5,'',55),(313,'20200420-SP-0207','2020-04-17',584,4,199954,0,199954,200000,-46,5,'',55),(314,'20200420-SP-0209','2020-04-10',515,4,483750,0,483750,490000,-6250,5,'',55),(315,'20200420-SP-0209','2020-04-17',559,4,999984,0,999984,1000000,-16,5,'',55),(316,'20200420-SP-0210','2020-04-10',419,6,11616400,0,11616400,11621000,-4600,5,'',55),(317,'20200420-SP-0211','2020-04-10',601,6,1496250,0,1496250,1500000,-3750,5,'',55),(318,'20200420-SP-0212','2020-04-10',590,6,596250,0,596250,600000,-3750,5,'',55),(319,'20200420-SP-0213','2020-04-10',511,6,3547500,0,3547500,3548000,-500,5,'',55),(320,'20200420-SP-0214','2020-04-10',487,6,13207500,0,13207500,0,13207500,5,'',55),(321,'20200420-SP-0215','2020-04-10',485,6,15851250,0,15851250,0,15851250,5,'',55),(322,'20200420-SP-0216','2020-04-10',475,6,13845000,0,13845000,0,13845000,5,'',55),(323,'20200420-SP-0217','2020-04-10',480,6,12307500,0,12307500,0,12307500,5,'',55),(324,'20200420-SP-0218','2020-04-10',436,6,315000,0,315000,0,315000,5,'',55),(325,'20200420-SP-0219','2020-04-11',417,4,16906160,0,16906160,16908000,-1840,5,'',55),(326,'20200420-SP-0219','2020-04-14',523,4,238600,0,238600,0,238600,5,'',55),(327,'20200420-SP-0220','2020-04-11',595,4,303750,0,303750,300000,3750,5,'',55),(328,'20200420-SP-0221','2020-04-11',578,4,708750,0,708750,710000,-1250,5,'',55),(329,'20200420-SP-0220','2020-04-14',551,4,490038,0,490038,490000,38,5,'',55),(330,'20200420-SP-0222','2020-04-11',551,4,922500,0,922500,920000,2500,5,'',55),(331,'20200420-SP-0222','2020-04-14',557,4,479975,0,479975,480000,-25,5,'',55),(332,'20200420-SP-0223','2020-04-11',580,4,1305000,0,1305000,1300000,5000,5,'',55),(333,'20200420-SP-0223','2020-04-14',519,4,350027,0,350027,350000,27,5,'',55),(334,'20200420-SP-0224','2020-04-11',584,4,123750,0,123750,120000,3750,5,'',55),(335,'20200420-SP-0224','2020-04-14',513,4,499992,0,499992,500000,-8,5,'',55),(336,'20200420-SP-0225','2020-04-11',592,4,315000,0,315000,320000,-5000,5,'',55),(337,'20200420-SP-0226','2020-04-11',587,4,202500,0,202500,200000,2500,5,'',55),(338,'20200420-SP-0226','2020-04-14',582,4,199954,0,199954,200000,-46,5,'',55),(339,'20200420-SP-0227','2020-04-11',596,4,337500,0,337500,340000,-2500,5,'',55),(340,'20200420-SP-0228','2020-04-11',556,4,742500,0,742500,740000,2500,5,'',55),(341,'20200420-SP-0227','2020-04-14',602,4,300039,0,300039,300000,39,5,'',55),(342,'20200420-SP-0229','2020-04-11',563,4,303750,0,303750,300000,3750,5,'',55),(343,'20200420-SP-0229','2020-04-14',541,4,199954,0,199954,200000,-46,5,'',55),(344,'20200420-SP-0230','2020-04-11',582,4,202500,0,202500,200000,2500,5,'',55),(345,'20200420-SP-0231','2020-04-11',541,4,202500,0,202500,200000,2500,5,'',55),(346,'20200420-SP-0232','2020-04-11',434,4,787500,0,787500,0,787500,5,'',55),(347,'20200420-SP-0233','2020-04-11',539,4,405000,0,405000,400000,5000,5,'',55),(348,'20200420-SP-0234','2020-04-11',434,4,200960,0,200960,0,200960,5,'',55),(349,'20200420-SP-0235','2020-04-11',517,4,1182500,0,1182500,1183000,-500,5,'',55),(350,'20200420-SP-0236','2020-04-11',516,4,634250,0,634250,634000,250,5,'',55),(351,'20200420-SP-0237','2020-04-11',419,6,7856670,0,7856670,7864000,-7330,5,'',55),(352,'20200420-SP-0238','2020-04-11',520,6,495000,0,495000,500000,-5000,5,'',55),(353,'20200420-SP-0239','2020-04-12',416,4,16674580,0,16674580,16669000,5580,5,'',55),(354,'20200420-SP-0240','2020-04-12',434,4,1012500,0,1012500,0,1012500,5,'',55),(355,'20200420-SP-0241','2020-04-12',585,4,303750,0,303750,300000,3750,5,'',55),(356,'20200420-SP-0242','2020-04-12',564,4,202500,0,202500,200000,2500,5,'',55),(357,'20200420-SP-0243','2020-04-12',519,4,303750,0,303750,300000,3750,5,'',55),(358,'20200420-SP-0244','2020-04-12',434,4,138160,0,138160,0,138160,5,'',55),(359,'20200420-SP-0245','2020-04-12',597,4,202500,0,202500,200000,2500,5,'',55),(360,'20200420-SP-0246','2020-04-12',602,4,202500,0,202500,200000,2500,5,'',55),(361,'20200420-SP-0247','2020-04-12',577,4,495000,0,495000,500000,-5000,5,'',55),(362,'20200420-SP-0248','2020-04-12',558,4,495000,0,495000,500000,-5000,5,'',55),(363,'20200420-SP-0249','2020-04-12',539,4,303750,0,303750,300000,3750,5,'',55),(364,'20200420-SP-0250','2020-04-12',541,4,303750,0,303750,300000,3750,5,'',55),(365,'20200420-SP-0251','2020-04-12',584,4,123750,0,123750,120000,3750,5,'',55),(366,'20200420-SP-0252','2020-04-12',476,4,263760,0,263760,0,263760,5,'',55),(367,'20200420-SP-0253','2020-04-12',419,6,7783720,0,7783720,7787000,-3280,5,'',55),(368,'20200420-SP-0254','2020-04-14',539,4,302960,0,302960,300000,2960,5,'',55),(369,'20200420-SP-0255','2020-04-14',544,4,400340,0,400340,400000,340,5,'',55),(370,'20200420-SP-0256','2020-04-14',547,4,497720,0,497720,500000,-2280,5,'',55),(371,'20200420-SP-0257','2020-04-14',498,4,0,0,0,0,0,5,'máy phát',55),(372,'20200420-SP-0258','2020-04-14',419,6,5639970,0,5639970,5640000,-30,5,'',55),(373,'20200420-SP-0259','2020-04-14',436,6,1136100,0,1136100,0,1136100,5,'',55),(374,'20200420-SP-0260','2020-04-14',589,6,1514800,0,1514800,0,1514800,5,'',55),(375,'20200420-SP-0261','2020-04-15',416,4,19017180,0,19017180,19016000,1180,5,'',55),(376,'20200420-SP-0262','2020-04-15',558,4,497720,0,497720,500000,-2280,5,'',55),(377,'20200420-SP-0263','2020-04-15',584,4,194760,0,194760,200000,-5240,5,'',55),(378,'20200420-SP-0264','2020-04-15',585,4,292140,0,292140,290000,2140,5,'',55),(379,'20200420-SP-0265','2020-04-15',563,4,313780,0,313780,313000,780,5,'',55),(380,'20200420-SP-0266','2020-04-15',541,4,194760,0,194760,200000,-5240,5,'',55),(381,'20200420-SP-0267','2020-04-15',522,4,421980,0,421980,420000,1980,5,'',55),(382,'20200420-SP-0268','2020-04-15',515,4,400340,0,400340,400000,340,5,'',55),(383,'20200420-SP-0269','2020-04-15',595,4,302960,0,302960,300000,2960,5,'',55),(384,'20200420-SP-0270','2020-04-15',539,4,302960,0,302960,300000,2960,5,'',55),(385,'20200420-SP-0271','2020-04-15',417,6,8215500,0,8215500,8215000,500,5,'',55),(386,'20200420-SP-0272','2020-04-15',562,6,5469600,0,5469600,5470000,-400,5,'',55),(387,'20200421-SP-0001','2020-04-21',416,4,17946820,0,17946820,17946000,820,5,'',55),(388,'20200421-SP-0002','2020-04-21',520,4,302960,0,302960,300000,2960,5,'',55),(389,'20200421-SP-0003','2020-04-21',577,4,800680,0,800680,800000,680,5,'',55),(390,'20200421-SP-0004','2020-04-21',587,4,497720,0,497720,500000,-2280,5,'',55),(391,'20200421-SP-0005','2020-04-21',529,4,421980,0,421980,418000,3980,5,'',55),(392,'20200421-SP-0006','2020-04-21',585,4,281320,0,281320,280000,1320,5,'',55),(393,'20200421-SP-0007','2020-04-21',597,4,194760,0,194760,0,194760,5,'',55),(394,'20200421-SP-0008','2020-04-21',594,4,194760,0,194760,200000,-5240,5,'',55),(395,'20200421-SP-0009','2020-04-21',504,4,952160,0,952160,950000,2160,5,'',55),(396,'20200421-SP-0010','2020-04-21',582,4,119020,0,119020,120000,-980,5,'',55),(397,'20200421-SP-0011','2020-04-21',541,4,194760,0,194760,200000,-5240,5,'',55),(398,'20200421-SP-0012','2020-04-21',522,4,465260,0,465260,462000,3260,5,'',55),(399,'20200421-SP-0013','2020-04-21',606,4,595100,0,595100,600000,-4900,5,'',55),(400,'20200421-SP-0014','2020-04-21',559,4,995440,0,995440,1000000,-4560,5,'',55),(401,'20200421-SP-0015','2020-04-21',584,4,411160,0,411160,410000,1160,5,'',55),(402,'20200421-SP-0016','2020-04-21',516,4,608880,0,608880,609000,-120,5,'',55),(403,'20200421-SP-0017','2020-04-21',544,4,302960,0,302960,300000,2960,5,'',55),(404,'20200421-SP-0018','2020-04-21',600,4,194760,0,194760,200000,-5240,5,'',55),(405,'20200421-SP-0019','2020-04-21',530,4,703300,0,703300,769000,-65700,5,'',55),(406,'20200421-SP-0020','2020-04-21',419,6,8340600,0,8340600,8343000,-2400,5,'',55),(407,'20200421-SP-0021','2020-04-21',581,6,378700,0,378700,380000,-1300,5,'',55),(408,'20200421-SP-0022','2020-04-21',435,6,497720,0,497720,500000,-2280,5,'',55),(409,'20200421-SP-0023','2020-04-21',590,6,443620,0,443620,440000,3620,5,'',55),(410,'20200421-SP-0024','2020-04-21',511,6,3570600,0,3570600,0,3570600,5,'',55),(411,'20200421-SP-0025','2020-04-21',561,6,5882400,0,5882400,5882000,400,5,'',55),(412,'20200422-SP-0001','2020-04-22',418,4,17450128,0,17450128,17451000,-872,5,'',55),(413,'20200422-SP-0002','2020-04-22',539,4,299995,0,299995,300000,-5,5,'',55),(414,'20200422-SP-0003','2020-04-22',602,4,199997,0,199997,200000,-3,5,'',55),(415,'20200422-SP-0004','2020-04-22',505,4,638380,0,638380,0,638380,5,'kiểm định',55),(416,'20200422-SP-0005','2020-04-22',505,4,560710,0,560710,0,560710,5,'kiểm định',55),(417,'20200422-SP-0006','2020-04-22',551,4,1016620,0,1016620,550000,466620,5,'',55),(418,'20200422-SP-0007','2020-04-22',580,4,649200,0,649200,650000,-800,5,'',55),(419,'20200422-SP-0006','2020-04-22',419,6,12330830,0,12330830,0,12330830,5,'',55),(420,'20200422-SP-0008','2020-04-22',592,4,299995,0,299995,300000,-5,5,'',55),(421,'20200422-SP-0009','2020-04-22',590,6,194760,0,194760,200000,-5240,5,'',55),(422,'20200422-SP-0010','2020-04-22',523,4,262460,0,262460,0,262460,5,'',55),(423,'20200422-SP-0011','2020-04-22',564,4,199997,0,199997,200000,-3,5,'',55),(424,'20200422-SP-0012','2020-04-22',594,4,299995,0,299995,300000,-5,5,'',55),(425,'20200422-SP-0013','2020-04-22',563,4,299995,0,299995,300000,-5,5,'',55),(426,'20200422-SP-0012','2020-04-22',530,4,573460,0,573460,700000,-126540,5,'',55),(427,'20200422-SP-0014','2020-04-22',582,4,199997,0,199997,200000,-3,5,'',55),(428,'20200422-SP-0014','2020-04-22',557,4,595100,0,595100,590000,5100,5,'',55),(429,'20200422-SP-0015','2020-04-22',504,4,599991,0,599991,600000,-9,5,'',55),(430,'20200422-SP-0015','2020-04-22',541,4,194760,0,194760,200000,-5240,5,'',55),(431,'20200422-SP-0016','2020-04-22',606,4,599991,0,599991,600000,-9,5,'',55),(432,'20200423-SP-0001','2020-04-23',416,4,18899940,0,18899940,18900000,-60,5,'',55),(433,'20200423-SP-0002','2020-04-23',523,4,167020,0,167020,0,167020,5,'',55),(434,'20200423-SP-0003','2020-04-23',517,4,1135200,0,1135200,1135000,200,5,'',55),(435,'20200423-SP-0004','2020-04-23',539,4,595100,0,595100,600000,-4900,5,'',55),(436,'20200423-SP-0005','2020-04-23',519,4,302960,0,302960,300000,2960,5,'',55),(437,'20200423-SP-0006','2020-04-23',556,4,595100,0,595100,590000,5100,5,'',55),(438,'20200423-SP-0007','2020-04-23',571,4,887240,0,887240,890000,-2760,5,'',55),(439,'20200423-SP-0008','2020-04-23',587,4,302960,0,302960,300000,2960,5,'',55),(440,'20200423-SP-0009','2020-04-23',504,4,595100,0,595100,600000,-4900,5,'',55),(441,'20200423-SP-0010','2020-04-23',551,4,302960,0,302960,300000,2960,5,'',55),(442,'20200423-SP-0011','2020-04-23',577,4,551820,0,551820,550000,1820,5,'',55),(443,'20200423-SP-0012','2020-04-23',559,4,952160,0,952160,950000,2160,5,'',55),(444,'20200423-SP-0013','2020-04-23',541,4,194760,0,194760,200000,-5240,5,'',55),(445,'20200423-SP-0014','2020-04-23',578,4,768220,0,768220,773000,-4780,5,'',55),(446,'20200423-SP-0015','2020-04-23',606,4,595100,0,595100,600000,-4900,5,'',55),(447,'20200423-SP-0016','2020-04-23',522,4,454440,0,454440,450000,4440,5,'',55),(448,'20200423-SP-0017','2020-04-23',558,4,595100,0,595100,600000,-4900,5,'',55),(449,'20200423-SP-0018','2020-04-23',600,4,194760,0,194760,200000,-5240,5,'',55),(450,'20200424-SP-0001','2020-04-23',419,6,8102010,0,8102010,8100000,2010,5,'',55),(451,'20200424-SP-0002','2020-04-23',581,6,508540,0,508540,510000,-1460,5,'',55),(452,'20200424-SP-0003','2020-04-23',589,6,1514800,0,1514800,2890000,-1375200,5,'',55),(453,'20200424-SP-0004','2020-04-24',417,4,18019760,0,18019760,18025000,-5240,5,'',55),(454,'20200424-SP-0005','2020-04-24',586,4,941340,0,941340,938000,3340,5,'',55),(455,'20200424-SP-0006','2020-04-24',434,4,799310,0,799310,0,799310,5,'',55),(456,'20200424-SP-0007','2020-04-24',595,4,703300,0,703300,700000,3300,5,'',55),(457,'20200424-SP-0008','2020-04-24',504,4,595100,0,595100,600000,-4900,5,'',55),(458,'20200424-SP-0009','2020-04-24',564,4,194760,0,194760,200000,-5240,5,'',55),(459,'20200424-SP-0010','2020-04-24',515,4,530180,0,530180,530000,180,5,'',55),(460,'20200424-SP-0011','2020-04-24',594,4,194760,0,194760,200000,-5240,5,'',55),(461,'20200424-SP-0012','2020-04-24',563,4,302960,0,302960,300000,2960,5,'',55),(462,'20200424-SP-0013','2020-04-24',602,4,194760,0,194760,200000,-5240,5,'',55),(463,'20200424-SP-0014','2020-04-24',541,4,194760,0,194760,200000,-5240,5,'',55),(464,'20200424-SP-0015','2020-04-24',557,4,627560,0,627560,630000,-2440,5,'',55),(465,'20200424-SP-0016','2020-04-24',513,4,400340,0,400340,400000,340,5,'',55),(466,'20200424-SP-0017','2020-04-24',529,4,551820,0,551820,550000,1820,5,'',55),(467,'20200424-SP-0018','2020-04-24',419,6,8453050,0,8453050,8457000,-3950,5,'',55),(468,'20200424-SP-0019','2020-04-24',435,6,984620,0,984620,980000,4620,5,'',55),(470,'20200425-SP-0002','2020-04-04',563,4,300000,0,300000,300000,0,5,'',35),(471,'20200425-SP-0003','2020-04-25',418,4,17703790,0,17703790,17700000,3790,5,'',55),(472,'20200425-SP-0004','2020-04-25',539,4,302960,0,302960,300000,2960,5,'',55),(473,'20200425-SP-0005','2020-04-25',547,4,670840,0,670840,670000,840,5,'',55),(474,'20200425-SP-0006','2020-04-25',577,4,854780,0,854780,850000,4780,5,'',55),(475,'20200425-SP-0007','2020-04-25',585,4,248860,0,248860,250000,-1140,5,'',55),(476,'20200425-SP-0008','2020-04-25',504,4,1201020,0,1201020,1200000,1020,5,'',55),(477,'20200425-SP-0009','2020-04-25',519,4,302960,0,302960,300000,2960,5,'',55),(478,'20200425-SP-0010','2020-04-25',556,4,1179380,0,1179380,1175000,4380,5,'',55),(479,'20200425-SP-0011','2020-04-25',523,4,202810,0,202810,0,202810,5,'',55),(480,'20200425-SP-0012','2020-04-25',582,4,199997,0,199997,200000,-3,5,'',55),(481,'20200425-SP-0013','2020-04-25',541,4,349995,0,349995,350000,-5,5,'',55),(482,'20200425-SP-0014','2020-04-25',544,4,389996,0,389996,390000,-4,5,'',55),(483,'20200425-SP-0015','2020-04-25',606,4,599991,0,599991,600000,-9,5,'',55),(484,'20200425-SP-0016','2020-04-25',558,4,700000,0,700000,700000,0,5,'',55),(485,'20200425-SP-0017','2020-04-25',434,4,95440,0,95440,0,95440,5,'',55),(486,'20200425-SP-0018','2020-04-25',559,4,999995,0,999995,1000000,-5,5,'',55),(487,'20200425-SP-0019','2020-04-25',578,4,749999,0,749999,750000,-1,5,'',55),(488,'20200425-SP-0020','2020-04-25',419,6,6078278,0,6078278,6578000,-499722,5,'',55),(490,'20200425-SP-0022','2020-04-25',520,6,499992,0,499992,500000,-8,5,'',55),(491,'20200425-SP-0023','2020-04-09',560,6,2025000,0,2025000,0,2025000,5,'',35),(492,'20200425-SP-0024','2020-04-25',530,4,757400,0,757400,0,757400,5,'',55),(493,'20200425-SP-0024','2020-04-19',539,4,600000,0,600000,600000,0,5,'',35),(494,'20200426-SP-0001','2020-04-26',419,6,7164830,0,7164830,7165000,-170,5,'',55),(495,'20200426-SP-0002','2020-04-26',498,6,0,0,0,0,0,5,'Bác Trung',55),(496,'20200426-SP-0003','2020-04-26',416,4,23964620,0,23964620,23965000,-380,5,'',55),(497,'20200426-SP-0004','2020-04-26',517,4,1135200,0,1135200,1135000,200,5,'',55),(498,'20200427-SP-0001','2020-04-27',417,4,22293690,0,22293690,22293000,690,5,'',55),(499,'20200427-SP-0002','2020-04-27',434,4,548780,0,548780,0,548780,5,'',55),(500,'20200427-SP-0003','2020-04-27',516,4,608880,0,608880,609000,-120,5,'',55),(501,'20200427-SP-0004','2020-04-27',517,4,1135200,0,1135200,1135000,200,5,'',55),(502,'20200427-SP-0005','2020-04-27',419,6,8261590,0,8261590,8261000,590,5,'',55),(503,'20200427-SP-0006','2020-04-27',423,6,31487120,0,31487120,0,31487120,5,'',55),(504,'20200427-SP-0007','2020-04-27',451,6,13430700,0,13430700,0,13430700,5,'',55),(508,'20200428-SP-0004','2020-04-28',523,4,167020,0,167020,0,167020,5,'',55),(509,'20200428-SP-0005','2020-04-28',434,4,497720,0,497720,0,497720,5,'',55);

/*Table structure for table `petro_sale_detail` */

DROP TABLE IF EXISTS `petro_sale_detail`;

CREATE TABLE `petro_sale_detail` (
  `id` int(11) NOT NULL AUTO_INCREMENT,
  `petro_sale_id` int(11) DEFAULT NULL,
  `petro_id` int(11) DEFAULT NULL,
  `quantity` int(11) DEFAULT NULL,
  `price` double DEFAULT NULL,
  `amount` double DEFAULT NULL,
  PRIMARY KEY (`id`)
) ENGINE=MyISAM AUTO_INCREMENT=627 DEFAULT CHARSET=utf8 COLLATE=utf8_unicode_ci;

/*Data for the table `petro_sale_detail` */

insert  into `petro_sale_detail`(`id`,`petro_sale_id`,`petro_id`,`quantity`,`price`,`amount`) values (10,6,12,1576,12560,19795000),(11,6,6,499,11250,5615000),(12,6,18,7,35000,245000),(570,469,6,71,11250,800000),(14,8,6,39,11250,440000),(15,9,6,84,11250,950000),(16,10,6,20,11250,220000),(17,11,6,20,11250,220000),(18,12,6,27,11250,300000),(19,13,6,28,11250,310000),(20,14,6,53,11250,600000),(21,15,6,60,11250,680000),(22,16,6,18,11250,200000),(23,17,6,18,11250,200000),(24,18,6,45,11250,510000),(25,19,12,13,12560,163280),(26,20,12,17,12560,213520),(27,21,6,27,11250,307000),(621,506,6,600,10820,6492000),(29,23,12,223,12560,2800880),(30,23,6,833,11250,9371250),(31,24,13,1,575000,575000),(32,25,6,25,11250,281250),(33,26,6,35,11250,393750),(34,27,12,1003,12560,12598000),(35,27,6,170,11250,1907000),(36,27,13,1,570000,570000),(37,28,6,110,10750,1182500),(38,29,6,73,11250,816000),(39,30,6,20,11250,220000),(40,31,6,60,11250,680000),(41,32,6,22,11250,250000),(42,33,6,36,11250,400000),(43,34,6,27,11250,300000),(44,35,6,44,11250,500000),(45,36,12,15,12560,188400),(46,37,6,55,11250,620000),(47,38,12,197,12560,2474320),(48,38,6,438,11250,4927500),(49,38,18,1,35000,35000),(50,39,6,28,11250,315000),(51,40,6,30,11250,337500),(52,41,6,140,10750,1505000),(53,42,12,842,12560,10576007),(54,42,6,350,11250,3933000),(55,42,15,2,810000,1620000),(56,43,6,27,11250,300000),(57,44,6,364,11250,4095000),(58,44,12,15,12560,188400),(59,45,6,78,11250,880000),(60,46,6,133,11250,1500000),(61,47,6,20,11250,220000),(62,48,6,54,11250,610000),(63,49,12,13,12560,163280),(64,50,6,110,10750,1182500),(65,51,6,18,11250,200000),(66,52,6,44,11250,500000),(67,53,6,18,11250,200000),(68,54,6,36,11250,400000),(69,55,6,60,11250,670000),(70,56,6,61,11250,690000),(71,57,12,137,12560,1720720),(72,57,6,604,11250,6795000),(73,58,6,48,11250,540000),(74,59,6,50,11250,562500),(75,60,6,140,11250,1575000),(76,61,6,59,10750,634250),(77,62,12,1032,12560,12962046),(78,62,6,102,11250,1143000),(79,62,18,2,35000,70000),(80,63,6,36,11250,400000),(81,64,6,27,11250,300000),(82,65,6,35,11250,390000),(83,66,12,8,12560,100480),(84,67,6,133,11250,1500000),(620,505,6,559,10820,6048380),(86,69,6,32,11250,360000),(87,70,6,80,11250,900000),(88,71,6,36,11250,400000),(89,72,6,59,10750,634250),(90,73,12,164,12560,2059840),(91,73,6,665,11250,7481250),(92,74,12,884,12560,11103040),(93,74,6,139,11250,1563000),(94,74,15,1,810000,810000),(95,74,18,1,35000,35000),(96,75,6,16,11250,180000),(97,76,12,10,12560,125600),(98,77,6,65,11250,733000),(99,78,6,27,11250,300000),(100,79,6,58,11250,650000),(101,80,6,13,11250,150000),(102,81,6,20,11250,220000),(103,82,6,60,11250,670000),(104,83,12,1345,11930,16046005),(105,83,6,202,10820,2183043),(106,83,18,3,35000,105000),(107,84,6,133,11250,1500000),(108,85,6,112,11250,1260000),(109,86,6,45,11250,510000),(110,87,6,37,10820,400015),(111,88,6,44,11250,500000),(112,89,6,37,10820,396012),(113,90,6,38,11250,430000),(114,91,6,87,10820,940009),(115,92,6,59,10320,608880),(116,93,6,257,10820,2780740),(117,93,12,18,11930,214740),(118,94,6,55,10820,600001),(119,95,6,37,10820,400005),(120,96,6,43,10820,460001),(121,97,6,28,10820,300006),(122,98,6,110,10320,1135200),(123,99,6,18,10820,194760),(124,100,6,46,10820,497720),(125,101,6,67,10820,724940),(126,102,12,193,11930,2302490),(127,102,6,712,10820,7703840),(128,102,18,11,35000,385000),(129,103,6,100,10820,1082000),(130,104,6,350,10820,3787000),(131,105,6,67,10820,724940),(132,106,12,1343,11930,16021990),(133,106,6,249,10820,2694180),(134,106,18,1,35000,35000),(135,107,6,220,10320,2270400),(136,108,12,30,11930,357900),(137,109,6,59,10820,638380),(138,110,6,46,10820,497720),(139,111,6,18,10820,194760),(140,112,6,30,10820,324600),(141,113,6,28,10820,302960),(142,114,6,28,10820,302960),(143,115,6,9,10820,97380),(144,116,6,55,10820,595100),(145,117,6,28,10820,302960),(146,118,12,22,11930,262460),(147,119,6,65,10820,703300),(148,120,6,59,10320,608880),(149,121,6,55,10820,595100),(150,122,6,28,10820,302960),(151,123,6,71,10820,768220),(152,124,12,222,11930,2648460),(153,124,6,933,10820,10095060),(154,125,6,140,10820,1514800),(155,126,6,926,10820,10019320),(156,126,14,1,1200000,1200000),(157,127,6,956,10820,10343920),(158,127,14,1,1200000,1200000),(159,128,6,14,10820,151480),(160,129,6,55,10820,595100),(161,130,12,973,11930,11607890),(162,130,6,226,10820,2445320),(619,505,12,219,11930,2612670),(164,132,12,14,11930,167020),(165,133,12,18,11930,214740),(166,134,6,74,10820,800031),(167,135,6,58,11250,650000),(168,136,6,28,10820,300039),(169,137,6,28,10820,300039),(170,138,6,39,11250,435000),(171,139,6,55,10820,599969),(172,140,6,111,10820,1200046),(173,141,6,77,11250,869000),(174,142,6,46,10820,499992),(175,143,6,9,10820,99977),(176,144,12,145,12560,1821200),(177,144,6,524,11250,5895000),(178,144,18,3,35000,105000),(179,145,6,37,10820,400015),(180,146,6,28,11250,315000),(181,147,6,18,10820,199954),(182,148,12,40,0,0),(183,149,6,140,11250,1575000),(184,150,6,39,10820,420032),(185,151,6,44,11250,495000),(186,152,6,18,10820,199954),(187,153,12,177,11930,2111610),(188,153,6,525,10820,5680500),(189,153,18,3,35000,105000),(190,154,6,990,11250,11137500),(191,154,14,1,1200000,1200000),(192,155,6,1422,10820,15386040),(193,155,14,1,1200000,1200000),(194,156,6,500,10320,5160000),(195,157,6,124,11250,1395000),(196,158,12,1195,12560,15008949),(197,158,6,666,11250,7491038),(198,158,18,2,35000,70000),(199,159,6,89,11250,1001250),(200,160,6,53,11250,596250),(201,161,6,37,11250,421000),(202,162,12,981,12560,12321360),(203,162,6,97,11250,1091250),(204,162,21,1,45000,45000),(205,163,6,27,11250,300038),(206,164,6,63,11250,708750),(207,165,6,20,11250,220050),(208,166,6,27,11250,303750),(209,167,6,58,11250,650025),(210,168,6,13,11250,150000),(211,169,12,20,12560,251200),(212,170,6,18,11250,200025),(213,171,6,28,11250,315000),(214,172,6,59,11250,660038),(215,173,6,59,10750,634250),(216,174,6,36,11250,405000),(217,175,6,27,11250,300038),(218,176,6,13,11250,146250),(219,177,6,53,11250,596250),(220,178,6,69,11250,780000),(221,179,6,29,11250,326250),(222,180,6,84,11250,945000),(223,181,12,163,12560,2047280),(224,181,6,331,11250,3723750),(225,182,6,18,11250,202500),(226,183,12,31,12560,389360),(227,184,6,30,11250,337500),(228,185,6,44,11250,495000),(229,186,6,70,11250,787500),(230,187,12,859,12560,10789040),(231,187,6,235,11250,2648025),(232,188,12,178,12560,2235680),(233,188,6,592,11250,6660000),(234,189,12,35,12560,439600),(235,190,6,620,9870,6119400),(236,191,6,51,11250,578025),(237,192,6,89,11250,1000013),(238,193,12,141,12560,1770960),(239,193,6,15,11250,168750),(240,194,6,84,11250,945000),(594,489,6,64,10820,692480),(242,196,6,18,11250,200000),(243,197,6,87,11250,978750),(244,198,12,15,12560,188400),(245,199,12,963,11930,11488590),(246,199,6,347,10820,3754540),(247,199,18,3,35000,105000),(248,200,6,27,11250,300000),(249,201,6,110,10320,1135200),(250,202,6,18,11250,200000),(251,203,6,18,10820,194760),(252,204,6,62,11250,700000),(253,205,6,66,10820,714120),(254,206,6,55,10820,595100),(255,207,6,110,10750,1182500),(256,208,6,74,10820,800680),(257,209,6,36,11250,400050),(258,210,12,173,11930,2063890),(259,210,6,385,10820,4165700),(260,210,13,1,555000,555000),(261,211,6,140,10320,1444800),(262,212,6,1200,10820,12984000),(263,213,6,203,10820,2196460),(264,214,6,31,11250,348750),(265,215,6,44,11250,495000),(266,216,6,59,10750,634250),(267,217,6,20,11250,225000),(268,218,6,30,11250,337500),(269,219,12,218,12560,2738080),(270,219,6,1200,11250,13500000),(271,220,6,1323,11250,14883750),(272,220,14,1,1200000,1200000),(273,221,6,342,11250,3847500),(274,222,6,300,11250,3375000),(275,223,6,267,11250,3003750),(276,224,6,177,10750,1902750),(277,224,14,1,1150000,1150000),(278,225,6,450,0,0),(279,226,6,500,10750,5375000),(280,227,6,1200,11250,13500000),(281,228,12,873,12560,10964880),(282,228,6,451,11250,5073750),(283,229,6,29,11250,326250),(284,230,6,40,11250,450000),(285,231,6,100,0,0),(286,232,6,300,11250,3375000),(287,233,6,44,11250,495000),(288,234,6,18,11250,202500),(289,235,12,12,12560,150720),(290,236,6,110,10750,1182500),(291,237,6,27,11250,303750),(292,238,6,18,11250,202500),(293,239,6,58,11250,652500),(294,240,6,36,11250,405000),(295,241,6,18,11250,202500),(296,242,6,36,11250,405000),(297,243,6,28,11250,315000),(298,244,12,190,12560,2386400),(299,244,6,712,11250,8010000),(300,245,6,57,0,0),(301,246,6,274,10820,2965978),(302,246,12,1042,11930,12431060),(303,246,13,2,570000,1140000),(304,246,18,2,35000,70000),(305,247,6,110,10320,1135200),(306,248,12,1007,12560,12647920),(307,248,6,334,11250,3757500),(308,248,18,3,35000,105000),(309,249,6,74,10820,800031),(310,250,6,43,10820,465260),(311,251,6,72,11250,810000),(312,252,12,600,0,0),(313,253,6,37,10820,400015),(314,254,6,66,11250,742500),(315,255,6,13,11250,146250),(316,256,6,55,10820,599969),(317,257,6,44,11250,495000),(318,258,6,56,11250,630000),(319,259,6,18,10820,199954),(320,260,6,89,11250,1001250),(321,261,6,28,10820,300039),(322,262,16,18,30000,540000),(323,263,6,36,10820,392009),(324,264,6,31,11250,348750),(325,265,12,12,11930,143160),(326,266,6,20,11250,225000),(327,267,6,139,10820,1499977),(328,268,6,28,11250,315000),(329,269,6,20,11250,225000),(330,270,6,55,10820,599969),(331,271,6,117,11250,1316250),(332,272,6,18,11250,202500),(333,273,6,18,11250,202500),(334,274,12,184,11930,2195120),(335,274,6,1076,10820,11642320),(336,275,6,27,11250,303750),(337,276,6,18,11250,202500),(338,277,6,330,10320,3405600),(339,278,6,44,11250,495000),(340,279,6,18,11250,202500),(341,280,6,20,10820,216400),(342,281,6,109,11250,1226250),(343,282,6,117,10820,1265940),(344,283,6,27,11250,303750),(345,284,6,18,11250,202500),(346,285,6,73,11250,821250),(347,286,12,1121,11930,13374007),(348,286,6,270,10820,2926053),(349,287,12,136,12560,1708160),(350,287,6,698,11250,7852500),(351,287,18,4,35000,140000),(352,288,6,1501,11250,16886250),(353,289,6,42,10820,450004),(354,290,6,173,11250,1946250),(355,291,6,18,10820,199954),(356,292,6,2171,11250,24423750),(357,292,14,1,1200000,1200000),(358,293,6,60,10820,649957),(359,294,6,1351,11250,15198750),(360,295,6,42,10820,450004),(361,296,6,18,10820,199954),(362,297,6,9,10820,99977),(363,298,6,1355,11250,15243750),(364,298,14,1,1200000,1200000),(365,299,6,18,10820,199954),(366,300,6,110,10320,1135200),(367,301,12,857,12560,10763920),(368,301,6,457,11250,5141250),(369,301,18,1,35000,35000),(370,302,6,56,11250,630000),(371,303,6,28,10820,300039),(372,304,6,86,11250,967500),(373,305,6,35,10820,379998),(374,306,6,18,11250,202500),(375,307,6,69,10820,750042),(376,308,6,110,10750,1182500),(377,309,6,53,11250,596250),(378,310,6,18,10820,189999),(379,311,6,18,11250,202500),(380,312,6,18,11250,202500),(381,313,6,18,10820,199954),(382,314,6,43,11250,483750),(383,315,6,92,10820,999984),(384,316,12,440,12560,5526400),(385,316,6,532,11250,5985000),(386,316,18,3,35000,105000),(387,317,6,133,11250,1496250),(388,318,6,53,11250,596250),(389,319,6,330,10750,3547500),(390,320,6,1174,11250,13207500),(391,321,6,1409,11250,15851250),(392,322,6,1124,11250,12645000),(393,322,19,1,1200000,1200000),(394,323,6,1094,11250,12307500),(395,324,6,28,11250,315000),(396,325,12,1061,12560,13326160),(397,325,6,312,11250,3510000),(398,325,18,2,35000,70000),(399,326,12,20,11930,238600),(400,327,6,27,11250,303750),(401,328,6,63,11250,708750),(402,329,6,45,10820,490038),(403,330,6,82,11250,922500),(404,331,6,44,10820,479975),(405,332,6,116,11250,1305000),(406,333,6,32,10820,350027),(407,334,6,11,11250,123750),(408,335,6,46,10820,499992),(409,336,6,28,11250,315000),(410,337,6,18,11250,202500),(411,338,6,18,10820,199954),(412,339,6,30,11250,337500),(413,340,6,66,11250,742500),(414,341,6,28,10820,300039),(415,342,6,27,11250,303750),(416,343,6,18,10820,199954),(417,344,6,18,11250,202500),(418,345,6,18,11250,202500),(419,346,6,70,11250,787500),(420,347,6,36,11250,405000),(421,348,12,16,12560,200960),(422,349,6,110,10750,1182500),(423,350,6,59,10750,634250),(424,351,12,132,12560,1657920),(425,351,6,551,11250,6198750),(426,352,6,44,11250,495000),(427,353,12,1118,12560,14042080),(428,353,6,234,11250,2632500),(429,354,6,90,11250,1012500),(430,355,6,27,11250,303750),(431,356,6,18,11250,202500),(432,357,6,27,11250,303750),(433,358,12,11,12560,138160),(434,359,6,18,11250,202500),(435,360,6,18,11250,202500),(436,361,6,44,11250,495000),(437,362,6,44,11250,495000),(438,363,6,27,11250,303750),(439,364,6,27,11250,303750),(440,365,6,11,11250,123750),(441,366,12,21,12560,263760),(442,367,12,187,12560,2348720),(443,367,6,480,11250,5400000),(444,367,18,1,35000,35000),(445,368,6,28,10820,302960),(446,369,6,37,10820,400340),(447,370,6,46,10820,497720),(448,371,6,10,0,0),(449,372,12,147,11930,1753710),(450,372,6,343,10820,3711260),(451,372,18,5,35000,175000),(452,373,6,105,10820,1136100),(453,374,6,140,10820,1514800),(454,375,12,1144,11930,13647920),(455,375,6,493,10820,5334260),(456,375,18,1,35000,35000),(457,376,6,46,10820,497720),(458,377,6,18,10820,194760),(459,378,6,27,10820,292140),(460,379,6,29,10820,313780),(461,380,6,18,10820,194760),(462,381,6,39,10820,421980),(463,382,6,37,10820,400340),(464,383,6,28,10820,302960),(465,384,6,28,10820,302960),(466,385,12,156,11930,1861080),(467,385,6,481,10820,5204420),(468,385,14,1,1150000,1150000),(469,386,6,530,10320,5469600),(470,387,12,1270,11930,15151100),(471,387,6,196,10820,2120720),(472,387,13,1,570000,570000),(473,387,18,3,35000,105000),(474,388,6,28,10820,302960),(475,389,6,74,10820,800680),(476,390,6,46,10820,497720),(477,391,6,39,10820,421980),(478,392,6,26,10820,281320),(479,393,6,18,10820,194760),(480,394,6,18,10820,194760),(481,395,6,88,10820,952160),(482,396,6,11,10820,119020),(483,397,6,18,10820,194760),(484,398,6,43,10820,465260),(485,399,6,55,10820,595100),(486,400,6,92,10820,995440),(487,401,6,38,10820,411160),(488,402,6,59,10320,608880),(489,403,6,28,10820,302960),(490,404,6,18,10820,194760),(491,405,6,65,10820,703300),(492,406,12,174,11930,2075820),(493,406,6,579,10820,6264780),(494,407,6,35,10820,378700),(495,408,6,46,10820,497720),(496,409,6,41,10820,443620),(497,410,6,330,10820,3570600),(498,411,6,570,10320,5882400),(499,412,12,977,11930,11655610),(500,412,6,528,10820,5714518),(501,412,18,1,35000,35000),(502,412,21,1,45000,45000),(503,413,6,28,10820,299995),(504,414,6,18,10820,199997),(505,415,6,59,10820,638380),(506,416,12,47,11930,560710),(507,417,6,51,20000,1016620),(508,418,6,60,10820,649200),(509,419,12,243,11930,2898990),(510,419,6,862,10820,9326840),(511,419,18,3,35000,105000),(512,420,6,28,10820,299995),(513,421,6,18,10820,194760),(514,422,12,22,11930,262460),(515,423,6,18,10820,199997),(516,424,6,28,10820,299995),(517,425,6,28,10820,299995),(518,426,6,53,10820,573460),(519,427,6,18,10820,199997),(520,428,6,55,10820,595100),(521,429,6,55,10820,599991),(522,430,6,18,10820,194760),(523,431,6,55,10820,599991),(524,432,12,1190,11930,14196700),(525,432,6,382,10820,4133240),(526,432,13,1,570000,570000),(527,433,12,14,11930,167020),(528,434,6,110,10320,1135200),(529,435,6,55,10820,595100),(530,436,6,28,10820,302960),(531,437,6,55,10820,595100),(532,438,6,82,10820,887240),(533,439,6,28,10820,302960),(534,440,6,55,10820,595100),(535,441,6,28,10820,302960),(536,442,6,51,10820,551820),(537,443,6,88,10820,952160),(538,444,6,18,10820,194760),(539,445,6,71,10820,768220),(540,446,6,55,10820,595100),(541,447,6,42,10820,454440),(542,448,6,55,10820,595100),(543,449,6,18,10820,194760),(544,450,12,193,11930,2302490),(545,450,6,536,10820,5799520),(546,451,6,47,10820,508540),(547,452,6,140,10820,1514800),(548,453,12,1094,11930,13051420),(549,453,6,437,10820,4728340),(550,453,16,4,40000,160000),(551,453,21,1,45000,45000),(552,453,18,1,35000,35000),(553,454,6,87,10820,941340),(554,455,12,67,11930,799310),(555,456,6,65,10820,703300),(556,457,6,55,10820,595100),(557,458,6,18,10820,194760),(558,459,6,49,10820,530180),(559,460,6,18,10820,194760),(560,461,6,28,10820,302960),(561,462,6,18,10820,194760),(562,463,6,18,10820,194760),(563,464,6,58,10820,627560),(564,465,6,37,10820,400340),(565,466,6,51,10820,551820),(566,467,12,183,11930,2183190),(567,467,6,573,10820,6199860),(568,467,18,2,35000,70000),(569,468,6,91,10820,984620),(571,470,6,27,11250,300000),(572,471,12,1111,11930,13254230),(573,471,6,408,10820,4414560),(574,471,18,1,35000,35000),(575,472,6,28,10820,302960),(576,473,6,62,10820,670840),(577,474,6,79,10820,854780),(578,475,6,23,10820,248860),(579,476,6,111,10820,1201020),(580,477,6,28,10820,302960),(581,478,6,109,10820,1179380),(582,479,12,17,11930,202810),(583,480,6,18,10820,199997),(584,481,6,32,10820,349995),(585,482,6,36,10820,389996),(586,483,6,55,10820,599991),(587,484,6,65,10820,700000),(588,485,12,8,11930,95440),(589,486,6,92,10820,999995),(590,487,6,69,10820,749999),(591,488,12,193,11930,2302490),(592,488,6,333,10820,3600788),(593,488,18,5,35000,175000),(595,490,6,46,10820,499992),(596,491,6,180,11250,2025000),(597,492,6,70,10820,757400),(598,493,6,55,10820,600000),(599,494,12,187,11930,2230910),(600,494,6,456,10820,4933920),(601,495,12,41,0,0),(602,496,12,1432,11930,17083760),(603,496,6,623,10820,6740860),(604,496,18,4,35000,140000),(605,497,6,110,10320,1135200),(606,498,12,1281,11930,15282330),(607,498,6,648,10820,7011360),(608,499,12,46,11930,548780),(609,500,6,59,10320,608880),(610,501,6,110,10320,1135200),(611,502,12,237,11930,2827410),(612,502,6,499,10820,5399180),(613,502,18,1,35000,35000),(614,503,6,2716,10820,29387120),(615,503,19,1,1200000,1200000),(616,503,15,1,900000,900000),(617,504,6,1135,10820,12280700),(618,504,20,1,1150000,1150000),(622,507,12,1224,11930,14602320),(623,507,6,1110,10820,12010200),(624,507,18,1,35000,35000),(625,508,12,14,11930,167020),(626,509,6,46,10820,497720);

/*Table structure for table `promotion_material` */

DROP TABLE IF EXISTS `promotion_material`;

CREATE TABLE `promotion_material` (
  `id` int(11) NOT NULL AUTO_INCREMENT,
  `name` varchar(255) COLLATE utf8_unicode_ci DEFAULT NULL,
  `unit_id` int(11) DEFAULT NULL,
  `status` int(1) DEFAULT '1' COMMENT '0:bi khoa,1:dang hoat dong',
  PRIMARY KEY (`id`)
) ENGINE=MyISAM AUTO_INCREMENT=5 DEFAULT CHARSET=utf8 COLLATE=utf8_unicode_ci;

/*Data for the table `promotion_material` */

insert  into `promotion_material`(`id`,`name`,`unit_id`,`status`) values (3,'Đĩa thủy tinh+ly',8,1),(4,'Thố tráng men',8,1);

/*Table structure for table `promotion_material_import` */

DROP TABLE IF EXISTS `promotion_material_import`;

CREATE TABLE `promotion_material_import` (
  `id` int(11) NOT NULL AUTO_INCREMENT,
  `code` varchar(255) COLLATE utf8_unicode_ci DEFAULT NULL,
  `created_date` date DEFAULT NULL,
  `vendor_id` int(11) DEFAULT NULL,
  `total` double DEFAULT NULL,
  `paid` double DEFAULT NULL,
  `debt` double DEFAULT NULL,
  `account_id` int(11) DEFAULT NULL,
  `note` text COLLATE utf8_unicode_ci,
  `created_employee_id` int(11) DEFAULT NULL,
  PRIMARY KEY (`id`)
) ENGINE=InnoDB DEFAULT CHARSET=utf8 COLLATE=utf8_unicode_ci;

/*Data for the table `promotion_material_import` */

/*Table structure for table `promotion_material_import_detail` */

DROP TABLE IF EXISTS `promotion_material_import_detail`;

CREATE TABLE `promotion_material_import_detail` (
  `id` int(11) NOT NULL AUTO_INCREMENT,
  `import_id` int(11) DEFAULT NULL,
  `promotion_material_id` int(11) DEFAULT NULL,
  `quantity` int(11) DEFAULT NULL,
  `price` double DEFAULT NULL,
  `amount` double DEFAULT NULL,
  PRIMARY KEY (`id`)
) ENGINE=InnoDB DEFAULT CHARSET=utf8 COLLATE=utf8_unicode_ci;

/*Data for the table `promotion_material_import_detail` */

/*Table structure for table `promotion_material_in_stock` */

DROP TABLE IF EXISTS `promotion_material_in_stock`;

CREATE TABLE `promotion_material_in_stock` (
  `id` int(11) NOT NULL AUTO_INCREMENT,
  `day` date DEFAULT NULL,
  `promotion_material_id` int(11) DEFAULT NULL,
  `organization_id` int(11) DEFAULT NULL,
  `in_stock` int(11) DEFAULT '0',
  PRIMARY KEY (`id`)
) ENGINE=InnoDB DEFAULT CHARSET=utf8 COLLATE=utf8_unicode_ci;

/*Data for the table `promotion_material_in_stock` */

/*Table structure for table `promotion_material_sale` */

DROP TABLE IF EXISTS `promotion_material_sale`;

CREATE TABLE `promotion_material_sale` (
  `id` int(11) NOT NULL AUTO_INCREMENT,
  `code` varchar(20) COLLATE utf8_unicode_ci DEFAULT NULL,
  `created_date` date DEFAULT NULL,
  `employee_id` int(11) DEFAULT NULL,
  `vendor_id` int(11) DEFAULT NULL,
  `total` double DEFAULT NULL,
  `paid` double DEFAULT NULL,
  `debt` double DEFAULT NULL,
  `payment_mode` int(1) DEFAULT '1',
  `account_id` int(11) DEFAULT NULL,
  `note` text COLLATE utf8_unicode_ci,
  PRIMARY KEY (`id`)
) ENGINE=MyISAM DEFAULT CHARSET=utf8 COLLATE=utf8_unicode_ci;

/*Data for the table `promotion_material_sale` */

/*Table structure for table `promotion_material_sale_detail` */

DROP TABLE IF EXISTS `promotion_material_sale_detail`;

CREATE TABLE `promotion_material_sale_detail` (
  `id` int(11) NOT NULL AUTO_INCREMENT,
  `sale_id` int(11) DEFAULT NULL,
  `promotion_material_id` int(11) DEFAULT NULL,
  `quantity` int(11) DEFAULT NULL,
  `price` double DEFAULT NULL,
  `amount` double DEFAULT NULL,
  PRIMARY KEY (`id`)
) ENGINE=MyISAM DEFAULT CHARSET=utf8 COLLATE=utf8_unicode_ci;

/*Data for the table `promotion_material_sale_detail` */

/*Table structure for table `retail_debt` */

DROP TABLE IF EXISTS `retail_debt`;

CREATE TABLE `retail_debt` (
  `id` int(11) NOT NULL AUTO_INCREMENT,
  `code` varchar(255) COLLATE utf8_unicode_ci DEFAULT NULL,
  `created_date` date DEFAULT NULL,
  `customer_id` int(11) DEFAULT NULL,
  `paid` double DEFAULT NULL,
  `account_id` int(11) DEFAULT NULL,
  `note` text COLLATE utf8_unicode_ci,
  `created_employee_id` int(11) DEFAULT NULL,
  PRIMARY KEY (`id`)
) ENGINE=MyISAM AUTO_INCREMENT=2 DEFAULT CHARSET=utf8 COLLATE=utf8_unicode_ci;

/*Data for the table `retail_debt` */

/*Table structure for table `route` */

DROP TABLE IF EXISTS `route`;

CREATE TABLE `route` (
  `id` int(11) NOT NULL AUTO_INCREMENT,
  `name` varchar(255) COLLATE utf8_unicode_ci DEFAULT NULL,
  `distance` double DEFAULT NULL,
  `note` text COLLATE utf8_unicode_ci,
  PRIMARY KEY (`id`)
) ENGINE=MyISAM AUTO_INCREMENT=21 DEFAULT CHARSET=utf8 COLLATE=utf8_unicode_ci;

/*Data for the table `route` */

insert  into `route`(`id`,`name`,`distance`,`note`) values (2,'Thị Vải - Supor',197,''),(3,'Gò dầu - Hưng Thịnh',110,''),(4,'Gò dầu - Quang Trung',140,''),(5,'Thị Vải - Quang Trung',125,''),(6,'Gò dầu - Nhóm 1 - Nhóm 2',110,'16'),(7,'Gò dầu - Nhóm 2 - Nhóm 3',132,'16'),(8,'Gò dầu - Nhóm 3 - Nhóm 3',143,'16'),(9,'Gò dầu - Nhóm 2 - Nhóm 2',118,'16'),(10,'Thị Vải - Nhóm 1 - Nhóm 2',125,'17'),(11,'Thị Vải - Nhóm 2 - Nhóm 3',147,'17'),(12,'Thị Vải - Nhóm 3 - Nhóm 3',158,'17'),(13,'Thị Vải - Nhóm 1 - Nhóm 3 (Thị Vải - Nhóm3)',136,'17'),(14,'Thị Vải - Nhóm 2 - Nhóm 2',133,'17'),(15,'Thị Vải - Hưng Thịnh',125,'14'),(16,'Thị Vải - Gốm Minh Tiến',112,''),(17,'Gò dầu - Gốm Minh Tiến',97,'13'),(18,'Gò dầu - Beta',88,'10'),(19,'Gò dầu - Trạm Gia Bảo',200,'12'),(20,'Gò dầu - Supor',182,'15');

/*Table structure for table `salary_timesheet_field` */

DROP TABLE IF EXISTS `salary_timesheet_field`;

CREATE TABLE `salary_timesheet_field` (
  `id` int(11) NOT NULL AUTO_INCREMENT,
  `organization_id` int(11) DEFAULT NULL,
  `field_id` int(11) DEFAULT NULL,
  `amount` double DEFAULT NULL,
  PRIMARY KEY (`id`)
) ENGINE=InnoDB DEFAULT CHARSET=utf8 COLLATE=utf8_unicode_ci;

/*Data for the table `salary_timesheet_field` */

/*Table structure for table `shell` */

DROP TABLE IF EXISTS `shell`;

CREATE TABLE `shell` (
  `id` int(11) NOT NULL AUTO_INCREMENT,
  `kind_id` int(11) DEFAULT NULL,
  `code` varchar(20) COLLATE utf8_unicode_ci DEFAULT NULL,
  `name` varchar(255) COLLATE utf8_unicode_ci DEFAULT NULL,
  `price` double DEFAULT NULL,
  `unit_id` int(11) DEFAULT NULL,
  `status` int(1) DEFAULT '1' COMMENT '0:dang khoa, 1:dang hoat dong',
  PRIMARY KEY (`id`)
) ENGINE=MyISAM AUTO_INCREMENT=48 DEFAULT CHARSET=utf8 COLLATE=utf8_unicode_ci;

/*Data for the table `shell` */

insert  into `shell`(`id`,`kind_id`,`code`,`name`,`price`,`unit_id`,`status`) values (1,38,'ST12X','Star Gas 12kg sơn xám',0,4,1),(2,39,'ST45X','Start Gas 45kg sơn xám',200000,4,1),(3,38,'Pet','Petimex',150000,4,1),(8,38,'MAIKHE','MAI KHÊ GAS',0,4,1),(9,38,'ST12H','Star Gas 12kg sơn hồng',0,4,1),(10,39,'ST45H','Star Gas 45kg sơn hồng',0,4,1),(11,38,'AGAS','AGAS',0,4,1),(12,38,'NVP, VL','NVP; Vạn Lộc',0,4,1),(13,38,'VANLOC','VẠN LỘC GAS',0,4,2),(14,38,'GIADINH','GIA ĐÌNH GAS',0,4,1),(15,38,'HGAS','H GAS',0,4,1),(16,38,'HOANGAN','HOÀNG ÂN GAS',0,4,1),(17,38,'MT','MT GAS',0,4,1),(18,38,'ORIGIN','ORIGIN GAS',0,4,1),(19,38,'ONIC','ONIC GAS',0,4,1),(20,38,'PACIFIC','PACIFIC GAS',0,4,1),(21,38,'PETIMEX','PETIMEX GAS',0,4,2),(22,38,'PETROLIMEX','PETROLIMEX GAS',0,4,1),(23,38,'PETROVIETNAM','PETROVIETNAM GAS',0,4,2),(24,38,'SAIGONPETRO','SAIGON PETRO GAS',0,4,1),(25,38,'SAIGONGAS','SAIGON GAS',0,4,1),(26,38,'SHELLGAS','SHELL GAS',0,4,1),(27,38,'SOPET','SOPET GAS',0,4,1),(28,38,'THAILAN','THAILAN GAS',0,4,1),(29,38,'TOTAL','TOTAL GAS',0,4,2),(30,38,'VINA','VINA GAS',0,4,2),(31,38,'ELF;TT;VN','TOTAL,VINA, ELF',0,4,1),(32,38,'HIEPHUONG','HIỆP HƯƠNG GAS',0,4,1),(33,38,'THUDUC','THỦ ĐỨC GAS',0,4,1),(34,38,'UNIQUE','UNIQUE GAS',0,4,1),(35,38,'VGAS','V GAS',0,4,2),(36,38,'PM, VG','PM, V Gas',0,4,1),(37,38,'VIMEXCO','VIMEXCO GAS',0,4,1),(38,38,'VINASHIN','VINASHIN GAS',0,4,1),(39,38,'VT','VT GAS',0,4,1),(40,38,'VOTAP','VỎ TẠP CÁC LOẠI',0,4,1),(41,38,'VOVECHAI','VỎ VE CHAI',0,4,1),(42,38,'PETROL VN','PETROL VN',0,4,1),(43,38,'SP','SÀI GÒN PETROL',0,4,2),(44,38,'TTA','THÀNH TÀI GAS',0,4,1),(45,38,'PTNAS','Petrol Nas',0,4,1),(46,38,'ST12 XƯỞNG','STAR 12 XÁM XƯỞNG',0,4,1),(47,39,'ST45 XUONG','sTAR 45 XƯỞNG',0,4,1);

/*Table structure for table `shell_gas_in_stock` */

DROP TABLE IF EXISTS `shell_gas_in_stock`;

CREATE TABLE `shell_gas_in_stock` (
  `id` int(11) NOT NULL AUTO_INCREMENT,
  `day` date DEFAULT NULL,
  `shell_vendor_id` int(11) DEFAULT NULL,
  `in_stock` int(11) DEFAULT '0',
  PRIMARY KEY (`id`)
) ENGINE=InnoDB AUTO_INCREMENT=9 DEFAULT CHARSET=utf8 COLLATE=utf8_unicode_ci;

/*Data for the table `shell_gas_in_stock` */

insert  into `shell_gas_in_stock`(`id`,`day`,`shell_vendor_id`,`in_stock`) values (1,'2020-04-01',5,0),(2,'2020-04-01',1,0),(3,'2020-04-01',2,0),(4,'2020-04-01',4,0),(5,'2020-04-01',44,0),(6,'2020-04-01',45,807),(7,'2020-04-01',46,0),(8,'2020-04-01',47,3);

/*Table structure for table `shell_import` */

DROP TABLE IF EXISTS `shell_import`;

CREATE TABLE `shell_import` (
  `id` int(11) NOT NULL AUTO_INCREMENT,
  `code` varchar(255) COLLATE utf8_unicode_ci DEFAULT NULL,
  `created_date` date DEFAULT NULL,
  `shell_id` int(11) DEFAULT NULL,
  `quantity` int(5) DEFAULT '0',
  `price` double DEFAULT NULL,
  `amount` double DEFAULT NULL,
  `account_id` double DEFAULT NULL,
  `note` text COLLATE utf8_unicode_ci,
  `created_employee_id` int(11) DEFAULT NULL,
  `vendor_id` int(11) DEFAULT NULL,
  PRIMARY KEY (`id`)
) ENGINE=MyISAM AUTO_INCREMENT=5 DEFAULT CHARSET=utf8 COLLATE=utf8_unicode_ci;

/*Data for the table `shell_import` */

insert  into `shell_import`(`id`,`code`,`created_date`,`shell_id`,`quantity`,`price`,`amount`,`account_id`,`note`,`created_employee_id`,`vendor_id`) values (1,'20200416-SI-0001','2020-04-16',9,1,0,0,0,'',54,40),(2,'20200416-SI-0002','2020-04-16',1,1,0,0,0,'',54,40),(3,'20200416-SI-0003','2020-04-16',10,1,0,0,0,'',54,40),(4,'20200416-SI-0004','2020-04-16',2,1,0,0,0,'',54,40);

/*Table structure for table `shell_in_stock` */

DROP TABLE IF EXISTS `shell_in_stock`;

CREATE TABLE `shell_in_stock` (
  `id` int(11) NOT NULL AUTO_INCREMENT,
  `day` date DEFAULT NULL,
  `organization_id` int(11) DEFAULT NULL,
  `shell_id` int(11) DEFAULT NULL,
  `in_stock` int(11) DEFAULT '0' COMMENT 'vo binh rong',
  PRIMARY KEY (`id`),
  KEY `shell_id` (`shell_id`)
) ENGINE=MyISAM AUTO_INCREMENT=37 DEFAULT CHARSET=utf8 COLLATE=utf8_unicode_ci;

/*Data for the table `shell_in_stock` */

insert  into `shell_in_stock`(`id`,`day`,`organization_id`,`shell_id`,`in_stock`) values (1,'2020-04-01',1,11,12),(2,'2020-04-01',1,14,4),(3,'2020-04-01',1,15,17),(4,'2020-04-01',1,32,0),(5,'2020-04-01',1,16,0),(6,'2020-04-01',1,8,0),(7,'2020-04-01',1,17,0),(8,'2020-04-01',1,12,46),(9,'2020-04-01',1,19,21),(10,'2020-04-01',1,18,2),(11,'2020-04-01',1,20,1),(12,'2020-04-01',1,3,2),(13,'2020-04-01',1,45,0),(14,'2020-04-01',1,42,28),(15,'2020-04-01',1,22,0),(16,'2020-04-01',1,36,11),(17,'2020-04-01',1,25,0),(18,'2020-04-01',1,24,9),(19,'2020-04-01',1,26,3),(20,'2020-04-01',1,27,6),(21,'2020-04-01',1,46,2011),(22,'2020-04-01',1,47,13),(23,'2020-04-01',1,9,0),(24,'2020-04-01',1,1,506),(25,'2020-04-01',1,10,0),(26,'2020-04-01',1,2,138),(27,'2020-04-01',1,28,43),(28,'2020-04-01',1,44,0),(29,'2020-04-01',1,33,1),(30,'2020-04-01',1,31,10),(31,'2020-04-01',1,34,10),(32,'2020-04-01',1,37,4),(33,'2020-04-01',1,38,7),(34,'2020-04-01',1,40,4),(35,'2020-04-01',1,41,0),(36,'2020-04-01',1,39,7);

/*Table structure for table `shell_kind` */

DROP TABLE IF EXISTS `shell_kind`;

CREATE TABLE `shell_kind` (
  `id` int(11) NOT NULL AUTO_INCREMENT,
  `code` varchar(20) COLLATE utf8_unicode_ci DEFAULT NULL,
  `name` varchar(255) COLLATE utf8_unicode_ci DEFAULT NULL,
  `weight` int(11) DEFAULT NULL,
  `commission` int(11) DEFAULT NULL,
  `status` int(1) DEFAULT '1' COMMENT '0:bi khoa, 1:dang su dung',
  PRIMARY KEY (`id`)
) ENGINE=MyISAM AUTO_INCREMENT=41 DEFAULT CHARSET=utf8 COLLATE=utf8_unicode_ci;

/*Data for the table `shell_kind` */

insert  into `shell_kind`(`id`,`code`,`name`,`weight`,`commission`,`status`) values (38,'12KG','Bình 12KG',12,750,1),(39,'45KG','Bình 45KG',45,1500,1);

/*Table structure for table `shell_return` */

DROP TABLE IF EXISTS `shell_return`;

CREATE TABLE `shell_return` (
  `id` int(11) NOT NULL AUTO_INCREMENT,
  `created_date` date DEFAULT NULL,
  `code` varchar(255) COLLATE utf8_unicode_ci DEFAULT NULL,
  `customer_id` int(11) DEFAULT NULL,
  `vehicle_id` int(11) DEFAULT NULL,
  `note` text COLLATE utf8_unicode_ci,
  `created_employee_id` int(11) DEFAULT NULL,
  PRIMARY KEY (`id`)
) ENGINE=MyISAM DEFAULT CHARSET=utf8 COLLATE=utf8_unicode_ci;

/*Data for the table `shell_return` */

/*Table structure for table `shell_return_detail` */

DROP TABLE IF EXISTS `shell_return_detail`;

CREATE TABLE `shell_return_detail` (
  `id` int(11) NOT NULL AUTO_INCREMENT,
  `shell_return_id` int(11) DEFAULT NULL,
  `shell_id` int(11) DEFAULT NULL,
  `quantity` int(5) DEFAULT NULL,
  PRIMARY KEY (`id`)
) ENGINE=InnoDB DEFAULT CHARSET=utf8 COLLATE=utf8_unicode_ci;

/*Data for the table `shell_return_detail` */

/*Table structure for table `shell_return_supplier` */

DROP TABLE IF EXISTS `shell_return_supplier`;

CREATE TABLE `shell_return_supplier` (
  `id` int(11) NOT NULL AUTO_INCREMENT,
  `code` varchar(255) COLLATE utf8_unicode_ci DEFAULT NULL,
  `created_date` date DEFAULT NULL,
  `vendor_id` int(11) DEFAULT NULL,
  `vehicle_id` int(11) DEFAULT NULL,
  `note` text COLLATE utf8_unicode_ci,
  `created_employee_id` int(11) DEFAULT NULL,
  PRIMARY KEY (`id`)
) ENGINE=MyISAM AUTO_INCREMENT=4 DEFAULT CHARSET=utf8 COLLATE=utf8_unicode_ci;

/*Data for the table `shell_return_supplier` */

/*Table structure for table `shell_return_supplier_detail` */

DROP TABLE IF EXISTS `shell_return_supplier_detail`;

CREATE TABLE `shell_return_supplier_detail` (
  `id` int(11) NOT NULL AUTO_INCREMENT,
  `shell_return_supplier_id` int(11) DEFAULT NULL,
  `shell_id` int(11) DEFAULT NULL,
  `quantity` int(5) DEFAULT NULL,
  PRIMARY KEY (`id`)
) ENGINE=InnoDB DEFAULT CHARSET=utf8 COLLATE=utf8_unicode_ci;

/*Data for the table `shell_return_supplier_detail` */

/*Table structure for table `shell_sale` */

DROP TABLE IF EXISTS `shell_sale`;

CREATE TABLE `shell_sale` (
  `id` int(11) NOT NULL AUTO_INCREMENT,
  `code` varchar(20) COLLATE utf8_unicode_ci DEFAULT NULL,
  `created_date` date DEFAULT NULL,
  `customer_id` int(11) DEFAULT NULL,
  `total` double DEFAULT NULL,
  `discount` double DEFAULT NULL,
  `paid` double DEFAULT NULL,
  `debt` double DEFAULT NULL,
  `total_pay` double DEFAULT NULL,
  `account_id` int(11) DEFAULT NULL,
  `note` text COLLATE utf8_unicode_ci,
  `created_employee_id` int(11) DEFAULT NULL,
  PRIMARY KEY (`id`)
) ENGINE=MyISAM DEFAULT CHARSET=utf8 COLLATE=utf8_unicode_ci;

/*Data for the table `shell_sale` */

/*Table structure for table `shell_sale_detail` */

DROP TABLE IF EXISTS `shell_sale_detail`;

CREATE TABLE `shell_sale_detail` (
  `id` int(11) NOT NULL AUTO_INCREMENT,
  `shell_sale_id` int(11) DEFAULT NULL,
  `shell_id` int(11) DEFAULT NULL,
  `quantity` int(5) DEFAULT NULL,
  `price` double DEFAULT NULL,
  `amount` double DEFAULT NULL,
  PRIMARY KEY (`id`)
) ENGINE=MyISAM DEFAULT CHARSET=utf8 COLLATE=utf8_unicode_ci;

/*Data for the table `shell_sale_detail` */

/*Table structure for table `shell_statistic` */

DROP TABLE IF EXISTS `shell_statistic`;

CREATE TABLE `shell_statistic` (
  `id` int(11) NOT NULL AUTO_INCREMENT,
  `shell_id` int(11) DEFAULT NULL,
  `quantity_empty` int(10) DEFAULT NULL,
  `quantity_full` int(10) DEFAULT NULL,
  PRIMARY KEY (`id`)
) ENGINE=MyISAM DEFAULT CHARSET=utf8 COLLATE=utf8_unicode_ci;

/*Data for the table `shell_statistic` */

/*Table structure for table `shell_vendor` */

DROP TABLE IF EXISTS `shell_vendor`;

CREATE TABLE `shell_vendor` (
  `id` int(11) NOT NULL AUTO_INCREMENT,
  `organization_id` int(11) DEFAULT NULL,
  `shell_id` int(11) DEFAULT NULL,
  `vendor_id` int(11) DEFAULT NULL,
  `quantity` int(11) DEFAULT '0',
  PRIMARY KEY (`id`)
) ENGINE=InnoDB AUTO_INCREMENT=48 DEFAULT CHARSET=utf8 COLLATE=utf8_unicode_ci;

/*Data for the table `shell_vendor` */

insert  into `shell_vendor`(`id`,`organization_id`,`shell_id`,`vendor_id`,`quantity`) values (1,1,1,22,1218),(2,1,10,22,1),(3,1,11,22,0),(4,1,2,22,1),(5,1,9,22,1),(6,1,29,22,0),(7,1,3,22,0),(8,1,8,22,0),(9,1,12,22,0),(10,1,13,22,0),(11,1,14,22,0),(12,1,15,22,0),(13,1,16,22,0),(14,1,17,22,0),(15,1,18,22,0),(16,1,19,22,0),(17,1,20,22,0),(18,1,21,22,0),(19,1,22,22,0),(20,1,23,22,0),(21,1,24,22,0),(22,1,25,22,0),(23,1,26,22,0),(24,1,27,22,0),(25,1,28,22,0),(26,1,30,22,0),(27,1,31,22,0),(28,1,32,22,0),(29,1,33,22,0),(30,1,34,22,0),(31,1,35,22,0),(32,1,36,22,0),(33,1,37,22,0),(34,1,38,22,0),(35,1,39,22,0),(36,1,40,22,0),(37,1,41,22,0),(38,1,42,22,0),(39,1,43,22,0),(40,1,44,22,0),(41,1,46,22,0),(42,1,47,22,0),(43,1,45,22,0),(44,15,9,40,1),(45,15,1,40,1),(46,15,10,40,1),(47,15,2,40,1);

/*Table structure for table `shield_decrease` */

DROP TABLE IF EXISTS `shield_decrease`;

CREATE TABLE `shield_decrease` (
  `id` int(11) NOT NULL AUTO_INCREMENT,
  `code` varchar(255) COLLATE utf8_unicode_ci DEFAULT NULL,
  `created_date` date DEFAULT NULL,
  `quantity` int(10) DEFAULT NULL,
  `note` text COLLATE utf8_unicode_ci,
  `vendor_id` int(11) DEFAULT NULL,
  `created_employee_id` int(11) DEFAULT NULL,
  PRIMARY KEY (`id`)
) ENGINE=InnoDB DEFAULT CHARSET=utf8 COLLATE=utf8_unicode_ci;

/*Data for the table `shield_decrease` */

/*Table structure for table `shield_import` */

DROP TABLE IF EXISTS `shield_import`;

CREATE TABLE `shield_import` (
  `id` int(11) NOT NULL AUTO_INCREMENT,
  `code` varchar(255) COLLATE utf8_unicode_ci DEFAULT NULL,
  `created_date` date DEFAULT NULL,
  `quantity` int(10) DEFAULT NULL,
  `note` text COLLATE utf8_unicode_ci,
  `vendor_id` int(11) DEFAULT NULL,
  `created_employee_id` int(11) DEFAULT NULL,
  PRIMARY KEY (`id`)
) ENGINE=InnoDB DEFAULT CHARSET=utf8 COLLATE=utf8_unicode_ci;

/*Data for the table `shield_import` */

/*Table structure for table `shield_in_stock` */

DROP TABLE IF EXISTS `shield_in_stock`;

CREATE TABLE `shield_in_stock` (
  `id` int(11) NOT NULL AUTO_INCREMENT,
  `day` date DEFAULT NULL,
  `vendor_id` int(11) DEFAULT NULL,
  `organization_id` int(11) DEFAULT NULL,
  `in_stock` int(11) DEFAULT '0',
  PRIMARY KEY (`id`)
) ENGINE=InnoDB DEFAULT CHARSET=utf8 COLLATE=utf8_unicode_ci;

/*Data for the table `shield_in_stock` */

/*Table structure for table `solar` */

DROP TABLE IF EXISTS `solar`;

CREATE TABLE `solar` (
  `id` int(11) NOT NULL AUTO_INCREMENT,
  `code` varchar(255) COLLATE utf8_unicode_ci DEFAULT NULL,
  `name` varchar(255) COLLATE utf8_unicode_ci DEFAULT NULL,
  `vendor_id` int(11) DEFAULT NULL,
  `group_id` int(11) DEFAULT NULL,
  `weight_unit_id` int(11) DEFAULT NULL,
  `weight` float DEFAULT NULL,
  `base_unit_id` int(11) DEFAULT NULL,
  `sale_unit_id` int(11) DEFAULT NULL,
  `employee_commission_id` int(11) DEFAULT NULL,
  `status` int(1) DEFAULT NULL,
  `organization_id` int(11) DEFAULT NULL,
  `price` double DEFAULT NULL,
  PRIMARY KEY (`id`)
) ENGINE=InnoDB AUTO_INCREMENT=59 DEFAULT CHARSET=utf8 COLLATE=utf8_unicode_ci;

/*Data for the table `solar` */

insert  into `solar`(`id`,`code`,`name`,`vendor_id`,`group_id`,`weight_unit_id`,`weight`,`base_unit_id`,`sale_unit_id`,`employee_commission_id`,`status`,`organization_id`,`price`) values (1,'POLY 330','Tấm pin NLMT 330P5-72',0,0,16,0,16,16,0,1,1,0),(2,'MONO 370','Tấm pin năng lượng mặt trời 370w-72 Cellmono',0,0,16,0,16,16,0,1,1,0),(3,'SFS-KEPGIUA-40','Kẹp giữa 40mm(40mm mid-clamp)',35,0,7,0,7,7,0,1,1,0),(4,'SFS-KEPBIEN-40','Kẹp biên 40mm(40mm end-clamp)',35,0,7,0,7,7,0,1,1,0),(5,'SFS-Lfeet','Chân nối L',35,0,7,0,7,7,0,1,1,0),(6,'SFS-MC4+','Đầu MC4 dương',35,0,7,0,7,7,0,1,1,0),(7,'SFS-MC4-','Đầu MC4 âm',35,0,7,0,7,7,0,1,1,0),(8,'SFS-SCN2-01','Nối thanh nhôm',35,0,7,0,7,7,0,1,1,0),(9,'IVT 3KW','Bộ nghịch lưu dùng trong năng lượng mặt trời(Growatt 3000-S)',30,0,8,0,8,8,0,1,1,0),(10,'IVT 5KW-MTL','Inverter Growatt 5000MTL-S',30,0,8,0,8,8,0,1,1,0),(11,'IVT 5.5KW','Bộ nghịch lưu dùng trong năng lượng mặt trời(Growatt 5.500MTL-S)',30,0,8,0,8,8,0,1,1,0),(12,'IVT SE3KW','Inverter hòa lưới SE3KTL',30,0,8,0,8,7,0,1,1,0),(13,'VC','Chi phí vận chuyển',31,0,17,0,17,17,0,1,1,0),(14,'SFS-RHN2-01','Nối mái ngói 01',35,0,8,0,8,8,0,1,1,0),(15,'GREENWING','PIN Greenwing',31,0,16,0,16,16,0,1,1,0),(16,'IVT-HW60KW','Inverter Huawei 60KW',36,0,8,0,8,8,0,1,1,0),(17,'GM-Thanhnhom02-Light','Ray nhôm 4200mm-Rail(GM-R02-Light)',37,0,7,0,7,7,0,1,1,0),(18,'GM-kepbien-40','Kẹp đầu nhôm GM-EC-40-DYH(100 cái/thùng)',37,0,7,0,7,7,0,1,1,0),(19,'GM-kepgiua-40','Kẹp giữa nhôm GM-EC-40-DYH(100 cái/thùng)',37,0,7,0,7,7,0,1,1,0),(20,'GM-daunoinhom','Đầu nối nhôm GM-RS-01-L-DYH(60 cái/thùng)',37,0,7,0,7,7,0,1,1,0),(21,'GM-Lfeet','Chân nối nhôm GM-MRH-L5-DYH(60 cái/thùng)',37,0,7,0,7,7,0,1,1,0),(22,'IVT 10KW','Bộ nghịch lưu dùng trong năng lượng mặt trời(Growatt 10000TL3-S)-S)',30,0,8,0,8,8,0,1,1,0),(23,'IVT 15KW','Bộ nghịch lưu dùng trong năng lượng mặt trời(Growatt 15000TL3-S)-S)',30,0,8,0,8,8,0,1,1,0),(24,'IVT 20KW','Bộ nghịch lưu dùng trong năng lượng mặt trời(Growatt 20000TL3-S)',30,0,8,0,8,8,0,1,1,0),(25,'IVT 40KW','Bộ nghịch lưu dùng trong năng lượng mặt trời(Growatt 4000TL3-NSE)',30,0,8,0,8,8,0,1,1,0),(26,'IVT 50KW','Bộ nghịch lưu dùng trong năng lượng mặt trời(Growatt MAX 50KTL3-L)',37,0,8,0,8,8,0,1,1,0),(27,'IVT 60KW','Bộ nghịch lưu dùng trong năng lượng mặt trời(Growatt MAX 60KTL3-L)',37,0,8,0,8,8,0,1,1,0),(28,'IVT 3KWTL-X','Inverter Growatt 3000TL-X',30,0,8,0,8,8,0,1,1,0),(29,'IVT 5KWTL-X','Inverter Growatt 5000TL-X',30,0,8,0,8,8,0,1,1,0),(30,'IVT6KW','Inverter Growatt 6000TL3-S',30,0,8,0,8,8,0,1,1,0),(31,'IVT 25KW','Bộ nghịch lưu Growatt 25000TL3-S)',30,0,8,0,8,8,0,1,1,0),(32,'IVT 30KW','Bộ nghịch lưu dùng trong năng lượng mặt trời(Growatt 30000TL3-S)',30,0,8,0,8,8,0,1,1,0),(33,'Cục Wifi-S','Growatt wifi-S',30,0,8,0,8,8,0,1,1,0),(34,'IVT 8KW','Inverter Growatt 8000MTL-S',30,0,8,0,8,8,0,1,1,0),(35,'IVT 80KW','Bộ chuyển đổi Growatt Max 80 KTL3-LV',30,0,8,0,8,8,0,1,1,0),(36,'DC RED4x1','Cáp dây điện vỏ bọc plastic 1x4mm2 1500v màu đỏ 100m/cuộn',34,0,18,0,18,18,0,1,1,0),(37,'DC BLACK 4X1','Cáp dây điện vỏ bọc plastic 1x4mm2 1500v màu đen 100m/cuộn',34,0,18,0,18,18,0,1,1,0),(38,'DC RED4x2','Cáp dây điện vỏ bọc plastic 1x4mm2 1500v màu đỏ 200m/cuộn',34,0,18,0,18,18,0,1,1,0),(39,'DC BLACK 4X2','Cáp dây điện vỏ bọc plastic 1x4mm2 1500v màu đen 200m/cuộn',31,0,18,0,18,18,0,1,1,0),(40,'DC BLACK6x2','Cáp dây điện vỏ bọc plastic 1x6mm2 1500v màu đen 200m/cuộn',34,0,18,0,18,18,0,1,1,0),(41,'Mono 430 LGi','Solar modules LR4-72HPH-430M(Longi)',38,0,16,0,16,16,0,1,1,0),(42,'TĐ 3KW','Tủ điện 3KW-DC/AC',36,0,8,0,8,8,0,1,1,0),(43,'TĐ 5KW','Tủ điện 5KW-DC/AC',36,0,8,0,8,8,0,1,1,0),(44,'TĐ 50KW TL3','Tủ điện 50KW-DC/AC',36,0,8,0,8,8,0,1,1,0),(45,'TĐ 10KW MTL','Tủ điện 10KW-DC/AC',31,0,8,0,8,8,0,1,1,0),(46,'Mono 435 LGi','Solar modules LR4-72HPH-435M(Longi)',38,0,16,0,16,16,0,1,1,0),(47,'NB-MC4',' Đầu MC4',34,0,19,0,19,19,0,1,1,0),(48,'SPF3000TL HVM-24V','Growatt 3000 TLHVM-24V',36,0,8,0,8,8,0,1,1,0),(49,'IVT SG110CX','SUNGROW INVERTER 110',39,0,8,0,8,8,0,1,1,0),(50,'JKM400M-72H-V','Solar modules JKM400M-72-V(Jinko)',32,0,16,0,16,16,0,1,1,0),(51,'AC','AC Terminal',30,0,8,0,8,8,0,1,1,0),(52,'Vít 4.2x38','Vít 4.2x38',36,0,7,0,7,7,0,1,1,0),(53,'SFS-THANHNHOM8-4200','Thanh nhôm SFS 8-4200mm',35,0,7,0,7,7,0,1,1,0),(54,'DC RED6x2','Cáp dây điện vỏ bọc plastic 1x6mm2 1500v màu đỏ 200m/cuộn',31,0,18,0,18,18,0,1,1,0),(55,'DC RED 1000M/C','Cáp dây điện vỏ bọc plastic1x4.00mm2(EN50618)1500V màu đỏ 1000m/cuôn',34,0,13,0,18,18,0,1,1,0),(56,'DC BLACK 1000M/C','Cáp dây điện vỏ bọc plastic1x4.00mm2(EN50618)1500V màu đen 1000m/cuộn',34,0,18,0,18,18,0,1,1,0),(57,'NLMT CS3W-440MS','Tấm module NLMT CS3W-440MS',31,0,16,0,16,16,0,1,1,0),(58,'IVT Goodwe 25K-DT','IVT Goodwe 25K-DT',42,1,8,0,8,13,1,1,1,0);

/*Table structure for table `solar_export` */

DROP TABLE IF EXISTS `solar_export`;

CREATE TABLE `solar_export` (
  `id` int(11) NOT NULL AUTO_INCREMENT,
  `created_date` date DEFAULT NULL,
  `code` varchar(20) COLLATE utf8_unicode_ci DEFAULT NULL,
  `solar_sale_id` int(11) DEFAULT NULL,
  `customer_id` int(11) DEFAULT NULL,
  `total` double DEFAULT NULL,
  `note` text COLLATE utf8_unicode_ci,
  `created_employee_id` int(11) DEFAULT NULL,
  PRIMARY KEY (`id`)
) ENGINE=InnoDB AUTO_INCREMENT=47 DEFAULT CHARSET=utf8 COLLATE=utf8_unicode_ci;

/*Data for the table `solar_export` */

insert  into `solar_export`(`id`,`created_date`,`code`,`solar_sale_id`,`customer_id`,`total`,`note`,`created_employee_id`) values (1,'2020-04-09','20200409-OE-0001',2,403,5900000,'',53),(2,'2020-04-09','20200409-OE-0002',3,341,10729000,'',53),(3,'2020-04-09','20200409-OE-0003',4,336,35527000,'',53),(4,'2020-04-09','20200409-OE-0004',5,336,32187000,'',53),(5,'2020-04-09','20200409-OE-0005',6,338,7825000,'',53),(6,'2020-04-09','20200409-OE-0006',7,400,23000000,'',53),(7,'2020-04-09','20200409-OE-0007',8,336,27628000,'',53),(8,'2020-04-09','20200409-OE-0008',9,398,5000000,'',53),(9,'2020-04-09','20200409-OE-0009',10,406,9638000,'',53),(10,'2020-04-13','20200413-OE-0001',11,347,67596000,'',53),(11,'2020-04-16','20200416-OE-0001',12,366,323136000,'',53),(12,'2020-04-16','20200416-OE-0002',13,336,23697000,'',53),(13,'2020-04-17','20200416-OE-0003',14,334,108149400,'',53),(14,'2020-04-17','20200416-OE-0004',15,388,67000000,'',53),(15,'2020-04-17','20200416-OE-0005',16,336,16899000,'',53),(16,'2020-04-17','20200416-OE-0006',17,366,20599000,'',53),(17,'2020-04-17','20200417-OE-0001',18,411,40496000,'',53),(18,'2020-04-18','20200418-OE-0001',19,413,2244000,'',53),(19,'2020-04-20','20200419-OE-0001',21,412,40580000,'',53),(20,'2020-04-20','20200419-OE-0002',22,336,38366000,'',53),(21,'2020-04-20','20200419-OE-0003',23,334,16899000,'',53),(22,'2020-04-20','20200419-OE-0004',24,361,0,'cân đối kho do lúc trước kiểm hàng sai',53),(23,'2020-04-21','20200420-OE-0001',25,608,12595980,'',53),(24,'2020-04-21','20200420-OE-0002',26,336,36105000,'',53),(25,'2020-04-21','20200420-OE-0003',27,604,36338000,'',53),(26,'2020-04-22','20200422-OE-0001',28,336,33798000,'',53),(27,'2020-04-22','20200422-OE-0002',29,411,9909000,'',53),(28,'2020-04-23','20200423-OE-0001',30,644,24698000,'',53),(29,'2020-04-23','20200423-OE-0002',31,607,24500000,'',53),(30,'2020-04-24','20200424-OE-0001',32,412,42619000,'',53),(31,'2020-04-24','20200424-OE-0002',33,398,1600000,'',53),(32,'2020-04-25','20200424-OE-0003',34,413,49344000,'',53),(33,'2020-04-25','20200425-OE-0001',35,357,23697000,'',53),(34,'2020-04-27','20200427-OE-0001',37,648,97289600,'',53),(35,'2020-04-25','20200427-OE-0002',38,413,12349000,'',53),(36,'2020-04-27','20200427-OE-0003',39,648,400000,'',53),(37,'2020-04-25','20200427-OE-0004',40,608,37047000,'',53),(38,'2020-04-27','20200427-OE-0005',41,648,210000,'',53),(39,'2020-04-27','20200427-OE-0006',42,336,32917000,'',53),(40,'2020-04-23','20200427-OE-0007',43,362,20599000,'',53),(41,'2020-04-28','20200427-OE-0008',44,401,12349000,'',53),(42,'2020-04-27','20200427-OE-0009',45,413,4738000,'',53),(43,'2020-04-28','20200428-OE-0001',48,411,4020000,'',53),(44,'2020-04-28','20200428-OE-0002',49,608,12595980,'',53),(45,'2020-04-28','20200428-OE-0003',46,649,33117000,'',53),(46,'2020-04-28','20200428-OE-0004',47,342,7899000,'',53);

/*Table structure for table `solar_export_detail` */

DROP TABLE IF EXISTS `solar_export_detail`;

CREATE TABLE `solar_export_detail` (
  `id` int(11) NOT NULL AUTO_INCREMENT,
  `solar_export_id` int(11) DEFAULT NULL,
  `solar_id` int(11) DEFAULT NULL,
  `solar_sale_detail_id` int(11) DEFAULT NULL,
  `quantity` int(3) DEFAULT NULL,
  PRIMARY KEY (`id`)
) ENGINE=InnoDB AUTO_INCREMENT=86 DEFAULT CHARSET=utf8 COLLATE=utf8_unicode_ci;

/*Data for the table `solar_export_detail` */

insert  into `solar_export_detail`(`id`,`solar_export_id`,`solar_id`,`solar_sale_detail_id`,`quantity`) values (1,1,46,2,2),(2,2,11,3,1),(3,3,9,4,1),(4,3,11,5,1),(5,3,34,6,1),(6,4,11,7,3),(7,5,9,8,1),(8,6,11,9,2),(9,7,11,10,1),(10,7,34,11,1),(11,8,36,12,200),(12,8,37,13,200),(13,9,9,14,1),(14,9,42,15,1),(15,10,34,16,4),(16,11,57,17,108),(17,12,9,18,3),(18,13,57,19,27),(19,13,34,20,1),(20,13,36,21,100),(21,13,37,22,100),(22,13,17,23,14),(23,13,18,24,20),(24,13,19,25,60),(25,13,21,26,60),(26,13,20,27,8),(27,13,7,28,10),(28,13,6,29,10),(29,14,36,30,3000),(30,14,37,31,3000),(31,14,47,32,500),(32,15,34,33,1),(33,16,9,34,3),(34,16,57,35,4),(35,17,9,36,2),(36,17,29,37,2),(37,18,36,38,68),(38,18,37,39,68),(39,18,47,40,4),(40,18,3,41,20),(41,18,4,42,20),(42,19,58,44,1),(43,20,22,45,1),(44,20,34,46,1),(45,21,34,47,1),(46,22,15,48,4),(47,23,10,49,1),(48,24,31,50,1),(49,25,23,51,1),(50,25,29,52,1),(51,26,34,53,2),(52,27,28,54,1),(53,28,29,55,2),(54,29,23,56,1),(55,30,32,57,1),(56,31,7,58,100),(57,31,6,59,100),(58,32,57,60,16),(59,32,7,61,4),(60,32,6,62,4),(61,33,9,63,3),(62,34,57,65,30),(63,34,17,66,16),(64,34,18,67,30),(65,34,19,68,50),(66,34,21,69,70),(67,34,7,70,20),(68,34,6,71,20),(69,35,29,72,1),(70,36,20,73,20),(71,37,29,74,3),(72,38,18,75,20),(73,39,24,76,1),(74,40,57,77,4),(75,40,9,78,3),(76,41,29,79,1),(77,42,17,80,9),(78,42,18,81,8),(79,42,19,82,8),(80,42,20,83,20),(81,42,21,84,60),(82,43,28,87,2),(83,44,29,88,1),(84,45,24,85,1),(85,46,9,86,1);

/*Table structure for table `solar_group` */

DROP TABLE IF EXISTS `solar_group`;

CREATE TABLE `solar_group` (
  `id` int(11) NOT NULL AUTO_INCREMENT,
  `name` varchar(255) COLLATE utf8_unicode_ci DEFAULT NULL,
  `note` text COLLATE utf8_unicode_ci,
  `status` int(1) DEFAULT '1' COMMENT '0: da bi khoa, 1: dang su dung',
  PRIMARY KEY (`id`)
) ENGINE=InnoDB AUTO_INCREMENT=2 DEFAULT CHARSET=utf8 COLLATE=utf8_unicode_ci;

/*Data for the table `solar_group` */

insert  into `solar_group`(`id`,`name`,`note`,`status`) values (1,'Tấm module NLMT CS3W-440MS','',1);

/*Table structure for table `solar_import` */

DROP TABLE IF EXISTS `solar_import`;

CREATE TABLE `solar_import` (
  `id` int(11) NOT NULL AUTO_INCREMENT,
  `code` varchar(255) COLLATE utf8_unicode_ci DEFAULT NULL,
  `created_date` date DEFAULT NULL,
  `vendor_id` int(11) DEFAULT NULL,
  `store_id` int(11) DEFAULT NULL,
  `commission` float DEFAULT NULL,
  `rate` double DEFAULT NULL,
  `total_before_commission` double DEFAULT NULL,
  `total` double DEFAULT NULL,
  `paid` double DEFAULT NULL,
  `debt` double DEFAULT NULL,
  `account_id` int(11) DEFAULT NULL,
  `note` text COLLATE utf8_unicode_ci,
  `created_employee_id` int(11) DEFAULT NULL,
  UNIQUE KEY `id` (`id`)
) ENGINE=InnoDB AUTO_INCREMENT=5 DEFAULT CHARSET=utf8 COLLATE=utf8_unicode_ci;

/*Data for the table `solar_import` */

insert  into `solar_import`(`id`,`code`,`created_date`,`vendor_id`,`store_id`,`commission`,`rate`,`total_before_commission`,`total`,`paid`,`debt`,`account_id`,`note`,`created_employee_id`) values (1,'20200404-OI-0001','2020-04-04',30,11,0,0,0,0,0,0,5,'',17),(2,'20200410-OI-0001','2020-04-10',34,11,0,0,0,0,0,0,5,'',53),(3,'20200416-OI-0001','2020-04-16',31,11,0,0,0,0,0,0,5,'',53),(4,'20200427-OI-0001','2020-04-27',42,11,0,0,0,0,0,0,5,'',53);

/*Table structure for table `solar_import_detail` */

DROP TABLE IF EXISTS `solar_import_detail`;

CREATE TABLE `solar_import_detail` (
  `id` int(11) NOT NULL AUTO_INCREMENT,
  `solar_import_id` int(11) DEFAULT NULL,
  `solar_id` int(11) DEFAULT NULL,
  `unit_id` int(11) DEFAULT NULL,
  `quantity` int(3) DEFAULT NULL,
  `base_quantity` int(3) DEFAULT NULL,
  `price` double DEFAULT NULL,
  `amount` double DEFAULT NULL,
  `note` text COLLATE utf8_unicode_ci,
  PRIMARY KEY (`id`)
) ENGINE=InnoDB AUTO_INCREMENT=15 DEFAULT CHARSET=utf8 COLLATE=utf8_unicode_ci;

/*Data for the table `solar_import_detail` */

insert  into `solar_import_detail`(`id`,`solar_import_id`,`solar_id`,`unit_id`,`quantity`,`base_quantity`,`price`,`amount`,`note`) values (1,1,9,8,15,15,0,0,NULL),(2,1,29,8,31,31,0,0,NULL),(3,1,34,8,12,12,0,0,NULL),(4,1,22,8,15,15,0,0,NULL),(5,1,23,8,6,6,0,0,NULL),(6,1,32,8,2,2,0,0,NULL),(7,1,27,8,1,1,0,0,NULL),(8,2,56,18,26000,26000,0,0,NULL),(9,2,55,18,26000,26000,0,0,NULL),(10,2,37,18,2000,2000,0,0,NULL),(11,2,36,18,2000,2000,0,0,NULL),(12,2,47,19,1200,1200,0,0,NULL),(13,3,57,16,1188,1188,0,0,NULL),(14,4,58,8,1,1,0,0,NULL);

/*Table structure for table `solar_in_stock` */

DROP TABLE IF EXISTS `solar_in_stock`;

CREATE TABLE `solar_in_stock` (
  `id` int(11) NOT NULL AUTO_INCREMENT,
  `day` date DEFAULT NULL,
  `solar_id` int(11) DEFAULT NULL,
  `organization_id` int(11) DEFAULT NULL,
  `store_id` int(11) DEFAULT NULL,
  `in_stock` int(11) DEFAULT NULL,
  PRIMARY KEY (`id`)
) ENGINE=InnoDB AUTO_INCREMENT=109 DEFAULT CHARSET=utf8 COLLATE=utf8_unicode_ci;

/*Data for the table `solar_in_stock` */

insert  into `solar_in_stock`(`id`,`day`,`solar_id`,`organization_id`,`store_id`,`in_stock`) values (1,'2020-04-01',47,1,11,965),(2,'2020-04-01',51,1,11,8),(3,'2020-04-01',35,1,11,0),(4,'2020-04-01',22,1,11,0),(5,'2020-04-01',23,1,11,3),(6,'2020-04-01',24,1,11,4),(7,'2020-04-01',9,1,11,0),(8,'2020-04-01',32,1,11,0),(9,'2020-04-01',25,1,11,0),(10,'2020-04-01',11,1,11,8),(11,'2020-04-01',26,1,11,2),(12,'2020-04-01',27,1,11,0),(13,'2020-04-01',31,1,11,1),(14,'2020-04-01',37,1,11,1400),(15,'2020-04-01',39,1,11,0),(16,'2020-04-01',36,1,11,1358),(17,'2020-04-01',38,1,11,0),(18,'2020-04-01',40,1,11,0),(19,'2020-04-01',5,1,11,358),(20,'2020-04-01',21,1,11,2340),(21,'2020-04-01',13,1,11,0),(22,'2020-04-01',7,1,11,253),(23,'2020-04-01',6,1,11,228),(24,'2020-04-01',20,1,11,399),(25,'2020-04-01',48,1,11,1),(26,'2020-04-01',33,1,11,2),(27,'2020-04-01',28,1,11,7),(28,'2020-04-01',10,1,11,0),(29,'2020-04-01',29,1,11,0),(30,'2020-04-01',30,1,11,0),(31,'2020-04-01',34,1,11,0),(32,'2020-04-01',12,1,11,1),(33,'2020-04-01',16,1,11,1),(34,'2020-04-01',4,1,11,548),(35,'2020-04-01',18,1,11,2514),(36,'2020-04-01',3,1,11,904),(37,'2020-04-01',19,1,11,8627),(38,'2020-04-01',14,1,11,5),(39,'2020-04-01',8,1,11,200),(40,'2020-04-01',15,1,11,4),(41,'2020-04-01',17,1,11,1734),(42,'2020-04-01',50,1,11,0),(43,'2020-04-01',41,1,11,0),(44,'2020-04-01',46,1,11,100),(45,'2020-04-01',49,1,11,0),(46,'2020-04-01',2,1,11,0),(47,'2020-04-01',1,1,11,0),(48,'2020-04-01',45,1,11,0),(49,'2020-04-01',42,1,11,1),(50,'2020-04-01',44,1,11,1),(51,'2020-04-01',43,1,11,0),(52,'2020-04-01',52,1,11,38000),(53,'2020-04-01',47,1,12,0),(54,'2020-04-01',51,1,12,0),(55,'2020-04-01',35,1,12,0),(56,'2020-04-01',22,1,12,0),(57,'2020-04-01',23,1,12,0),(58,'2020-04-01',24,1,12,0),(59,'2020-04-01',9,1,12,1),(60,'2020-04-01',32,1,12,0),(61,'2020-04-01',25,1,12,0),(62,'2020-04-01',11,1,12,0),(63,'2020-04-01',26,1,12,0),(64,'2020-04-01',27,1,12,0),(65,'2020-04-01',31,1,12,0),(66,'2020-04-01',37,1,12,0),(67,'2020-04-01',39,1,12,0),(68,'2020-04-01',36,1,12,0),(69,'2020-04-01',38,1,12,0),(70,'2020-04-01',40,1,12,0),(71,'2020-04-01',5,1,12,0),(72,'2020-04-01',21,1,12,0),(73,'2020-04-01',13,1,12,0),(74,'2020-04-01',7,1,12,0),(75,'2020-04-01',6,1,12,0),(76,'2020-04-01',20,1,12,0),(77,'2020-04-01',48,1,12,0),(78,'2020-04-01',33,1,12,0),(79,'2020-04-01',28,1,12,0),(80,'2020-04-01',10,1,12,0),(81,'2020-04-01',29,1,12,0),(82,'2020-04-01',30,1,12,0),(83,'2020-04-01',34,1,12,0),(84,'2020-04-01',12,1,12,0),(85,'2020-04-01',16,1,12,0),(86,'2020-04-01',4,1,12,0),(87,'2020-04-01',18,1,12,0),(88,'2020-04-01',3,1,12,0),(89,'2020-04-01',19,1,12,0),(90,'2020-04-01',14,1,12,0),(91,'2020-04-01',8,1,12,0),(92,'2020-04-01',15,1,12,0),(93,'2020-04-01',17,1,12,0),(94,'2020-04-01',50,1,12,0),(95,'2020-04-01',41,1,12,0),(96,'2020-04-01',46,1,12,3),(97,'2020-04-01',49,1,12,0),(98,'2020-04-01',2,1,12,0),(99,'2020-04-01',1,1,12,0),(100,'2020-04-01',45,1,12,0),(101,'2020-04-01',42,1,12,0),(102,'2020-04-01',44,1,12,0),(103,'2020-04-01',43,1,12,0),(104,'2020-04-01',52,1,12,0),(105,'2020-04-01',54,1,11,0),(106,'2020-04-01',53,1,11,327),(107,'2020-04-01',54,1,12,0),(108,'2020-04-01',53,1,12,0);

/*Table structure for table `solar_return_store` */

DROP TABLE IF EXISTS `solar_return_store`;

CREATE TABLE `solar_return_store` (
  `id` int(11) NOT NULL AUTO_INCREMENT,
  `organization_id` int(11) DEFAULT NULL,
  `store_id` int(11) DEFAULT NULL,
  PRIMARY KEY (`id`)
) ENGINE=InnoDB DEFAULT CHARSET=utf8 COLLATE=utf8_unicode_ci;

/*Data for the table `solar_return_store` */

/*Table structure for table `solar_sale` */

DROP TABLE IF EXISTS `solar_sale`;

CREATE TABLE `solar_sale` (
  `id` int(11) NOT NULL AUTO_INCREMENT,
  `code` varchar(255) COLLATE utf8_unicode_ci DEFAULT NULL,
  `created_date` date DEFAULT NULL,
  `customer_id` int(11) DEFAULT NULL,
  `commission` float DEFAULT NULL,
  `commission_kind` int(11) DEFAULT NULL,
  `commission_amount` double DEFAULT NULL,
  `gap_agency_amount` double DEFAULT NULL,
  `gap_customer_amount` double DEFAULT NULL,
  `total_before_commission` double DEFAULT NULL,
  `total` double DEFAULT NULL,
  `discount` double DEFAULT NULL,
  `total_pay` double DEFAULT NULL,
  `paid` double DEFAULT NULL,
  `debt` double DEFAULT NULL,
  `account_id` int(11) DEFAULT NULL,
  `note` text COLLATE utf8_unicode_ci,
  `created_employee_id` int(11) DEFAULT NULL,
  `is_calculate_agency_commission` int(1) DEFAULT '1' COMMENT '0:khong tinh, 1:tinh CK cho dai ly',
  PRIMARY KEY (`id`)
) ENGINE=InnoDB AUTO_INCREMENT=50 DEFAULT CHARSET=utf8 COLLATE=utf8_unicode_ci;

/*Data for the table `solar_sale` */

insert  into `solar_sale`(`id`,`code`,`created_date`,`customer_id`,`commission`,`commission_kind`,`commission_amount`,`gap_agency_amount`,`gap_customer_amount`,`total_before_commission`,`total`,`discount`,`total_pay`,`paid`,`debt`,`account_id`,`note`,`created_employee_id`,`is_calculate_agency_commission`) values (2,'20200404-SO-0002','2020-04-04',403,0,1,0,0,0,0,5900000,0,5900000,0,5900000,5,'',17,0),(3,'20200409-SO-0001','2020-04-09',341,0,1,0,0,0,0,10729000,0,10729000,0,10729000,5,'',53,1),(4,'20200409-SO-0002','2020-04-09',336,0,1,0,0,0,0,35527000,0,35527000,0,35527000,5,'',53,1),(5,'20200409-SO-0003','2020-04-09',336,0,1,0,0,0,0,32187000,0,32187000,0,32187000,5,'',53,1),(6,'20200409-SO-0004','2020-04-09',338,0,1,0,0,0,0,7825000,0,7825000,0,7825000,5,'',53,1),(7,'20200409-SO-0005','2020-04-09',400,0,1,0,0,0,0,23000000,0,23000000,0,23000000,5,'',53,1),(8,'20200409-SO-0006','2020-04-09',336,0,1,0,0,0,0,27628000,0,27628000,0,27628000,5,'',53,1),(9,'20200409-SO-0007','2020-04-09',398,0,1,0,0,0,0,5000000,0,5000000,0,5000000,5,'',53,1),(10,'20200409-SO-0008','2020-04-09',406,0,1,0,0,0,0,9638000,0,9638000,0,9638000,5,'',53,1),(11,'20200413-SO-0001','2020-04-13',347,0,1,0,0,0,0,67596000,0,67596000,0,67596000,5,'',53,1),(12,'20200416-SO-0001','2020-04-16',366,0,1,0,0,0,0,323136000,0,323136000,0,323136000,5,'',53,1),(13,'20200416-SO-0002','2020-04-16',336,0,1,0,0,0,0,23697000,0,23697000,0,23697000,5,'',53,1),(14,'20200416-SO-0003','2020-04-17',334,0,1,0,0,0,0,108149400,0,108149400,0,108149400,5,'',53,1),(15,'20200416-SO-0004','2020-04-17',388,0,1,0,0,0,0,67000000,0,67000000,0,67000000,5,'',53,1),(16,'20200416-SO-0005','2020-04-17',336,0,1,0,0,0,0,16899000,0,16899000,0,16899000,5,'',53,1),(18,'20200417-SO-0001','2020-04-17',411,0,1,0,0,0,0,40496000,0,40496000,0,40496000,5,'',53,1),(19,'20200418-SO-0001','2020-04-18',413,0,1,0,0,0,0,2244000,0,2244000,0,2244000,5,'',53,1),(20,'20200418-SO-0002','2020-04-18',415,0,1,0,0,0,0,21467000,0,21467000,0,21467000,5,'',53,1),(21,'20200419-SO-0001','2020-04-18',412,0,1,0,0,0,0,40580000,0,40580000,0,40580000,5,'',53,1),(22,'20200419-SO-0002','2020-04-20',336,0,1,0,0,0,0,38366000,0,38366000,0,38366000,5,'',53,1),(23,'20200419-SO-0003','2020-04-20',334,0,1,0,0,0,0,16899000,0,16899000,0,16899000,5,'',53,1),(24,'20200419-SO-0004','2020-04-20',361,0,1,0,0,0,0,0,0,0,0,0,5,'cân đối kho do lúc trước kiểm hàng sai',53,1),(26,'20200420-SO-0002','2020-04-21',336,0,1,0,0,0,0,36105000,0,36105000,0,36105000,5,'',53,1),(27,'20200420-SO-0003','2020-04-21',604,0,1,0,0,0,0,36338000,0,36338000,0,36338000,5,'',53,1),(28,'20200422-SO-0001','2020-04-22',336,0,1,0,0,0,0,33798000,0,33798000,0,33798000,5,'',53,1),(29,'20200422-SO-0002','2020-04-22',411,0,1,0,0,0,0,9909000,0,9909000,0,9909000,5,'',53,1),(30,'20200423-SO-0001','2020-04-23',644,0,1,0,0,0,0,24698000,0,24698000,0,24698000,5,'',53,1),(31,'20200423-SO-0002','2020-04-23',607,0,1,0,0,0,0,24500000,0,24500000,0,24500000,5,'',53,1),(32,'20200424-SO-0001','2020-04-24',412,0,1,0,0,0,0,42619000,0,42619000,0,42619000,5,'',53,1),(33,'20200424-SO-0002','2020-04-24',398,0,1,0,0,0,0,1600000,0,1600000,0,1600000,5,'',53,1),(34,'20200424-SO-0003','2020-04-25',413,0,1,0,0,0,0,49344000,0,49344000,0,49344000,5,'',53,1),(35,'20200425-SO-0001','2020-04-25',357,0,1,0,0,0,0,23697000,0,23697000,0,23697000,5,'',53,1),(36,'20200426-SO-0001','2020-04-24',366,0,1,0,0,0,0,75500000,0,75500000,0,75500000,5,'',53,1),(37,'20200426-SO-0002','2020-04-25',648,0,1,0,0,0,0,97289600,0,97289600,0,97289600,5,'',53,1),(38,'20200426-SO-0003','2020-04-25',413,0,1,0,0,0,0,12349000,0,12349000,0,12349000,5,'',53,1),(39,'20200427-SO-0001','2020-04-27',648,0,1,0,0,0,0,400000,0,400000,0,400000,5,'',53,1),(40,'20200427-SO-0002','2020-04-25',608,0,1,0,0,0,0,37047000,0,37047000,0,37047000,5,'',53,1),(41,'20200427-SO-0003','2020-04-27',648,0,1,0,0,0,0,210000,0,210000,0,210000,5,'',53,1),(42,'20200427-SO-0004','2020-04-27',336,0,1,0,0,0,0,32917000,0,32917000,0,32917000,5,'',53,1),(43,'20200427-SO-0005','2020-04-23',362,0,1,0,0,0,0,20599000,0,20599000,0,20599000,5,'',53,1),(44,'20200427-SO-0006','2020-04-28',401,0,1,0,0,0,0,12349000,0,12349000,0,12349000,5,'',53,1),(45,'20200427-SO-0007','2020-04-27',413,0,1,0,0,0,0,4738000,0,4738000,0,4738000,5,'',53,1),(46,'20200428-SO-0001','2020-04-28',649,0,1,0,0,0,0,33117000,0,33117000,0,33117000,5,'',53,1),(47,'20200428-SO-0002','2020-04-28',342,0,1,0,0,0,0,7899000,0,7899000,0,7899000,5,'',53,1),(48,'20200428-SO-0003','2020-04-28',411,0,1,0,0,0,0,4020000,0,4020000,0,4020000,5,'',53,1),(49,'20200428-SO-0004','2020-04-28',608,0,1,0,0,0,0,12595980,0,12595980,0,12595980,5,'',53,1);

/*Table structure for table `solar_sale_detail` */

DROP TABLE IF EXISTS `solar_sale_detail`;

CREATE TABLE `solar_sale_detail` (
  `id` int(11) NOT NULL AUTO_INCREMENT,
  `solar_sale_id` int(11) DEFAULT NULL,
  `solar_id` int(11) DEFAULT NULL,
  `unit_id` int(11) DEFAULT NULL,
  `store_id` int(11) DEFAULT NULL,
  `quantity` int(3) DEFAULT NULL,
  `base_quantity` int(3) DEFAULT NULL,
  `price_before_commission` double DEFAULT '0',
  `commission_price` float DEFAULT '0' COMMENT 'chiet khau truc tiep tren gia',
  `price` double DEFAULT '0',
  `first_amount` double DEFAULT '0',
  `commission` float DEFAULT '0' COMMENT 'chiet khau tren tung mat hang',
  `gap_agency_amount` double DEFAULT '0' COMMENT 'tien chenh lech cua dai ly',
  `gap_customer_amount` double DEFAULT '0' COMMENT 'tien chenh lech cua khach hang',
  `amount` double DEFAULT '0',
  `vendor_id` int(11) DEFAULT NULL,
  PRIMARY KEY (`id`)
) ENGINE=InnoDB AUTO_INCREMENT=89 DEFAULT CHARSET=utf8 COLLATE=utf8_unicode_ci;

/*Data for the table `solar_sale_detail` */

insert  into `solar_sale_detail`(`id`,`solar_sale_id`,`solar_id`,`unit_id`,`store_id`,`quantity`,`base_quantity`,`price_before_commission`,`commission_price`,`price`,`first_amount`,`commission`,`gap_agency_amount`,`gap_customer_amount`,`amount`,`vendor_id`) values (2,2,46,16,11,2,2,2950000,0,2950000,5900000,0,0,0,5900000,38),(3,3,11,8,11,1,1,10729000,0,10729000,10729000,0,0,0,10729000,30),(4,4,9,8,11,1,1,7899000,0,7899000,7899000,0,0,0,7899000,30),(5,4,11,8,11,1,1,10729000,0,10729000,10729000,0,0,0,10729000,30),(6,4,34,8,11,1,1,16899000,0,16899000,16899000,0,0,0,16899000,30),(7,5,11,8,11,3,3,10729000,0,10729000,32187000,0,0,0,32187000,30),(8,6,9,8,11,1,1,7825000,0,7825000,7825000,0,0,0,7825000,30),(9,7,11,8,11,2,2,11500000,0,11500000,23000000,0,0,0,23000000,30),(10,8,11,8,11,1,1,10729000,0,10729000,10729000,0,0,0,10729000,30),(11,8,34,8,11,1,1,16899000,0,16899000,16899000,0,0,0,16899000,30),(12,9,36,18,11,200,200,12500,0,12500,2500000,0,0,0,2500000,34),(13,9,37,18,11,200,200,12500,0,12500,2500000,0,0,0,2500000,34),(14,10,9,8,11,1,1,7899000,0,7899000,7899000,0,0,0,7899000,30),(15,10,42,8,11,1,1,1739000,0,1739000,1739000,0,0,0,1739000,36),(16,11,34,8,11,4,4,16899000,0,16899000,67596000,0,0,0,67596000,30),(17,12,57,16,11,108,108,2992000,0,2992000,323136000,0,0,0,323136000,31),(18,13,9,8,11,3,3,7899000,0,7899000,23697000,0,0,0,23697000,30),(19,14,57,16,11,27,27,3036000,0,3036000,81972000,0,0,0,81972000,31),(20,14,34,8,11,1,1,16899000,0,16899000,16899000,0,0,0,16899000,30),(21,14,36,18,11,100,100,12500,0,12500,1250000,0,0,0,1250000,34),(22,14,37,18,11,100,100,12500,0,12500,1250000,0,0,0,1250000,34),(23,14,17,7,11,14,14,285600,0,285600,3998400,0,0,0,3998400,37),(24,14,18,7,11,20,20,10500,0,10500,210000,0,0,0,210000,37),(25,14,19,7,11,60,60,12500,0,12500,750000,0,0,0,750000,37),(26,14,21,7,11,60,60,25000,0,25000,1500000,0,0,0,1500000,37),(27,14,20,7,11,8,8,20000,0,20000,160000,0,0,0,160000,37),(28,14,7,7,11,10,10,8000,0,8000,80000,0,0,0,80000,35),(29,14,6,7,11,10,10,8000,0,8000,80000,0,0,0,80000,35),(30,15,36,18,11,3000,3000,10000,0,10000,30000000,0,0,0,30000000,34),(31,15,37,18,11,3000,3000,10000,0,10000,30000000,0,0,0,30000000,34),(32,15,47,19,11,500,500,14000,0,14000,7000000,0,0,0,7000000,34),(33,16,34,8,11,1,1,16899000,0,16899000,16899000,0,0,0,16899000,30),(36,18,9,8,11,2,2,7899000,0,7899000,15798000,0,0,0,15798000,30),(37,18,29,8,11,2,2,12349000,0,12349000,24698000,0,0,0,24698000,30),(38,19,36,18,11,68,68,12500,0,12500,850000,0,0,0,850000,34),(39,19,37,18,11,68,68,12500,0,12500,850000,0,0,0,850000,34),(40,19,47,19,11,4,4,16000,0,16000,64000,0,0,0,64000,34),(41,19,3,7,11,20,20,12500,0,12500,250000,0,0,0,250000,35),(42,19,4,7,11,20,20,11500,0,11500,230000,0,0,0,230000,35),(43,20,22,8,11,1,1,21467000,0,21467000,21467000,0,0,0,21467000,30),(44,21,58,8,11,1,1,40580000,0,40580000,40580000,0,0,0,40580000,42),(45,22,22,8,11,1,1,21467000,0,21467000,21467000,0,0,0,21467000,30),(46,22,34,8,11,1,1,16899000,0,16899000,16899000,0,0,0,16899000,30),(47,23,34,8,11,1,1,16899000,0,16899000,16899000,0,0,0,16899000,30),(48,24,15,16,11,4,4,0,0,0,0,0,0,0,0,31),(50,26,31,8,11,1,1,36105000,0,36105000,36105000,0,0,0,36105000,30),(51,27,23,8,11,1,1,23989000,0,23989000,23989000,0,0,0,23989000,30),(52,27,29,8,11,1,1,12349000,0,12349000,12349000,0,0,0,12349000,30),(53,28,34,8,11,2,2,16899000,0,16899000,33798000,0,0,0,33798000,30),(54,29,28,8,11,1,1,9909000,0,9909000,9909000,0,0,0,9909000,30),(55,30,29,8,11,2,2,12349000,0,12349000,24698000,0,0,0,24698000,30),(56,31,23,8,11,1,1,24500000,0,24500000,24500000,0,0,0,24500000,30),(57,32,32,8,11,1,1,42619000,0,42619000,42619000,0,0,0,42619000,30),(58,33,7,7,11,100,100,8000,0,8000,800000,0,0,0,800000,35),(59,33,6,7,11,100,100,8000,0,8000,800000,0,0,0,800000,35),(60,34,57,16,11,16,16,3080000,0,3080000,49280000,0,0,0,49280000,31),(61,34,7,7,11,4,4,8000,0,8000,32000,0,0,0,32000,35),(62,34,6,7,11,4,4,8000,0,8000,32000,0,0,0,32000,35),(63,35,9,8,11,3,3,7899000,0,7899000,23697000,0,0,0,23697000,30),(64,36,26,8,11,1,1,75500000,0,75500000,75500000,0,0,0,75500000,37),(65,37,57,16,11,30,30,2992000,0,2992000,89760000,0,0,0,89760000,31),(66,37,17,7,11,16,16,285600,0,285600,4569600,0,0,0,4569600,37),(67,37,18,7,11,30,30,10500,0,10500,315000,0,0,0,315000,37),(68,37,19,7,11,50,50,11500,0,11500,575000,0,0,0,575000,37),(69,37,21,7,11,70,70,25000,0,25000,1750000,0,0,0,1750000,37),(70,37,7,7,11,20,20,8000,0,8000,160000,0,0,0,160000,35),(71,37,6,7,11,20,20,8000,0,8000,160000,0,0,0,160000,35),(72,38,29,8,11,1,1,12349000,0,12349000,12349000,0,0,0,12349000,30),(73,39,20,7,11,20,20,20000,0,20000,400000,0,0,0,400000,37),(74,40,29,8,11,3,3,12349000,0,12349000,37047000,0,0,0,37047000,30),(75,41,18,7,11,20,20,10500,0,10500,210000,0,0,0,210000,37),(76,42,24,8,11,1,1,32917000,0,32917000,32917000,0,0,0,32917000,30),(77,43,57,16,11,4,4,2992000,0,2992000,11968000,0,0,0,11968000,31),(78,43,9,8,11,3,3,2877000,0,2877000,8631000,0,0,0,8631000,30),(79,44,29,8,11,1,1,12349000,0,12349000,12349000,0,0,0,12349000,30),(80,45,17,7,11,9,9,294000,0,294000,2646000,0,0,0,2646000,37),(81,45,18,7,11,8,8,11500,0,11500,92000,0,0,0,92000,37),(82,45,19,7,11,8,8,12500,0,12500,100000,0,0,0,100000,37),(83,45,20,7,11,20,20,20000,0,20000,400000,0,0,0,400000,37),(84,45,21,7,11,60,60,25000,0,25000,1500000,0,0,0,1500000,37),(85,46,24,8,11,1,1,33117000,0,33117000,33117000,0,0,0,33117000,30),(86,47,9,8,11,1,1,7899000,0,7899000,7899000,0,0,0,7899000,30),(87,48,28,8,11,2,2,2010000,0,2010000,4020000,0,0,0,4020000,30),(88,49,29,8,11,1,1,12595980,0,12595980,12595980,0,0,0,12595980,30);

/*Table structure for table `solar_sale_promotion` */

DROP TABLE IF EXISTS `solar_sale_promotion`;

CREATE TABLE `solar_sale_promotion` (
  `id` int(11) NOT NULL AUTO_INCREMENT,
  `sale_solar_id` int(11) DEFAULT NULL,
  `solar_id` int(11) DEFAULT NULL,
  `unit_id` int(11) DEFAULT NULL,
  `store_id` int(11) DEFAULT NULL,
  `quantity` int(3) DEFAULT NULL,
  `base_quantity` int(3) DEFAULT NULL,
  PRIMARY KEY (`id`)
) ENGINE=InnoDB DEFAULT CHARSET=utf8 COLLATE=utf8_unicode_ci;

/*Data for the table `solar_sale_promotion` */

/*Table structure for table `solar_sale_return` */

DROP TABLE IF EXISTS `solar_sale_return`;

CREATE TABLE `solar_sale_return` (
  `id` int(11) NOT NULL AUTO_INCREMENT,
  `code` varchar(20) COLLATE utf8_unicode_ci DEFAULT NULL,
  `created_date` date DEFAULT NULL,
  `solar_sale_id` int(11) DEFAULT NULL,
  `customer_id` int(11) DEFAULT NULL,
  `commission` float DEFAULT NULL,
  `commission_kind` int(11) DEFAULT NULL,
  `commission_amount` double DEFAULT NULL,
  `gap_agency_amount` double DEFAULT NULL,
  `gap_customer_amount` double DEFAULT NULL,
  `total_before_commission` double DEFAULT NULL,
  `total` double DEFAULT NULL,
  `total_pay` double DEFAULT NULL,
  `paid` double DEFAULT NULL,
  `debt` double DEFAULT NULL,
  `account_id` int(11) DEFAULT NULL,
  `note` text COLLATE utf8_unicode_ci,
  `created_employee_id` int(11) DEFAULT NULL,
  PRIMARY KEY (`id`)
) ENGINE=InnoDB DEFAULT CHARSET=utf8 COLLATE=utf8_unicode_ci;

/*Data for the table `solar_sale_return` */

/*Table structure for table `solar_sale_return_detail` */

DROP TABLE IF EXISTS `solar_sale_return_detail`;

CREATE TABLE `solar_sale_return_detail` (
  `id` int(11) NOT NULL AUTO_INCREMENT,
  `solar_sale_return_id` int(11) DEFAULT NULL,
  `solar_sale_detail_id` int(11) DEFAULT NULL,
  `solar_id` int(11) DEFAULT NULL,
  `unit_id` int(11) DEFAULT NULL,
  `store_id` int(11) DEFAULT NULL,
  `quantity` int(3) DEFAULT NULL,
  `base_quantity` int(3) DEFAULT NULL,
  `price_before_commission` double DEFAULT NULL,
  `commission_price` float DEFAULT NULL,
  `price` double DEFAULT NULL,
  `first_amount` double DEFAULT NULL,
  `commission` float DEFAULT NULL,
  `gap_agency_amount` double DEFAULT NULL,
  `gap_customer_amount` double DEFAULT NULL,
  `amount` double DEFAULT NULL,
  PRIMARY KEY (`id`)
) ENGINE=InnoDB DEFAULT CHARSET=utf8 COLLATE=utf8_unicode_ci;

/*Data for the table `solar_sale_return_detail` */

/*Table structure for table `store` */

DROP TABLE IF EXISTS `store`;

CREATE TABLE `store` (
  `id` int(11) NOT NULL AUTO_INCREMENT,
  `code` varchar(20) COLLATE utf8_unicode_ci DEFAULT NULL,
  `name` varchar(255) COLLATE utf8_unicode_ci DEFAULT NULL,
  `organization_id` int(11) DEFAULT NULL,
  `status` int(1) DEFAULT '1' COMMENT '0:bi khoa,1:dang hoat dong',
  `is_petro` int(1) DEFAULT '0',
  `is_good` int(1) DEFAULT '0',
  `is_oil` int(1) DEFAULT '0',
  `is_solar` int(1) DEFAULT '0',
  PRIMARY KEY (`id`)
) ENGINE=MyISAM AUTO_INCREMENT=13 DEFAULT CHARSET=utf8 COLLATE=utf8_unicode_ci;

/*Data for the table `store` */

insert  into `store`(`id`,`code`,`name`,`organization_id`,`status`,`is_petro`,`is_good`,`is_oil`,`is_solar`) values (6,'QTK2','Kho 2 (Kho Thái Bảo)',1,1,1,0,1,0),(4,'QTK1','Kho 1(Quang Trung)',1,1,1,0,1,0),(7,'KTG','Kho trạm gas',1,1,0,1,0,0),(8,'KDQT','Kho dầu Quang Trung',1,1,0,0,1,0),(9,'KDHT','Kho dầu Hưng Thịnh',1,1,0,0,1,0),(10,'KDT','Kho dầu trả hàng',1,1,0,0,1,0),(11,'KNLMT','Kho năng lượng mặt trời Quang Trung',1,1,0,0,0,1),(12,'KNLMTT','Kho năng lượng mặt trời Quang Trung hàng trả',1,1,0,0,0,1);

/*Table structure for table `temp_gas_commission` */

DROP TABLE IF EXISTS `temp_gas_commission`;

CREATE TABLE `temp_gas_commission` (
  `session_id` varchar(255) COLLATE utf8_unicode_ci DEFAULT NULL,
  `id` int(11) DEFAULT NULL,
  `created_date` date DEFAULT NULL,
  `quantity_12` int(11) DEFAULT NULL,
  `quantity_45` int(11) DEFAULT NULL,
  `quantity_lovo` int(11) DEFAULT NULL,
  `accessory_kind_id` int(11) DEFAULT NULL,
  `quantity_accessory` int(11) DEFAULT NULL,
  `commission_accessory` double DEFAULT NULL,
  `employee_ids` text COLLATE utf8_unicode_ci,
  `employee_count` int(11) DEFAULT NULL,
  `vehicle_plate` varchar(255) COLLATE utf8_unicode_ci DEFAULT NULL,
  `kind` varchar(10) COLLATE utf8_unicode_ci DEFAULT NULL,
  `employee_oil_commission_id` int(11) DEFAULT NULL,
  `quantity_employee_oil_commission` int(11) DEFAULT NULL,
  `commission_employee_oil_commission` double DEFAULT NULL
) ENGINE=InnoDB DEFAULT CHARSET=utf8 COLLATE=utf8_unicode_ci;

/*Data for the table `temp_gas_commission` */

/*Table structure for table `temp_oil_stock` */

DROP TABLE IF EXISTS `temp_oil_stock`;

CREATE TABLE `temp_oil_stock` (
  `session_id` varchar(255) COLLATE utf8_unicode_ci DEFAULT NULL,
  `created_date` date DEFAULT NULL,
  `oil_id` int(11) DEFAULT NULL,
  `opening_stock` int(11) DEFAULT NULL,
  `import_quantity` int(11) DEFAULT NULL,
  `export_quantity` int(11) DEFAULT NULL
) ENGINE=InnoDB DEFAULT CHARSET=utf8 COLLATE=utf8_unicode_ci;

/*Data for the table `temp_oil_stock` */

/*Table structure for table `temp_petro_stock` */

DROP TABLE IF EXISTS `temp_petro_stock`;

CREATE TABLE `temp_petro_stock` (
  `session_id` varchar(255) COLLATE utf8_unicode_ci DEFAULT NULL,
  `created_date` date DEFAULT NULL,
  `petro_id` int(11) DEFAULT NULL,
  `opening_stock` int(11) DEFAULT NULL,
  `import_quantity` int(11) DEFAULT NULL,
  `export_quantity` int(11) DEFAULT NULL
) ENGINE=InnoDB DEFAULT CHARSET=utf8 COLLATE=utf8_unicode_ci;

/*Data for the table `temp_petro_stock` */

insert  into `temp_petro_stock`(`session_id`,`created_date`,`petro_id`,`opening_stock`,`import_quantity`,`export_quantity`) values ('a','2020-04-01',6,18600,0,1902),('a','2020-04-01',12,19466,0,1829),('a','2020-04-01',13,39,0,1),('a','2020-04-01',14,20,0,0),('a','2020-04-01',15,17,0,0),('a','2020-04-01',16,202,0,0),('a','2020-04-01',17,19,0,0),('a','2020-04-01',18,516,0,7),('a','2020-04-01',19,8,0,0),('a','2020-04-01',20,1,0,0),('a','2020-04-01',21,7,0,0),('a','2020-04-02',6,0,0,1253),('a','2020-04-02',12,0,0,1215),('a','2020-04-02',13,0,0,1),('a','2020-04-02',18,0,0,1),('a','2020-04-03',6,0,0,2274),('a','2020-04-03',12,0,0,1007),('a','2020-04-03',15,0,0,2),('a','2020-04-04',6,0,0,1232),('a','2020-04-04',12,0,0,1204),('a','2020-04-04',18,0,0,2),('a','2020-04-05',6,0,0,2670),('a','2020-04-05',12,0,0,1039),('a','2020-04-05',14,0,0,1),('a','2020-04-05',15,0,0,1),('a','2020-04-05',18,0,0,4),('a','2020-04-06',6,0,0,1355),('a','2020-04-06',12,0,0,1358),('a','2020-04-06',18,0,0,2),('a','2020-04-07',6,0,550,6589),('a','2020-04-07',12,0,0,1127),('a','2020-04-07',14,0,0,2),('a','2020-04-08',6,0,42000,2082),('a','2020-04-08',12,0,0,1075),('a','2020-04-09',6,0,0,8689),('a','2020-04-09',12,0,600,1743),('a','2020-04-09',14,0,0,2),('a','2020-04-09',16,0,0,18),('a','2020-04-09',18,0,0,7),('a','2020-04-10',6,0,0,6736),('a','2020-04-10',12,0,0,1297),('a','2020-04-10',18,0,0,4),('a','2020-04-10',19,0,15,1),('a','2020-04-10',20,0,20,0),('a','2020-04-11',6,0,0,1686),('a','2020-04-11',12,0,0,1209),('a','2020-04-11',18,0,0,2),('a','2020-04-12',6,0,0,1331),('a','2020-04-12',12,0,0,1337),('a','2020-04-12',18,0,0,1),('a','2020-04-13',6,0,0,1833),('a','2020-04-13',12,0,0,1210),('a','2020-04-13',14,0,50,0),('a','2020-04-13',21,0,0,1),('a','2020-04-14',6,0,0,1796),('a','2020-04-14',12,0,18030,1271),('a','2020-04-14',18,0,0,8),('a','2020-04-15',6,0,0,1774),('a','2020-04-15',12,0,0,1300),('a','2020-04-15',14,0,0,1),('a','2020-04-15',18,0,0,1),('a','2020-04-16',6,0,0,2412),('a','2020-04-16',12,0,0,1238),('a','2020-04-16',13,0,0,2),('a','2020-04-16',18,0,0,2),('a','2020-04-17',6,0,6000,2775),('a','2020-04-17',12,0,0,1294),('a','2020-04-17',13,0,0,1),('a','2020-04-18',6,0,0,2312),('a','2020-04-18',12,0,0,1556),('a','2020-04-18',18,0,0,14),('a','2020-04-19',6,0,0,3191),('a','2020-04-19',12,0,0,1222),('a','2020-04-19',14,0,0,1),('a','2020-04-19',18,0,0,3),('a','2020-04-20',6,0,18000,4072),('a','2020-04-20',12,0,2000,1617),('a','2020-04-20',14,0,0,2),('a','2020-04-20',18,0,0,1),('a','2020-04-21',6,0,0,2561),('a','2020-04-21',12,0,0,1444),('a','2020-04-21',13,0,0,1),('a','2020-04-21',18,0,0,3),('a','2020-04-22',6,0,59,1980),('a','2020-04-22',12,0,47,1289),('a','2020-04-22',18,0,0,4),('a','2020-04-22',21,0,0,1),('a','2020-04-23',6,0,0,1944),('a','2020-04-23',12,0,0,1397),('a','2020-04-23',13,0,0,1),('a','2020-04-24',6,0,0,1603),('a','2020-04-24',12,0,0,1344),('a','2020-04-24',16,0,0,4),('a','2020-04-24',18,0,0,3),('a','2020-04-24',21,0,0,1),('a','2020-04-25',6,0,0,1728),('a','2020-04-25',12,0,0,1329),('a','2020-04-25',18,0,0,6),('a','2020-04-26',6,0,0,1189),('a','2020-04-26',12,0,0,1660),('a','2020-04-26',18,0,0,4),('a','2020-04-27',6,0,0,5167),('a','2020-04-27',12,0,0,1564),('a','2020-04-27',15,0,0,1),('a','2020-04-27',18,0,0,1),('a','2020-04-27',19,0,0,1),('a','2020-04-27',20,0,0,1),('a','2020-04-28',6,0,0,2315),('a','2020-04-28',12,0,0,1457),('a','2020-04-28',18,0,0,1),('55_1588078799568','2020-04-01',6,18600,0,1902),('55_1588078799568','2020-04-01',12,19466,0,1829),('55_1588078799568','2020-04-01',13,39,0,1),('55_1588078799568','2020-04-01',14,20,0,0),('55_1588078799568','2020-04-01',15,17,0,0),('55_1588078799568','2020-04-01',16,202,0,0),('55_1588078799568','2020-04-01',17,19,0,0),('55_1588078799568','2020-04-01',18,516,0,7),('55_1588078799568','2020-04-01',19,8,0,0),('55_1588078799568','2020-04-01',20,1,0,0),('55_1588078799568','2020-04-01',21,7,0,0),('55_1588078799568','2020-04-02',6,0,0,1253),('55_1588078799568','2020-04-02',12,0,0,1215),('55_1588078799568','2020-04-02',13,0,0,1),('55_1588078799568','2020-04-02',18,0,0,1),('55_1588078799568','2020-04-03',6,0,0,2274),('55_1588078799568','2020-04-03',12,0,0,1007),('55_1588078799568','2020-04-03',15,0,0,2),('55_1588078799568','2020-04-04',6,0,0,1232),('55_1588078799568','2020-04-04',12,0,0,1204),('55_1588078799568','2020-04-04',18,0,0,2),('55_1588078799568','2020-04-05',6,0,0,2670),('55_1588078799568','2020-04-05',12,0,0,1039),('55_1588078799568','2020-04-05',14,0,0,1),('55_1588078799568','2020-04-05',15,0,0,1),('55_1588078799568','2020-04-05',18,0,0,4),('55_1588078799568','2020-04-06',6,0,0,1355),('55_1588078799568','2020-04-06',12,0,0,1358),('55_1588078799568','2020-04-06',18,0,0,2),('55_1588078799568','2020-04-07',6,0,550,6589),('55_1588078799568','2020-04-07',12,0,0,1127),('55_1588078799568','2020-04-07',14,0,0,2),('55_1588078799568','2020-04-08',6,0,42000,2082),('55_1588078799568','2020-04-08',12,0,0,1075),('55_1588078799568','2020-04-09',6,0,0,8689),('55_1588078799568','2020-04-09',12,0,600,1743),('55_1588078799568','2020-04-09',14,0,0,2),('55_1588078799568','2020-04-09',16,0,0,18),('55_1588078799568','2020-04-09',18,0,0,7),('55_1588078799568','2020-04-10',6,0,0,6736),('55_1588078799568','2020-04-10',12,0,0,1297),('55_1588078799568','2020-04-10',18,0,0,4),('55_1588078799568','2020-04-10',19,0,15,1),('55_1588078799568','2020-04-10',20,0,20,0),('55_1588078799568','2020-04-11',6,0,0,1686),('55_1588078799568','2020-04-11',12,0,0,1209),('55_1588078799568','2020-04-11',18,0,0,2),('55_1588078799568','2020-04-12',6,0,0,1331),('55_1588078799568','2020-04-12',12,0,0,1337),('55_1588078799568','2020-04-12',18,0,0,1),('55_1588078799568','2020-04-13',6,0,0,1833),('55_1588078799568','2020-04-13',12,0,0,1210),('55_1588078799568','2020-04-13',14,0,50,0),('55_1588078799568','2020-04-13',21,0,0,1),('55_1588078799568','2020-04-14',6,0,0,1796),('55_1588078799568','2020-04-14',12,0,18030,1271),('55_1588078799568','2020-04-14',18,0,0,8),('55_1588078799568','2020-04-15',6,0,0,1774),('55_1588078799568','2020-04-15',12,0,0,1300),('55_1588078799568','2020-04-15',14,0,0,1),('55_1588078799568','2020-04-15',18,0,0,1),('55_1588078799568','2020-04-16',6,0,0,2412),('55_1588078799568','2020-04-16',12,0,0,1238),('55_1588078799568','2020-04-16',13,0,0,2),('55_1588078799568','2020-04-16',18,0,0,2),('55_1588078799568','2020-04-17',6,0,6000,2775),('55_1588078799568','2020-04-17',12,0,0,1294),('55_1588078799568','2020-04-17',13,0,0,1),('55_1588078799568','2020-04-18',6,0,0,2312),('55_1588078799568','2020-04-18',12,0,0,1556),('55_1588078799568','2020-04-18',18,0,0,14),('55_1588078799568','2020-04-19',6,0,0,3191),('55_1588078799568','2020-04-19',12,0,0,1222),('55_1588078799568','2020-04-19',14,0,0,1),('55_1588078799568','2020-04-19',18,0,0,3),('55_1588078799568','2020-04-20',6,0,18000,4072),('55_1588078799568','2020-04-20',12,0,2000,1617),('55_1588078799568','2020-04-20',14,0,0,2),('55_1588078799568','2020-04-20',18,0,0,1),('55_1588078799568','2020-04-21',6,0,0,2561),('55_1588078799568','2020-04-21',12,0,0,1444),('55_1588078799568','2020-04-21',13,0,0,1),('55_1588078799568','2020-04-21',18,0,0,3),('55_1588078799568','2020-04-22',6,0,59,1980),('55_1588078799568','2020-04-22',12,0,47,1289),('55_1588078799568','2020-04-22',18,0,0,4),('55_1588078799568','2020-04-22',21,0,0,1),('55_1588078799568','2020-04-23',6,0,0,1944),('55_1588078799568','2020-04-23',12,0,0,1397),('55_1588078799568','2020-04-23',13,0,0,1),('55_1588078799568','2020-04-24',6,0,0,1603),('55_1588078799568','2020-04-24',12,0,0,1344),('55_1588078799568','2020-04-24',16,0,0,4),('55_1588078799568','2020-04-24',18,0,0,3),('55_1588078799568','2020-04-24',21,0,0,1),('55_1588078799568','2020-04-25',6,0,0,1728),('55_1588078799568','2020-04-25',12,0,0,1329),('55_1588078799568','2020-04-25',18,0,0,6),('55_1588078799568','2020-04-26',6,0,0,1189),('55_1588078799568','2020-04-26',12,0,0,1660),('55_1588078799568','2020-04-26',18,0,0,4),('55_1588078799568','2020-04-27',6,0,0,5167),('55_1588078799568','2020-04-27',12,0,0,1564),('55_1588078799568','2020-04-27',15,0,0,1),('55_1588078799568','2020-04-27',18,0,0,1),('55_1588078799568','2020-04-27',19,0,0,1),('55_1588078799568','2020-04-27',20,0,0,1),('55_1588078799568','2020-04-28',6,0,0,2315),('55_1588078799568','2020-04-28',12,0,0,1457),('55_1588078799568','2020-04-28',18,0,0,1);

/*Table structure for table `temp_solar_stock` */

DROP TABLE IF EXISTS `temp_solar_stock`;

CREATE TABLE `temp_solar_stock` (
  `session_id` varchar(255) COLLATE utf8_unicode_ci DEFAULT NULL,
  `created_date` date DEFAULT NULL,
  `solar_id` int(11) DEFAULT NULL,
  `opening_stock` int(11) DEFAULT NULL,
  `import_quantity` int(11) DEFAULT NULL,
  `export_quantity` int(11) DEFAULT NULL
) ENGINE=InnoDB DEFAULT CHARSET=utf8 COLLATE=utf8_unicode_ci;

/*Data for the table `temp_solar_stock` */

/*Table structure for table `timesheet` */

DROP TABLE IF EXISTS `timesheet`;

CREATE TABLE `timesheet` (
  `id` int(11) NOT NULL AUTO_INCREMENT,
  `code` varchar(255) COLLATE utf8_unicode_ci DEFAULT NULL,
  `employee_id` int(11) DEFAULT NULL,
  `timesheet_date` date DEFAULT NULL,
  `field_id` int(11) DEFAULT NULL,
  `field_name` varchar(255) COLLATE utf8_unicode_ci DEFAULT NULL,
  `quantity` int(2) DEFAULT NULL,
  `note` text COLLATE utf8_unicode_ci,
  `created_employee_id` int(11) DEFAULT NULL,
  PRIMARY KEY (`id`)
) ENGINE=MyISAM AUTO_INCREMENT=7 DEFAULT CHARSET=utf8 COLLATE=utf8_unicode_ci;

/*Data for the table `timesheet` */

/*Table structure for table `transport_service` */

DROP TABLE IF EXISTS `transport_service`;

CREATE TABLE `transport_service` (
  `id` int(11) NOT NULL AUTO_INCREMENT,
  `code` varchar(255) COLLATE utf8_unicode_ci DEFAULT NULL,
  `created_date` date DEFAULT NULL,
  `vendor_id` int(11) DEFAULT NULL,
  `customer_id` int(11) DEFAULT NULL,
  `transporter_id` int(11) DEFAULT NULL,
  `charge_for_vendor` int(1) DEFAULT '1',
  `charge_for_customer` int(1) DEFAULT '0',
  `in_quantity` double DEFAULT NULL,
  `out_quantity` double DEFAULT NULL,
  `price` double DEFAULT NULL,
  `price_diff` double DEFAULT NULL,
  `rate` double DEFAULT NULL,
  `rate_diff` double DEFAULT NULL,
  `amount` double DEFAULT NULL,
  `paid` double DEFAULT NULL,
  `debt` double DEFAULT NULL,
  `account_id` int(11) DEFAULT NULL,
  `note` text COLLATE utf8_unicode_ci,
  `created_employee_id` int(11) DEFAULT NULL,
  `money_organization_id` int(11) DEFAULT NULL,
  `money_amount` double DEFAULT NULL,
  `vendor_vendor_id` int(11) DEFAULT NULL,
  `vendor_amount` double DEFAULT NULL,
  `customer_customer_id` int(11) DEFAULT NULL,
  `customer_amount` double DEFAULT NULL,
  PRIMARY KEY (`id`)
) ENGINE=InnoDB AUTO_INCREMENT=7 DEFAULT CHARSET=utf8 COLLATE=utf8_unicode_ci;

/*Data for the table `transport_service` */

insert  into `transport_service`(`id`,`code`,`created_date`,`vendor_id`,`customer_id`,`transporter_id`,`charge_for_vendor`,`charge_for_customer`,`in_quantity`,`out_quantity`,`price`,`price_diff`,`rate`,`rate_diff`,`amount`,`paid`,`debt`,`account_id`,`note`,`created_employee_id`,`money_organization_id`,`money_amount`,`vendor_vendor_id`,`vendor_amount`,`customer_customer_id`,`customer_amount`) values (1,'20200404-TS-0001','2020-04-01',15,307,22,1,0,10140,10160,14,376.53,23650,23650,3535453,0,3535453,5,'',35,1,0,15,3535453,0,0),(2,'20200404-TS-0002','2020-04-01',15,124,22,1,0,11020,11020,14,376.53,23650,0,3648722,0,3648722,5,'',35,1,0,15,3648722,0,0),(3,'20200404-TS-0003','2020-04-03',15,124,22,1,0,11990,12020,11,376.53,23650,23650,3386347,0,3386347,5,'',35,1,0,15,3386347,0,0),(4,'20200406-TS-0001','2020-04-04',15,404,22,1,0,11010,10880,10,376.53,23530,23530,1438885,0,1438885,5,'',35,1,0,15,1438885,0,0),(5,'20200408-TS-0001','2020-04-07',15,219,22,1,0,12070,12100,13,376.53,23650,23650,3978070,0,3978070,5,'',35,1,0,15,3978070,0,0),(6,'20200424-TS-0001','2020-04-23',15,124,22,1,0,11030,10680,11,376.53,23570,23570,-246436,0,-246436,5,'',35,1,0,15,-246436,0,0);

/*Table structure for table `trip_fee` */

DROP TABLE IF EXISTS `trip_fee`;

CREATE TABLE `trip_fee` (
  `id` int(11) NOT NULL AUTO_INCREMENT,
  `code` varchar(255) COLLATE utf8_unicode_ci DEFAULT NULL,
  `employee_id` int(11) DEFAULT NULL,
  `vehicle_id` int(11) DEFAULT NULL,
  `created_date` date DEFAULT NULL,
  `fee` text COLLATE utf8_unicode_ci,
  `quantity` int(11) DEFAULT NULL,
  `price` double DEFAULT NULL,
  `amount` double DEFAULT NULL,
  `note` text COLLATE utf8_unicode_ci,
  `created_employee_id` int(11) DEFAULT NULL,
  PRIMARY KEY (`id`)
) ENGINE=MyISAM AUTO_INCREMENT=2 DEFAULT CHARSET=utf8 COLLATE=utf8_unicode_ci;

/*Data for the table `trip_fee` */

/*Table structure for table `trip_oil` */

DROP TABLE IF EXISTS `trip_oil`;

CREATE TABLE `trip_oil` (
  `id` int(11) NOT NULL AUTO_INCREMENT,
  `code` varchar(255) COLLATE utf8_unicode_ci DEFAULT NULL,
  `employee_id` int(11) DEFAULT NULL,
  `vehicle_id` int(11) DEFAULT NULL,
  `created_date` date DEFAULT NULL,
  `quantity` int(11) DEFAULT NULL,
  `price` double DEFAULT NULL,
  `amount` double DEFAULT NULL,
  `note` text COLLATE utf8_unicode_ci,
  `created_employee_id` int(11) DEFAULT NULL,
  PRIMARY KEY (`id`)
) ENGINE=InnoDB DEFAULT CHARSET=utf8 COLLATE=utf8_unicode_ci;

/*Data for the table `trip_oil` */

/*Table structure for table `unit` */

DROP TABLE IF EXISTS `unit`;

CREATE TABLE `unit` (
  `id` int(11) NOT NULL AUTO_INCREMENT,
  `name` varchar(255) COLLATE utf8_unicode_ci DEFAULT NULL,
  `status` int(1) DEFAULT '1' COMMENT '0:bi khoa, 1:dang su dung',
  PRIMARY KEY (`id`)
) ENGINE=MyISAM AUTO_INCREMENT=21 DEFAULT CHARSET=utf8 COLLATE=utf8_unicode_ci;

/*Data for the table `unit` */

insert  into `unit`(`id`,`name`,`status`) values (6,'Thùng 6',1),(5,'Lít',1),(4,'Bình',1),(7,'Cái',1),(8,'Bộ',1),(9,'Kg',1),(10,'Thùng 12',1),(11,'Thùng 24',1),(12,'Xô',1),(13,'Bịch',1),(14,'Phuy',1),(15,'Can',1),(16,'Tấm',1),(17,'Chuyến',1),(18,'Mét',1),(19,'Cặp',1),(20,'Cây',1);

/*Table structure for table `unit_rate` */

DROP TABLE IF EXISTS `unit_rate`;

CREATE TABLE `unit_rate` (
  `id` int(11) NOT NULL AUTO_INCREMENT,
  `base_unit_id` int(11) DEFAULT NULL,
  `parent_unit_id` int(11) DEFAULT NULL,
  `rate` float DEFAULT NULL,
  PRIMARY KEY (`id`)
) ENGINE=InnoDB AUTO_INCREMENT=2 DEFAULT CHARSET=utf8 COLLATE=utf8_unicode_ci;

/*Data for the table `unit_rate` */

insert  into `unit_rate`(`id`,`base_unit_id`,`parent_unit_id`,`rate`) values (1,4,4,1);

/*Table structure for table `user` */

DROP TABLE IF EXISTS `user`;

CREATE TABLE `user` (
  `id` int(11) NOT NULL AUTO_INCREMENT,
  `employee_id` int(11) DEFAULT NULL,
  `username` varchar(255) COLLATE utf8_unicode_ci DEFAULT NULL,
  `password` varchar(255) COLLATE utf8_unicode_ci DEFAULT NULL,
  `menu` text COLLATE utf8_unicode_ci,
  `status` int(1) DEFAULT '1' COMMENT '0:bi khoa, 1:dang su dung',
  PRIMARY KEY (`id`)
) ENGINE=MyISAM AUTO_INCREMENT=23 DEFAULT CHARSET=utf8 COLLATE=utf8_unicode_ci;

/*Data for the table `user` */

insert  into `user`(`id`,`employee_id`,`username`,`password`,`menu`,`status`) values (1,1,'tu','diCp6WKOVRWZVNbNPauGcg==','<?xml version=\"1.0\"?><menu><item id=\"list\" complex=\"true\" text=\"Khai báo danh mục\"><item id=\"system\" complex=\"true\" text=\"Hệ thống\"><item id=\"users\" complex=\"true\" text=\"Tài khoản hệ thống\"><item id=\"userlist\" text=\"Danh sách tài khoản hệ thống\"/><item id=\"useradd\" text=\"Thêm tài khoản hệ thống\"/></item><item id=\"parameter\" text=\"Thông số hệ thống\"/><item id=\"permissionlist\" text=\"Phân quyền\"/><item id=\"openingstock\" text=\"Số dư đầu kỳ\"/></item><item id=\"organization\" complex=\"true\" text=\"Đơn vị\"><item id=\"organizations\" complex=\"true\" text=\"Đơn vị\"><item id=\"organizationlist\" text=\"Danh sách đơn vị\"/><item id=\"organizationadd\" text=\"Thêm đơn vị\"/></item><item id=\"stores\" complex=\"true\" text=\"Kho\"><item id=\"storelist\" text=\"Danh sách kho\"/><item id=\"storeadd\" text=\"Thêm kho\"/></item><item id=\"employees\" complex=\"true\" text=\"Nhân viên\"><item id=\"employeelist\" text=\"Danh sách nhân viên\"/><item id=\"employeeadd\" text=\"Thêm nhân viên\"/><item id=\"employeefiellist\" text=\"Thông tin động - Nhân viên\"/></item><item id=\"accounts\" complex=\"true\" text=\"Tài khoản ngân hàng\"><item id=\"accountlist\" text=\"Danh sách tài khoản ngân hàng\"/><item id=\"accountadd\" text=\"Thêm tài khoản ngân hàng\"/></item><item id=\"dayoffs\" complex=\"true\" text=\"Ngày nghỉ bù\"><item id=\"dayofflist\" text=\"Danh sách ngày nghỉ bù\"/><item id=\"dayoffadd\" text=\"Thêm ngày nghỉ bù\"/></item><item id=\"otherbonuss\" complex=\"true\" text=\"Khoản thưởng khác\"><item id=\"otherbonuslist\" text=\"Danh sách khoản thưởng khác\"/><item id=\"otherbonusadd\" text=\"Thêm khoản thưởng khác\"/></item><item id=\"paneltys\" complex=\"true\" text=\"Khoản chi khác\"><item id=\"paneltylist\" text=\"Danh sách khoản chi khác\"/><item id=\"paneltyadd\" text=\"Thêm khoản chi khác\"/></item></item><item id=\"good\" complex=\"true\" text=\"Hàng hóa\"><item id=\"units\" complex=\"true\" text=\"Đơn vị tính\"><item id=\"unitlist\" text=\"Danh sách đơn vị tính\"/><item id=\"unitadd\" text=\"Thêm đơn vị tính\"/></item><item id=\"shellkinds\" complex=\"true\" text=\"Loại vỏ bình\"><item id=\"shellkindlist\" text=\"Danh sách loại vỏ bình\"/><item id=\"shellkindadd\" text=\"Thêm loại vỏ bình\"/></item><item id=\"shells\" complex=\"true\" text=\"Vỏ bình\"><item id=\"shelllist\" text=\"Danh sách vỏ bình\"/><item id=\"shelladd\" text=\"Thêm vỏ bình\"/></item><item id=\"accessorykinds\" complex=\"true\" text=\"Loại phụ kiện\"><item id=\"accessorykindlist\" text=\"Danh sách loại phụ kiện\"/><item id=\"accessorykindadd\" text=\"Thêm loại phụ kiện\"/></item><item id=\"accessorys\" complex=\"true\" text=\"Phụ kiện\"><item id=\"accessorylist\" text=\"Danh sách phụ kiện\"/><item id=\"accessoryadd\" text=\"Thêm phụ kiện\"/></item><item id=\"promotionmaterials\" complex=\"true\" text=\"Hàng khuyến mãi\"><item id=\"promotionmateriallist\" text=\"Danh sách hàng khuyến mãi\"/><item id=\"promotionmaterialadd\" text=\"Thêm hàng khuyến mãi\"/></item><item id=\"petros\" complex=\"true\" text=\"Xăng dầu\"><item id=\"petrolist\" text=\"Danh sách hàng xăng dầu\"/><item id=\"petroadd\" text=\"Thêm hàng xăng dầu\"/></item><item id=\"goods\" complex=\"true\" text=\"Hàng hóa\"><item id=\"goodlist\" text=\"Danh sách hàng hóa\"/><item id=\"goodadd\" text=\"Thêm hàng hóa\"/></item></item><item id=\"oil\" complex=\"true\" text=\"Dầu nhớt\"><item id=\"vendoroils\" complex=\"true\" text=\"Nhà cung cấp\"><item id=\"vendoroillist\" text=\"Danh sách nhà cung cấp\"/><item id=\"vendoroiladd\" text=\"Thêm nhà cung cấp\"/></item><item id=\"unitrates\" complex=\"true\" text=\"Qui đổi đơn vị tính\"><item id=\"unitratelist\" text=\"Danh sách qui đổi đơn vị tính\"/><item id=\"unitrateadd\" text=\"Thêm qui đổi đơn vị tính\"/></item><item id=\"agencys\" complex=\"true\" text=\"Đại lý\"><item id=\"agencylist\" text=\"Danh sách đại lý\"/><item id=\"agencyadd\" text=\"Thêm đại lý\"/></item><item id=\"oilgroups\" complex=\"true\" text=\"Nhóm dầu nhớt\"><item id=\"oilgrouplist\" text=\"Danh sách nhóm dầu nhớt\"/><item id=\"oilgroupadd\" text=\"Thêm nhóm dầu nhớt\"/></item><item id=\"oils\" complex=\"true\" text=\"Dầu nhớt\"><item id=\"oillist\" text=\"Danh sách dầu nhớt\"/><item id=\"oiladd\" text=\"Thêm dầu nhớt\"/></item><item id=\"employeeoilcommissions\" complex=\"true\" text=\"Loại chiết khấu bán dầu nhớt\"><item id=\"employeeoilcommissionlist\" text=\"Danh sách loại chiết khấu bán dầu nhớt\"/><item id=\"employeeoilcommissionadd\" text=\"Thêm loại chiết khấu bán dầu nhớt\"/></item><item id=\"saleoilreturnstores\" complex=\"true\" text=\"Kho trả hàng dầu nhớt\"><item id=\"saleoilreturnstoreadd\" text=\"Thêm kho trả hàng dầu nhớt\"/></item></item><item id=\"solar\" complex=\"true\" text=\"Năng lượng mặt trời\"><item id=\"vendorsolars\" complex=\"true\" text=\"Nhà cung cấp\"><item id=\"vendorsolarlist\" text=\"Danh sách nhà cung cấp\"/><item id=\"vendorsolaradd\" text=\"Thêm nhà cung cấp\"/></item><item id=\"solargroups\" complex=\"true\" text=\"Nhóm NLMT\"><item id=\"solargrouplist\" text=\"Danh sách nhóm NLMT\"/><item id=\"solargroupadd\" text=\"Thêm nhóm NLMT\"/></item><item id=\"solars\" complex=\"true\" text=\"NLMT\"><item id=\"solarlist\" text=\"Danh sách NLMT\"/><item id=\"solaradd\" text=\"Thêm NLMT\"/></item><item id=\"employeesolarcommissions\" complex=\"true\" text=\"Loại chiết khấu bán NLMT\"><item id=\"employeesolarcommissionlist\" text=\"Danh sách loại chiết khấu bán NLMT\"/><item id=\"employeesolarcommissionadd\" text=\"Thêm loại chiết khấu bán NLMT\"/></item><item id=\"salesolarreturnstores\" complex=\"true\" text=\"Kho trả hàng NLMT\"><item id=\"salesolarreturnstoreadd\" text=\"Thêm kho trả hàng NLMT\"/></item></item><item id=\"vendor\" complex=\"true\" text=\"Nhà cung cấp\"><item id=\"vendors\" complex=\"true\" text=\"Nhà cung cấp\"><item id=\"vendorlist\" text=\"Danh sách nhà cung cấp\"/><item id=\"vendoradd\" text=\"Thêm nhà cung cấp\"/><item id=\"addgasreturnvendor\" text=\"Nhà cung cấp nhận gas trả\"/><item id=\"vendorfiellist\" text=\"Thông tin động - Nhà cung cấp\"/></item><item id=\"vendororganizations\" complex=\"true\" text=\"Nhà cung cấp liên kết\"><item id=\"vendororganizationlist\" text=\"Danh sách nhà cung cấp liên kết\"/><item id=\"vendororganizationadd\" text=\"Thêm nhà cung cấp liên kết\"/></item><item id=\"vendorcustomers\" complex=\"true\" text=\"Nhà cung cấp - Khách hàng\"><item id=\"vendorcustomerlist\" text=\"Danh sách nhà cung cấp - Khách hàng\"/><item id=\"vendorcustomeradd\" text=\"Thêm nhà cung cấp - Khách hàng\"/></item></item><item id=\"customer\" complex=\"true\" text=\"Khách hàng\"><item id=\"customers\" complex=\"true\" text=\"Khách hàng\"><item id=\"customerlist\" text=\"Danh sách khách hàng\"/><item id=\"customeradd\" text=\"Thêm khách hàng\"/><item id=\"customerfiellist\" text=\"Thông tin động - Khách hàng\"/><item id=\"customerdocumentlist\" text=\"Danh sách văn bản\"/></item><item id=\"discounts\" complex=\"true\" text=\"Chiết khấu - Giảm giá\"><item id=\"discountlist\" text=\"Danh sách Chiết khấu - Giảm giá\"/><item id=\"discountadd\" text=\"Thêm Chiết khấu - Giảm giá\"/></item></item><item id=\"vehicle\" complex=\"true\" text=\"Xe\"><item id=\"vehicles\" complex=\"true\" text=\"Xe\"><item id=\"vehiclelist\" text=\"Danh sách xe\"/><item id=\"vehicleadd\" text=\"Thêm xe\"/></item><item id=\"routes\" complex=\"true\" text=\"Tuyến đường\"><item id=\"routelist\" text=\"Danh sách tuyến đường\"/><item id=\"routeadd\" text=\"Thêm tuyến đường\"/></item></item><item id=\"fixedassetgroup\" complex=\"true\" text=\"Tài sản cố định\"><item id=\"fixedassetgroups\" complex=\"true\" text=\"Nhóm tài sản cố định\"><item id=\"fixedassetgrouplist\" text=\"Danh sách nhóm tài sản cố định\"/><item id=\"fixedassetgroupadd\" text=\"Thêm nhóm tài sản cố định\"/></item><item id=\"fixedassets\" complex=\"true\" text=\"Tài sản cố định\"><item id=\"fixedassetlist\" text=\"Danh sách tài sản cố định\"/><item id=\"fixedassetadd\" text=\"Thêm tài sản cố định\"/></item></item></item><item id=\"employeefunction\" complex=\"true\" text=\"Nghiệp vụ Nhân viên\"><item id=\"employeeadvances\" complex=\"true\" text=\"Nhân viên tạm ứng\"><item id=\"employeeadvancelist\" text=\"Danh sách tạm ứng\"/><item id=\"employeeadvanceadd\" text=\"Thêm tạm ứng\"/></item><item id=\"borrows\" complex=\"true\" text=\"Mượn lương\"><item id=\"borrowlist\" text=\"Danh sách phiếu mượn lương\"/><item id=\"borrowadd\" text=\"Thêm phiếu mượn lương\"/></item><item id=\"employeetimesheets\" complex=\"true\" text=\"Chấm công nhân viên\"><item id=\"employeetimesheetlist\" text=\"Danh sách chấm công\"/><item id=\"employeetimesheetadd\" text=\"Thêm chấm công\"/></item><item id=\"employeeoffs\" complex=\"true\" text=\"Nghỉ phép\"><item id=\"employeeofflist\" text=\"Danh sách nghỉ phép\"/><item id=\"employeeoffadd\" text=\"Thêm nghỉ phép\"/></item><item id=\"employeeoffincreases\" complex=\"true\" text=\"Bù nghỉ phép\"><item id=\"employeeoffincreaselist\" text=\"Danh sách bù nghỉ phép\"/><item id=\"employeeoffincreaseadd\" text=\"Thêm bù nghỉ phép\"/></item><item id=\"employeeoffmoneys\" complex=\"true\" text=\"Thanh toán ngày phép\"><item id=\"employeeoffmoneylist\" text=\"Danh sách thanh toán ngày phép\"/><item id=\"employeeoffmoneyadd\" text=\"Thêm thanh toán ngày phép\"/></item><item id=\"employeeotherbonuss\" complex=\"true\" text=\"Khoản thưởng khác\"><item id=\"employeeotherbonuslist\" text=\"Danh sách khoản thưởng khác\"/><item id=\"employeeotherbonusadd\" text=\"Thêm khoản thưởng khác\"/></item><item id=\"employeepaneltys\" complex=\"true\" text=\"Khoản chi khác\"><item id=\"employeepaneltylist\" text=\"Danh sách khoản chi khác\"/><item id=\"employeepaneltyadd\" text=\"Thêm khoản chi khác\"/></item><item id=\"salarys\" complex=\"true\" text=\"Bảng lương\"><item id=\"salarylist\" text=\"Danh sách bảng lương\"/><item id=\"salarysalaryfiels\" complex=\"true\" text=\"Thông tin động\"><item id=\"salaryfiellist\" text=\"Phụ cấp\"/><item id=\"timesheetfiellist\" text=\"Chấm công\"/></item><item id=\"dynamicfielvalues\" complex=\"true\" text=\"Giá trị thông tin động\"><item id=\"employeesalarylist\" text=\"Danh sách phụ cấp\"/><item id=\"organizationtimesheetlist\" text=\"Danh sách chi phí chấm công\"/></item></item></item><item id=\"vehiclefunction\" complex=\"true\" text=\"Nghiệp vụ Xe\"><item id=\"tripfees\" complex=\"true\" text=\"Chi phí xe\"><item id=\"tripfeelist\" text=\"Danh sách chi phí xe\"/><item id=\"tripfeeadd\" text=\"Thêm chi phí xe\"/></item><item id=\"tripoils\" complex=\"true\" text=\"Ứng dầu\"><item id=\"tripoillist\" text=\"Danh sách ứng dầu\"/><item id=\"tripoiladd\" text=\"Thêm ứng dầu\"/></item><item id=\"employeeroutefees\" complex=\"true\" text=\"Chi phí nhân viên vận chuyển\"><item id=\"employeeroutefeelist\" text=\"Danh sách chi phí nhân viên vận chuyển\"/><item id=\"employeeroutefeeadd\" text=\"Thêm chi phí nhân viên vận chuyển\"/></item><item id=\"vehicleouts\" complex=\"true\" text=\"Xuất xe đi\"><item id=\"vehicleoutlist\" text=\"Danh sách xuất xe đi\"/><item id=\"vehicleoutadd\" text=\"Thêm xuất xe đi\"/></item><item id=\"vehicleins\" complex=\"true\" text=\"Nhập xe về\"><item id=\"vehicleinlist\" text=\"Danh sách nhập xe về\"/><item id=\"vehicleinadd\" text=\"Thêm nhập xe về\"/></item><item id=\"exportwholesales\" complex=\"true\" text=\"Xuất sỉ\"><item id=\"exportwholesalelist\" text=\"Danh sách xuất sỉ\"/><item id=\"exportwholesaleadd\" text=\"Thêm xuất sỉ\"/></item><item id=\"transportservices\" complex=\"true\" text=\"Vận chuyển thuê\"><item id=\"transportservicelist\" text=\"Danh sách vận chuyển thuê\"/><item id=\"transportserviceadd\" text=\"Thêm phiếu vận chuyển thuê\"/></item></item><item id=\"gasfunction\" complex=\"true\" text=\"Nghiệp vụ gas\"><item id=\"shellimports\" complex=\"true\" text=\"Nhập vỏ bình\"><item id=\"shellimportlist\" text=\"Danh sách nhập vỏ bình\"/><item id=\"shellimportadd\" text=\"Thêm nhập vỏ bình\"/></item><item id=\"lpgimports\" complex=\"true\" text=\"Nhập LPG\"><item id=\"lpgimportlist\" text=\"Danh sách nhập LPG\"/><item id=\"lpgimportadd\" text=\"Thêm nhập LPG\"/></item><item id=\"lpgsales\" complex=\"true\" text=\"Bán LPG\"><item id=\"lpgsalelist\" text=\"Danh sách bán LPG\"/><item id=\"lpgsaleadd\" text=\"Thêm bán LPG\"/></item><item id=\"fractions\" complex=\"true\" text=\"Chiết gas\"><item id=\"fractionlist\" text=\"Danh sách chiết gas\"/><item id=\"fractionadd\" text=\"Thêm chiết gas\"/></item><item id=\"gasprices\" complex=\"true\" text=\"Giá bán gas\"><item id=\"gaspricelist\" text=\"Danh sách giá bán gas\"/><item id=\"gaspriceadd\" text=\"Thêm giá bán gas\"/></item><item id=\"gasimports\" complex=\"true\" text=\"Nhập gas\"><item id=\"gasimportlist\" text=\"Danh sách phiếu nhập gas\"/><item id=\"gasimportadd\" text=\"Thêm phiếu nhập gas\"/></item><item id=\"gaswholesales\" complex=\"true\" text=\"Bán gas\"><item id=\"gaswholesalelist\" text=\"Danh sách phiếu bán gas\"/><item id=\"gaswholesaleadd\" text=\"Thêm phiếu bán gas\"/><item id=\"gaswholesalefeelist\" text=\"Danh sách các khoản phí khác\"/></item><item id=\"saleinners\" complex=\"true\" text=\"Bán nội bộ\"><item id=\"saleinnerlist\" text=\"Danh sách phiếu bán nội bộ\"/><item id=\"saleinneradd\" text=\"Thêm phiếu bán nội bộ\"/></item><item id=\"saleshells\" complex=\"true\" text=\"Bán vỏ bình\"><item id=\"saleshelllist\" text=\"Danh sách phiếu bán vỏ bình\"/><item id=\"saleshelladd\" text=\"Thêm phiếu bán vỏ bình\"/></item><item id=\"oldshells\" complex=\"true\" text=\"Điều chỉnh số lượng vỏ bình\"><item id=\"oldshelllist\" text=\"Danh sách điều chỉnh số lượng vỏ bình\"/><item id=\"oldshelladd\" text=\"Thêm điều chỉnh số lượng vỏ bình\"/></item><item id=\"shellreturns\" complex=\"true\" text=\"Trả vỏ bình\"><item id=\"shellreturnlist\" text=\"Danh sách trả vỏ bình\"/><item id=\"shellreturnadd\" text=\"Thêm trả vỏ bình\"/></item><item id=\"shellreturnsuppliers\" complex=\"true\" text=\"Trả vỏ bình NCC\"><item id=\"shellreturnsupplierlist\" text=\"Danh sách trả vỏ bình NCC\"/><item id=\"shellreturnsupplieradd\" text=\"Thêm trả vỏ bình NCC\"/></item><item id=\"lovos\" complex=\"true\" text=\"Làm lò vỏ\"><item id=\"lovolist\" text=\"Danh sách làm lò vỏ\"/><item id=\"lovoadd\" text=\"Thêm làm lò vỏ\"/></item></item><item id=\"goodfunction\" complex=\"true\" text=\"Nghiệp vụ hàng hóa\"><item id=\"petroimports\" complex=\"true\" text=\"Nhập xăng\"><item id=\"petroimportlist\" text=\"Danh sách phiếu nhập xăng\"/><item id=\"petroimportadd\" text=\"Thêm phiếu nhập xăng\"/></item><item id=\"salepetros\" complex=\"true\" text=\"Bán xăng\"><item id=\"salepetrolist\" text=\"Danh sách phiếu bán xăng\"/><item id=\"salepetroadd\" text=\"Thêm phiếu bán xăng\"/></item><item id=\"oilimports\" complex=\"true\" text=\"Nhập dầu nhớt\"><item id=\"oilimportlist\" text=\"Danh sách phiếu nhập dầu nhớt\"/><item id=\"oilimportadd\" text=\"Thêm phiếu nhập dầu nhớt\"/></item><item id=\"saleoils\" complex=\"true\" text=\"Bán dầu nhớt\"><item id=\"saleoillist\" text=\"Danh sách phiếu bán dầu nhớt\"/><item id=\"saleoiladd\" text=\"Thêm phiếu bán dầu nhớt\"/></item><item id=\"oilexports\" complex=\"true\" text=\"Xuất kho dầu nhớt\"><item id=\"oilexportlist\" text=\"Danh sách phiếu xuất kho dầu nhớt\"/></item><item id=\"saleoilreturns\" complex=\"true\" text=\"Trả hàng dầu nhớt\"><item id=\"saleoilreturnlist\" text=\"Danh sách phiếu trả hàng dầu nhớt\"/></item><item id=\"goodimports\" complex=\"true\" text=\"Nhập hàng hóa\"><item id=\"goodimportlist\" text=\"Danh sách phiếu nhập hàng hóa\"/><item id=\"goodimportadd\" text=\"Thêm phiếu nhập hàng hóa\"/></item><item id=\"salegoods\" complex=\"true\" text=\"Bán hàng hóa\"><item id=\"salegoodlist\" text=\"Danh sách phiếu bán hàng hóa\"/><item id=\"salegoodadd\" text=\"Thêm phiếu bán hàng hóa\"/></item><item id=\"shieldimports\" complex=\"true\" text=\"Nhập shield\"><item id=\"shieldimportlist\" text=\"Danh sách phiếu nhập shield\"/><item id=\"shieldimportadd\" text=\"Thêm phiếu nhập shield\"/></item><item id=\"shielddecreases\" complex=\"true\" text=\"Giảm shield\"><item id=\"shielddecreaselist\" text=\"Danh sách phiếu giảm shield\"/><item id=\"shielddecreaseadd\" text=\"Thêm phiếu giảm shield\"/></item><item id=\"accessoryimports\" complex=\"true\" text=\"Nhập phụ kiện\"><item id=\"accessoryimportlist\" text=\"Danh sách phiếu nhập phụ kiện\"/><item id=\"accessoryimportadd\" text=\"Thêm phiếu nhập phụ kiện\"/></item><item id=\"saleaccessorys\" complex=\"true\" text=\"Bán phụ kiện\"><item id=\"saleaccessorylist\" text=\"Danh sách phiếu bán phụ kiện\"/><item id=\"saleaccessoryadd\" text=\"Thêm phiếu bán phụ kiện\"/></item><item id=\"promotionmaterialimports\" complex=\"true\" text=\"Nhập hàng khuyến mãi\"><item id=\"promotionmaterialimportlist\" text=\"Danh sách phiếu nhập hàng khuyến mãi\"/><item id=\"promotionmaterialimportadd\" text=\"Thêm phiếu nhập hàng khuyến mãi\"/></item><item id=\"fixedassetdepreciations\" complex=\"true\" text=\"Khấu hao\"><item id=\"fixedassetdepreciationlist\" text=\"Danh sách phiếu khấu hao\"/><item id=\"fixedassetdepreciationadd\" text=\"Thêm phiếu khấu hao\"/></item><item id=\"solarimports\" complex=\"true\" text=\"Nhập NLMT\"><item id=\"solarimportlist\" text=\"Danh sách phiếu nhập NLMT\"/><item id=\"solarimportadd\" text=\"Thêm phiếu nhập NLMT\"/></item><item id=\"salesolars\" complex=\"true\" text=\"Bán NLMT\"><item id=\"salesolarlist\" text=\"Danh sách phiếu bán NLMT\"/><item id=\"salesolaradd\" text=\"Thêm phiếu bán NLMT\"/></item><item id=\"solarexports\" complex=\"true\" text=\"Xuất kho NLMT\"><item id=\"solarexportlist\" text=\"Danh sách phiếu xuất kho NLMT\"/></item><item id=\"salesolarreturns\" complex=\"true\" text=\"Trả hàng NLMT\"><item id=\"salesolarreturnlist\" text=\"Danh sách phiếu trả hàng NLMT\"/></item></item><item id=\"paymentfunction\" complex=\"true\" text=\"Nghiệp vụ thanh toán\"><item id=\"contracts\" complex=\"true\" text=\"Hợp đồng\"><item id=\"contractlist\" text=\"Danh sách hợp đồng\"/><item id=\"contractadd\" text=\"Thêm hợp đồng\"/></item><item id=\"invoices\" complex=\"true\" text=\"Hóa đơn\"><item id=\"invoicelist\" text=\"Danh sách hóa đơn\"/><item id=\"invoiceadd\" text=\"Thêm hóa đơn\"/></item><item id=\"invoicesolars\" complex=\"true\" text=\"Hóa đơn NLMT\"><item id=\"invoicesolarlist\" text=\"Danh sách hóa đơn NLMT\"/><item id=\"invoicesolaradd\" text=\"Thêm hóa đơn NLMT\"/></item><item id=\"debtvendors\" complex=\"true\" text=\"Công nợ NCC\"><item id=\"debtvendorlist\" text=\"Danh sách công nợ NCC\"/><item id=\"debtvendoradd\" text=\"Thêm công nợ NCC\"/></item><item id=\"debtwholesales\" complex=\"true\" text=\"Công nợ khách hàng\"><item id=\"debtwholesalelist\" text=\"Danh sách công nợ khách hàng\"/><item id=\"debtwholesaleadd\" text=\"Thêm công nợ khách hàng\"/></item><item id=\"incomes\" complex=\"true\" text=\"Thu\"><item id=\"incomelist\" text=\"Danh sách thu\"/><item id=\"incomeadd\" text=\"Thêm thu\"/></item><item id=\"expenses\" complex=\"true\" text=\"Chi\"><item id=\"expenselist\" text=\"Danh sách chi\"/><item id=\"expenseadd\" text=\"Thêm chi\"/></item><item id=\"debtadjustments\" complex=\"true\" text=\"Điều chỉnh công nợ\"><item id=\"debtadjustmentlist\" text=\"Danh sách điều chỉnh công nợ\"/><item id=\"debtadjustmentadd\" text=\"Thêm điều chỉnh công nợ\"/></item></item><item id=\"reportfunction\" complex=\"true\" text=\"Báo cáo\"><item id=\"reportgas\" complex=\"true\" text=\"Báo cáo gas\"><item id=\"reportlpgimport\" text=\"Bảng theo dõi nhập hàng LPG\"/><item id=\"reportlpgsale\" text=\"Bảng theo dõi bán hàng bồn LPG\"/><item id=\"reportcomparevendor\" text=\"Đối chiếu nhà cung cấp\"/><item id=\"reportvendordebt\" text=\"Bảng theo dõi tổng hợp công nợ NCC\"/><item id=\"reportcomparelpgvendorcustomer\" text=\"Đối chiếu LPG NCC - KH\"/><item id=\"reportlpgstock\" text=\"Sổ theo dõi sản lượng LPG\"/><item id=\"reportlpgstocksum\" text=\"Sổ theo dõi nhập xuất LPG\"/><item id=\"reportlpgstocksumorganization\" text=\"Sổ theo dõi nhập xuất LPG theo nhà cung cấp\"/><item id=\"reportsum\" text=\"Tổng hợp theo dõi nhập xuất LPG\"/><item id=\"reportcompare\" text=\"Đối chiếu công nợ khách hàng\"/><item id=\"reportcomparelpg\" text=\"Bảng theo dõi công nợ khách hàng bồn LPG\"/><item id=\"reportcomparegas\" text=\"Đối chiếu vỏ bình gas\"/><item id=\"reportsale\" text=\"Xuất bán hàng\"/><item id=\"reportsalecustomer\" text=\"Chi tiết bán hàng theo khách hàng\"/><item id=\"reportgascommission\" text=\"Chiết khấu bán hàng - Gas\"/><item id=\"reportgasemployeecommission\" text=\"Thanh toán tiền chiết khấu - Gas\"/><item id=\"reportshell\" text=\"Thống kê vỏ\"/></item><item id=\"reportpetro\" complex=\"true\" text=\"Báo cáo xăng\"><item id=\"reportpetroimport\" text=\"Bảng theo dõi nhập hàng xăng\"/><item id=\"reportpetrosale\" text=\"Xuất bán hàng xăng dầu\"/><item id=\"reportpetrostock\" text=\"Sổ theo dõi NXT xăng dầu tổng hợp\"/><item id=\"reportpetrostockstore\" text=\"Sổ theo dõi NXT xăng dầu theo cửa hàng\"/></item><item id=\"reportgood\" complex=\"true\" text=\"Báo cáo hàng hóa\"><item id=\"reportcomparegood\" text=\"Đối chiếu hàng hóa\"/></item><item id=\"reportoil\" complex=\"true\" text=\"Báo cáo dầu nhớt\"><item id=\"reportoilimport\" text=\"Báo cáo nhập dầu nhớt\"/><item id=\"reportoilstock\" text=\"Báo cáo nhập xuất tồn dầu nhớt\"/><item id=\"reportoilstockh\" text=\"Báo cáo nhập xuất tồn dầu nhớt - Ngang\"/><item id=\"reportoilstocksum\" text=\"Báo cáo nhập xuất tồn tổng hợp dầu nhớt\"/><item id=\"reportoilstocksumh\" text=\"Báo cáo nhập xuất tồn tổng hợp dầu nhớt - Ngang\"/><item id=\"reportoilsale\" text=\"Báo cáo bán hàng dầu nhớt\"/><item id=\"reportoilcompare\" text=\"Đối chiếu dầu nhớt\"/><item id=\"reportoilcommissionagency\" text=\"Báo cáo theo dõi chiết khấu dầu nhớt đại lý\"/><item id=\"reportoilcommissioncustomer\" text=\"Báo cáo theo dõi chiết khấu dầu nhớt khách hàng\"/><item id=\"reportoilvendorstock\" text=\"Bảng theo dõi nhập xuất tồn tổng kho dầu nhớt\"/><item id=\"reportoilvendordebt\" text=\"Bảng tổng hợp công nợ nhà cung cấp dầu nhớt\"/><item id=\"reportoilcustomerdebt\" text=\"Bảng theo dõi công nợ khách hàng dầu nhớt\"/></item><item id=\"reportsolar\" complex=\"true\" text=\"Báo cáo NLMT\"><item id=\"reportsolarimport\" text=\"Báo cáo nhập NLMT\"/><item id=\"reportsolarstock\" text=\"Báo cáo nhập xuất tồn NLMT\"/><item id=\"reportsolarstockh\" text=\"Báo cáo nhập xuất tồn NLMT - Ngang\"/><item id=\"reportsolarstocksum\" text=\"Báo cáo nhập xuất tồn tổng hợp NLMT\"/><item id=\"reportsolarstocksumh\" text=\"Báo cáo nhập xuất tồn tổng hợp NLMT - Ngang\"/><item id=\"reportsolarsale\" text=\"Báo cáo bán hàng NLMT\"/><item id=\"reportsolarcompare\" text=\"Đối chiếu NLMT\"/><item id=\"reportsolarcommissionagency\" text=\"Báo cáo theo dõi chiết khấu NLMT đại lý\"/><item id=\"reportsolarcommissioncustomer\" text=\"Báo cáo theo dõi chiết khấu NLMT khách hàng\"/><item id=\"reportsolarvendorstock\" text=\"Bảng theo dõi nhập xuất tồn tổng kho NLMT\"/><item id=\"reportsolarvendordebt\" text=\"Bảng tổng hợp công nợ nhà cung cấp NLMT\"/><item id=\"reportsolarcustomerdebt\" text=\"Bảng theo dõi công nợ khách hàng NLMT\"/></item><item id=\"reporttransport\" complex=\"true\" text=\"Báo cáo xe\"><item id=\"reporttransportfee\" text=\"Bảng theo dõi chi phí vận chuyển\"/><item id=\"reportvehiclefee\" text=\"Bảng theo dõi chi phí xe\"/><item id=\"reportvehiclesale\" text=\"Bảng theo dõi bán hàng theo xe\"/><item id=\"reporttransportservice\" text=\"Bảng theo dõi chi phí vận chuyển thuê\"/></item><item id=\"reportaccountant\" complex=\"true\" text=\"Báo cáo kế toán\"><item id=\"reportemployeesalary\" text=\"Bảng thanh toán lương\"/><item id=\"reportemployeeoff\" text=\"Bảng theo dõi ngày nghỉ phép\"/><item id=\"reportemployeeworking\" text=\"Bảng theo dõi thời gian công tác\"/><item id=\"reportemployeevehiclesalary\" text=\"Bảng lương nhân viên vận chuyển\"/><item id=\"reportcashbook\" text=\"Báo cáo quỹ tiền\"/></item></item><item id=\"setting\" complex=\"true\" text=\"Cấu hình\"><item id=\"resetpassword\" text=\"Đổi mật khẩu\"/></item><item id=\"logout\" text=\"Đăng xuất\"/></menu>',1),(11,17,'hungpk','gdyb21LQTcIANtvYMT7QVQ==','<?xml version=\"1.0\"?><menu><item id=\"setting\" complex=\"true\" text=\"Cấu hình\"><item id=\"resetpassword\" text=\"Đổi mật khẩu\"/></item><item id=\"logout\" text=\"Đăng xuất\"/></menu>',1),(22,31,'hoangch','4QrcOUm6Wau+VuBX8g+IPg==','<?xml version=\"1.0\"?><menu><item id=\"list\" complex=\"true\" text=\"Khai báo danh mục\"><item id=\"system\" complex=\"true\" text=\"Hệ thống\"><item id=\"users\" complex=\"true\" text=\"Tài khoản hệ thống\"><item id=\"userlist\" text=\"Danh sách tài khoản hệ thống\"/><item id=\"useradd\" text=\"Thêm tài khoản hệ thống\"/></item><item id=\"parameter\" text=\"Thông số hệ thống\"/><item id=\"permissionlist\" text=\"Phân quyền\"/><item id=\"openingstock\" text=\"Số dư đầu kỳ\"/></item><item id=\"organization\" complex=\"true\" text=\"Đơn vị\"><item id=\"organizations\" complex=\"true\" text=\"Đơn vị\"><item id=\"organizationlist\" text=\"Danh sách đơn vị\"/><item id=\"organizationadd\" text=\"Thêm đơn vị\"/></item><item id=\"stores\" complex=\"true\" text=\"Kho\"><item id=\"storelist\" text=\"Danh sách kho\"/><item id=\"storeadd\" text=\"Thêm kho\"/></item><item id=\"employees\" complex=\"true\" text=\"Nhân viên\"><item id=\"employeelist\" text=\"Danh sách nhân viên\"/><item id=\"employeeadd\" text=\"Thêm nhân viên\"/><item id=\"employeefiellist\" text=\"Thông tin động - Nhân viên\"/></item><item id=\"accounts\" complex=\"true\" text=\"Tài khoản ngân hàng\"><item id=\"accountlist\" text=\"Danh sách tài khoản ngân hàng\"/><item id=\"accountadd\" text=\"Thêm tài khoản ngân hàng\"/></item><item id=\"dayoffs\" complex=\"true\" text=\"Ngày nghỉ bù\"><item id=\"dayofflist\" text=\"Danh sách ngày nghỉ bù\"/><item id=\"dayoffadd\" text=\"Thêm ngày nghỉ bù\"/></item><item id=\"otherbonuss\" complex=\"true\" text=\"Khoản thưởng khác\"><item id=\"otherbonuslist\" text=\"Danh sách khoản thưởng khác\"/><item id=\"otherbonusadd\" text=\"Thêm khoản thưởng khác\"/></item><item id=\"paneltys\" complex=\"true\" text=\"Khoản chi khác\"><item id=\"paneltylist\" text=\"Danh sách khoản chi khác\"/><item id=\"paneltyadd\" text=\"Thêm khoản chi khác\"/></item></item><item id=\"good\" complex=\"true\" text=\"Hàng hóa\"><item id=\"units\" complex=\"true\" text=\"Đơn vị tính\"><item id=\"unitlist\" text=\"Danh sách đơn vị tính\"/><item id=\"unitadd\" text=\"Thêm đơn vị tính\"/></item><item id=\"shellkinds\" complex=\"true\" text=\"Loại vỏ bình\"><item id=\"shellkindlist\" text=\"Danh sách loại vỏ bình\"/><item id=\"shellkindadd\" text=\"Thêm loại vỏ bình\"/></item><item id=\"shells\" complex=\"true\" text=\"Vỏ bình\"><item id=\"shelllist\" text=\"Danh sách vỏ bình\"/><item id=\"shelladd\" text=\"Thêm vỏ bình\"/></item><item id=\"accessorykinds\" complex=\"true\" text=\"Loại phụ kiện\"><item id=\"accessorykindlist\" text=\"Danh sách loại phụ kiện\"/><item id=\"accessorykindadd\" text=\"Thêm loại phụ kiện\"/></item><item id=\"accessorys\" complex=\"true\" text=\"Phụ kiện\"><item id=\"accessorylist\" text=\"Danh sách phụ kiện\"/><item id=\"accessoryadd\" text=\"Thêm phụ kiện\"/></item><item id=\"promotionmaterials\" complex=\"true\" text=\"Hàng khuyến mãi\"><item id=\"promotionmateriallist\" text=\"Danh sách hàng khuyến mãi\"/><item id=\"promotionmaterialadd\" text=\"Thêm hàng khuyến mãi\"/></item><item id=\"petros\" complex=\"true\" text=\"Xăng dầu\"><item id=\"petrolist\" text=\"Danh sách hàng xăng dầu\"/><item id=\"petroadd\" text=\"Thêm hàng xăng dầu\"/></item><item id=\"goods\" complex=\"true\" text=\"Hàng hóa\"><item id=\"goodlist\" text=\"Danh sách hàng hóa\"/><item id=\"goodadd\" text=\"Thêm hàng hóa\"/></item></item><item id=\"oil\" complex=\"true\" text=\"Dầu nhớt\"><item id=\"vendoroils\" complex=\"true\" text=\"Nhà cung cấp\"><item id=\"vendoroillist\" text=\"Danh sách nhà cung cấp\"/><item id=\"vendoroiladd\" text=\"Thêm nhà cung cấp\"/></item><item id=\"unitrates\" complex=\"true\" text=\"Qui đổi đơn vị tính\"><item id=\"unitratelist\" text=\"Danh sách qui đổi đơn vị tính\"/><item id=\"unitrateadd\" text=\"Thêm qui đổi đơn vị tính\"/></item><item id=\"agencys\" complex=\"true\" text=\"Đại lý\"><item id=\"agencylist\" text=\"Danh sách đại lý\"/><item id=\"agencyadd\" text=\"Thêm đại lý\"/></item><item id=\"oilgroups\" complex=\"true\" text=\"Nhóm dầu nhớt\"><item id=\"oilgrouplist\" text=\"Danh sách nhóm dầu nhớt\"/><item id=\"oilgroupadd\" text=\"Thêm nhóm dầu nhớt\"/></item><item id=\"oils\" complex=\"true\" text=\"Dầu nhớt\"><item id=\"oillist\" text=\"Danh sách dầu nhớt\"/><item id=\"oiladd\" text=\"Thêm dầu nhớt\"/></item><item id=\"employeeoilcommissions\" complex=\"true\" text=\"Loại chiết khấu bán dầu nhớt\"><item id=\"employeeoilcommissionlist\" text=\"Danh sách loại chiết khấu bán dầu nhớt\"/><item id=\"employeeoilcommissionadd\" text=\"Thêm loại chiết khấu bán dầu nhớt\"/></item><item id=\"saleoilreturnstores\" complex=\"true\" text=\"Kho trả hàng dầu nhớt\"><item id=\"saleoilreturnstoreadd\" text=\"Thêm kho trả hàng dầu nhớt\"/></item></item><item id=\"solar\" complex=\"true\" text=\"Năng lượng mặt trời\"><item id=\"vendorsolars\" complex=\"true\" text=\"Nhà cung cấp\"><item id=\"vendorsolarlist\" text=\"Danh sách nhà cung cấp\"/><item id=\"vendorsolaradd\" text=\"Thêm nhà cung cấp\"/></item><item id=\"solargroups\" complex=\"true\" text=\"Nhóm NLMT\"><item id=\"solargrouplist\" text=\"Danh sách nhóm NLMT\"/><item id=\"solargroupadd\" text=\"Thêm nhóm NLMT\"/></item><item id=\"solars\" complex=\"true\" text=\"NLMT\"><item id=\"solarlist\" text=\"Danh sách NLMT\"/><item id=\"solaradd\" text=\"Thêm NLMT\"/></item><item id=\"employeesolarcommissions\" complex=\"true\" text=\"Loại chiết khấu bán NLMT\"><item id=\"employeesolarcommissionlist\" text=\"Danh sách loại chiết khấu bán NLMT\"/><item id=\"employeesolarcommissionadd\" text=\"Thêm loại chiết khấu bán NLMT\"/></item><item id=\"salesolarreturnstores\" complex=\"true\" text=\"Kho trả hàng NLMT\"><item id=\"salesolarreturnstoreadd\" text=\"Thêm kho trả hàng NLMT\"/></item></item><item id=\"vendor\" complex=\"true\" text=\"Nhà cung cấp\"><item id=\"vendors\" complex=\"true\" text=\"Nhà cung cấp\"><item id=\"vendorlist\" text=\"Danh sách nhà cung cấp\"/><item id=\"vendoradd\" text=\"Thêm nhà cung cấp\"/><item id=\"addgasreturnvendor\" text=\"Nhà cung cấp nhận gas trả\"/><item id=\"vendorfiellist\" text=\"Thông tin động - Nhà cung cấp\"/></item><item id=\"vendororganizations\" complex=\"true\" text=\"Nhà cung cấp liên kết\"><item id=\"vendororganizationlist\" text=\"Danh sách nhà cung cấp liên kết\"/><item id=\"vendororganizationadd\" text=\"Thêm nhà cung cấp liên kết\"/></item><item id=\"vendorcustomers\" complex=\"true\" text=\"Nhà cung cấp - Khách hàng\"><item id=\"vendorcustomerlist\" text=\"Danh sách nhà cung cấp - Khách hàng\"/><item id=\"vendorcustomeradd\" text=\"Thêm nhà cung cấp - Khách hàng\"/></item></item><item id=\"customer\" complex=\"true\" text=\"Khách hàng\"><item id=\"customers\" complex=\"true\" text=\"Khách hàng\"><item id=\"customerlist\" text=\"Danh sách khách hàng\"/><item id=\"customeradd\" text=\"Thêm khách hàng\"/><item id=\"customerfiellist\" text=\"Thông tin động - Khách hàng\"/><item id=\"customerdocumentlist\" text=\"Danh sách văn bản\"/></item><item id=\"discounts\" complex=\"true\" text=\"Chiết khấu - Giảm giá\"><item id=\"discountlist\" text=\"Danh sách Chiết khấu - Giảm giá\"/><item id=\"discountadd\" text=\"Thêm Chiết khấu - Giảm giá\"/></item></item><item id=\"vehicle\" complex=\"true\" text=\"Xe\"><item id=\"vehicles\" complex=\"true\" text=\"Xe\"><item id=\"vehiclelist\" text=\"Danh sách xe\"/><item id=\"vehicleadd\" text=\"Thêm xe\"/></item><item id=\"routes\" complex=\"true\" text=\"Tuyến đường\"><item id=\"routelist\" text=\"Danh sách tuyến đường\"/><item id=\"routeadd\" text=\"Thêm tuyến đường\"/></item></item><item id=\"fixedassetgroup\" complex=\"true\" text=\"Tài sản cố định\"><item id=\"fixedassetgroups\" complex=\"true\" text=\"Nhóm tài sản cố định\"><item id=\"fixedassetgrouplist\" text=\"Danh sách nhóm tài sản cố định\"/><item id=\"fixedassetgroupadd\" text=\"Thêm nhóm tài sản cố định\"/></item><item id=\"fixedassets\" complex=\"true\" text=\"Tài sản cố định\"><item id=\"fixedassetlist\" text=\"Danh sách tài sản cố định\"/><item id=\"fixedassetadd\" text=\"Thêm tài sản cố định\"/></item></item></item><item id=\"employeefunction\" complex=\"true\" text=\"Nghiệp vụ Nhân viên\"><item id=\"employeeadvances\" complex=\"true\" text=\"Nhân viên tạm ứng\"><item id=\"employeeadvancelist\" text=\"Danh sách tạm ứng\"/><item id=\"employeeadvanceadd\" text=\"Thêm tạm ứng\"/></item><item id=\"borrows\" complex=\"true\" text=\"Mượn lương\"><item id=\"borrowlist\" text=\"Danh sách phiếu mượn lương\"/><item id=\"borrowadd\" text=\"Thêm phiếu mượn lương\"/></item><item id=\"employeetimesheets\" complex=\"true\" text=\"Chấm công nhân viên\"><item id=\"employeetimesheetlist\" text=\"Danh sách chấm công\"/><item id=\"employeetimesheetadd\" text=\"Thêm chấm công\"/></item><item id=\"employeeoffs\" complex=\"true\" text=\"Nghỉ phép\"><item id=\"employeeofflist\" text=\"Danh sách nghỉ phép\"/><item id=\"employeeoffadd\" text=\"Thêm nghỉ phép\"/></item><item id=\"employeeoffincreases\" complex=\"true\" text=\"Bù nghỉ phép\"><item id=\"employeeoffincreaselist\" text=\"Danh sách bù nghỉ phép\"/><item id=\"employeeoffincreaseadd\" text=\"Thêm bù nghỉ phép\"/></item><item id=\"employeeoffmoneys\" complex=\"true\" text=\"Thanh toán ngày phép\"><item id=\"employeeoffmoneylist\" text=\"Danh sách thanh toán ngày phép\"/><item id=\"employeeoffmoneyadd\" text=\"Thêm thanh toán ngày phép\"/></item><item id=\"employeeotherbonuss\" complex=\"true\" text=\"Khoản thưởng khác\"><item id=\"employeeotherbonuslist\" text=\"Danh sách khoản thưởng khác\"/><item id=\"employeeotherbonusadd\" text=\"Thêm khoản thưởng khác\"/></item><item id=\"employeepaneltys\" complex=\"true\" text=\"Khoản chi khác\"><item id=\"employeepaneltylist\" text=\"Danh sách khoản chi khác\"/><item id=\"employeepaneltyadd\" text=\"Thêm khoản chi khác\"/></item><item id=\"salarys\" complex=\"true\" text=\"Bảng lương\"><item id=\"salarylist\" text=\"Danh sách bảng lương\"/><item id=\"salarysalaryfiels\" complex=\"true\" text=\"Thông tin động\"><item id=\"salaryfiellist\" text=\"Phụ cấp\"/><item id=\"timesheetfiellist\" text=\"Chấm công\"/></item><item id=\"dynamicfielvalues\" complex=\"true\" text=\"Giá trị thông tin động\"><item id=\"employeesalarylist\" text=\"Danh sách phụ cấp\"/><item id=\"organizationtimesheetlist\" text=\"Danh sách chi phí chấm công\"/></item></item></item><item id=\"vehiclefunction\" complex=\"true\" text=\"Nghiệp vụ Xe\"><item id=\"tripfees\" complex=\"true\" text=\"Chi phí xe\"><item id=\"tripfeelist\" text=\"Danh sách chi phí xe\"/><item id=\"tripfeeadd\" text=\"Thêm chi phí xe\"/></item><item id=\"tripoils\" complex=\"true\" text=\"Ứng dầu\"><item id=\"tripoillist\" text=\"Danh sách ứng dầu\"/><item id=\"tripoiladd\" text=\"Thêm ứng dầu\"/></item><item id=\"employeeroutefees\" complex=\"true\" text=\"Chi phí nhân viên vận chuyển\"><item id=\"employeeroutefeelist\" text=\"Danh sách chi phí nhân viên vận chuyển\"/><item id=\"employeeroutefeeadd\" text=\"Thêm chi phí nhân viên vận chuyển\"/></item><item id=\"vehicleouts\" complex=\"true\" text=\"Xuất xe đi\"><item id=\"vehicleoutlist\" text=\"Danh sách xuất xe đi\"/><item id=\"vehicleoutadd\" text=\"Thêm xuất xe đi\"/></item><item id=\"vehicleins\" complex=\"true\" text=\"Nhập xe về\"><item id=\"vehicleinlist\" text=\"Danh sách nhập xe về\"/><item id=\"vehicleinadd\" text=\"Thêm nhập xe về\"/></item><item id=\"exportwholesales\" complex=\"true\" text=\"Xuất sỉ\"><item id=\"exportwholesalelist\" text=\"Danh sách xuất sỉ\"/><item id=\"exportwholesaleadd\" text=\"Thêm xuất sỉ\"/></item><item id=\"transportservices\" complex=\"true\" text=\"Vận chuyển thuê\"><item id=\"transportservicelist\" text=\"Danh sách vận chuyển thuê\"/><item id=\"transportserviceadd\" text=\"Thêm phiếu vận chuyển thuê\"/></item></item><item id=\"gasfunction\" complex=\"true\" text=\"Nghiệp vụ gas\"><item id=\"shellimports\" complex=\"true\" text=\"Nhập vỏ bình\"><item id=\"shellimportlist\" text=\"Danh sách nhập vỏ bình\"/><item id=\"shellimportadd\" text=\"Thêm nhập vỏ bình\"/></item><item id=\"lpgimports\" complex=\"true\" text=\"Nhập LPG\"><item id=\"lpgimportlist\" text=\"Danh sách nhập LPG\"/><item id=\"lpgimportadd\" text=\"Thêm nhập LPG\"/></item><item id=\"lpgsales\" complex=\"true\" text=\"Bán LPG\"><item id=\"lpgsalelist\" text=\"Danh sách bán LPG\"/><item id=\"lpgsaleadd\" text=\"Thêm bán LPG\"/></item><item id=\"fractions\" complex=\"true\" text=\"Chiết gas\"><item id=\"fractionlist\" text=\"Danh sách chiết gas\"/><item id=\"fractionadd\" text=\"Thêm chiết gas\"/></item><item id=\"gasprices\" complex=\"true\" text=\"Giá bán gas\"><item id=\"gaspricelist\" text=\"Danh sách giá bán gas\"/><item id=\"gaspriceadd\" text=\"Thêm giá bán gas\"/></item><item id=\"gasimports\" complex=\"true\" text=\"Nhập gas\"><item id=\"gasimportlist\" text=\"Danh sách phiếu nhập gas\"/><item id=\"gasimportadd\" text=\"Thêm phiếu nhập gas\"/></item><item id=\"gaswholesales\" complex=\"true\" text=\"Bán gas\"><item id=\"gaswholesalelist\" text=\"Danh sách phiếu bán gas\"/><item id=\"gaswholesaleadd\" text=\"Thêm phiếu bán gas\"/><item id=\"gaswholesalefeelist\" text=\"Danh sách các khoản phí khác\"/></item><item id=\"saleinners\" complex=\"true\" text=\"Bán nội bộ\"><item id=\"saleinnerlist\" text=\"Danh sách phiếu bán nội bộ\"/><item id=\"saleinneradd\" text=\"Thêm phiếu bán nội bộ\"/></item><item id=\"saleshells\" complex=\"true\" text=\"Bán vỏ bình\"><item id=\"saleshelllist\" text=\"Danh sách phiếu bán vỏ bình\"/><item id=\"saleshelladd\" text=\"Thêm phiếu bán vỏ bình\"/></item><item id=\"oldshells\" complex=\"true\" text=\"Điều chỉnh số lượng vỏ bình\"><item id=\"oldshelllist\" text=\"Danh sách điều chỉnh số lượng vỏ bình\"/><item id=\"oldshelladd\" text=\"Thêm điều chỉnh số lượng vỏ bình\"/></item><item id=\"shellreturns\" complex=\"true\" text=\"Trả vỏ bình\"><item id=\"shellreturnlist\" text=\"Danh sách trả vỏ bình\"/><item id=\"shellreturnadd\" text=\"Thêm trả vỏ bình\"/></item><item id=\"shellreturnsuppliers\" complex=\"true\" text=\"Trả vỏ bình NCC\"><item id=\"shellreturnsupplierlist\" text=\"Danh sách trả vỏ bình NCC\"/><item id=\"shellreturnsupplieradd\" text=\"Thêm trả vỏ bình NCC\"/></item><item id=\"lovos\" complex=\"true\" text=\"Làm lò vỏ\"><item id=\"lovolist\" text=\"Danh sách làm lò vỏ\"/><item id=\"lovoadd\" text=\"Thêm làm lò vỏ\"/></item></item><item id=\"goodfunction\" complex=\"true\" text=\"Nghiệp vụ hàng hóa\"><item id=\"petroimports\" complex=\"true\" text=\"Nhập xăng\"><item id=\"petroimportlist\" text=\"Danh sách phiếu nhập xăng\"/><item id=\"petroimportadd\" text=\"Thêm phiếu nhập xăng\"/></item><item id=\"salepetros\" complex=\"true\" text=\"Bán xăng\"><item id=\"salepetrolist\" text=\"Danh sách phiếu bán xăng\"/><item id=\"salepetroadd\" text=\"Thêm phiếu bán xăng\"/></item><item id=\"oilimports\" complex=\"true\" text=\"Nhập dầu nhớt\"><item id=\"oilimportlist\" text=\"Danh sách phiếu nhập dầu nhớt\"/><item id=\"oilimportadd\" text=\"Thêm phiếu nhập dầu nhớt\"/></item><item id=\"saleoils\" complex=\"true\" text=\"Bán dầu nhớt\"><item id=\"saleoillist\" text=\"Danh sách phiếu bán dầu nhớt\"/><item id=\"saleoiladd\" text=\"Thêm phiếu bán dầu nhớt\"/></item><item id=\"oilexports\" complex=\"true\" text=\"Xuất kho dầu nhớt\"><item id=\"oilexportlist\" text=\"Danh sách phiếu xuất kho dầu nhớt\"/></item><item id=\"saleoilreturns\" complex=\"true\" text=\"Trả hàng dầu nhớt\"><item id=\"saleoilreturnlist\" text=\"Danh sách phiếu trả hàng dầu nhớt\"/></item><item id=\"goodimports\" complex=\"true\" text=\"Nhập hàng hóa\"><item id=\"goodimportlist\" text=\"Danh sách phiếu nhập hàng hóa\"/><item id=\"goodimportadd\" text=\"Thêm phiếu nhập hàng hóa\"/></item><item id=\"salegoods\" complex=\"true\" text=\"Bán hàng hóa\"><item id=\"salegoodlist\" text=\"Danh sách phiếu bán hàng hóa\"/><item id=\"salegoodadd\" text=\"Thêm phiếu bán hàng hóa\"/></item><item id=\"shieldimports\" complex=\"true\" text=\"Nhập shield\"><item id=\"shieldimportlist\" text=\"Danh sách phiếu nhập shield\"/><item id=\"shieldimportadd\" text=\"Thêm phiếu nhập shield\"/></item><item id=\"shielddecreases\" complex=\"true\" text=\"Giảm shield\"><item id=\"shielddecreaselist\" text=\"Danh sách phiếu giảm shield\"/><item id=\"shielddecreaseadd\" text=\"Thêm phiếu giảm shield\"/></item><item id=\"accessoryimports\" complex=\"true\" text=\"Nhập phụ kiện\"><item id=\"accessoryimportlist\" text=\"Danh sách phiếu nhập phụ kiện\"/><item id=\"accessoryimportadd\" text=\"Thêm phiếu nhập phụ kiện\"/></item><item id=\"saleaccessorys\" complex=\"true\" text=\"Bán phụ kiện\"><item id=\"saleaccessorylist\" text=\"Danh sách phiếu bán phụ kiện\"/><item id=\"saleaccessoryadd\" text=\"Thêm phiếu bán phụ kiện\"/></item><item id=\"promotionmaterialimports\" complex=\"true\" text=\"Nhập hàng khuyến mãi\"><item id=\"promotionmaterialimportlist\" text=\"Danh sách phiếu nhập hàng khuyến mãi\"/><item id=\"promotionmaterialimportadd\" text=\"Thêm phiếu nhập hàng khuyến mãi\"/></item><item id=\"fixedassetdepreciations\" complex=\"true\" text=\"Khấu hao\"><item id=\"fixedassetdepreciationlist\" text=\"Danh sách phiếu khấu hao\"/><item id=\"fixedassetdepreciationadd\" text=\"Thêm phiếu khấu hao\"/></item><item id=\"solarimports\" complex=\"true\" text=\"Nhập NLMT\"><item id=\"solarimportlist\" text=\"Danh sách phiếu nhập NLMT\"/><item id=\"solarimportadd\" text=\"Thêm phiếu nhập NLMT\"/></item><item id=\"salesolars\" complex=\"true\" text=\"Bán NLMT\"><item id=\"salesolarlist\" text=\"Danh sách phiếu bán NLMT\"/><item id=\"salesolaradd\" text=\"Thêm phiếu bán NLMT\"/></item><item id=\"solarexports\" complex=\"true\" text=\"Xuất kho NLMT\"><item id=\"solarexportlist\" text=\"Danh sách phiếu xuất kho NLMT\"/></item><item id=\"salesolarreturns\" complex=\"true\" text=\"Trả hàng NLMT\"><item id=\"salesolarreturnlist\" text=\"Danh sách phiếu trả hàng NLMT\"/></item></item><item id=\"paymentfunction\" complex=\"true\" text=\"Nghiệp vụ thanh toán\"><item id=\"contracts\" complex=\"true\" text=\"Hợp đồng\"><item id=\"contractlist\" text=\"Danh sách hợp đồng\"/><item id=\"contractadd\" text=\"Thêm hợp đồng\"/></item><item id=\"invoices\" complex=\"true\" text=\"Hóa đơn\"><item id=\"invoicelist\" text=\"Danh sách hóa đơn\"/><item id=\"invoiceadd\" text=\"Thêm hóa đơn\"/></item><item id=\"debtvendors\" complex=\"true\" text=\"Công nợ NCC\"><item id=\"debtvendorlist\" text=\"Danh sách công nợ NCC\"/><item id=\"debtvendoradd\" text=\"Thêm công nợ NCC\"/></item><item id=\"debtwholesales\" complex=\"true\" text=\"Công nợ khách hàng\"><item id=\"debtwholesalelist\" text=\"Danh sách công nợ khách hàng\"/><item id=\"debtwholesaleadd\" text=\"Thêm công nợ khách hàng\"/></item><item id=\"incomes\" complex=\"true\" text=\"Thu\"><item id=\"incomelist\" text=\"Danh sách thu\"/><item id=\"incomeadd\" text=\"Thêm thu\"/></item><item id=\"expenses\" complex=\"true\" text=\"Chi\"><item id=\"expenselist\" text=\"Danh sách chi\"/><item id=\"expenseadd\" text=\"Thêm chi\"/></item><item id=\"debtadjustments\" complex=\"true\" text=\"Điều chỉnh công nợ\"><item id=\"debtadjustmentlist\" text=\"Danh sách điều chỉnh công nợ\"/><item id=\"debtadjustmentadd\" text=\"Thêm điều chỉnh công nợ\"/></item></item><item id=\"reportfunction\" complex=\"true\" text=\"Báo cáo\"><item id=\"reportgas\" complex=\"true\" text=\"Báo cáo gas\"><item id=\"reportlpgimport\" text=\"Bảng theo dõi nhập hàng LPG\"/><item id=\"reportlpgsale\" text=\"Bảng theo dõi bán hàng bồn LPG\"/><item id=\"reportcomparevendor\" text=\"Đối chiếu nhà cung cấp\"/><item id=\"reportvendordebt\" text=\"Bảng theo dõi tổng hợp công nợ NCC\"/><item id=\"reportcomparelpgvendorcustomer\" text=\"Đối chiếu LPG NCC - KH\"/><item id=\"reportlpgstock\" text=\"Sổ theo dõi sản lượng LPG\"/><item id=\"reportlpgstocksum\" text=\"Sổ theo dõi nhập xuất LPG\"/><item id=\"reportlpgstocksumorganization\" text=\"Sổ theo dõi nhập xuất LPG theo nhà cung cấp\"/><item id=\"reportsum\" text=\"Tổng hợp theo dõi nhập xuất LPG\"/><item id=\"reportcompare\" text=\"Đối chiếu công nợ khách hàng\"/><item id=\"reportcomparelpg\" text=\"Bảng theo dõi công nợ khách hàng bồn LPG\"/><item id=\"reportcomparegas\" text=\"Đối chiếu vỏ bình gas\"/><item id=\"reportsale\" text=\"Xuất bán hàng\"/><item id=\"reportsalecustomer\" text=\"Chi tiết bán hàng theo khách hàng\"/><item id=\"reportgascommission\" text=\"Chiết khấu bán hàng - Gas\"/><item id=\"reportgasemployeecommission\" text=\"Thanh toán tiền chiết khấu - Gas\"/><item id=\"reportshell\" text=\"Thống kê vỏ\"/></item><item id=\"reportpetro\" complex=\"true\" text=\"Báo cáo xăng\"><item id=\"reportpetroimport\" text=\"Bảng theo dõi nhập hàng xăng\"/><item id=\"reportpetrosale\" text=\"Xuất bán hàng xăng dầu\"/><item id=\"reportpetrostock\" text=\"Sổ theo dõi NXT xăng dầu tổng hợp\"/><item id=\"reportpetrostockstore\" text=\"Sổ theo dõi NXT xăng dầu theo cửa hàng\"/></item><item id=\"reportgood\" complex=\"true\" text=\"Báo cáo hàng hóa\"><item id=\"reportcomparegood\" text=\"Đối chiếu hàng hóa\"/></item><item id=\"reportoil\" complex=\"true\" text=\"Báo cáo dầu nhớt\"><item id=\"reportoilimport\" text=\"Báo cáo nhập dầu nhớt\"/><item id=\"reportoilstock\" text=\"Báo cáo nhập xuất tồn dầu nhớt\"/><item id=\"reportoilstockh\" text=\"Báo cáo nhập xuất tồn dầu nhớt - Ngang\"/><item id=\"reportoilstocksum\" text=\"Báo cáo nhập xuất tồn tổng hợp dầu nhớt\"/><item id=\"reportoilstocksumh\" text=\"Báo cáo nhập xuất tồn tổng hợp dầu nhớt - Ngang\"/><item id=\"reportoilsale\" text=\"Báo cáo bán hàng dầu nhớt\"/><item id=\"reportoilcompare\" text=\"Đối chiếu dầu nhớt\"/><item id=\"reportoilcommissionagency\" text=\"Báo cáo theo dõi chiết khấu dầu nhớt đại lý\"/><item id=\"reportoilcommissioncustomer\" text=\"Báo cáo theo dõi chiết khấu dầu nhớt khách hàng\"/><item id=\"reportoilvendorstock\" text=\"Bảng theo dõi nhập xuất tồn tổng kho dầu nhớt\"/><item id=\"reportoilvendordebt\" text=\"Bảng tổng hợp công nợ nhà cung cấp dầu nhớt\"/><item id=\"reportoilcustomerdebt\" text=\"Bảng theo dõi công nợ khách hàng dầu nhớt\"/></item><item id=\"reportsolar\" complex=\"true\" text=\"Báo cáo NLMT\"><item id=\"reportsolarimport\" text=\"Báo cáo nhập NLMT\"/><item id=\"reportsolarstock\" text=\"Báo cáo nhập xuất tồn NLMT\"/><item id=\"reportsolarstockh\" text=\"Báo cáo nhập xuất tồn NLMT - Ngang\"/><item id=\"reportsolarstocksum\" text=\"Báo cáo nhập xuất tồn tổng hợp NLMT\"/><item id=\"reportsolarstocksumh\" text=\"Báo cáo nhập xuất tồn tổng hợp NLMT - Ngang\"/><item id=\"reportsolarsale\" text=\"Báo cáo bán hàng NLMT\"/><item id=\"reportsolarcompare\" text=\"Đối chiếu NLMT\"/><item id=\"reportsolarcommissionagency\" text=\"Báo cáo theo dõi chiết khấu NLMT đại lý\"/><item id=\"reportsolarcommissioncustomer\" text=\"Báo cáo theo dõi chiết khấu NLMT khách hàng\"/><item id=\"reportsolarvendorstock\" text=\"Bảng theo dõi nhập xuất tồn tổng kho NLMT\"/><item id=\"reportsolarvendordebt\" text=\"Bảng tổng hợp công nợ nhà cung cấp NLMT\"/><item id=\"reportsolarcustomerdebt\" text=\"Bảng theo dõi công nợ khách hàng NLMT\"/></item><item id=\"reporttransport\" complex=\"true\" text=\"Báo cáo xe\"><item id=\"reporttransportfee\" text=\"Bảng theo dõi chi phí vận chuyển\"/><item id=\"reportvehiclefee\" text=\"Bảng theo dõi chi phí xe\"/><item id=\"reportvehiclesale\" text=\"Bảng theo dõi bán hàng theo xe\"/><item id=\"reporttransportservice\" text=\"Bảng theo dõi chi phí vận chuyển thuê\"/></item><item id=\"reportaccountant\" complex=\"true\" text=\"Báo cáo kế toán\"><item id=\"reportemployeesalary\" text=\"Bảng thanh toán lương\"/><item id=\"reportemployeeoff\" text=\"Bảng theo dõi ngày nghỉ phép\"/><item id=\"reportemployeeworking\" text=\"Bảng theo dõi thời gian công tác\"/><item id=\"reportemployeevehiclesalary\" text=\"Bảng lương nhân viên vận chuyển\"/><item id=\"reportcashbook\" text=\"Báo cáo quỹ tiền\"/></item></item><item id=\"setting\" complex=\"true\" text=\"Cấu hình\"><item id=\"resetpassword\" text=\"Đổi mật khẩu\"/></item><item id=\"logout\" text=\"Đăng xuất\"/></menu>',1),(12,18,'ntb','gdyb21LQTcIANtvYMT7QVQ==','<?xml version=\"1.0\"?><menu><item id=\"setting\" complex=\"true\" text=\"Cấu hình\"><item id=\"resetpassword\" text=\"Đổi mật khẩu\"/></item><item id=\"logout\" text=\"Đăng xuất\"/></menu>',1),(14,35,'linhle','CtkP7S3s/2Ap4XuXNYyhjw==','<?xml version=\"1.0\"?><menu><item id=\"list\" complex=\"true\" text=\"Khai báo danh mục\"><item id=\"system\" complex=\"true\" text=\"Hệ thống\"><item id=\"users\" complex=\"true\" text=\"Tài khoản hệ thống\"><item id=\"userlist\" text=\"Danh sách tài khoản hệ thống\"/><item id=\"useradd\" text=\"Thêm tài khoản hệ thống\"/></item><item id=\"parameter\" text=\"Thông số hệ thống\"/><item id=\"openingstock\" text=\"Số dư đầu kỳ\"/></item><item id=\"organization\" complex=\"true\" text=\"Đơn vị\"><item id=\"organizations\" complex=\"true\" text=\"Đơn vị\"><item id=\"organizationlist\" text=\"Danh sách đơn vị\"/><item id=\"organizationadd\" text=\"Thêm đơn vị\"/></item><item id=\"stores\" complex=\"true\" text=\"Kho\"><item id=\"storelist\" text=\"Danh sách kho\"/><item id=\"storeadd\" text=\"Thêm kho\"/></item><item id=\"employees\" complex=\"true\" text=\"Nhân viên\"><item id=\"employeelist\" text=\"Danh sách nhân viên\"/><item id=\"employeeadd\" text=\"Thêm nhân viên\"/><item id=\"employeefiellist\" text=\"Thông tin động - Nhân viên\"/></item><item id=\"accounts\" complex=\"true\" text=\"Tài khoản ngân hàng\"><item id=\"accountlist\" text=\"Danh sách tài khoản ngân hàng\"/><item id=\"accountadd\" text=\"Thêm tài khoản ngân hàng\"/></item><item id=\"dayoffs\" complex=\"true\" text=\"Ngày nghỉ bù\"><item id=\"dayofflist\" text=\"Danh sách ngày nghỉ bù\"/><item id=\"dayoffadd\" text=\"Thêm ngày nghỉ bù\"/></item></item><item id=\"good\" complex=\"true\" text=\"Hàng hóa\"><item id=\"units\" complex=\"true\" text=\"Đơn vị tính\"><item id=\"unitlist\" text=\"Danh sách đơn vị tính\"/><item id=\"unitadd\" text=\"Thêm đơn vị tính\"/></item><item id=\"shellkinds\" complex=\"true\" text=\"Loại vỏ bình\"><item id=\"shellkindlist\" text=\"Danh sách loại vỏ bình\"/><item id=\"shellkindadd\" text=\"Thêm loại vỏ bình\"/></item><item id=\"shells\" complex=\"true\" text=\"Vỏ bình\"><item id=\"shelllist\" text=\"Danh sách vỏ bình\"/><item id=\"shelladd\" text=\"Thêm vỏ bình\"/></item><item id=\"accessorykinds\" complex=\"true\" text=\"Loại phụ kiện\"><item id=\"accessorykindlist\" text=\"Danh sách loại phụ kiện\"/><item id=\"accessorykindadd\" text=\"Thêm loại phụ kiện\"/></item><item id=\"accessorys\" complex=\"true\" text=\"Phụ kiện\"><item id=\"accessorylist\" text=\"Danh sách phụ kiện\"/><item id=\"accessoryadd\" text=\"Thêm phụ kiện\"/></item><item id=\"promotionmaterials\" complex=\"true\" text=\"Hàng khuyến mãi\"><item id=\"promotionmateriallist\" text=\"Danh sách hàng khuyến mãi\"/><item id=\"promotionmaterialadd\" text=\"Thêm hàng khuyến mãi\"/></item><item id=\"goods\" complex=\"true\" text=\"Hàng hóa\"><item id=\"goodlist\" text=\"Danh sách hàng hóa\"/><item id=\"goodadd\" text=\"Thêm hàng hóa\"/></item></item><item id=\"oil\" complex=\"true\" text=\"Dầu nhớt\"><item id=\"vendoroils\" complex=\"true\" text=\"Nhà cung cấp\"><item id=\"vendoroillist\" text=\"Danh sách nhà cung cấp\"/><item id=\"vendoroiladd\" text=\"Thêm nhà cung cấp\"/></item></item><item id=\"solar\" complex=\"true\" text=\"Năng lượng mặt trời\"><item id=\"vendorsolars\" complex=\"true\" text=\"Nhà cung cấp\"><item id=\"vendorsolarlist\" text=\"Danh sách nhà cung cấp\"/><item id=\"vendorsolaradd\" text=\"Thêm nhà cung cấp\"/></item></item><item id=\"vendor\" complex=\"true\" text=\"Nhà cung cấp\"><item id=\"vendors\" complex=\"true\" text=\"Nhà cung cấp\"><item id=\"vendorlist\" text=\"Danh sách nhà cung cấp\"/><item id=\"vendoradd\" text=\"Thêm nhà cung cấp\"/><item id=\"addgasreturnvendor\" text=\"Nhà cung cấp nhận gas trả\"/><item id=\"vendorfiellist\" text=\"Thông tin động - Nhà cung cấp\"/></item><item id=\"vendororganizations\" complex=\"true\" text=\"Nhà cung cấp liên kết\"><item id=\"vendororganizationlist\" text=\"Danh sách nhà cung cấp liên kết\"/><item id=\"vendororganizationadd\" text=\"Thêm nhà cung cấp liên kết\"/></item><item id=\"vendorcustomers\" complex=\"true\" text=\"Nhà cung cấp - Khách hàng\"><item id=\"vendorcustomerlist\" text=\"Danh sách nhà cung cấp - Khách hàng\"/><item id=\"vendorcustomeradd\" text=\"Thêm nhà cung cấp - Khách hàng\"/></item></item><item id=\"customer\" complex=\"true\" text=\"Khách hàng\"><item id=\"customers\" complex=\"true\" text=\"Khách hàng\"><item id=\"customerlist\" text=\"Danh sách khách hàng\"/><item id=\"customeradd\" text=\"Thêm khách hàng\"/><item id=\"customerfiellist\" text=\"Thông tin động - Khách hàng\"/><item id=\"customerdocumentlist\" text=\"Danh sách văn bản\"/></item><item id=\"discounts\" complex=\"true\" text=\"Chiết khấu - Giảm giá\"><item id=\"discountlist\" text=\"Danh sách Chiết khấu - Giảm giá\"/><item id=\"discountadd\" text=\"Thêm Chiết khấu - Giảm giá\"/></item></item><item id=\"vehicle\" complex=\"true\" text=\"Xe\"><item id=\"vehicles\" complex=\"true\" text=\"Xe\"><item id=\"vehiclelist\" text=\"Danh sách xe\"/><item id=\"vehicleadd\" text=\"Thêm xe\"/></item><item id=\"routes\" complex=\"true\" text=\"Tuyến đường\"><item id=\"routelist\" text=\"Danh sách tuyến đường\"/><item id=\"routeadd\" text=\"Thêm tuyến đường\"/></item></item></item><item id=\"vehiclefunction\" complex=\"true\" text=\"Nghiệp vụ Xe\"><item id=\"tripfees\" complex=\"true\" text=\"Chi phí xe\"><item id=\"tripfeelist\" text=\"Danh sách chi phí xe\"/><item id=\"tripfeeadd\" text=\"Thêm chi phí xe\"/></item><item id=\"tripoils\" complex=\"true\" text=\"Ứng dầu\"><item id=\"tripoillist\" text=\"Danh sách ứng dầu\"/><item id=\"tripoiladd\" text=\"Thêm ứng dầu\"/></item><item id=\"employeeroutefees\" complex=\"true\" text=\"Chi phí nhân viên vận chuyển\"><item id=\"employeeroutefeelist\" text=\"Danh sách chi phí nhân viên vận chuyển\"/><item id=\"employeeroutefeeadd\" text=\"Thêm chi phí nhân viên vận chuyển\"/></item><item id=\"vehicleouts\" complex=\"true\" text=\"Xuất xe đi\"><item id=\"vehicleoutlist\" text=\"Danh sách xuất xe đi\"/><item id=\"vehicleoutadd\" text=\"Thêm xuất xe đi\"/></item><item id=\"vehicleins\" complex=\"true\" text=\"Nhập xe về\"><item id=\"vehicleinlist\" text=\"Danh sách nhập xe về\"/><item id=\"vehicleinadd\" text=\"Thêm nhập xe về\"/></item><item id=\"exportwholesales\" complex=\"true\" text=\"Xuất sỉ\"><item id=\"exportwholesalelist\" text=\"Danh sách xuất sỉ\"/><item id=\"exportwholesaleadd\" text=\"Thêm xuất sỉ\"/></item><item id=\"transportservices\" complex=\"true\" text=\"Vận chuyển thuê\"><item id=\"transportservicelist\" text=\"Danh sách vận chuyển thuê\"/><item id=\"transportserviceadd\" text=\"Thêm phiếu vận chuyển thuê\"/></item></item><item id=\"gasfunction\" complex=\"true\" text=\"Nghiệp vụ gas\"><item id=\"shellimports\" complex=\"true\" text=\"Nhập vỏ bình\"><item id=\"shellimportlist\" text=\"Danh sách nhập vỏ bình\"/><item id=\"shellimportadd\" text=\"Thêm nhập vỏ bình\"/></item><item id=\"lpgimports\" complex=\"true\" text=\"Nhập LPG\"><item id=\"lpgimportlist\" text=\"Danh sách nhập LPG\"/><item id=\"lpgimportadd\" text=\"Thêm nhập LPG\"/></item><item id=\"lpgsales\" complex=\"true\" text=\"Bán LPG\"><item id=\"lpgsalelist\" text=\"Danh sách bán LPG\"/><item id=\"lpgsaleadd\" text=\"Thêm bán LPG\"/></item><item id=\"fractions\" complex=\"true\" text=\"Chiết gas\"><item id=\"fractionlist\" text=\"Danh sách chiết gas\"/><item id=\"fractionadd\" text=\"Thêm chiết gas\"/></item><item id=\"gasprices\" complex=\"true\" text=\"Giá bán gas\"><item id=\"gaspricelist\" text=\"Danh sách giá bán gas\"/><item id=\"gaspriceadd\" text=\"Thêm giá bán gas\"/></item><item id=\"gasimports\" complex=\"true\" text=\"Nhập gas\"><item id=\"gasimportlist\" text=\"Danh sách phiếu nhập gas\"/><item id=\"gasimportadd\" text=\"Thêm phiếu nhập gas\"/></item><item id=\"gaswholesales\" complex=\"true\" text=\"Bán gas\"><item id=\"gaswholesalelist\" text=\"Danh sách phiếu bán gas\"/><item id=\"gaswholesaleadd\" text=\"Thêm phiếu bán gas\"/><item id=\"gaswholesalefeelist\" text=\"Danh sách các khoản phí khác\"/></item><item id=\"saleinners\" complex=\"true\" text=\"Bán nội bộ\"><item id=\"saleinnerlist\" text=\"Danh sách phiếu bán nội bộ\"/><item id=\"saleinneradd\" text=\"Thêm phiếu bán nội bộ\"/></item><item id=\"saleshells\" complex=\"true\" text=\"Bán vỏ bình\"><item id=\"saleshelllist\" text=\"Danh sách phiếu bán vỏ bình\"/><item id=\"saleshelladd\" text=\"Thêm phiếu bán vỏ bình\"/></item><item id=\"oldshells\" complex=\"true\" text=\"Điều chỉnh số lượng vỏ bình\"><item id=\"oldshelllist\" text=\"Danh sách điều chỉnh số lượng vỏ bình\"/><item id=\"oldshelladd\" text=\"Thêm điều chỉnh số lượng vỏ bình\"/></item><item id=\"shellreturns\" complex=\"true\" text=\"Trả vỏ bình\"><item id=\"shellreturnlist\" text=\"Danh sách trả vỏ bình\"/><item id=\"shellreturnadd\" text=\"Thêm trả vỏ bình\"/></item><item id=\"shellreturnsuppliers\" complex=\"true\" text=\"Trả vỏ bình NCC\"><item id=\"shellreturnsupplierlist\" text=\"Danh sách trả vỏ bình NCC\"/><item id=\"shellreturnsupplieradd\" text=\"Thêm trả vỏ bình NCC\"/></item><item id=\"lovos\" complex=\"true\" text=\"Làm lò vỏ\"><item id=\"lovolist\" text=\"Danh sách làm lò vỏ\"/><item id=\"lovoadd\" text=\"Thêm làm lò vỏ\"/></item></item><item id=\"goodfunction\" complex=\"true\" text=\"Nghiệp vụ hàng hóa\"><item id=\"petroimports\" complex=\"true\" text=\"Nhập xăng\"><item id=\"petroimportlist\" text=\"Danh sách phiếu nhập xăng\"/><item id=\"petroimportadd\" text=\"Thêm phiếu nhập xăng\"/></item><item id=\"salepetros\" complex=\"true\" text=\"Bán xăng\"><item id=\"salepetrolist\" text=\"Danh sách phiếu bán xăng\"/><item id=\"salepetroadd\" text=\"Thêm phiếu bán xăng\"/></item><item id=\"goodimports\" complex=\"true\" text=\"Nhập hàng hóa\"><item id=\"goodimportlist\" text=\"Danh sách phiếu nhập hàng hóa\"/><item id=\"goodimportadd\" text=\"Thêm phiếu nhập hàng hóa\"/></item><item id=\"salegoods\" complex=\"true\" text=\"Bán hàng hóa\"><item id=\"salegoodlist\" text=\"Danh sách phiếu bán hàng hóa\"/><item id=\"salegoodadd\" text=\"Thêm phiếu bán hàng hóa\"/></item><item id=\"shieldimports\" complex=\"true\" text=\"Nhập shield\"><item id=\"shieldimportlist\" text=\"Danh sách phiếu nhập shield\"/><item id=\"shieldimportadd\" text=\"Thêm phiếu nhập shield\"/></item><item id=\"shielddecreases\" complex=\"true\" text=\"Giảm shield\"><item id=\"shielddecreaselist\" text=\"Danh sách phiếu giảm shield\"/><item id=\"shielddecreaseadd\" text=\"Thêm phiếu giảm shield\"/></item><item id=\"accessoryimports\" complex=\"true\" text=\"Nhập phụ kiện\"><item id=\"accessoryimportlist\" text=\"Danh sách phiếu nhập phụ kiện\"/><item id=\"accessoryimportadd\" text=\"Thêm phiếu nhập phụ kiện\"/></item><item id=\"saleaccessorys\" complex=\"true\" text=\"Bán phụ kiện\"><item id=\"saleaccessorylist\" text=\"Danh sách phiếu bán phụ kiện\"/><item id=\"saleaccessoryadd\" text=\"Thêm phiếu bán phụ kiện\"/></item><item id=\"fixedassetdepreciations\" complex=\"true\" text=\"Khấu hao\"><item id=\"fixedassetdepreciationlist\" text=\"Danh sách phiếu khấu hao\"/><item id=\"fixedassetdepreciationadd\" text=\"Thêm phiếu khấu hao\"/></item></item><item id=\"paymentfunction\" complex=\"true\" text=\"Nghiệp vụ thanh toán\"><item id=\"contracts\" complex=\"true\" text=\"Hợp đồng\"><item id=\"contractlist\" text=\"Danh sách hợp đồng\"/><item id=\"contractadd\" text=\"Thêm hợp đồng\"/></item><item id=\"invoices\" complex=\"true\" text=\"Hóa đơn\"><item id=\"invoicelist\" text=\"Danh sách hóa đơn\"/><item id=\"invoiceadd\" text=\"Thêm hóa đơn\"/></item><item id=\"invoicesolars\" complex=\"true\" text=\"Hóa đơn NLMT\"><item id=\"invoicesolarlist\" text=\"Danh sách hóa đơn NLMT\"/><item id=\"invoicesolaradd\" text=\"Thêm hóa đơn NLMT\"/></item><item id=\"debtvendors\" complex=\"true\" text=\"Công nợ NCC\"><item id=\"debtvendorlist\" text=\"Danh sách công nợ NCC\"/><item id=\"debtvendoradd\" text=\"Thêm công nợ NCC\"/></item><item id=\"debtwholesales\" complex=\"true\" text=\"Công nợ khách hàng\"><item id=\"debtwholesalelist\" text=\"Danh sách công nợ khách hàng\"/><item id=\"debtwholesaleadd\" text=\"Thêm công nợ khách hàng\"/></item><item id=\"incomes\" complex=\"true\" text=\"Thu\"><item id=\"incomelist\" text=\"Danh sách thu\"/><item id=\"incomeadd\" text=\"Thêm thu\"/></item><item id=\"expenses\" complex=\"true\" text=\"Chi\"><item id=\"expenselist\" text=\"Danh sách chi\"/><item id=\"expenseadd\" text=\"Thêm chi\"/></item><item id=\"debtadjustments\" complex=\"true\" text=\"Điều chỉnh công nợ\"><item id=\"debtadjustmentlist\" text=\"Danh sách điều chỉnh công nợ\"/><item id=\"debtadjustmentadd\" text=\"Thêm điều chỉnh công nợ\"/></item></item><item id=\"reportfunction\" complex=\"true\" text=\"Báo cáo\"><item id=\"reportgas\" complex=\"true\" text=\"Báo cáo gas\"><item id=\"reportlpgimport\" text=\"Bảng theo dõi nhập hàng LPG\"/><item id=\"reportlpgsale\" text=\"Bảng theo dõi bán hàng bồn LPG\"/><item id=\"reportcomparevendor\" text=\"Đối chiếu nhà cung cấp\"/><item id=\"reportvendordebt\" text=\"Bảng theo dõi tổng hợp công nợ NCC\"/><item id=\"reportcomparelpgvendorcustomer\" text=\"Đối chiếu LPG NCC - KH\"/><item id=\"reportlpgstock\" text=\"Sổ theo dõi sản lượng LPG\"/><item id=\"reportlpgstocksum\" text=\"Sổ theo dõi nhập xuất LPG\"/><item id=\"reportlpgstocksumorganization\" text=\"Sổ theo dõi nhập xuất LPG theo nhà cung cấp\"/><item id=\"reportsum\" text=\"Tổng hợp theo dõi nhập xuất LPG\"/><item id=\"reportcompare\" text=\"Đối chiếu công nợ khách hàng\"/><item id=\"reportcomparelpg\" text=\"Bảng theo dõi công nợ khách hàng bồn LPG\"/><item id=\"reportcomparegas\" text=\"Đối chiếu vỏ bình gas\"/><item id=\"reportsale\" text=\"Xuất bán hàng\"/><item id=\"reportsalecustomer\" text=\"Chi tiết bán hàng theo khách hàng\"/><item id=\"reportgascommission\" text=\"Chiết khấu bán hàng - Gas\"/><item id=\"reportgasemployeecommission\" text=\"Thanh toán tiền chiết khấu - Gas\"/><item id=\"reportshell\" text=\"Thống kê vỏ\"/></item><item id=\"reportpetro\" complex=\"true\" text=\"Báo cáo xăng\"><item id=\"reportpetroimport\" text=\"Bảng theo dõi nhập hàng xăng\"/><item id=\"reportpetrosale\" text=\"Xuất bán hàng xăng dầu\"/><item id=\"reportpetrostock\" text=\"Sổ theo dõi NXT xăng dầu tổng hợp\"/><item id=\"reportpetrostockstore\" text=\"Sổ theo dõi NXT xăng dầu theo cửa hàng\"/></item><item id=\"reportgood\" complex=\"true\" text=\"Báo cáo hàng hóa\"><item id=\"reportcomparegood\" text=\"Đối chiếu hàng hóa\"/></item><item id=\"reporttransport\" complex=\"true\" text=\"Báo cáo xe\"><item id=\"reporttransportfee\" text=\"Bảng theo dõi chi phí vận chuyển\"/><item id=\"reportvehiclefee\" text=\"Bảng theo dõi chi phí xe\"/><item id=\"reportvehiclesale\" text=\"Bảng theo dõi bán hàng theo xe\"/><item id=\"reporttransportservice\" text=\"Bảng theo dõi chi phí vận chuyển thuê\"/></item><item id=\"reportaccountant\" complex=\"true\" text=\"Báo cáo kế toán\"><item id=\"reportcashbook\" text=\"Báo cáo quỹ tiền\"/></item></item><item id=\"setting\" complex=\"true\" text=\"Cấu hình\"><item id=\"resetpassword\" text=\"Đổi mật khẩu\"/></item><item id=\"logout\" text=\"Đăng xuất\"/></menu>',1),(17,55,'tung','gdyb21LQTcIANtvYMT7QVQ==','<?xml version=\"1.0\"?><menu><item id=\"list\" complex=\"true\" text=\"Khai báo danh mục\"><item id=\"system\" complex=\"true\" text=\"Hệ thống\"><item id=\"openingstock\" text=\"Số dư đầu kỳ\"/></item><item id=\"organization\" complex=\"true\" text=\"Đơn vị\"><item id=\"employees\" complex=\"true\" text=\"Nhân viên\"><item id=\"employeelist\" text=\"Danh sách nhân viên\"/><item id=\"employeeadd\" text=\"Thêm nhân viên\"/></item></item><item id=\"good\" complex=\"true\" text=\"Hàng hóa\"><item id=\"petros\" complex=\"true\" text=\"Xăng dầu\"><item id=\"petrolist\" text=\"Danh sách hàng xăng dầu\"/><item id=\"petroadd\" text=\"Thêm hàng xăng dầu\"/></item><item id=\"goods\" complex=\"true\" text=\"Hàng hóa\"><item id=\"goodlist\" text=\"Danh sách hàng hóa\"/><item id=\"goodadd\" text=\"Thêm hàng hóa\"/></item></item><item id=\"oil\" complex=\"true\" text=\"Dầu nhớt\"><item id=\"vendoroils\" complex=\"true\" text=\"Nhà cung cấp\"><item id=\"vendoroillist\" text=\"Danh sách nhà cung cấp\"/></item></item><item id=\"solar\" complex=\"true\" text=\"Năng lượng mặt trời\"><item id=\"vendorsolars\" complex=\"true\" text=\"Nhà cung cấp\"><item id=\"vendorsolarlist\" text=\"Danh sách nhà cung cấp\"/></item></item><item id=\"vendor\" complex=\"true\" text=\"Nhà cung cấp\"><item id=\"vendors\" complex=\"true\" text=\"Nhà cung cấp\"><item id=\"vendorlist\" text=\"Danh sách nhà cung cấp\"/><item id=\"vendoradd\" text=\"Thêm nhà cung cấp\"/><item id=\"addgasreturnvendor\" text=\"Nhà cung cấp nhận gas trả\"/></item><item id=\"vendororganizations\" complex=\"true\" text=\"Nhà cung cấp liên kết\"><item id=\"vendororganizationlist\" text=\"Danh sách nhà cung cấp liên kết\"/><item id=\"vendororganizationadd\" text=\"Thêm nhà cung cấp liên kết\"/></item><item id=\"vendorcustomers\" complex=\"true\" text=\"Nhà cung cấp - Khách hàng\"><item id=\"vendorcustomerlist\" text=\"Danh sách nhà cung cấp - Khách hàng\"/><item id=\"vendorcustomeradd\" text=\"Thêm nhà cung cấp - Khách hàng\"/></item></item><item id=\"customer\" complex=\"true\" text=\"Khách hàng\"><item id=\"customers\" complex=\"true\" text=\"Khách hàng\"><item id=\"customerlist\" text=\"Danh sách khách hàng\"/><item id=\"customeradd\" text=\"Thêm khách hàng\"/></item></item></item><item id=\"goodfunction\" complex=\"true\" text=\"Nghiệp vụ hàng hóa\"><item id=\"petroimports\" complex=\"true\" text=\"Nhập xăng\"><item id=\"petroimportlist\" text=\"Danh sách phiếu nhập xăng\"/><item id=\"petroimportadd\" text=\"Thêm phiếu nhập xăng\"/></item><item id=\"salepetros\" complex=\"true\" text=\"Bán xăng\"><item id=\"salepetrolist\" text=\"Danh sách phiếu bán xăng\"/><item id=\"salepetroadd\" text=\"Thêm phiếu bán xăng\"/></item><item id=\"goodimports\" complex=\"true\" text=\"Nhập hàng hóa\"><item id=\"goodimportlist\" text=\"Danh sách phiếu nhập hàng hóa\"/><item id=\"goodimportadd\" text=\"Thêm phiếu nhập hàng hóa\"/></item><item id=\"salegoods\" complex=\"true\" text=\"Bán hàng hóa\"><item id=\"salegoodlist\" text=\"Danh sách phiếu bán hàng hóa\"/><item id=\"salegoodadd\" text=\"Thêm phiếu bán hàng hóa\"/></item></item><item id=\"paymentfunction\" complex=\"true\" text=\"Nghiệp vụ thanh toán\"><item id=\"debtvendors\" complex=\"true\" text=\"Công nợ NCC\"><item id=\"debtvendorlist\" text=\"Danh sách công nợ NCC\"/><item id=\"debtvendoradd\" text=\"Thêm công nợ NCC\"/></item><item id=\"debtwholesales\" complex=\"true\" text=\"Công nợ khách hàng\"><item id=\"debtwholesalelist\" text=\"Danh sách công nợ khách hàng\"/><item id=\"debtwholesaleadd\" text=\"Thêm công nợ khách hàng\"/></item><item id=\"incomes\" complex=\"true\" text=\"Thu\"><item id=\"incomelist\" text=\"Danh sách thu\"/><item id=\"incomeadd\" text=\"Thêm thu\"/></item><item id=\"expenses\" complex=\"true\" text=\"Chi\"><item id=\"expenselist\" text=\"Danh sách chi\"/><item id=\"expenseadd\" text=\"Thêm chi\"/></item></item><item id=\"reportfunction\" complex=\"true\" text=\"Báo cáo\"><item id=\"reportpetro\" complex=\"true\" text=\"Báo cáo xăng\"><item id=\"reportpetroimport\" text=\"Bảng theo dõi nhập hàng xăng\"/><item id=\"reportpetrosale\" text=\"Xuất bán hàng xăng dầu\"/><item id=\"reportpetrostock\" text=\"Sổ theo dõi NXT xăng dầu tổng hợp\"/><item id=\"reportpetrostockstore\" text=\"Sổ theo dõi NXT xăng dầu theo cửa hàng\"/></item></item><item id=\"setting\" complex=\"true\" text=\"Cấu hình\"><item id=\"resetpassword\" text=\"Đổi mật khẩu\"/></item><item id=\"logout\" text=\"Đăng xuất\"/></menu>',1),(18,54,'thao','gdyb21LQTcIANtvYMT7QVQ==','<?xml version=\"1.0\"?><menu><item id=\"list\" complex=\"true\" text=\"Khai báo danh mục\"><item id=\"system\" complex=\"true\" text=\"Hệ thống\"><item id=\"openingstock\" text=\"Số dư đầu kỳ\"/></item><item id=\"good\" complex=\"true\" text=\"Hàng hóa\"><item id=\"shellkinds\" complex=\"true\" text=\"Loại vỏ bình\"><item id=\"shellkindlist\" text=\"Danh sách loại vỏ bình\"/><item id=\"shellkindadd\" text=\"Thêm loại vỏ bình\"/></item><item id=\"shells\" complex=\"true\" text=\"Vỏ bình\"><item id=\"shelllist\" text=\"Danh sách vỏ bình\"/><item id=\"shelladd\" text=\"Thêm vỏ bình\"/></item><item id=\"accessorykinds\" complex=\"true\" text=\"Loại phụ kiện\"><item id=\"accessorykindlist\" text=\"Danh sách loại phụ kiện\"/><item id=\"accessorykindadd\" text=\"Thêm loại phụ kiện\"/></item><item id=\"accessorys\" complex=\"true\" text=\"Phụ kiện\"><item id=\"accessorylist\" text=\"Danh sách phụ kiện\"/><item id=\"accessoryadd\" text=\"Thêm phụ kiện\"/></item><item id=\"promotionmaterials\" complex=\"true\" text=\"Hàng khuyến mãi\"><item id=\"promotionmateriallist\" text=\"Danh sách hàng khuyến mãi\"/><item id=\"promotionmaterialadd\" text=\"Thêm hàng khuyến mãi\"/></item></item><item id=\"oil\" complex=\"true\" text=\"Dầu nhớt\"><item id=\"vendoroils\" complex=\"true\" text=\"Nhà cung cấp\"><item id=\"vendoroillist\" text=\"Danh sách nhà cung cấp\"/></item></item><item id=\"solar\" complex=\"true\" text=\"Năng lượng mặt trời\"><item id=\"vendorsolars\" complex=\"true\" text=\"Nhà cung cấp\"><item id=\"vendorsolarlist\" text=\"Danh sách nhà cung cấp\"/></item></item><item id=\"vendor\" complex=\"true\" text=\"Nhà cung cấp\"><item id=\"vendors\" complex=\"true\" text=\"Nhà cung cấp\"><item id=\"vendorlist\" text=\"Danh sách nhà cung cấp\"/></item><item id=\"vendororganizations\" complex=\"true\" text=\"Nhà cung cấp liên kết\"><item id=\"vendororganizationlist\" text=\"Danh sách nhà cung cấp liên kết\"/><item id=\"vendororganizationadd\" text=\"Thêm nhà cung cấp liên kết\"/></item><item id=\"vendorcustomers\" complex=\"true\" text=\"Nhà cung cấp - Khách hàng\"><item id=\"vendorcustomerlist\" text=\"Danh sách nhà cung cấp - Khách hàng\"/><item id=\"vendorcustomeradd\" text=\"Thêm nhà cung cấp - Khách hàng\"/></item></item><item id=\"customer\" complex=\"true\" text=\"Khách hàng\"><item id=\"customers\" complex=\"true\" text=\"Khách hàng\"><item id=\"customerlist\" text=\"Danh sách khách hàng\"/><item id=\"customeradd\" text=\"Thêm khách hàng\"/></item></item></item><item id=\"gasfunction\" complex=\"true\" text=\"Nghiệp vụ gas\"><item id=\"shellimports\" complex=\"true\" text=\"Nhập vỏ bình\"><item id=\"shellimportlist\" text=\"Danh sách nhập vỏ bình\"/><item id=\"shellimportadd\" text=\"Thêm nhập vỏ bình\"/></item><item id=\"gasprices\" complex=\"true\" text=\"Giá bán gas\"><item id=\"gaspricelist\" text=\"Danh sách giá bán gas\"/><item id=\"gaspriceadd\" text=\"Thêm giá bán gas\"/></item><item id=\"gasimports\" complex=\"true\" text=\"Nhập gas\"><item id=\"gasimportlist\" text=\"Danh sách phiếu nhập gas\"/><item id=\"gasimportadd\" text=\"Thêm phiếu nhập gas\"/></item><item id=\"gaswholesales\" complex=\"true\" text=\"Bán gas\"><item id=\"gaswholesalelist\" text=\"Danh sách phiếu bán gas\"/><item id=\"gaswholesaleadd\" text=\"Thêm phiếu bán gas\"/></item><item id=\"saleinners\" complex=\"true\" text=\"Bán nội bộ\"><item id=\"saleinnerlist\" text=\"Danh sách phiếu bán nội bộ\"/><item id=\"saleinneradd\" text=\"Thêm phiếu bán nội bộ\"/></item><item id=\"saleshells\" complex=\"true\" text=\"Bán vỏ bình\"><item id=\"saleshelllist\" text=\"Danh sách phiếu bán vỏ bình\"/><item id=\"saleshelladd\" text=\"Thêm phiếu bán vỏ bình\"/></item><item id=\"oldshells\" complex=\"true\" text=\"Điều chỉnh số lượng vỏ bình\"><item id=\"oldshelllist\" text=\"Danh sách điều chỉnh số lượng vỏ bình\"/><item id=\"oldshelladd\" text=\"Thêm điều chỉnh số lượng vỏ bình\"/></item><item id=\"shellreturns\" complex=\"true\" text=\"Trả vỏ bình\"><item id=\"shellreturnlist\" text=\"Danh sách trả vỏ bình\"/><item id=\"shellreturnadd\" text=\"Thêm trả vỏ bình\"/></item><item id=\"shellreturnsuppliers\" complex=\"true\" text=\"Trả vỏ bình NCC\"><item id=\"shellreturnsupplierlist\" text=\"Danh sách trả vỏ bình NCC\"/><item id=\"shellreturnsupplieradd\" text=\"Thêm trả vỏ bình NCC\"/></item></item><item id=\"paymentfunction\" complex=\"true\" text=\"Nghiệp vụ thanh toán\"><item id=\"debtvendors\" complex=\"true\" text=\"Công nợ NCC\"><item id=\"debtvendorlist\" text=\"Danh sách công nợ NCC\"/><item id=\"debtvendoradd\" text=\"Thêm công nợ NCC\"/></item><item id=\"debtwholesales\" complex=\"true\" text=\"Công nợ khách hàng\"><item id=\"debtwholesalelist\" text=\"Danh sách công nợ khách hàng\"/><item id=\"debtwholesaleadd\" text=\"Thêm công nợ khách hàng\"/></item><item id=\"incomes\" complex=\"true\" text=\"Thu\"><item id=\"incomelist\" text=\"Danh sách thu\"/><item id=\"incomeadd\" text=\"Thêm thu\"/></item><item id=\"expenses\" complex=\"true\" text=\"Chi\"><item id=\"expenselist\" text=\"Danh sách chi\"/><item id=\"expenseadd\" text=\"Thêm chi\"/></item><item id=\"debtadjustments\" complex=\"true\" text=\"Điều chỉnh công nợ\"><item id=\"debtadjustmentlist\" text=\"Danh sách điều chỉnh công nợ\"/><item id=\"debtadjustmentadd\" text=\"Thêm điều chỉnh công nợ\"/></item></item><item id=\"reportfunction\" complex=\"true\" text=\"Báo cáo\"><item id=\"reportgas\" complex=\"true\" text=\"Báo cáo gas\"><item id=\"reportsale\" text=\"Xuất bán hàng\"/><item id=\"reportsalecustomer\" text=\"Chi tiết bán hàng theo khách hàng\"/></item></item><item id=\"setting\" complex=\"true\" text=\"Cấu hình\"><item id=\"resetpassword\" text=\"Đổi mật khẩu\"/></item><item id=\"logout\" text=\"Đăng xuất\"/></menu>',1),(19,40,'loc','JTYUu6yZmzi1tgyuUxxJaQ==','<?xml version=\"1.0\"?><menu><item id=\"reportfunction\" complex=\"true\" text=\"Báo cáo\"><item id=\"reportgas\" complex=\"true\" text=\"Báo cáo gas\"><item id=\"reportlpgstocksum\" text=\"Sổ theo dõi nhập xuất LPG\"/><item id=\"reportsale\" text=\"Xuất bán hàng\"/><item id=\"reportshell\" text=\"Thống kê vỏ\"/></item><item id=\"reportpetro\" complex=\"true\" text=\"Báo cáo xăng\"><item id=\"reportpetroimport\" text=\"Bảng theo dõi nhập hàng xăng\"/><item id=\"reportpetrosale\" text=\"Xuất bán hàng xăng dầu\"/><item id=\"reportpetrostock\" text=\"Sổ theo dõi NXT xăng dầu tổng hợp\"/><item id=\"reportpetrostockstore\" text=\"Sổ theo dõi NXT xăng dầu theo cửa hàng\"/></item><item id=\"reportoil\" complex=\"true\" text=\"Báo cáo dầu nhớt\"><item id=\"reportoilimport\" text=\"Báo cáo nhập dầu nhớt\"/><item id=\"reportoilstock\" text=\"Báo cáo nhập xuất tồn dầu nhớt\"/><item id=\"reportoilstockh\" text=\"Báo cáo nhập xuất tồn dầu nhớt - Ngang\"/><item id=\"reportoilstocksum\" text=\"Báo cáo nhập xuất tồn tổng hợp dầu nhớt\"/><item id=\"reportoilstocksumh\" text=\"Báo cáo nhập xuất tồn tổng hợp dầu nhớt - Ngang\"/><item id=\"reportoilsale\" text=\"Báo cáo bán hàng dầu nhớt\"/><item id=\"reportoilcompare\" text=\"Đối chiếu dầu nhớt\"/><item id=\"reportoilcommissionagency\" text=\"Báo cáo theo dõi chiết khấu dầu nhớt đại lý\"/><item id=\"reportoilcommissioncustomer\" text=\"Báo cáo theo dõi chiết khấu dầu nhớt khách hàng\"/><item id=\"reportoilvendorstock\" text=\"Bảng theo dõi nhập xuất tồn tổng kho dầu nhớt\"/><item id=\"reportoilcustomerdebt\" text=\"Bảng theo dõi công nợ khách hàng dầu nhớt\"/></item><item id=\"reportsolar\" complex=\"true\" text=\"Báo cáo NLMT\"><item id=\"reportsolarimport\" text=\"Báo cáo nhập NLMT\"/><item id=\"reportsolarstock\" text=\"Báo cáo nhập xuất tồn NLMT\"/><item id=\"reportsolarstockh\" text=\"Báo cáo nhập xuất tồn NLMT - Ngang\"/><item id=\"reportsolarstocksum\" text=\"Báo cáo nhập xuất tồn tổng hợp NLMT\"/><item id=\"reportsolarstocksumh\" text=\"Báo cáo nhập xuất tồn tổng hợp NLMT - Ngang\"/><item id=\"reportsolarsale\" text=\"Báo cáo bán hàng NLMT\"/><item id=\"reportsolarcompare\" text=\"Đối chiếu NLMT\"/><item id=\"reportsolarcommissionagency\" text=\"Báo cáo theo dõi chiết khấu NLMT đại lý\"/><item id=\"reportsolarcommissioncustomer\" text=\"Báo cáo theo dõi chiết khấu NLMT khách hàng\"/><item id=\"reportsolarcustomerdebt\" text=\"Bảng theo dõi công nợ khách hàng NLMT\"/></item><item id=\"reportaccountant\" complex=\"true\" text=\"Báo cáo kế toán\"><item id=\"reportemployeeoff\" text=\"Bảng theo dõi ngày nghỉ phép\"/><item id=\"reportemployeeworking\" text=\"Bảng theo dõi thời gian công tác\"/></item></item><item id=\"setting\" complex=\"true\" text=\"Cấu hình\"><item id=\"resetpassword\" text=\"Đổi mật khẩu\"/></item><item id=\"logout\" text=\"Đăng xuất\"/></menu>',1),(20,44,'huan','gdyb21LQTcIANtvYMT7QVQ==','<?xml version=\"1.0\"?><menu><item id=\"list\" complex=\"true\" text=\"Khai báo danh mục\"><item id=\"customer\" complex=\"true\" text=\"Khách hàng\"><item id=\"customers\" complex=\"true\" text=\"Khách hàng\"><item id=\"customerlist\" text=\"Danh sách khách hàng\"/></item></item></item><item id=\"reportfunction\" complex=\"true\" text=\"Báo cáo\"><item id=\"reportgas\" complex=\"true\" text=\"Báo cáo gas\"><item id=\"reportlpgstocksum\" text=\"Sổ theo dõi nhập xuất LPG\"/><item id=\"reportsum\" text=\"Tổng hợp theo dõi nhập xuất LPG\"/><item id=\"reportcompare\" text=\"Đối chiếu công nợ khách hàng\"/><item id=\"reportsale\" text=\"Xuất bán hàng\"/><item id=\"reportsalecustomer\" text=\"Chi tiết bán hàng theo khách hàng\"/></item><item id=\"reportoil\" complex=\"true\" text=\"Báo cáo dầu nhớt\"><item id=\"reportoilimport\" text=\"Báo cáo nhập dầu nhớt\"/><item id=\"reportoilstock\" text=\"Báo cáo nhập xuất tồn dầu nhớt\"/><item id=\"reportoilstockh\" text=\"Báo cáo nhập xuất tồn dầu nhớt - Ngang\"/><item id=\"reportoilstocksum\" text=\"Báo cáo nhập xuất tồn tổng hợp dầu nhớt\"/><item id=\"reportoilstocksumh\" text=\"Báo cáo nhập xuất tồn tổng hợp dầu nhớt - Ngang\"/><item id=\"reportoilsale\" text=\"Báo cáo bán hàng dầu nhớt\"/><item id=\"reportoilcompare\" text=\"Đối chiếu dầu nhớt\"/><item id=\"reportoilcommissionagency\" text=\"Báo cáo theo dõi chiết khấu dầu nhớt đại lý\"/><item id=\"reportoilcommissioncustomer\" text=\"Báo cáo theo dõi chiết khấu dầu nhớt khách hàng\"/><item id=\"reportoilvendorstock\" text=\"Bảng theo dõi nhập xuất tồn tổng kho dầu nhớt\"/><item id=\"reportoilvendordebt\" text=\"Bảng tổng hợp công nợ nhà cung cấp dầu nhớt\"/><item id=\"reportoilcustomerdebt\" text=\"Bảng theo dõi công nợ khách hàng dầu nhớt\"/></item><item id=\"reportsolar\" complex=\"true\" text=\"Báo cáo NLMT\"><item id=\"reportsolarimport\" text=\"Báo cáo nhập NLMT\"/><item id=\"reportsolarstock\" text=\"Báo cáo nhập xuất tồn NLMT\"/><item id=\"reportsolarstockh\" text=\"Báo cáo nhập xuất tồn NLMT - Ngang\"/><item id=\"reportsolarstocksum\" text=\"Báo cáo nhập xuất tồn tổng hợp NLMT\"/><item id=\"reportsolarstocksumh\" text=\"Báo cáo nhập xuất tồn tổng hợp NLMT - Ngang\"/><item id=\"reportsolarsale\" text=\"Báo cáo bán hàng NLMT\"/><item id=\"reportsolarcompare\" text=\"Đối chiếu NLMT\"/><item id=\"reportsolarcommissionagency\" text=\"Báo cáo theo dõi chiết khấu NLMT đại lý\"/><item id=\"reportsolarcommissioncustomer\" text=\"Báo cáo theo dõi chiết khấu NLMT khách hàng\"/><item id=\"reportsolarvendorstock\" text=\"Bảng theo dõi nhập xuất tồn tổng kho NLMT\"/><item id=\"reportsolarvendordebt\" text=\"Bảng tổng hợp công nợ nhà cung cấp NLMT\"/><item id=\"reportsolarcustomerdebt\" text=\"Bảng theo dõi công nợ khách hàng NLMT\"/></item></item><item id=\"setting\" complex=\"true\" text=\"Cấu hình\"><item id=\"resetpassword\" text=\"Đổi mật khẩu\"/></item><item id=\"logout\" text=\"Đăng xuất\"/></menu>',1),(21,56,'kieu','gdyb21LQTcIANtvYMT7QVQ==','<?xml version=\"1.0\"?><menu><item id=\"reportfunction\" complex=\"true\" text=\"Báo cáo\"><item id=\"reportgas\" complex=\"true\" text=\"Báo cáo gas\"><item id=\"reportlpgimport\" text=\"Bảng theo dõi nhập hàng LPG\"/><item id=\"reportlpgsale\" text=\"Bảng theo dõi bán hàng bồn LPG\"/><item id=\"reportcomparevendor\" text=\"Đối chiếu nhà cung cấp\"/><item id=\"reportvendordebt\" text=\"Bảng theo dõi tổng hợp công nợ NCC\"/><item id=\"reportcomparelpgvendorcustomer\" text=\"Đối chiếu LPG NCC - KH\"/><item id=\"reportlpgstock\" text=\"Sổ theo dõi sản lượng LPG\"/><item id=\"reportlpgstocksum\" text=\"Sổ theo dõi nhập xuất LPG\"/><item id=\"reportlpgstocksumorganization\" text=\"Sổ theo dõi nhập xuất LPG theo nhà cung cấp\"/><item id=\"reportsum\" text=\"Tổng hợp theo dõi nhập xuất LPG\"/><item id=\"reportcompare\" text=\"Đối chiếu công nợ khách hàng\"/><item id=\"reportcomparelpg\" text=\"Bảng theo dõi công nợ khách hàng bồn LPG\"/><item id=\"reportcomparegas\" text=\"Đối chiếu vỏ bình gas\"/><item id=\"reportsale\" text=\"Xuất bán hàng\"/><item id=\"reportsalecustomer\" text=\"Chi tiết bán hàng theo khách hàng\"/><item id=\"reportgascommission\" text=\"Chiết khấu bán hàng - Gas\"/><item id=\"reportgasemployeecommission\" text=\"Thanh toán tiền chiết khấu - Gas\"/><item id=\"reportshell\" text=\"Thống kê vỏ\"/></item><item id=\"reportpetro\" complex=\"true\" text=\"Báo cáo xăng\"><item id=\"reportpetroimport\" text=\"Bảng theo dõi nhập hàng xăng\"/><item id=\"reportpetrosale\" text=\"Xuất bán hàng xăng dầu\"/><item id=\"reportpetrostock\" text=\"Sổ theo dõi NXT xăng dầu tổng hợp\"/><item id=\"reportpetrostockstore\" text=\"Sổ theo dõi NXT xăng dầu theo cửa hàng\"/></item><item id=\"reportgood\" complex=\"true\" text=\"Báo cáo hàng hóa\"><item id=\"reportcomparegood\" text=\"Đối chiếu hàng hóa\"/></item><item id=\"reportoil\" complex=\"true\" text=\"Báo cáo dầu nhớt\"><item id=\"reportoilimport\" text=\"Báo cáo nhập dầu nhớt\"/><item id=\"reportoilstock\" text=\"Báo cáo nhập xuất tồn dầu nhớt\"/><item id=\"reportoilstockh\" text=\"Báo cáo nhập xuất tồn dầu nhớt - Ngang\"/><item id=\"reportoilstocksum\" text=\"Báo cáo nhập xuất tồn tổng hợp dầu nhớt\"/><item id=\"reportoilstocksumh\" text=\"Báo cáo nhập xuất tồn tổng hợp dầu nhớt - Ngang\"/><item id=\"reportoilsale\" text=\"Báo cáo bán hàng dầu nhớt\"/><item id=\"reportoilcompare\" text=\"Đối chiếu dầu nhớt\"/><item id=\"reportoilcommissionagency\" text=\"Báo cáo theo dõi chiết khấu dầu nhớt đại lý\"/><item id=\"reportoilcommissioncustomer\" text=\"Báo cáo theo dõi chiết khấu dầu nhớt khách hàng\"/><item id=\"reportoilvendorstock\" text=\"Bảng theo dõi nhập xuất tồn tổng kho dầu nhớt\"/><item id=\"reportoilvendordebt\" text=\"Bảng tổng hợp công nợ nhà cung cấp dầu nhớt\"/><item id=\"reportoilcustomerdebt\" text=\"Bảng theo dõi công nợ khách hàng dầu nhớt\"/></item><item id=\"reportsolar\" complex=\"true\" text=\"Báo cáo NLMT\"><item id=\"reportsolarimport\" text=\"Báo cáo nhập NLMT\"/><item id=\"reportsolarstock\" text=\"Báo cáo nhập xuất tồn NLMT\"/><item id=\"reportsolarstockh\" text=\"Báo cáo nhập xuất tồn NLMT - Ngang\"/><item id=\"reportsolarstocksum\" text=\"Báo cáo nhập xuất tồn tổng hợp NLMT\"/><item id=\"reportsolarstocksumh\" text=\"Báo cáo nhập xuất tồn tổng hợp NLMT - Ngang\"/><item id=\"reportsolarsale\" text=\"Báo cáo bán hàng NLMT\"/><item id=\"reportsolarcompare\" text=\"Đối chiếu NLMT\"/><item id=\"reportsolarcommissionagency\" text=\"Báo cáo theo dõi chiết khấu NLMT đại lý\"/><item id=\"reportsolarcommissioncustomer\" text=\"Báo cáo theo dõi chiết khấu NLMT khách hàng\"/><item id=\"reportsolarvendorstock\" text=\"Bảng theo dõi nhập xuất tồn tổng kho NLMT\"/><item id=\"reportsolarvendordebt\" text=\"Bảng tổng hợp công nợ nhà cung cấp NLMT\"/><item id=\"reportsolarcustomerdebt\" text=\"Bảng theo dõi công nợ khách hàng NLMT\"/></item><item id=\"reporttransport\" complex=\"true\" text=\"Báo cáo xe\"><item id=\"reporttransportfee\" text=\"Bảng theo dõi chi phí vận chuyển\"/><item id=\"reportvehiclefee\" text=\"Bảng theo dõi chi phí xe\"/><item id=\"reportvehiclesale\" text=\"Bảng theo dõi bán hàng theo xe\"/><item id=\"reporttransportservice\" text=\"Bảng theo dõi chi phí vận chuyển thuê\"/></item><item id=\"reportaccountant\" complex=\"true\" text=\"Báo cáo kế toán\"><item id=\"reportemployeesalary\" text=\"Bảng thanh toán lương\"/><item id=\"reportemployeeoff\" text=\"Bảng theo dõi ngày nghỉ phép\"/><item id=\"reportemployeeworking\" text=\"Bảng theo dõi thời gian công tác\"/><item id=\"reportemployeevehiclesalary\" text=\"Bảng lương nhân viên vận chuyển\"/><item id=\"reportcashbook\" text=\"Báo cáo quỹ tiền\"/></item></item><item id=\"setting\" complex=\"true\" text=\"Cấu hình\"><item id=\"resetpassword\" text=\"Đổi mật khẩu\"/></item><item id=\"logout\" text=\"Đăng xuất\"/></menu>',1),(13,20,'hungcp','/cCtabURudRPI/7nBcUc5g==','<?xml version=\"1.0\"?><menu><item id=\"list\" complex=\"true\" text=\"Khai báo danh mục\"><item id=\"system\" complex=\"true\" text=\"Hệ thống\"><item id=\"users\" complex=\"true\" text=\"Tài khoản hệ thống\"><item id=\"userlist\" text=\"Danh sách tài khoản hệ thống\"/><item id=\"useradd\" text=\"Thêm tài khoản hệ thống\"/></item><item id=\"parameter\" text=\"Thông số hệ thống\"/><item id=\"permissionlist\" text=\"Phân quyền\"/><item id=\"openingstock\" text=\"Số dư đầu kỳ\"/></item><item id=\"organization\" complex=\"true\" text=\"Đơn vị\"><item id=\"organizations\" complex=\"true\" text=\"Đơn vị\"><item id=\"organizationlist\" text=\"Danh sách đơn vị\"/><item id=\"organizationadd\" text=\"Thêm đơn vị\"/></item><item id=\"stores\" complex=\"true\" text=\"Kho\"><item id=\"storelist\" text=\"Danh sách kho\"/><item id=\"storeadd\" text=\"Thêm kho\"/></item><item id=\"employees\" complex=\"true\" text=\"Nhân viên\"><item id=\"employeelist\" text=\"Danh sách nhân viên\"/><item id=\"employeeadd\" text=\"Thêm nhân viên\"/><item id=\"employeefiellist\" text=\"Thông tin động - Nhân viên\"/></item><item id=\"accounts\" complex=\"true\" text=\"Tài khoản ngân hàng\"><item id=\"accountlist\" text=\"Danh sách tài khoản ngân hàng\"/><item id=\"accountadd\" text=\"Thêm tài khoản ngân hàng\"/></item><item id=\"dayoffs\" complex=\"true\" text=\"Ngày nghỉ bù\"><item id=\"dayofflist\" text=\"Danh sách ngày nghỉ bù\"/><item id=\"dayoffadd\" text=\"Thêm ngày nghỉ bù\"/></item><item id=\"otherbonuss\" complex=\"true\" text=\"Khoản thưởng khác\"><item id=\"otherbonuslist\" text=\"Danh sách khoản thưởng khác\"/><item id=\"otherbonusadd\" text=\"Thêm khoản thưởng khác\"/></item><item id=\"paneltys\" complex=\"true\" text=\"Khoản chi khác\"><item id=\"paneltylist\" text=\"Danh sách khoản chi khác\"/><item id=\"paneltyadd\" text=\"Thêm khoản chi khác\"/></item></item><item id=\"good\" complex=\"true\" text=\"Hàng hóa\"><item id=\"units\" complex=\"true\" text=\"Đơn vị tính\"><item id=\"unitlist\" text=\"Danh sách đơn vị tính\"/><item id=\"unitadd\" text=\"Thêm đơn vị tính\"/></item><item id=\"shellkinds\" complex=\"true\" text=\"Loại vỏ bình\"><item id=\"shellkindlist\" text=\"Danh sách loại vỏ bình\"/><item id=\"shellkindadd\" text=\"Thêm loại vỏ bình\"/></item><item id=\"shells\" complex=\"true\" text=\"Vỏ bình\"><item id=\"shelllist\" text=\"Danh sách vỏ bình\"/><item id=\"shelladd\" text=\"Thêm vỏ bình\"/></item><item id=\"accessorykinds\" complex=\"true\" text=\"Loại phụ kiện\"><item id=\"accessorykindlist\" text=\"Danh sách loại phụ kiện\"/><item id=\"accessorykindadd\" text=\"Thêm loại phụ kiện\"/></item><item id=\"accessorys\" complex=\"true\" text=\"Phụ kiện\"><item id=\"accessorylist\" text=\"Danh sách phụ kiện\"/><item id=\"accessoryadd\" text=\"Thêm phụ kiện\"/></item><item id=\"promotionmaterials\" complex=\"true\" text=\"Hàng khuyến mãi\"><item id=\"promotionmateriallist\" text=\"Danh sách hàng khuyến mãi\"/><item id=\"promotionmaterialadd\" text=\"Thêm hàng khuyến mãi\"/></item><item id=\"petros\" complex=\"true\" text=\"Xăng dầu\"><item id=\"petrolist\" text=\"Danh sách hàng xăng dầu\"/><item id=\"petroadd\" text=\"Thêm hàng xăng dầu\"/></item><item id=\"goods\" complex=\"true\" text=\"Hàng hóa\"><item id=\"goodlist\" text=\"Danh sách hàng hóa\"/><item id=\"goodadd\" text=\"Thêm hàng hóa\"/></item></item><item id=\"oil\" complex=\"true\" text=\"Dầu nhớt\"><item id=\"vendoroils\" complex=\"true\" text=\"Nhà cung cấp\"><item id=\"vendoroillist\" text=\"Danh sách nhà cung cấp\"/><item id=\"vendoroiladd\" text=\"Thêm nhà cung cấp\"/></item><item id=\"unitrates\" complex=\"true\" text=\"Qui đổi đơn vị tính\"><item id=\"unitratelist\" text=\"Danh sách qui đổi đơn vị tính\"/><item id=\"unitrateadd\" text=\"Thêm qui đổi đơn vị tính\"/></item><item id=\"agencys\" complex=\"true\" text=\"Đại lý\"><item id=\"agencylist\" text=\"Danh sách đại lý\"/><item id=\"agencyadd\" text=\"Thêm đại lý\"/></item><item id=\"oilgroups\" complex=\"true\" text=\"Nhóm dầu nhớt\"><item id=\"oilgrouplist\" text=\"Danh sách nhóm dầu nhớt\"/><item id=\"oilgroupadd\" text=\"Thêm nhóm dầu nhớt\"/></item><item id=\"oils\" complex=\"true\" text=\"Dầu nhớt\"><item id=\"oillist\" text=\"Danh sách dầu nhớt\"/><item id=\"oiladd\" text=\"Thêm dầu nhớt\"/></item><item id=\"employeeoilcommissions\" complex=\"true\" text=\"Loại chiết khấu bán dầu nhớt\"><item id=\"employeeoilcommissionlist\" text=\"Danh sách loại chiết khấu bán dầu nhớt\"/><item id=\"employeeoilcommissionadd\" text=\"Thêm loại chiết khấu bán dầu nhớt\"/></item><item id=\"saleoilreturnstores\" complex=\"true\" text=\"Kho trả hàng dầu nhớt\"><item id=\"saleoilreturnstoreadd\" text=\"Thêm kho trả hàng dầu nhớt\"/></item></item><item id=\"solar\" complex=\"true\" text=\"Năng lượng mặt trời\"><item id=\"vendorsolars\" complex=\"true\" text=\"Nhà cung cấp\"><item id=\"vendorsolarlist\" text=\"Danh sách nhà cung cấp\"/><item id=\"vendorsolaradd\" text=\"Thêm nhà cung cấp\"/></item><item id=\"solargroups\" complex=\"true\" text=\"Nhóm NLMT\"><item id=\"solargrouplist\" text=\"Danh sách nhóm NLMT\"/><item id=\"solargroupadd\" text=\"Thêm nhóm NLMT\"/></item><item id=\"solars\" complex=\"true\" text=\"NLMT\"><item id=\"solarlist\" text=\"Danh sách NLMT\"/><item id=\"solaradd\" text=\"Thêm NLMT\"/></item><item id=\"employeesolarcommissions\" complex=\"true\" text=\"Loại chiết khấu bán NLMT\"><item id=\"employeesolarcommissionlist\" text=\"Danh sách loại chiết khấu bán NLMT\"/><item id=\"employeesolarcommissionadd\" text=\"Thêm loại chiết khấu bán NLMT\"/></item><item id=\"salesolarreturnstores\" complex=\"true\" text=\"Kho trả hàng NLMT\"><item id=\"salesolarreturnstoreadd\" text=\"Thêm kho trả hàng NLMT\"/></item></item><item id=\"vendor\" complex=\"true\" text=\"Nhà cung cấp\"><item id=\"vendors\" complex=\"true\" text=\"Nhà cung cấp\"><item id=\"vendorlist\" text=\"Danh sách nhà cung cấp\"/><item id=\"vendoradd\" text=\"Thêm nhà cung cấp\"/><item id=\"addgasreturnvendor\" text=\"Nhà cung cấp nhận gas trả\"/><item id=\"vendorfiellist\" text=\"Thông tin động - Nhà cung cấp\"/></item><item id=\"vendororganizations\" complex=\"true\" text=\"Nhà cung cấp liên kết\"><item id=\"vendororganizationlist\" text=\"Danh sách nhà cung cấp liên kết\"/><item id=\"vendororganizationadd\" text=\"Thêm nhà cung cấp liên kết\"/></item><item id=\"vendorcustomers\" complex=\"true\" text=\"Nhà cung cấp - Khách hàng\"><item id=\"vendorcustomerlist\" text=\"Danh sách nhà cung cấp - Khách hàng\"/><item id=\"vendorcustomeradd\" text=\"Thêm nhà cung cấp - Khách hàng\"/></item></item><item id=\"customer\" complex=\"true\" text=\"Khách hàng\"><item id=\"customers\" complex=\"true\" text=\"Khách hàng\"><item id=\"customerlist\" text=\"Danh sách khách hàng\"/><item id=\"customeradd\" text=\"Thêm khách hàng\"/><item id=\"customerfiellist\" text=\"Thông tin động - Khách hàng\"/><item id=\"customerdocumentlist\" text=\"Danh sách văn bản\"/></item><item id=\"discounts\" complex=\"true\" text=\"Chiết khấu - Giảm giá\"><item id=\"discountlist\" text=\"Danh sách Chiết khấu - Giảm giá\"/><item id=\"discountadd\" text=\"Thêm Chiết khấu - Giảm giá\"/></item></item><item id=\"vehicle\" complex=\"true\" text=\"Xe\"><item id=\"vehicles\" complex=\"true\" text=\"Xe\"><item id=\"vehiclelist\" text=\"Danh sách xe\"/><item id=\"vehicleadd\" text=\"Thêm xe\"/></item><item id=\"routes\" complex=\"true\" text=\"Tuyến đường\"><item id=\"routelist\" text=\"Danh sách tuyến đường\"/><item id=\"routeadd\" text=\"Thêm tuyến đường\"/></item></item><item id=\"fixedassetgroup\" complex=\"true\" text=\"Tài sản cố định\"><item id=\"fixedassetgroups\" complex=\"true\" text=\"Nhóm tài sản cố định\"><item id=\"fixedassetgrouplist\" text=\"Danh sách nhóm tài sản cố định\"/><item id=\"fixedassetgroupadd\" text=\"Thêm nhóm tài sản cố định\"/></item><item id=\"fixedassets\" complex=\"true\" text=\"Tài sản cố định\"><item id=\"fixedassetlist\" text=\"Danh sách tài sản cố định\"/><item id=\"fixedassetadd\" text=\"Thêm tài sản cố định\"/></item></item></item><item id=\"employeefunction\" complex=\"true\" text=\"Nghiệp vụ Nhân viên\"><item id=\"employeeadvances\" complex=\"true\" text=\"Nhân viên tạm ứng\"><item id=\"employeeadvancelist\" text=\"Danh sách tạm ứng\"/><item id=\"employeeadvanceadd\" text=\"Thêm tạm ứng\"/></item><item id=\"borrows\" complex=\"true\" text=\"Mượn lương\"><item id=\"borrowlist\" text=\"Danh sách phiếu mượn lương\"/><item id=\"borrowadd\" text=\"Thêm phiếu mượn lương\"/></item><item id=\"employeetimesheets\" complex=\"true\" text=\"Chấm công nhân viên\"><item id=\"employeetimesheetlist\" text=\"Danh sách chấm công\"/><item id=\"employeetimesheetadd\" text=\"Thêm chấm công\"/></item><item id=\"employeeoffs\" complex=\"true\" text=\"Nghỉ phép\"><item id=\"employeeofflist\" text=\"Danh sách nghỉ phép\"/><item id=\"employeeoffadd\" text=\"Thêm nghỉ phép\"/></item><item id=\"employeeoffincreases\" complex=\"true\" text=\"Bù nghỉ phép\"><item id=\"employeeoffincreaselist\" text=\"Danh sách bù nghỉ phép\"/><item id=\"employeeoffincreaseadd\" text=\"Thêm bù nghỉ phép\"/></item><item id=\"employeeoffmoneys\" complex=\"true\" text=\"Thanh toán ngày phép\"><item id=\"employeeoffmoneylist\" text=\"Danh sách thanh toán ngày phép\"/><item id=\"employeeoffmoneyadd\" text=\"Thêm thanh toán ngày phép\"/></item><item id=\"employeeotherbonuss\" complex=\"true\" text=\"Khoản thưởng khác\"><item id=\"employeeotherbonuslist\" text=\"Danh sách khoản thưởng khác\"/><item id=\"employeeotherbonusadd\" text=\"Thêm khoản thưởng khác\"/></item><item id=\"employeepaneltys\" complex=\"true\" text=\"Khoản chi khác\"><item id=\"employeepaneltylist\" text=\"Danh sách khoản chi khác\"/><item id=\"employeepaneltyadd\" text=\"Thêm khoản chi khác\"/></item><item id=\"salarys\" complex=\"true\" text=\"Bảng lương\"><item id=\"salarylist\" text=\"Danh sách bảng lương\"/><item id=\"salarysalaryfiels\" complex=\"true\" text=\"Thông tin động\"><item id=\"salaryfiellist\" text=\"Phụ cấp\"/><item id=\"timesheetfiellist\" text=\"Chấm công\"/></item><item id=\"dynamicfielvalues\" complex=\"true\" text=\"Giá trị thông tin động\"><item id=\"employeesalarylist\" text=\"Danh sách phụ cấp\"/><item id=\"organizationtimesheetlist\" text=\"Danh sách chi phí chấm công\"/></item></item></item><item id=\"vehiclefunction\" complex=\"true\" text=\"Nghiệp vụ Xe\"><item id=\"tripfees\" complex=\"true\" text=\"Chi phí xe\"><item id=\"tripfeelist\" text=\"Danh sách chi phí xe\"/><item id=\"tripfeeadd\" text=\"Thêm chi phí xe\"/></item><item id=\"tripoils\" complex=\"true\" text=\"Ứng dầu\"><item id=\"tripoillist\" text=\"Danh sách ứng dầu\"/><item id=\"tripoiladd\" text=\"Thêm ứng dầu\"/></item><item id=\"employeeroutefees\" complex=\"true\" text=\"Chi phí nhân viên vận chuyển\"><item id=\"employeeroutefeelist\" text=\"Danh sách chi phí nhân viên vận chuyển\"/><item id=\"employeeroutefeeadd\" text=\"Thêm chi phí nhân viên vận chuyển\"/></item><item id=\"vehicleouts\" complex=\"true\" text=\"Xuất xe đi\"><item id=\"vehicleoutlist\" text=\"Danh sách xuất xe đi\"/><item id=\"vehicleoutadd\" text=\"Thêm xuất xe đi\"/></item><item id=\"vehicleins\" complex=\"true\" text=\"Nhập xe về\"><item id=\"vehicleinlist\" text=\"Danh sách nhập xe về\"/><item id=\"vehicleinadd\" text=\"Thêm nhập xe về\"/></item><item id=\"exportwholesales\" complex=\"true\" text=\"Xuất sỉ\"><item id=\"exportwholesalelist\" text=\"Danh sách xuất sỉ\"/><item id=\"exportwholesaleadd\" text=\"Thêm xuất sỉ\"/></item><item id=\"transportservices\" complex=\"true\" text=\"Vận chuyển thuê\"><item id=\"transportservicelist\" text=\"Danh sách vận chuyển thuê\"/><item id=\"transportserviceadd\" text=\"Thêm phiếu vận chuyển thuê\"/></item></item><item id=\"gasfunction\" complex=\"true\" text=\"Nghiệp vụ gas\"><item id=\"shellimports\" complex=\"true\" text=\"Nhập vỏ bình\"><item id=\"shellimportlist\" text=\"Danh sách nhập vỏ bình\"/><item id=\"shellimportadd\" text=\"Thêm nhập vỏ bình\"/></item><item id=\"lpgimports\" complex=\"true\" text=\"Nhập LPG\"><item id=\"lpgimportlist\" text=\"Danh sách nhập LPG\"/><item id=\"lpgimportadd\" text=\"Thêm nhập LPG\"/></item><item id=\"lpgsales\" complex=\"true\" text=\"Bán LPG\"><item id=\"lpgsalelist\" text=\"Danh sách bán LPG\"/><item id=\"lpgsaleadd\" text=\"Thêm bán LPG\"/></item><item id=\"fractions\" complex=\"true\" text=\"Chiết gas\"><item id=\"fractionlist\" text=\"Danh sách chiết gas\"/><item id=\"fractionadd\" text=\"Thêm chiết gas\"/></item><item id=\"gasprices\" complex=\"true\" text=\"Giá bán gas\"><item id=\"gaspricelist\" text=\"Danh sách giá bán gas\"/><item id=\"gaspriceadd\" text=\"Thêm giá bán gas\"/></item><item id=\"gasimports\" complex=\"true\" text=\"Nhập gas\"><item id=\"gasimportlist\" text=\"Danh sách phiếu nhập gas\"/><item id=\"gasimportadd\" text=\"Thêm phiếu nhập gas\"/></item><item id=\"gaswholesales\" complex=\"true\" text=\"Bán gas\"><item id=\"gaswholesalelist\" text=\"Danh sách phiếu bán gas\"/><item id=\"gaswholesaleadd\" text=\"Thêm phiếu bán gas\"/><item id=\"gaswholesalefeelist\" text=\"Danh sách các khoản phí khác\"/></item><item id=\"saleinners\" complex=\"true\" text=\"Bán nội bộ\"><item id=\"saleinnerlist\" text=\"Danh sách phiếu bán nội bộ\"/><item id=\"saleinneradd\" text=\"Thêm phiếu bán nội bộ\"/></item><item id=\"saleshells\" complex=\"true\" text=\"Bán vỏ bình\"><item id=\"saleshelllist\" text=\"Danh sách phiếu bán vỏ bình\"/><item id=\"saleshelladd\" text=\"Thêm phiếu bán vỏ bình\"/></item><item id=\"oldshells\" complex=\"true\" text=\"Điều chỉnh số lượng vỏ bình\"><item id=\"oldshelllist\" text=\"Danh sách điều chỉnh số lượng vỏ bình\"/><item id=\"oldshelladd\" text=\"Thêm điều chỉnh số lượng vỏ bình\"/></item><item id=\"shellreturns\" complex=\"true\" text=\"Trả vỏ bình\"><item id=\"shellreturnlist\" text=\"Danh sách trả vỏ bình\"/><item id=\"shellreturnadd\" text=\"Thêm trả vỏ bình\"/></item><item id=\"shellreturnsuppliers\" complex=\"true\" text=\"Trả vỏ bình NCC\"><item id=\"shellreturnsupplierlist\" text=\"Danh sách trả vỏ bình NCC\"/><item id=\"shellreturnsupplieradd\" text=\"Thêm trả vỏ bình NCC\"/></item><item id=\"lovos\" complex=\"true\" text=\"Làm lò vỏ\"><item id=\"lovolist\" text=\"Danh sách làm lò vỏ\"/><item id=\"lovoadd\" text=\"Thêm làm lò vỏ\"/></item></item><item id=\"goodfunction\" complex=\"true\" text=\"Nghiệp vụ hàng hóa\"><item id=\"petroimports\" complex=\"true\" text=\"Nhập xăng\"><item id=\"petroimportlist\" text=\"Danh sách phiếu nhập xăng\"/><item id=\"petroimportadd\" text=\"Thêm phiếu nhập xăng\"/></item><item id=\"salepetros\" complex=\"true\" text=\"Bán xăng\"><item id=\"salepetrolist\" text=\"Danh sách phiếu bán xăng\"/><item id=\"salepetroadd\" text=\"Thêm phiếu bán xăng\"/></item><item id=\"oilimports\" complex=\"true\" text=\"Nhập dầu nhớt\"><item id=\"oilimportlist\" text=\"Danh sách phiếu nhập dầu nhớt\"/><item id=\"oilimportadd\" text=\"Thêm phiếu nhập dầu nhớt\"/></item><item id=\"saleoils\" complex=\"true\" text=\"Bán dầu nhớt\"><item id=\"saleoillist\" text=\"Danh sách phiếu bán dầu nhớt\"/><item id=\"saleoiladd\" text=\"Thêm phiếu bán dầu nhớt\"/></item><item id=\"oilexports\" complex=\"true\" text=\"Xuất kho dầu nhớt\"><item id=\"oilexportlist\" text=\"Danh sách phiếu xuất kho dầu nhớt\"/></item><item id=\"saleoilreturns\" complex=\"true\" text=\"Trả hàng dầu nhớt\"><item id=\"saleoilreturnlist\" text=\"Danh sách phiếu trả hàng dầu nhớt\"/></item><item id=\"goodimports\" complex=\"true\" text=\"Nhập hàng hóa\"><item id=\"goodimportlist\" text=\"Danh sách phiếu nhập hàng hóa\"/><item id=\"goodimportadd\" text=\"Thêm phiếu nhập hàng hóa\"/></item><item id=\"salegoods\" complex=\"true\" text=\"Bán hàng hóa\"><item id=\"salegoodlist\" text=\"Danh sách phiếu bán hàng hóa\"/><item id=\"salegoodadd\" text=\"Thêm phiếu bán hàng hóa\"/></item><item id=\"shieldimports\" complex=\"true\" text=\"Nhập shield\"><item id=\"shieldimportlist\" text=\"Danh sách phiếu nhập shield\"/><item id=\"shieldimportadd\" text=\"Thêm phiếu nhập shield\"/></item><item id=\"shielddecreases\" complex=\"true\" text=\"Giảm shield\"><item id=\"shielddecreaselist\" text=\"Danh sách phiếu giảm shield\"/><item id=\"shielddecreaseadd\" text=\"Thêm phiếu giảm shield\"/></item><item id=\"accessoryimports\" complex=\"true\" text=\"Nhập phụ kiện\"><item id=\"accessoryimportlist\" text=\"Danh sách phiếu nhập phụ kiện\"/><item id=\"accessoryimportadd\" text=\"Thêm phiếu nhập phụ kiện\"/></item><item id=\"saleaccessorys\" complex=\"true\" text=\"Bán phụ kiện\"><item id=\"saleaccessorylist\" text=\"Danh sách phiếu bán phụ kiện\"/><item id=\"saleaccessoryadd\" text=\"Thêm phiếu bán phụ kiện\"/></item><item id=\"promotionmaterialimports\" complex=\"true\" text=\"Nhập hàng khuyến mãi\"><item id=\"promotionmaterialimportlist\" text=\"Danh sách phiếu nhập hàng khuyến mãi\"/><item id=\"promotionmaterialimportadd\" text=\"Thêm phiếu nhập hàng khuyến mãi\"/></item><item id=\"fixedassetdepreciations\" complex=\"true\" text=\"Khấu hao\"><item id=\"fixedassetdepreciationlist\" text=\"Danh sách phiếu khấu hao\"/><item id=\"fixedassetdepreciationadd\" text=\"Thêm phiếu khấu hao\"/></item><item id=\"solarimports\" complex=\"true\" text=\"Nhập NLMT\"><item id=\"solarimportlist\" text=\"Danh sách phiếu nhập NLMT\"/><item id=\"solarimportadd\" text=\"Thêm phiếu nhập NLMT\"/></item><item id=\"salesolars\" complex=\"true\" text=\"Bán NLMT\"><item id=\"salesolarlist\" text=\"Danh sách phiếu bán NLMT\"/><item id=\"salesolaradd\" text=\"Thêm phiếu bán NLMT\"/></item><item id=\"solarexports\" complex=\"true\" text=\"Xuất kho NLMT\"><item id=\"solarexportlist\" text=\"Danh sách phiếu xuất kho NLMT\"/></item><item id=\"salesolarreturns\" complex=\"true\" text=\"Trả hàng NLMT\"><item id=\"salesolarreturnlist\" text=\"Danh sách phiếu trả hàng NLMT\"/></item></item><item id=\"paymentfunction\" complex=\"true\" text=\"Nghiệp vụ thanh toán\"><item id=\"contracts\" complex=\"true\" text=\"Hợp đồng\"><item id=\"contractlist\" text=\"Danh sách hợp đồng\"/><item id=\"contractadd\" text=\"Thêm hợp đồng\"/></item><item id=\"invoices\" complex=\"true\" text=\"Hóa đơn\"><item id=\"invoicelist\" text=\"Danh sách hóa đơn\"/><item id=\"invoiceadd\" text=\"Thêm hóa đơn\"/></item><item id=\"debtvendors\" complex=\"true\" text=\"Công nợ NCC\"><item id=\"debtvendorlist\" text=\"Danh sách công nợ NCC\"/><item id=\"debtvendoradd\" text=\"Thêm công nợ NCC\"/></item><item id=\"debtwholesales\" complex=\"true\" text=\"Công nợ khách hàng\"><item id=\"debtwholesalelist\" text=\"Danh sách công nợ khách hàng\"/><item id=\"debtwholesaleadd\" text=\"Thêm công nợ khách hàng\"/></item><item id=\"incomes\" complex=\"true\" text=\"Thu\"><item id=\"incomelist\" text=\"Danh sách thu\"/><item id=\"incomeadd\" text=\"Thêm thu\"/></item><item id=\"expenses\" complex=\"true\" text=\"Chi\"><item id=\"expenselist\" text=\"Danh sách chi\"/><item id=\"expenseadd\" text=\"Thêm chi\"/></item><item id=\"debtadjustments\" complex=\"true\" text=\"Điều chỉnh công nợ\"><item id=\"debtadjustmentlist\" text=\"Danh sách điều chỉnh công nợ\"/><item id=\"debtadjustmentadd\" text=\"Thêm điều chỉnh công nợ\"/></item></item><item id=\"reportfunction\" complex=\"true\" text=\"Báo cáo\"><item id=\"reportgas\" complex=\"true\" text=\"Báo cáo gas\"><item id=\"reportlpgimport\" text=\"Bảng theo dõi nhập hàng LPG\"/><item id=\"reportlpgsale\" text=\"Bảng theo dõi bán hàng bồn LPG\"/><item id=\"reportcomparevendor\" text=\"Đối chiếu nhà cung cấp\"/><item id=\"reportvendordebt\" text=\"Bảng theo dõi tổng hợp công nợ NCC\"/><item id=\"reportcomparelpgvendorcustomer\" text=\"Đối chiếu LPG NCC - KH\"/><item id=\"reportlpgstock\" text=\"Sổ theo dõi sản lượng LPG\"/><item id=\"reportlpgstocksum\" text=\"Sổ theo dõi nhập xuất LPG\"/><item id=\"reportlpgstocksumorganization\" text=\"Sổ theo dõi nhập xuất LPG theo nhà cung cấp\"/><item id=\"reportsum\" text=\"Tổng hợp theo dõi nhập xuất LPG\"/><item id=\"reportcompare\" text=\"Đối chiếu công nợ khách hàng\"/><item id=\"reportcomparelpg\" text=\"Bảng theo dõi công nợ khách hàng bồn LPG\"/><item id=\"reportcomparegas\" text=\"Đối chiếu vỏ bình gas\"/><item id=\"reportsale\" text=\"Xuất bán hàng\"/><item id=\"reportsalecustomer\" text=\"Chi tiết bán hàng theo khách hàng\"/><item id=\"reportgascommission\" text=\"Chiết khấu bán hàng - Gas\"/><item id=\"reportgasemployeecommission\" text=\"Thanh toán tiền chiết khấu - Gas\"/><item id=\"reportshell\" text=\"Thống kê vỏ\"/></item><item id=\"reportpetro\" complex=\"true\" text=\"Báo cáo xăng\"><item id=\"reportpetroimport\" text=\"Bảng theo dõi nhập hàng xăng\"/><item id=\"reportpetrosale\" text=\"Xuất bán hàng xăng dầu\"/><item id=\"reportpetrostock\" text=\"Sổ theo dõi NXT xăng dầu tổng hợp\"/><item id=\"reportpetrostockstore\" text=\"Sổ theo dõi NXT xăng dầu theo cửa hàng\"/></item><item id=\"reportgood\" complex=\"true\" text=\"Báo cáo hàng hóa\"><item id=\"reportcomparegood\" text=\"Đối chiếu hàng hóa\"/></item><item id=\"reportoil\" complex=\"true\" text=\"Báo cáo dầu nhớt\"><item id=\"reportoilimport\" text=\"Báo cáo nhập dầu nhớt\"/><item id=\"reportoilstock\" text=\"Báo cáo nhập xuất tồn dầu nhớt\"/><item id=\"reportoilstockh\" text=\"Báo cáo nhập xuất tồn dầu nhớt - Ngang\"/><item id=\"reportoilstocksum\" text=\"Báo cáo nhập xuất tồn tổng hợp dầu nhớt\"/><item id=\"reportoilstocksumh\" text=\"Báo cáo nhập xuất tồn tổng hợp dầu nhớt - Ngang\"/><item id=\"reportoilsale\" text=\"Báo cáo bán hàng dầu nhớt\"/><item id=\"reportoilcompare\" text=\"Đối chiếu dầu nhớt\"/><item id=\"reportoilcommissionagency\" text=\"Báo cáo theo dõi chiết khấu dầu nhớt đại lý\"/><item id=\"reportoilcommissioncustomer\" text=\"Báo cáo theo dõi chiết khấu dầu nhớt khách hàng\"/><item id=\"reportoilvendorstock\" text=\"Bảng theo dõi nhập xuất tồn tổng kho dầu nhớt\"/><item id=\"reportoilvendordebt\" text=\"Bảng tổng hợp công nợ nhà cung cấp dầu nhớt\"/><item id=\"reportoilcustomerdebt\" text=\"Bảng theo dõi công nợ khách hàng dầu nhớt\"/></item><item id=\"reportsolar\" complex=\"true\" text=\"Báo cáo NLMT\"><item id=\"reportsolarimport\" text=\"Báo cáo nhập NLMT\"/><item id=\"reportsolarstock\" text=\"Báo cáo nhập xuất tồn NLMT\"/><item id=\"reportsolarstockh\" text=\"Báo cáo nhập xuất tồn NLMT - Ngang\"/><item id=\"reportsolarstocksum\" text=\"Báo cáo nhập xuất tồn tổng hợp NLMT\"/><item id=\"reportsolarstocksumh\" text=\"Báo cáo nhập xuất tồn tổng hợp NLMT - Ngang\"/><item id=\"reportsolarsale\" text=\"Báo cáo bán hàng NLMT\"/><item id=\"reportsolarcompare\" text=\"Đối chiếu NLMT\"/><item id=\"reportsolarcommissionagency\" text=\"Báo cáo theo dõi chiết khấu NLMT đại lý\"/><item id=\"reportsolarcommissioncustomer\" text=\"Báo cáo theo dõi chiết khấu NLMT khách hàng\"/><item id=\"reportsolarvendorstock\" text=\"Bảng theo dõi nhập xuất tồn tổng kho NLMT\"/><item id=\"reportsolarvendordebt\" text=\"Bảng tổng hợp công nợ nhà cung cấp NLMT\"/><item id=\"reportsolarcustomerdebt\" text=\"Bảng theo dõi công nợ khách hàng NLMT\"/></item><item id=\"reporttransport\" complex=\"true\" text=\"Báo cáo xe\"><item id=\"reporttransportfee\" text=\"Bảng theo dõi chi phí vận chuyển\"/><item id=\"reportvehiclefee\" text=\"Bảng theo dõi chi phí xe\"/><item id=\"reportvehiclesale\" text=\"Bảng theo dõi bán hàng theo xe\"/><item id=\"reporttransportservice\" text=\"Bảng theo dõi chi phí vận chuyển thuê\"/></item><item id=\"reportaccountant\" complex=\"true\" text=\"Báo cáo kế toán\"><item id=\"reportemployeesalary\" text=\"Bảng thanh toán lương\"/><item id=\"reportemployeeoff\" text=\"Bảng theo dõi ngày nghỉ phép\"/><item id=\"reportemployeeworking\" text=\"Bảng theo dõi thời gian công tác\"/><item id=\"reportemployeevehiclesalary\" text=\"Bảng lương nhân viên vận chuyển\"/><item id=\"reportcashbook\" text=\"Báo cáo quỹ tiền\"/></item></item><item id=\"setting\" complex=\"true\" text=\"Cấu hình\"><item id=\"resetpassword\" text=\"Đổi mật khẩu\"/></item><item id=\"logout\" text=\"Đăng xuất\"/></menu>',1),(15,42,'tuht','diCp6WKOVRWZVNbNPauGcg==','<?xml version=\"1.0\"?><menu><item id=\"list\" complex=\"true\" text=\"Khai báo danh mục\"><item id=\"system\" complex=\"true\" text=\"Hệ thống\"><item id=\"users\" complex=\"true\" text=\"Tài khoản hệ thống\"><item id=\"userlist\" text=\"Danh sách tài khoản hệ thống\"/><item id=\"useradd\" text=\"Thêm tài khoản hệ thống\"/></item><item id=\"parameter\" text=\"Thông số hệ thống\"/><item id=\"permissionlist\" text=\"Phân quyền\"/><item id=\"openingstock\" text=\"Số dư đầu kỳ\"/></item><item id=\"organization\" complex=\"true\" text=\"Đơn vị\"><item id=\"organizations\" complex=\"true\" text=\"Đơn vị\"><item id=\"organizationlist\" text=\"Danh sách đơn vị\"/><item id=\"organizationadd\" text=\"Thêm đơn vị\"/></item><item id=\"stores\" complex=\"true\" text=\"Kho\"><item id=\"storelist\" text=\"Danh sách kho\"/><item id=\"storeadd\" text=\"Thêm kho\"/></item><item id=\"employees\" complex=\"true\" text=\"Nhân viên\"><item id=\"employeelist\" text=\"Danh sách nhân viên\"/><item id=\"employeeadd\" text=\"Thêm nhân viên\"/><item id=\"employeefiellist\" text=\"Thông tin động - Nhân viên\"/></item><item id=\"accounts\" complex=\"true\" text=\"Tài khoản ngân hàng\"><item id=\"accountlist\" text=\"Danh sách tài khoản ngân hàng\"/><item id=\"accountadd\" text=\"Thêm tài khoản ngân hàng\"/></item><item id=\"dayoffs\" complex=\"true\" text=\"Ngày nghỉ bù\"><item id=\"dayofflist\" text=\"Danh sách ngày nghỉ bù\"/><item id=\"dayoffadd\" text=\"Thêm ngày nghỉ bù\"/></item><item id=\"otherbonuss\" complex=\"true\" text=\"Khoản thưởng khác\"><item id=\"otherbonuslist\" text=\"Danh sách khoản thưởng khác\"/><item id=\"otherbonusadd\" text=\"Thêm khoản thưởng khác\"/></item><item id=\"paneltys\" complex=\"true\" text=\"Khoản chi khác\"><item id=\"paneltylist\" text=\"Danh sách khoản chi khác\"/><item id=\"paneltyadd\" text=\"Thêm khoản chi khác\"/></item></item><item id=\"good\" complex=\"true\" text=\"Hàng hóa\"><item id=\"units\" complex=\"true\" text=\"Đơn vị tính\"><item id=\"unitlist\" text=\"Danh sách đơn vị tính\"/><item id=\"unitadd\" text=\"Thêm đơn vị tính\"/></item><item id=\"shellkinds\" complex=\"true\" text=\"Loại vỏ bình\"><item id=\"shellkindlist\" text=\"Danh sách loại vỏ bình\"/><item id=\"shellkindadd\" text=\"Thêm loại vỏ bình\"/></item><item id=\"shells\" complex=\"true\" text=\"Vỏ bình\"><item id=\"shelllist\" text=\"Danh sách vỏ bình\"/><item id=\"shelladd\" text=\"Thêm vỏ bình\"/></item><item id=\"accessorykinds\" complex=\"true\" text=\"Loại phụ kiện\"><item id=\"accessorykindlist\" text=\"Danh sách loại phụ kiện\"/><item id=\"accessorykindadd\" text=\"Thêm loại phụ kiện\"/></item><item id=\"accessorys\" complex=\"true\" text=\"Phụ kiện\"><item id=\"accessorylist\" text=\"Danh sách phụ kiện\"/><item id=\"accessoryadd\" text=\"Thêm phụ kiện\"/></item><item id=\"promotionmaterials\" complex=\"true\" text=\"Hàng khuyến mãi\"><item id=\"promotionmateriallist\" text=\"Danh sách hàng khuyến mãi\"/><item id=\"promotionmaterialadd\" text=\"Thêm hàng khuyến mãi\"/></item><item id=\"petros\" complex=\"true\" text=\"Xăng dầu\"><item id=\"petrolist\" text=\"Danh sách hàng xăng dầu\"/><item id=\"petroadd\" text=\"Thêm hàng xăng dầu\"/></item><item id=\"goods\" complex=\"true\" text=\"Hàng hóa\"><item id=\"goodlist\" text=\"Danh sách hàng hóa\"/><item id=\"goodadd\" text=\"Thêm hàng hóa\"/></item></item><item id=\"oil\" complex=\"true\" text=\"Dầu nhớt\"><item id=\"vendoroils\" complex=\"true\" text=\"Nhà cung cấp\"><item id=\"vendoroillist\" text=\"Danh sách nhà cung cấp\"/><item id=\"vendoroiladd\" text=\"Thêm nhà cung cấp\"/></item><item id=\"unitrates\" complex=\"true\" text=\"Qui đổi đơn vị tính\"><item id=\"unitratelist\" text=\"Danh sách qui đổi đơn vị tính\"/><item id=\"unitrateadd\" text=\"Thêm qui đổi đơn vị tính\"/></item><item id=\"agencys\" complex=\"true\" text=\"Đại lý\"><item id=\"agencylist\" text=\"Danh sách đại lý\"/><item id=\"agencyadd\" text=\"Thêm đại lý\"/></item><item id=\"oilgroups\" complex=\"true\" text=\"Nhóm dầu nhớt\"><item id=\"oilgrouplist\" text=\"Danh sách nhóm dầu nhớt\"/><item id=\"oilgroupadd\" text=\"Thêm nhóm dầu nhớt\"/></item><item id=\"oils\" complex=\"true\" text=\"Dầu nhớt\"><item id=\"oillist\" text=\"Danh sách dầu nhớt\"/><item id=\"oiladd\" text=\"Thêm dầu nhớt\"/></item><item id=\"employeeoilcommissions\" complex=\"true\" text=\"Loại chiết khấu bán dầu nhớt\"><item id=\"employeeoilcommissionlist\" text=\"Danh sách loại chiết khấu bán dầu nhớt\"/><item id=\"employeeoilcommissionadd\" text=\"Thêm loại chiết khấu bán dầu nhớt\"/></item><item id=\"saleoilreturnstores\" complex=\"true\" text=\"Kho trả hàng dầu nhớt\"><item id=\"saleoilreturnstoreadd\" text=\"Thêm kho trả hàng dầu nhớt\"/></item></item><item id=\"solar\" complex=\"true\" text=\"Năng lượng mặt trời\"><item id=\"vendorsolars\" complex=\"true\" text=\"Nhà cung cấp\"><item id=\"vendorsolarlist\" text=\"Danh sách nhà cung cấp\"/><item id=\"vendorsolaradd\" text=\"Thêm nhà cung cấp\"/></item><item id=\"solargroups\" complex=\"true\" text=\"Nhóm NLMT\"><item id=\"solargrouplist\" text=\"Danh sách nhóm NLMT\"/><item id=\"solargroupadd\" text=\"Thêm nhóm NLMT\"/></item><item id=\"solars\" complex=\"true\" text=\"NLMT\"><item id=\"solarlist\" text=\"Danh sách NLMT\"/><item id=\"solaradd\" text=\"Thêm NLMT\"/></item><item id=\"employeesolarcommissions\" complex=\"true\" text=\"Loại chiết khấu bán NLMT\"><item id=\"employeesolarcommissionlist\" text=\"Danh sách loại chiết khấu bán NLMT\"/><item id=\"employeesolarcommissionadd\" text=\"Thêm loại chiết khấu bán NLMT\"/></item><item id=\"salesolarreturnstores\" complex=\"true\" text=\"Kho trả hàng NLMT\"><item id=\"salesolarreturnstoreadd\" text=\"Thêm kho trả hàng NLMT\"/></item></item><item id=\"vendor\" complex=\"true\" text=\"Nhà cung cấp\"><item id=\"vendors\" complex=\"true\" text=\"Nhà cung cấp\"><item id=\"vendorlist\" text=\"Danh sách nhà cung cấp\"/><item id=\"vendoradd\" text=\"Thêm nhà cung cấp\"/><item id=\"addgasreturnvendor\" text=\"Nhà cung cấp nhận gas trả\"/><item id=\"vendorfiellist\" text=\"Thông tin động - Nhà cung cấp\"/></item><item id=\"vendororganizations\" complex=\"true\" text=\"Nhà cung cấp liên kết\"><item id=\"vendororganizationlist\" text=\"Danh sách nhà cung cấp liên kết\"/><item id=\"vendororganizationadd\" text=\"Thêm nhà cung cấp liên kết\"/></item><item id=\"vendorcustomers\" complex=\"true\" text=\"Nhà cung cấp - Khách hàng\"><item id=\"vendorcustomerlist\" text=\"Danh sách nhà cung cấp - Khách hàng\"/><item id=\"vendorcustomeradd\" text=\"Thêm nhà cung cấp - Khách hàng\"/></item></item><item id=\"customer\" complex=\"true\" text=\"Khách hàng\"><item id=\"customers\" complex=\"true\" text=\"Khách hàng\"><item id=\"customerlist\" text=\"Danh sách khách hàng\"/><item id=\"customeradd\" text=\"Thêm khách hàng\"/><item id=\"customerfiellist\" text=\"Thông tin động - Khách hàng\"/><item id=\"customerdocumentlist\" text=\"Danh sách văn bản\"/></item><item id=\"discounts\" complex=\"true\" text=\"Chiết khấu - Giảm giá\"><item id=\"discountlist\" text=\"Danh sách Chiết khấu - Giảm giá\"/><item id=\"discountadd\" text=\"Thêm Chiết khấu - Giảm giá\"/></item></item><item id=\"vehicle\" complex=\"true\" text=\"Xe\"><item id=\"vehicles\" complex=\"true\" text=\"Xe\"><item id=\"vehiclelist\" text=\"Danh sách xe\"/><item id=\"vehicleadd\" text=\"Thêm xe\"/></item><item id=\"routes\" complex=\"true\" text=\"Tuyến đường\"><item id=\"routelist\" text=\"Danh sách tuyến đường\"/><item id=\"routeadd\" text=\"Thêm tuyến đường\"/></item></item><item id=\"fixedassetgroup\" complex=\"true\" text=\"Tài sản cố định\"><item id=\"fixedassetgroups\" complex=\"true\" text=\"Nhóm tài sản cố định\"><item id=\"fixedassetgrouplist\" text=\"Danh sách nhóm tài sản cố định\"/><item id=\"fixedassetgroupadd\" text=\"Thêm nhóm tài sản cố định\"/></item><item id=\"fixedassets\" complex=\"true\" text=\"Tài sản cố định\"><item id=\"fixedassetlist\" text=\"Danh sách tài sản cố định\"/><item id=\"fixedassetadd\" text=\"Thêm tài sản cố định\"/></item></item></item><item id=\"employeefunction\" complex=\"true\" text=\"Nghiệp vụ Nhân viên\"><item id=\"employeeadvances\" complex=\"true\" text=\"Nhân viên tạm ứng\"><item id=\"employeeadvancelist\" text=\"Danh sách tạm ứng\"/><item id=\"employeeadvanceadd\" text=\"Thêm tạm ứng\"/></item><item id=\"borrows\" complex=\"true\" text=\"Mượn lương\"><item id=\"borrowlist\" text=\"Danh sách phiếu mượn lương\"/><item id=\"borrowadd\" text=\"Thêm phiếu mượn lương\"/></item><item id=\"employeetimesheets\" complex=\"true\" text=\"Chấm công nhân viên\"><item id=\"employeetimesheetlist\" text=\"Danh sách chấm công\"/><item id=\"employeetimesheetadd\" text=\"Thêm chấm công\"/></item><item id=\"employeeoffs\" complex=\"true\" text=\"Nghỉ phép\"><item id=\"employeeofflist\" text=\"Danh sách nghỉ phép\"/><item id=\"employeeoffadd\" text=\"Thêm nghỉ phép\"/></item><item id=\"employeeoffincreases\" complex=\"true\" text=\"Bù nghỉ phép\"><item id=\"employeeoffincreaselist\" text=\"Danh sách bù nghỉ phép\"/><item id=\"employeeoffincreaseadd\" text=\"Thêm bù nghỉ phép\"/></item><item id=\"employeeoffmoneys\" complex=\"true\" text=\"Thanh toán ngày phép\"><item id=\"employeeoffmoneylist\" text=\"Danh sách thanh toán ngày phép\"/><item id=\"employeeoffmoneyadd\" text=\"Thêm thanh toán ngày phép\"/></item><item id=\"employeeotherbonuss\" complex=\"true\" text=\"Khoản thưởng khác\"><item id=\"employeeotherbonuslist\" text=\"Danh sách khoản thưởng khác\"/><item id=\"employeeotherbonusadd\" text=\"Thêm khoản thưởng khác\"/></item><item id=\"employeepaneltys\" complex=\"true\" text=\"Khoản chi khác\"><item id=\"employeepaneltylist\" text=\"Danh sách khoản chi khác\"/><item id=\"employeepaneltyadd\" text=\"Thêm khoản chi khác\"/></item><item id=\"salarys\" complex=\"true\" text=\"Bảng lương\"><item id=\"salarylist\" text=\"Danh sách bảng lương\"/><item id=\"salarysalaryfiels\" complex=\"true\" text=\"Thông tin động\"><item id=\"salaryfiellist\" text=\"Phụ cấp\"/><item id=\"timesheetfiellist\" text=\"Chấm công\"/></item><item id=\"dynamicfielvalues\" complex=\"true\" text=\"Giá trị thông tin động\"><item id=\"employeesalarylist\" text=\"Danh sách phụ cấp\"/><item id=\"organizationtimesheetlist\" text=\"Danh sách chi phí chấm công\"/></item></item></item><item id=\"vehiclefunction\" complex=\"true\" text=\"Nghiệp vụ Xe\"><item id=\"tripfees\" complex=\"true\" text=\"Chi phí xe\"><item id=\"tripfeelist\" text=\"Danh sách chi phí xe\"/><item id=\"tripfeeadd\" text=\"Thêm chi phí xe\"/></item><item id=\"tripoils\" complex=\"true\" text=\"Ứng dầu\"><item id=\"tripoillist\" text=\"Danh sách ứng dầu\"/><item id=\"tripoiladd\" text=\"Thêm ứng dầu\"/></item><item id=\"employeeroutefees\" complex=\"true\" text=\"Chi phí nhân viên vận chuyển\"><item id=\"employeeroutefeelist\" text=\"Danh sách chi phí nhân viên vận chuyển\"/><item id=\"employeeroutefeeadd\" text=\"Thêm chi phí nhân viên vận chuyển\"/></item><item id=\"vehicleouts\" complex=\"true\" text=\"Xuất xe đi\"><item id=\"vehicleoutlist\" text=\"Danh sách xuất xe đi\"/><item id=\"vehicleoutadd\" text=\"Thêm xuất xe đi\"/></item><item id=\"vehicleins\" complex=\"true\" text=\"Nhập xe về\"><item id=\"vehicleinlist\" text=\"Danh sách nhập xe về\"/><item id=\"vehicleinadd\" text=\"Thêm nhập xe về\"/></item><item id=\"exportwholesales\" complex=\"true\" text=\"Xuất sỉ\"><item id=\"exportwholesalelist\" text=\"Danh sách xuất sỉ\"/><item id=\"exportwholesaleadd\" text=\"Thêm xuất sỉ\"/></item><item id=\"transportservices\" complex=\"true\" text=\"Vận chuyển thuê\"><item id=\"transportservicelist\" text=\"Danh sách vận chuyển thuê\"/><item id=\"transportserviceadd\" text=\"Thêm phiếu vận chuyển thuê\"/></item></item><item id=\"gasfunction\" complex=\"true\" text=\"Nghiệp vụ gas\"><item id=\"shellimports\" complex=\"true\" text=\"Nhập vỏ bình\"><item id=\"shellimportlist\" text=\"Danh sách nhập vỏ bình\"/><item id=\"shellimportadd\" text=\"Thêm nhập vỏ bình\"/></item><item id=\"lpgimports\" complex=\"true\" text=\"Nhập LPG\"><item id=\"lpgimportlist\" text=\"Danh sách nhập LPG\"/><item id=\"lpgimportadd\" text=\"Thêm nhập LPG\"/></item><item id=\"lpgsales\" complex=\"true\" text=\"Bán LPG\"><item id=\"lpgsalelist\" text=\"Danh sách bán LPG\"/><item id=\"lpgsaleadd\" text=\"Thêm bán LPG\"/></item><item id=\"fractions\" complex=\"true\" text=\"Chiết gas\"><item id=\"fractionlist\" text=\"Danh sách chiết gas\"/><item id=\"fractionadd\" text=\"Thêm chiết gas\"/></item><item id=\"gasprices\" complex=\"true\" text=\"Giá bán gas\"><item id=\"gaspricelist\" text=\"Danh sách giá bán gas\"/><item id=\"gaspriceadd\" text=\"Thêm giá bán gas\"/></item><item id=\"gasimports\" complex=\"true\" text=\"Nhập gas\"><item id=\"gasimportlist\" text=\"Danh sách phiếu nhập gas\"/><item id=\"gasimportadd\" text=\"Thêm phiếu nhập gas\"/></item><item id=\"gaswholesales\" complex=\"true\" text=\"Bán gas\"><item id=\"gaswholesalelist\" text=\"Danh sách phiếu bán gas\"/><item id=\"gaswholesaleadd\" text=\"Thêm phiếu bán gas\"/><item id=\"gaswholesalefeelist\" text=\"Danh sách các khoản phí khác\"/></item><item id=\"saleinners\" complex=\"true\" text=\"Bán nội bộ\"><item id=\"saleinnerlist\" text=\"Danh sách phiếu bán nội bộ\"/><item id=\"saleinneradd\" text=\"Thêm phiếu bán nội bộ\"/></item><item id=\"saleshells\" complex=\"true\" text=\"Bán vỏ bình\"><item id=\"saleshelllist\" text=\"Danh sách phiếu bán vỏ bình\"/><item id=\"saleshelladd\" text=\"Thêm phiếu bán vỏ bình\"/></item><item id=\"oldshells\" complex=\"true\" text=\"Điều chỉnh số lượng vỏ bình\"><item id=\"oldshelllist\" text=\"Danh sách điều chỉnh số lượng vỏ bình\"/><item id=\"oldshelladd\" text=\"Thêm điều chỉnh số lượng vỏ bình\"/></item><item id=\"shellreturns\" complex=\"true\" text=\"Trả vỏ bình\"><item id=\"shellreturnlist\" text=\"Danh sách trả vỏ bình\"/><item id=\"shellreturnadd\" text=\"Thêm trả vỏ bình\"/></item><item id=\"shellreturnsuppliers\" complex=\"true\" text=\"Trả vỏ bình NCC\"><item id=\"shellreturnsupplierlist\" text=\"Danh sách trả vỏ bình NCC\"/><item id=\"shellreturnsupplieradd\" text=\"Thêm trả vỏ bình NCC\"/></item><item id=\"lovos\" complex=\"true\" text=\"Làm lò vỏ\"><item id=\"lovolist\" text=\"Danh sách làm lò vỏ\"/><item id=\"lovoadd\" text=\"Thêm làm lò vỏ\"/></item></item><item id=\"goodfunction\" complex=\"true\" text=\"Nghiệp vụ hàng hóa\"><item id=\"petroimports\" complex=\"true\" text=\"Nhập xăng\"><item id=\"petroimportlist\" text=\"Danh sách phiếu nhập xăng\"/><item id=\"petroimportadd\" text=\"Thêm phiếu nhập xăng\"/></item><item id=\"salepetros\" complex=\"true\" text=\"Bán xăng\"><item id=\"salepetrolist\" text=\"Danh sách phiếu bán xăng\"/><item id=\"salepetroadd\" text=\"Thêm phiếu bán xăng\"/></item><item id=\"oilimports\" complex=\"true\" text=\"Nhập dầu nhớt\"><item id=\"oilimportlist\" text=\"Danh sách phiếu nhập dầu nhớt\"/><item id=\"oilimportadd\" text=\"Thêm phiếu nhập dầu nhớt\"/></item><item id=\"saleoils\" complex=\"true\" text=\"Bán dầu nhớt\"><item id=\"saleoillist\" text=\"Danh sách phiếu bán dầu nhớt\"/><item id=\"saleoiladd\" text=\"Thêm phiếu bán dầu nhớt\"/></item><item id=\"oilexports\" complex=\"true\" text=\"Xuất kho dầu nhớt\"><item id=\"oilexportlist\" text=\"Danh sách phiếu xuất kho dầu nhớt\"/></item><item id=\"saleoilreturns\" complex=\"true\" text=\"Trả hàng dầu nhớt\"><item id=\"saleoilreturnlist\" text=\"Danh sách phiếu trả hàng dầu nhớt\"/></item><item id=\"goodimports\" complex=\"true\" text=\"Nhập hàng hóa\"><item id=\"goodimportlist\" text=\"Danh sách phiếu nhập hàng hóa\"/><item id=\"goodimportadd\" text=\"Thêm phiếu nhập hàng hóa\"/></item><item id=\"salegoods\" complex=\"true\" text=\"Bán hàng hóa\"><item id=\"salegoodlist\" text=\"Danh sách phiếu bán hàng hóa\"/><item id=\"salegoodadd\" text=\"Thêm phiếu bán hàng hóa\"/></item><item id=\"shieldimports\" complex=\"true\" text=\"Nhập shield\"><item id=\"shieldimportlist\" text=\"Danh sách phiếu nhập shield\"/><item id=\"shieldimportadd\" text=\"Thêm phiếu nhập shield\"/></item><item id=\"shielddecreases\" complex=\"true\" text=\"Giảm shield\"><item id=\"shielddecreaselist\" text=\"Danh sách phiếu giảm shield\"/><item id=\"shielddecreaseadd\" text=\"Thêm phiếu giảm shield\"/></item><item id=\"accessoryimports\" complex=\"true\" text=\"Nhập phụ kiện\"><item id=\"accessoryimportlist\" text=\"Danh sách phiếu nhập phụ kiện\"/><item id=\"accessoryimportadd\" text=\"Thêm phiếu nhập phụ kiện\"/></item><item id=\"saleaccessorys\" complex=\"true\" text=\"Bán phụ kiện\"><item id=\"saleaccessorylist\" text=\"Danh sách phiếu bán phụ kiện\"/><item id=\"saleaccessoryadd\" text=\"Thêm phiếu bán phụ kiện\"/></item><item id=\"promotionmaterialimports\" complex=\"true\" text=\"Nhập hàng khuyến mãi\"><item id=\"promotionmaterialimportlist\" text=\"Danh sách phiếu nhập hàng khuyến mãi\"/><item id=\"promotionmaterialimportadd\" text=\"Thêm phiếu nhập hàng khuyến mãi\"/></item><item id=\"fixedassetdepreciations\" complex=\"true\" text=\"Khấu hao\"><item id=\"fixedassetdepreciationlist\" text=\"Danh sách phiếu khấu hao\"/><item id=\"fixedassetdepreciationadd\" text=\"Thêm phiếu khấu hao\"/></item><item id=\"solarimports\" complex=\"true\" text=\"Nhập NLMT\"><item id=\"solarimportlist\" text=\"Danh sách phiếu nhập NLMT\"/><item id=\"solarimportadd\" text=\"Thêm phiếu nhập NLMT\"/></item><item id=\"salesolars\" complex=\"true\" text=\"Bán NLMT\"><item id=\"salesolarlist\" text=\"Danh sách phiếu bán NLMT\"/><item id=\"salesolaradd\" text=\"Thêm phiếu bán NLMT\"/></item><item id=\"solarexports\" complex=\"true\" text=\"Xuất kho NLMT\"><item id=\"solarexportlist\" text=\"Danh sách phiếu xuất kho NLMT\"/></item><item id=\"salesolarreturns\" complex=\"true\" text=\"Trả hàng NLMT\"><item id=\"salesolarreturnlist\" text=\"Danh sách phiếu trả hàng NLMT\"/></item></item><item id=\"paymentfunction\" complex=\"true\" text=\"Nghiệp vụ thanh toán\"><item id=\"contracts\" complex=\"true\" text=\"Hợp đồng\"><item id=\"contractlist\" text=\"Danh sách hợp đồng\"/><item id=\"contractadd\" text=\"Thêm hợp đồng\"/></item><item id=\"invoices\" complex=\"true\" text=\"Hóa đơn\"><item id=\"invoicelist\" text=\"Danh sách hóa đơn\"/><item id=\"invoiceadd\" text=\"Thêm hóa đơn\"/></item><item id=\"invoicesolars\" complex=\"true\" text=\"Hóa đơn NLMT\"><item id=\"invoicesolarlist\" text=\"Danh sách hóa đơn NLMT\"/><item id=\"invoicesolaradd\" text=\"Thêm hóa đơn NLMT\"/></item><item id=\"debtvendors\" complex=\"true\" text=\"Công nợ NCC\"><item id=\"debtvendorlist\" text=\"Danh sách công nợ NCC\"/><item id=\"debtvendoradd\" text=\"Thêm công nợ NCC\"/></item><item id=\"debtwholesales\" complex=\"true\" text=\"Công nợ khách hàng\"><item id=\"debtwholesalelist\" text=\"Danh sách công nợ khách hàng\"/><item id=\"debtwholesaleadd\" text=\"Thêm công nợ khách hàng\"/></item><item id=\"incomes\" complex=\"true\" text=\"Thu\"><item id=\"incomelist\" text=\"Danh sách thu\"/><item id=\"incomeadd\" text=\"Thêm thu\"/></item><item id=\"expenses\" complex=\"true\" text=\"Chi\"><item id=\"expenselist\" text=\"Danh sách chi\"/><item id=\"expenseadd\" text=\"Thêm chi\"/></item><item id=\"debtadjustments\" complex=\"true\" text=\"Điều chỉnh công nợ\"><item id=\"debtadjustmentlist\" text=\"Danh sách điều chỉnh công nợ\"/><item id=\"debtadjustmentadd\" text=\"Thêm điều chỉnh công nợ\"/></item></item><item id=\"reportfunction\" complex=\"true\" text=\"Báo cáo\"><item id=\"reportgas\" complex=\"true\" text=\"Báo cáo gas\"><item id=\"reportlpgimport\" text=\"Bảng theo dõi nhập hàng LPG\"/><item id=\"reportlpgsale\" text=\"Bảng theo dõi bán hàng bồn LPG\"/><item id=\"reportcomparevendor\" text=\"Đối chiếu nhà cung cấp\"/><item id=\"reportvendordebt\" text=\"Bảng theo dõi tổng hợp công nợ NCC\"/><item id=\"reportcomparelpgvendorcustomer\" text=\"Đối chiếu LPG NCC - KH\"/><item id=\"reportlpgstock\" text=\"Sổ theo dõi sản lượng LPG\"/><item id=\"reportlpgstocksum\" text=\"Sổ theo dõi nhập xuất LPG\"/><item id=\"reportlpgstocksumorganization\" text=\"Sổ theo dõi nhập xuất LPG theo nhà cung cấp\"/><item id=\"reportsum\" text=\"Tổng hợp theo dõi nhập xuất LPG\"/><item id=\"reportcompare\" text=\"Đối chiếu công nợ khách hàng\"/><item id=\"reportcomparelpg\" text=\"Bảng theo dõi công nợ khách hàng bồn LPG\"/><item id=\"reportcomparegas\" text=\"Đối chiếu vỏ bình gas\"/><item id=\"reportsale\" text=\"Xuất bán hàng\"/><item id=\"reportsalecustomer\" text=\"Chi tiết bán hàng theo khách hàng\"/><item id=\"reportgascommission\" text=\"Chiết khấu bán hàng - Gas\"/><item id=\"reportgasemployeecommission\" text=\"Thanh toán tiền chiết khấu - Gas\"/><item id=\"reportshell\" text=\"Thống kê vỏ\"/></item><item id=\"reportpetro\" complex=\"true\" text=\"Báo cáo xăng\"><item id=\"reportpetroimport\" text=\"Bảng theo dõi nhập hàng xăng\"/><item id=\"reportpetrosale\" text=\"Xuất bán hàng xăng dầu\"/><item id=\"reportpetrostock\" text=\"Sổ theo dõi NXT xăng dầu tổng hợp\"/><item id=\"reportpetrostockstore\" text=\"Sổ theo dõi NXT xăng dầu theo cửa hàng\"/></item><item id=\"reportgood\" complex=\"true\" text=\"Báo cáo hàng hóa\"><item id=\"reportcomparegood\" text=\"Đối chiếu hàng hóa\"/></item><item id=\"reportoil\" complex=\"true\" text=\"Báo cáo dầu nhớt\"><item id=\"reportoilimport\" text=\"Báo cáo nhập dầu nhớt\"/><item id=\"reportoilstock\" text=\"Báo cáo nhập xuất tồn dầu nhớt\"/><item id=\"reportoilstockh\" text=\"Báo cáo nhập xuất tồn dầu nhớt - Ngang\"/><item id=\"reportoilstocksum\" text=\"Báo cáo nhập xuất tồn tổng hợp dầu nhớt\"/><item id=\"reportoilstocksumh\" text=\"Báo cáo nhập xuất tồn tổng hợp dầu nhớt - Ngang\"/><item id=\"reportoilsale\" text=\"Báo cáo bán hàng dầu nhớt\"/><item id=\"reportoilcompare\" text=\"Đối chiếu dầu nhớt\"/><item id=\"reportoilcommissionagency\" text=\"Báo cáo theo dõi chiết khấu dầu nhớt đại lý\"/><item id=\"reportoilcommissioncustomer\" text=\"Báo cáo theo dõi chiết khấu dầu nhớt khách hàng\"/><item id=\"reportoilvendorstock\" text=\"Bảng theo dõi nhập xuất tồn tổng kho dầu nhớt\"/><item id=\"reportoilvendordebt\" text=\"Bảng tổng hợp công nợ nhà cung cấp dầu nhớt\"/><item id=\"reportoilcustomerdebt\" text=\"Bảng theo dõi công nợ khách hàng dầu nhớt\"/></item><item id=\"reportsolar\" complex=\"true\" text=\"Báo cáo NLMT\"><item id=\"reportsolarimport\" text=\"Báo cáo nhập NLMT\"/><item id=\"reportsolarstock\" text=\"Báo cáo nhập xuất tồn NLMT\"/><item id=\"reportsolarstockh\" text=\"Báo cáo nhập xuất tồn NLMT - Ngang\"/><item id=\"reportsolarstocksum\" text=\"Báo cáo nhập xuất tồn tổng hợp NLMT\"/><item id=\"reportsolarstocksumh\" text=\"Báo cáo nhập xuất tồn tổng hợp NLMT - Ngang\"/><item id=\"reportsolarsale\" text=\"Báo cáo bán hàng NLMT\"/><item id=\"reportsolarcompare\" text=\"Đối chiếu NLMT\"/><item id=\"reportsolarcommissionagency\" text=\"Báo cáo theo dõi chiết khấu NLMT đại lý\"/><item id=\"reportsolarcommissioncustomer\" text=\"Báo cáo theo dõi chiết khấu NLMT khách hàng\"/><item id=\"reportsolarvendorstock\" text=\"Bảng theo dõi nhập xuất tồn tổng kho NLMT\"/><item id=\"reportsolarvendordebt\" text=\"Bảng tổng hợp công nợ nhà cung cấp NLMT\"/><item id=\"reportsolarcustomerdebt\" text=\"Bảng theo dõi công nợ khách hàng NLMT\"/></item><item id=\"reporttransport\" complex=\"true\" text=\"Báo cáo xe\"><item id=\"reporttransportfee\" text=\"Bảng theo dõi chi phí vận chuyển\"/><item id=\"reportvehiclefee\" text=\"Bảng theo dõi chi phí xe\"/><item id=\"reportvehiclesale\" text=\"Bảng theo dõi bán hàng theo xe\"/><item id=\"reporttransportservice\" text=\"Bảng theo dõi chi phí vận chuyển thuê\"/></item><item id=\"reportaccountant\" complex=\"true\" text=\"Báo cáo kế toán\"><item id=\"reportemployeesalary\" text=\"Bảng thanh toán lương\"/><item id=\"reportemployeeoff\" text=\"Bảng theo dõi ngày nghỉ phép\"/><item id=\"reportemployeeworking\" text=\"Bảng theo dõi thời gian công tác\"/><item id=\"reportemployeevehiclesalary\" text=\"Bảng lương nhân viên vận chuyển\"/><item id=\"reportcashbook\" text=\"Báo cáo quỹ tiền\"/></item></item><item id=\"setting\" complex=\"true\" text=\"Cấu hình\"><item id=\"resetpassword\" text=\"Đổi mật khẩu\"/></item><item id=\"logout\" text=\"Đăng xuất\"/></menu>',1),(16,53,'luyle','JfnnlDI7RTiF9RgfG2JNCw==','<?xml version=\"1.0\"?><menu><item id=\"list\" complex=\"true\" text=\"Khai báo danh mục\"><item id=\"system\" complex=\"true\" text=\"Hệ thống\"><item id=\"openingstock\" text=\"Số dư đầu kỳ\"/></item><item id=\"oil\" complex=\"true\" text=\"Dầu nhớt\"><item id=\"vendoroils\" complex=\"true\" text=\"Nhà cung cấp\"><item id=\"vendoroillist\" text=\"Danh sách nhà cung cấp\"/></item><item id=\"oilgroups\" complex=\"true\" text=\"Nhóm dầu nhớt\"><item id=\"oilgrouplist\" text=\"Danh sách nhóm dầu nhớt\"/><item id=\"oilgroupadd\" text=\"Thêm nhóm dầu nhớt\"/></item><item id=\"oils\" complex=\"true\" text=\"Dầu nhớt\"><item id=\"oillist\" text=\"Danh sách dầu nhớt\"/><item id=\"oiladd\" text=\"Thêm dầu nhớt\"/></item></item><item id=\"solar\" complex=\"true\" text=\"Năng lượng mặt trời\"><item id=\"vendorsolars\" complex=\"true\" text=\"Nhà cung cấp\"><item id=\"vendorsolarlist\" text=\"Danh sách nhà cung cấp\"/></item><item id=\"solargroups\" complex=\"true\" text=\"Nhóm NLMT\"><item id=\"solargrouplist\" text=\"Danh sách nhóm NLMT\"/><item id=\"solargroupadd\" text=\"Thêm nhóm NLMT\"/></item><item id=\"solars\" complex=\"true\" text=\"NLMT\"><item id=\"solarlist\" text=\"Danh sách NLMT\"/><item id=\"solaradd\" text=\"Thêm NLMT\"/></item><item id=\"employeesolarcommissions\" complex=\"true\" text=\"Loại chiết khấu bán NLMT\"><item id=\"employeesolarcommissionlist\" text=\"Danh sách loại chiết khấu bán NLMT\"/><item id=\"employeesolarcommissionadd\" text=\"Thêm loại chiết khấu bán NLMT\"/></item></item><item id=\"vendor\" complex=\"true\" text=\"Nhà cung cấp\"><item id=\"vendors\" complex=\"true\" text=\"Nhà cung cấp\"><item id=\"vendorlist\" text=\"Danh sách nhà cung cấp\"/><item id=\"vendoradd\" text=\"Thêm nhà cung cấp\"/><item id=\"addgasreturnvendor\" text=\"Nhà cung cấp nhận gas trả\"/></item><item id=\"vendororganizations\" complex=\"true\" text=\"Nhà cung cấp liên kết\"><item id=\"vendororganizationlist\" text=\"Danh sách nhà cung cấp liên kết\"/><item id=\"vendororganizationadd\" text=\"Thêm nhà cung cấp liên kết\"/></item><item id=\"vendorcustomers\" complex=\"true\" text=\"Nhà cung cấp - Khách hàng\"><item id=\"vendorcustomerlist\" text=\"Danh sách nhà cung cấp - Khách hàng\"/><item id=\"vendorcustomeradd\" text=\"Thêm nhà cung cấp - Khách hàng\"/></item></item><item id=\"customer\" complex=\"true\" text=\"Khách hàng\"><item id=\"customers\" complex=\"true\" text=\"Khách hàng\"><item id=\"customerlist\" text=\"Danh sách khách hàng\"/><item id=\"customeradd\" text=\"Thêm khách hàng\"/></item></item></item><item id=\"goodfunction\" complex=\"true\" text=\"Nghiệp vụ hàng hóa\"><item id=\"oilimports\" complex=\"true\" text=\"Nhập dầu nhớt\"><item id=\"oilimportlist\" text=\"Danh sách phiếu nhập dầu nhớt\"/><item id=\"oilimportadd\" text=\"Thêm phiếu nhập dầu nhớt\"/></item><item id=\"saleoils\" complex=\"true\" text=\"Bán dầu nhớt\"><item id=\"saleoillist\" text=\"Danh sách phiếu bán dầu nhớt\"/><item id=\"saleoiladd\" text=\"Thêm phiếu bán dầu nhớt\"/></item><item id=\"oilexports\" complex=\"true\" text=\"Xuất kho dầu nhớt\"><item id=\"oilexportlist\" text=\"Danh sách phiếu xuất kho dầu nhớt\"/></item><item id=\"saleoilreturns\" complex=\"true\" text=\"Trả hàng dầu nhớt\"><item id=\"saleoilreturnlist\" text=\"Danh sách phiếu trả hàng dầu nhớt\"/></item><item id=\"solarimports\" complex=\"true\" text=\"Nhập NLMT\"><item id=\"solarimportlist\" text=\"Danh sách phiếu nhập NLMT\"/><item id=\"solarimportadd\" text=\"Thêm phiếu nhập NLMT\"/></item><item id=\"salesolars\" complex=\"true\" text=\"Bán NLMT\"><item id=\"salesolarlist\" text=\"Danh sách phiếu bán NLMT\"/><item id=\"salesolaradd\" text=\"Thêm phiếu bán NLMT\"/></item><item id=\"solarexports\" complex=\"true\" text=\"Xuất kho NLMT\"><item id=\"solarexportlist\" text=\"Danh sách phiếu xuất kho NLMT\"/></item><item id=\"salesolarreturns\" complex=\"true\" text=\"Trả hàng NLMT\"><item id=\"salesolarreturnlist\" text=\"Danh sách phiếu trả hàng NLMT\"/></item></item><item id=\"paymentfunction\" complex=\"true\" text=\"Nghiệp vụ thanh toán\"><item id=\"invoices\" complex=\"true\" text=\"Hóa đơn\"><item id=\"invoicelist\" text=\"Danh sách hóa đơn\"/><item id=\"invoiceadd\" text=\"Thêm hóa đơn\"/></item><item id=\"invoicesolars\" complex=\"true\" text=\"Hóa đơn NLMT\"><item id=\"invoicesolarlist\" text=\"Danh sách hóa đơn NLMT\"/><item id=\"invoicesolaradd\" text=\"Thêm hóa đơn NLMT\"/></item><item id=\"debtvendors\" complex=\"true\" text=\"Công nợ NCC\"><item id=\"debtvendorlist\" text=\"Danh sách công nợ NCC\"/><item id=\"debtvendoradd\" text=\"Thêm công nợ NCC\"/></item><item id=\"debtwholesales\" complex=\"true\" text=\"Công nợ khách hàng\"><item id=\"debtwholesalelist\" text=\"Danh sách công nợ khách hàng\"/><item id=\"debtwholesaleadd\" text=\"Thêm công nợ khách hàng\"/></item><item id=\"incomes\" complex=\"true\" text=\"Thu\"><item id=\"incomelist\" text=\"Danh sách thu\"/><item id=\"incomeadd\" text=\"Thêm thu\"/></item><item id=\"expenses\" complex=\"true\" text=\"Chi\"><item id=\"expenselist\" text=\"Danh sách chi\"/><item id=\"expenseadd\" text=\"Thêm chi\"/></item><item id=\"debtadjustments\" complex=\"true\" text=\"Điều chỉnh công nợ\"><item id=\"debtadjustmentlist\" text=\"Danh sách điều chỉnh công nợ\"/><item id=\"debtadjustmentadd\" text=\"Thêm điều chỉnh công nợ\"/></item></item><item id=\"reportfunction\" complex=\"true\" text=\"Báo cáo\"><item id=\"reportoil\" complex=\"true\" text=\"Báo cáo dầu nhớt\"><item id=\"reportoilimport\" text=\"Báo cáo nhập dầu nhớt\"/><item id=\"reportoilstock\" text=\"Báo cáo nhập xuất tồn dầu nhớt\"/><item id=\"reportoilstockh\" text=\"Báo cáo nhập xuất tồn dầu nhớt - Ngang\"/><item id=\"reportoilstocksum\" text=\"Báo cáo nhập xuất tồn tổng hợp dầu nhớt\"/><item id=\"reportoilstocksumh\" text=\"Báo cáo nhập xuất tồn tổng hợp dầu nhớt - Ngang\"/><item id=\"reportoilsale\" text=\"Báo cáo bán hàng dầu nhớt\"/><item id=\"reportoilcompare\" text=\"Đối chiếu dầu nhớt\"/><item id=\"reportoilcommissionagency\" text=\"Báo cáo theo dõi chiết khấu dầu nhớt đại lý\"/><item id=\"reportoilcommissioncustomer\" text=\"Báo cáo theo dõi chiết khấu dầu nhớt khách hàng\"/><item id=\"reportoilvendorstock\" text=\"Bảng theo dõi nhập xuất tồn tổng kho dầu nhớt\"/><item id=\"reportoilvendordebt\" text=\"Bảng tổng hợp công nợ nhà cung cấp dầu nhớt\"/><item id=\"reportoilcustomerdebt\" text=\"Bảng theo dõi công nợ khách hàng dầu nhớt\"/></item><item id=\"reportsolar\" complex=\"true\" text=\"Báo cáo NLMT\"><item id=\"reportsolarimport\" text=\"Báo cáo nhập NLMT\"/><item id=\"reportsolarstock\" text=\"Báo cáo nhập xuất tồn NLMT\"/><item id=\"reportsolarstockh\" text=\"Báo cáo nhập xuất tồn NLMT - Ngang\"/><item id=\"reportsolarstocksum\" text=\"Báo cáo nhập xuất tồn tổng hợp NLMT\"/><item id=\"reportsolarstocksumh\" text=\"Báo cáo nhập xuất tồn tổng hợp NLMT - Ngang\"/><item id=\"reportsolarsale\" text=\"Báo cáo bán hàng NLMT\"/><item id=\"reportsolarcompare\" text=\"Đối chiếu NLMT\"/><item id=\"reportsolarcommissionagency\" text=\"Báo cáo theo dõi chiết khấu NLMT đại lý\"/><item id=\"reportsolarcommissioncustomer\" text=\"Báo cáo theo dõi chiết khấu NLMT khách hàng\"/><item id=\"reportsolarvendorstock\" text=\"Bảng theo dõi nhập xuất tồn tổng kho NLMT\"/><item id=\"reportsolarvendordebt\" text=\"Bảng tổng hợp công nợ nhà cung cấp NLMT\"/><item id=\"reportsolarcustomerdebt\" text=\"Bảng theo dõi công nợ khách hàng NLMT\"/></item></item><item id=\"setting\" complex=\"true\" text=\"Cấu hình\"><item id=\"resetpassword\" text=\"Đổi mật khẩu\"/></item><item id=\"logout\" text=\"Đăng xuất\"/></menu>',1);

/*Table structure for table `vehicle` */

DROP TABLE IF EXISTS `vehicle`;

CREATE TABLE `vehicle` (
  `id` int(11) NOT NULL AUTO_INCREMENT,
  `plate` varchar(255) COLLATE utf8_unicode_ci DEFAULT NULL,
  `note` text COLLATE utf8_unicode_ci,
  `allowance` double DEFAULT NULL,
  PRIMARY KEY (`id`)
) ENGINE=MyISAM AUTO_INCREMENT=14 DEFAULT CHARSET=utf8 COLLATE=utf8_unicode_ci;

/*Data for the table `vehicle` */

insert  into `vehicle`(`id`,`plate`,`note`,`allowance`) values (6,'72C-06534','Xe tải chở Gas 72C-06534',NULL),(5,'72C-07468','Xe bồn chở Gas 72C-07468',NULL),(7,'72C-09728','Xe tải chở Gas 72C-09728',NULL),(8,'72C-06784','Xe tải chở Gas 72C-06784',NULL),(9,'72C-13179','Xe xitec chở xăng dầu 20.000L 72C-13179',NULL),(10,'72C-06625','Xe xitec chở xăng dầu 16.000L 72C-06625',NULL),(11,'51C-98349','Xe bán tải 51C-98349',NULL),(13,'72c-13905','xe tải chở gas 72C - 13905',0);

/*Table structure for table `vehicle_in` */

DROP TABLE IF EXISTS `vehicle_in`;

CREATE TABLE `vehicle_in` (
  `id` int(11) NOT NULL AUTO_INCREMENT,
  `code` varchar(20) COLLATE utf8_unicode_ci DEFAULT NULL,
  `employee_id` int(11) DEFAULT NULL,
  `created_date` date DEFAULT NULL,
  `vehicle_out_id` int(11) DEFAULT NULL,
  `note` text COLLATE utf8_unicode_ci,
  `created_employee_id` int(11) DEFAULT NULL,
  PRIMARY KEY (`id`)
) ENGINE=MyISAM AUTO_INCREMENT=45 DEFAULT CHARSET=utf8 COLLATE=utf8_unicode_ci;

/*Data for the table `vehicle_in` */

insert  into `vehicle_in`(`id`,`code`,`employee_id`,`created_date`,`vehicle_out_id`,`note`,`created_employee_id`) values (1,'20200404-VI-0001',NULL,'2020-04-01',3,'',35),(2,'20200404-VI-0002',NULL,'2020-04-01',4,'',35),(3,'20200406-VI-0001',NULL,'2020-04-02',5,'',35),(4,'20200406-VI-0002',NULL,'2020-04-02',6,'',35),(5,'20200406-VI-0003',NULL,'2020-04-03',10,'',35),(6,'20200406-VI-0004',NULL,'2020-04-03',11,'',35),(7,'20200407-VI-0001',NULL,'2020-04-04',14,'',35),(8,'20200407-VI-0002',NULL,'2020-04-04',15,'',35),(9,'20200407-VI-0003',NULL,'2020-04-04',16,'',35),(10,'20200410-VI-0001',NULL,'2020-04-07',23,'',35),(11,'20200410-VI-0002',NULL,'2020-04-07',24,'',35),(12,'20200410-VI-0003',NULL,'2020-04-08',25,'',35),(13,'20200410-VI-0004',NULL,'2020-04-08',26,'',35),(14,'20200410-VI-0005',NULL,'2020-04-08',27,'',35),(15,'20200413-VI-0001',NULL,'2020-04-09',28,'',35),(16,'20200413-VI-0002',NULL,'2020-04-09',29,'',35),(17,'20200413-VI-0003',NULL,'2020-04-10',32,'',35),(18,'20200413-VI-0004',NULL,'2020-04-10',34,'',35),(19,'20200413-VI-0005',NULL,'2020-04-11',35,'',35),(20,'20200414-VI-0001',NULL,'2020-04-13',39,'',35),(21,'20200414-VI-0002',NULL,'2020-04-13',40,'',35),(22,'20200414-VI-0003',NULL,'2020-04-13',41,'',35),(23,'20200415-VI-0001',NULL,'2020-04-14',43,'',35),(24,'20200415-VI-0002',NULL,'2020-04-14',44,'',35),(25,'20200415-VI-0003',NULL,'2020-04-14',45,'',35),(26,'20200417-VI-0001',NULL,'2020-04-15',47,'',35),(27,'20200417-VI-0002',NULL,'2020-04-15',49,'',35),(28,'20200417-VI-0003',NULL,'2020-04-16',50,'',35),(29,'20200417-VI-0004',NULL,'2020-04-16',51,'',35),(30,'20200417-VI-0005',NULL,'2020-04-17',54,'',35),(31,'20200417-VI-0006',NULL,'2020-04-17',55,'',35),(32,'20200417-VI-0007',NULL,'2020-04-17',56,'',35),(33,'20200423-VI-0001',NULL,'2020-04-18',65,'',35),(34,'20200424-VI-0001',NULL,'2020-04-21',67,'',35),(35,'20200424-VI-0002',NULL,'2020-04-21',69,'',35),(36,'20200424-VI-0003',NULL,'2020-04-21',70,'',35),(37,'20200424-VI-0004',NULL,'2020-04-22',71,'',35),(38,'20200424-VI-0005',NULL,'2020-04-22',73,'',35),(39,'20200426-VI-0001',NULL,'2020-04-24',74,'',35),(40,'20200426-VI-0002',NULL,'2020-04-24',75,'',35),(41,'20200426-VI-0003',NULL,'2020-04-24',76,'',35),(42,'20200427-VI-0001',NULL,'2020-04-25',79,'',35),(43,'20200427-VI-0002',NULL,'2020-04-25',80,'',35),(44,'20200427-VI-0003',NULL,'2020-04-25',81,'',35);

/*Table structure for table `vehicle_in_accessory_detail` */

DROP TABLE IF EXISTS `vehicle_in_accessory_detail`;

CREATE TABLE `vehicle_in_accessory_detail` (
  `id` int(11) NOT NULL AUTO_INCREMENT,
  `vehicle_in_id` int(11) DEFAULT NULL,
  `accessory_id` int(11) DEFAULT NULL,
  `quantity` int(11) DEFAULT NULL,
  `price` double DEFAULT NULL,
  `amount` double DEFAULT NULL,
  PRIMARY KEY (`id`)
) ENGINE=InnoDB DEFAULT CHARSET=utf8 COLLATE=utf8_unicode_ci;

/*Data for the table `vehicle_in_accessory_detail` */

/*Table structure for table `vehicle_in_detail` */

DROP TABLE IF EXISTS `vehicle_in_detail`;

CREATE TABLE `vehicle_in_detail` (
  `id` int(11) NOT NULL AUTO_INCREMENT,
  `vehicle_in_id` int(11) DEFAULT NULL,
  `shell_id` int(11) DEFAULT NULL COMMENT 'shell_id in shell_vendor',
  `quantity` int(5) DEFAULT NULL,
  `price` double DEFAULT NULL,
  `amount` double DEFAULT NULL,
  PRIMARY KEY (`id`)
) ENGINE=MyISAM AUTO_INCREMENT=46 DEFAULT CHARSET=utf8 COLLATE=utf8_unicode_ci;

/*Data for the table `vehicle_in_detail` */

insert  into `vehicle_in_detail`(`id`,`vehicle_in_id`,`shell_id`,`quantity`,`price`,`amount`) values (1,1,1,1,0,0),(2,2,1,7,0,0),(3,3,1,1,0,0),(4,4,1,2,0,0),(5,5,1,7,0,0),(6,6,1,10,0,0),(7,7,1,7,0,0),(8,8,1,26,0,0),(9,9,1,4,0,0),(10,10,1,2,0,0),(11,11,1,20,0,0),(12,12,1,26,0,0),(13,13,1,59,0,0),(14,14,1,50,0,0),(15,15,1,2,0,0),(16,16,1,27,0,0),(17,17,1,78,0,0),(18,18,1,1,0,0),(19,19,1,44,0,0),(20,20,1,1,0,0),(21,21,1,12,0,0),(22,22,1,2,0,0),(23,23,1,1,0,0),(24,24,1,27,0,0),(25,24,4,1,0,0),(26,25,1,65,0,0),(27,26,1,1,0,0),(28,27,1,51,0,0),(29,28,1,1,0,0),(30,29,1,61,0,0),(31,30,1,5,0,0),(32,31,1,31,0,0),(33,32,1,59,0,0),(34,33,1,11,0,0),(35,34,1,4,0,0),(36,35,1,24,0,0),(37,36,1,2,0,0),(38,37,1,40,0,0),(39,38,1,43,0,0),(40,39,1,1,0,0),(41,40,1,1,0,0),(42,41,1,22,0,0),(43,42,1,43,0,0),(44,43,1,24,0,0),(45,44,1,2,0,0);

/*Table structure for table `vehicle_in_oil_export_detail` */

DROP TABLE IF EXISTS `vehicle_in_oil_export_detail`;

CREATE TABLE `vehicle_in_oil_export_detail` (
  `id` int(11) NOT NULL AUTO_INCREMENT,
  `vehicle_in_id` int(11) DEFAULT NULL,
  `oil_export_id` int(11) DEFAULT NULL,
  PRIMARY KEY (`id`)
) ENGINE=InnoDB DEFAULT CHARSET=utf8 COLLATE=utf8_unicode_ci;

/*Data for the table `vehicle_in_oil_export_detail` */

/*Table structure for table `vehicle_in_return_shell_detail` */

DROP TABLE IF EXISTS `vehicle_in_return_shell_detail`;

CREATE TABLE `vehicle_in_return_shell_detail` (
  `id` int(11) NOT NULL AUTO_INCREMENT,
  `vehicle_in_id` int(11) DEFAULT NULL,
  `shell_id` int(11) DEFAULT NULL,
  `quantity` int(5) DEFAULT NULL,
  PRIMARY KEY (`id`)
) ENGINE=MyISAM AUTO_INCREMENT=10 DEFAULT CHARSET=utf8 COLLATE=utf8_unicode_ci;

/*Data for the table `vehicle_in_return_shell_detail` */

/*Table structure for table `vehicle_out` */

DROP TABLE IF EXISTS `vehicle_out`;

CREATE TABLE `vehicle_out` (
  `id` int(11) NOT NULL AUTO_INCREMENT,
  `code` varchar(255) COLLATE utf8_unicode_ci DEFAULT NULL,
  `created_date` date DEFAULT NULL,
  `vehicle_id` int(11) DEFAULT NULL,
  `note` text COLLATE utf8_unicode_ci,
  `created_employee_id` int(11) DEFAULT NULL,
  PRIMARY KEY (`id`)
) ENGINE=MyISAM AUTO_INCREMENT=83 DEFAULT CHARSET=utf8 COLLATE=utf8_unicode_ci;

/*Data for the table `vehicle_out` */

insert  into `vehicle_out`(`id`,`code`,`created_date`,`vehicle_id`,`note`,`created_employee_id`) values (1,'20200404-VO-0001','2020-04-01',11,'',35),(2,'20200404-VO-0002','2020-04-01',7,'',35),(3,'20200404-VO-0003','2020-04-01',13,'',35),(4,'20200404-VO-0004','2020-04-01',6,'',35),(5,'20200406-VO-0001','2020-04-02',6,'',35),(6,'20200406-VO-0002','2020-04-02',6,'',35),(7,'20200406-VO-0003','2020-04-02',13,'',35),(8,'20200406-VO-0004','2020-04-02',7,'',35),(9,'20200406-VO-0005','2020-04-03',7,'',35),(10,'20200406-VO-0006','2020-04-03',7,'',35),(11,'20200406-VO-0007','2020-04-03',13,'',35),(12,'20200406-VO-0008','2020-04-03',6,'',35),(13,'20200407-VO-0001','2020-04-04',6,'',35),(14,'20200407-VO-0002','2020-04-04',6,'',35),(15,'20200407-VO-0003','2020-04-04',7,'',35),(16,'20200407-VO-0004','2020-04-04',13,'',35),(17,'20200407-VO-0005','2020-04-06',11,'',35),(18,'20200407-VO-0006','2020-04-06',7,'',35),(19,'20200407-VO-0007','2020-04-06',13,'',35),(20,'20200407-VO-0008','2020-04-06',6,'',35),(21,'20200409-VO-0001','2020-04-07',6,'',35),(22,'20200409-VO-0002','2020-04-07',6,'',35),(23,'20200409-VO-0003','2020-04-07',13,'',35),(24,'20200410-VO-0001','2020-04-07',7,'',35),(25,'20200410-VO-0002','2020-04-08',7,'',35),(26,'20200410-VO-0003','2020-04-08',13,'',35),(27,'20200410-VO-0004','2020-04-08',6,'',35),(28,'20200413-VO-0001','2020-04-09',6,'',35),(29,'20200413-VO-0002','2020-04-09',7,'',35),(30,'20200413-VO-0003','2020-04-09',13,'',35),(31,'20200413-VO-0004','2020-04-09',13,'',35),(32,'20200413-VO-0005','2020-04-10',7,'',35),(33,'20200413-VO-0006','2020-04-10',13,'',35),(34,'20200413-VO-0007','2020-04-10',6,'',35),(35,'20200413-VO-0008','2020-04-11',6,'',35),(36,'20200413-VO-0009','2020-04-11',13,'',35),(37,'20200413-VO-0010','2020-04-11',7,'',35),(38,'20200414-VO-0001','2020-04-13',11,'',35),(39,'20200414-VO-0002','2020-04-13',7,'',35),(40,'20200414-VO-0003','2020-04-13',13,'',35),(41,'20200414-VO-0004','2020-04-13',6,'',35),(42,'20200415-VO-0001','2020-04-14',6,'',35),(43,'20200415-VO-0002','2020-04-14',6,'',35),(44,'20200415-VO-0003','2020-04-14',7,'',35),(45,'20200415-VO-0004','2020-04-14',13,'',35),(46,'20200417-VO-0001','2020-04-15',11,'',35),(47,'20200417-VO-0002','2020-04-15',7,'',35),(48,'20200417-VO-0003','2020-04-15',13,'',35),(49,'20200417-VO-0004','2020-04-15',6,'',35),(50,'20200417-VO-0005','2020-04-16',6,'',35),(51,'20200417-VO-0006','2020-04-16',13,'',35),(52,'20200417-VO-0007','2020-04-16',11,'',35),(53,'20200417-VO-0008','2020-04-17',11,'',35),(54,'20200417-VO-0009','2020-04-17',7,'',35),(55,'20200417-VO-0010','2020-04-17',13,'',35),(56,'20200417-VO-0011','2020-04-17',6,'',35),(57,'20200420-VO-0001','2020-04-20',6,'',20),(58,'20200420-VO-0002','2020-04-20',7,'',20),(59,'20200420-VO-0003','2020-04-20',13,'',20),(60,'20200420-VO-0004','2020-04-20',11,'',20),(61,'20200422-VO-0001','2020-04-23',6,'',20),(62,'20200422-VO-0002','2020-04-23',7,'',20),(63,'20200422-VO-0003','2020-04-23',13,'',20),(64,'20200423-VO-0001','2020-04-18',6,'',35),(65,'20200423-VO-0002','2020-04-18',7,'',35),(66,'20200423-VO-0003','2020-04-18',13,'',35),(67,'20200424-VO-0001','2020-04-21',6,'',35),(68,'20200424-VO-0002','2020-04-21',13,'',35),(69,'20200424-VO-0003','2020-04-21',13,'',35),(70,'20200424-VO-0004','2020-04-21',7,'',35),(71,'20200424-VO-0005','2020-04-22',7,'',35),(72,'20200424-VO-0006','2020-04-22',13,'',35),(73,'20200424-VO-0007','2020-04-22',6,'',35),(74,'20200426-VO-0001','2020-04-24',7,'',35),(75,'20200426-VO-0002','2020-04-24',13,'',35),(76,'20200426-VO-0003','2020-04-24',6,'',35),(77,'20200426-VO-0004','2020-04-24',11,'',35),(78,'20200426-VO-0005','2020-04-25',8,'',35),(79,'20200426-VO-0006','2020-04-25',6,'',35),(80,'20200426-VO-0007','2020-04-25',6,'',35),(81,'20200426-VO-0008','2020-04-25',7,'',35),(82,'20200427-VO-0001','2020-04-25',13,'',35);

/*Table structure for table `vehicle_out_detail` */

DROP TABLE IF EXISTS `vehicle_out_detail`;

CREATE TABLE `vehicle_out_detail` (
  `id` int(11) NOT NULL AUTO_INCREMENT,
  `vehicle_out_id` int(11) DEFAULT NULL,
  `shell_id` int(11) DEFAULT NULL COMMENT 'shell_id in shell_vendor',
  `quantity` int(5) DEFAULT NULL,
  `price` double DEFAULT NULL,
  `amount` double DEFAULT NULL,
  `note` text COLLATE utf8_unicode_ci,
  PRIMARY KEY (`id`)
) ENGINE=MyISAM AUTO_INCREMENT=127 DEFAULT CHARSET=utf8 COLLATE=utf8_unicode_ci;

/*Data for the table `vehicle_out_detail` */

insert  into `vehicle_out_detail`(`id`,`vehicle_out_id`,`shell_id`,`quantity`,`price`,`amount`,`note`) values (1,1,1,10,0,0,NULL),(2,2,1,289,0,0,NULL),(3,2,4,5,0,0,NULL),(4,3,1,222,0,0,NULL),(5,4,1,350,0,0,NULL),(7,5,1,283,0,0,NULL),(8,5,4,2,0,0,NULL),(9,6,1,130,0,0,NULL),(10,7,1,147,0,0,NULL),(11,8,1,230,0,0,NULL),(12,9,1,308,0,0,NULL),(13,10,1,100,0,0,NULL),(14,11,1,284,0,0,NULL),(15,11,4,1,0,0,NULL),(16,12,1,250,0,0,NULL),(17,13,1,331,0,0,NULL),(18,14,1,41,0,0,NULL),(19,15,1,184,0,0,NULL),(20,15,4,3,0,0,NULL),(21,16,1,276,0,0,NULL),(22,16,4,4,0,0,NULL),(23,17,1,1,0,0,NULL),(24,17,4,4,0,0,NULL),(25,18,1,300,0,0,NULL),(26,19,1,286,0,0,NULL),(27,19,4,3,0,0,NULL),(28,20,1,330,0,0,NULL),(29,20,4,1,0,0,NULL),(30,21,1,314,0,0,NULL),(31,21,4,5,0,0,NULL),(32,22,1,72,0,0,NULL),(33,23,1,187,0,0,NULL),(34,23,4,1,0,0,NULL),(35,24,1,223,0,0,NULL),(36,24,4,13,0,0,NULL),(37,25,1,252,0,0,NULL),(38,25,4,3,0,0,NULL),(39,26,1,242,0,0,NULL),(40,26,4,3,0,0,NULL),(41,27,1,210,0,0,NULL),(42,28,1,302,0,0,NULL),(43,28,4,1,0,0,NULL),(44,29,1,170,0,0,NULL),(45,29,4,10,0,0,NULL),(46,30,1,180,0,0,NULL),(47,30,4,1,0,0,NULL),(48,31,1,140,0,0,NULL),(49,32,1,344,0,0,NULL),(50,32,4,5,0,0,NULL),(51,33,1,275,0,0,NULL),(52,33,4,6,0,0,NULL),(53,34,1,270,0,0,NULL),(54,34,4,1,0,0,NULL),(55,35,1,320,0,0,NULL),(56,36,1,220,0,0,NULL),(57,36,4,1,0,0,NULL),(58,37,1,100,0,0,NULL),(59,38,1,1,0,0,NULL),(60,39,1,300,0,0,NULL),(61,40,1,283,0,0,NULL),(62,40,4,3,0,0,NULL),(63,41,1,330,0,0,NULL),(71,46,1,5,0,0,NULL),(65,42,1,318,0,0,NULL),(66,42,4,3,0,0,NULL),(67,43,1,70,0,0,NULL),(68,44,1,140,0,0,NULL),(69,44,4,4,0,0,NULL),(70,45,1,250,0,0,NULL),(72,47,1,280,0,0,NULL),(73,48,1,224,0,0,NULL),(74,49,1,200,0,0,NULL),(75,49,4,1,0,0,NULL),(76,50,1,297,0,0,NULL),(77,50,4,3,0,0,NULL),(78,51,1,145,0,0,NULL),(79,51,4,1,0,0,NULL),(80,52,4,4,0,0,NULL),(81,53,1,1,0,0,NULL),(82,54,1,290,0,0,NULL),(83,55,1,290,0,0,NULL),(84,55,4,2,0,0,NULL),(85,56,1,280,0,0,NULL),(86,57,1,328,0,0,NULL),(87,57,4,4,0,0,NULL),(88,58,1,313,0,0,NULL),(89,58,4,4,0,0,NULL),(90,59,1,280,0,0,NULL),(91,60,1,11,0,0,NULL),(92,61,1,280,0,0,NULL),(93,61,4,4,0,0,NULL),(94,62,1,130,0,0,NULL),(95,62,4,3,0,0,NULL),(96,63,1,160,0,0,NULL),(97,63,4,1,0,0,NULL),(98,64,1,334,0,0,NULL),(99,64,4,6,0,0,NULL),(100,65,1,167,0,0,NULL),(101,65,4,11,0,0,NULL),(102,66,1,250,0,0,NULL),(103,67,1,275,0,0,NULL),(104,67,4,5,0,0,NULL),(105,68,1,214,0,0,NULL),(106,68,4,3,0,0,NULL),(107,69,1,147,0,0,NULL),(108,70,1,204,0,0,NULL),(109,71,1,283,0,0,NULL),(110,71,4,4,0,0,NULL),(111,72,1,234,0,0,NULL),(112,72,4,6,0,0,NULL),(113,73,1,220,0,0,NULL),(114,74,1,281,0,0,NULL),(115,75,1,250,0,0,NULL),(116,75,4,14,0,0,NULL),(117,76,1,280,0,0,NULL),(118,77,1,1,0,0,NULL),(119,78,1,100,0,0,NULL),(120,79,1,242,0,0,NULL),(121,79,4,5,0,0,NULL),(122,80,1,152,0,0,NULL),(123,81,1,205,0,0,NULL),(124,81,4,14,0,0,NULL),(125,82,1,302,0,0,NULL),(126,82,4,2,0,0,NULL);

/*Table structure for table `vehicle_out_employee_detail` */

DROP TABLE IF EXISTS `vehicle_out_employee_detail`;

CREATE TABLE `vehicle_out_employee_detail` (
  `id` int(11) NOT NULL AUTO_INCREMENT,
  `vehicle_out_id` int(11) DEFAULT NULL,
  `employee_id` int(11) DEFAULT NULL,
  `note` text COLLATE utf8_unicode_ci,
  PRIMARY KEY (`id`)
) ENGINE=MyISAM AUTO_INCREMENT=205 DEFAULT CHARSET=utf8 COLLATE=utf8_unicode_ci;

/*Data for the table `vehicle_out_employee_detail` */

insert  into `vehicle_out_employee_detail`(`id`,`vehicle_out_id`,`employee_id`,`note`) values (1,1,20,''),(2,2,28,''),(3,2,34,''),(4,2,46,''),(5,3,24,''),(6,3,51,''),(7,3,27,''),(8,4,50,''),(9,4,26,''),(10,5,28,''),(11,5,27,''),(12,5,26,''),(13,6,28,''),(14,6,27,''),(15,6,26,''),(16,7,50,''),(17,7,51,''),(18,8,24,''),(19,8,34,''),(20,9,28,''),(21,9,34,''),(22,9,46,''),(23,10,28,''),(24,10,34,''),(25,10,46,''),(26,11,24,''),(27,11,51,''),(28,11,27,''),(29,12,50,''),(30,12,26,''),(31,12,30,''),(32,13,28,''),(33,13,27,''),(34,13,26,''),(35,14,28,''),(36,14,27,''),(37,14,26,''),(38,15,24,''),(39,15,34,''),(40,16,50,''),(41,16,51,''),(42,18,28,''),(43,18,34,''),(44,18,46,''),(45,19,24,''),(46,19,51,''),(47,19,27,''),(48,20,50,''),(49,20,26,''),(50,20,30,''),(51,17,20,''),(52,21,28,''),(53,21,27,''),(54,21,26,''),(55,22,28,''),(56,22,27,''),(57,22,26,''),(58,23,50,''),(59,23,51,''),(60,24,24,''),(61,24,34,''),(62,25,28,''),(63,25,34,''),(64,25,46,''),(65,26,24,''),(66,26,27,''),(67,26,51,''),(68,27,50,''),(69,27,26,''),(70,28,25,''),(71,28,26,''),(72,28,27,''),(73,29,24,''),(74,29,34,''),(75,30,50,''),(76,30,51,''),(77,31,50,''),(78,31,51,''),(79,32,28,''),(80,32,34,''),(81,32,46,''),(82,33,24,''),(83,33,27,''),(84,33,44,''),(85,34,50,''),(86,34,26,''),(87,34,30,''),(88,35,28,''),(89,35,27,''),(90,35,26,''),(91,36,50,''),(92,36,51,''),(93,36,44,''),(94,37,24,''),(95,37,34,''),(96,38,20,''),(97,39,28,''),(98,39,34,''),(99,39,46,''),(100,40,24,''),(101,40,27,''),(102,40,51,''),(103,41,50,''),(104,41,26,''),(105,41,30,''),(106,42,28,''),(107,42,27,''),(108,42,26,''),(109,43,28,''),(110,43,27,''),(111,43,26,''),(112,44,24,''),(113,44,34,''),(114,45,50,''),(115,45,51,''),(116,46,20,''),(117,47,28,''),(118,47,34,''),(119,47,46,''),(120,48,24,''),(121,48,27,''),(122,48,51,''),(123,49,50,''),(124,49,26,''),(125,50,28,''),(126,50,26,''),(127,50,27,''),(128,51,50,''),(129,51,51,''),(130,52,20,''),(131,53,20,''),(132,54,28,''),(133,54,34,''),(134,54,46,''),(135,55,24,''),(136,55,51,''),(137,55,27,''),(138,56,50,''),(139,56,26,''),(140,56,30,''),(141,57,50,''),(142,57,30,''),(143,57,26,''),(144,58,28,''),(145,58,46,''),(146,58,34,''),(147,59,24,''),(148,59,27,''),(149,59,51,''),(150,60,20,''),(151,61,28,''),(152,61,26,''),(153,61,27,''),(154,62,24,''),(155,62,34,''),(156,63,41,''),(157,63,51,''),(158,64,28,''),(159,64,27,''),(160,64,26,''),(161,65,24,''),(162,65,34,''),(163,66,50,''),(164,66,51,''),(165,67,28,''),(166,67,27,''),(167,67,26,''),(168,68,50,''),(169,68,51,''),(170,69,50,''),(171,69,51,''),(172,70,24,''),(173,70,34,''),(174,71,28,''),(175,71,34,''),(176,71,46,''),(177,72,51,''),(178,72,27,''),(179,73,50,''),(180,73,26,''),(181,72,44,''),(182,74,28,''),(183,74,34,''),(184,74,44,''),(185,75,24,''),(186,75,27,''),(187,75,41,''),(188,76,51,''),(189,76,26,''),(190,76,30,''),(191,77,20,''),(192,78,25,''),(193,78,23,''),(194,79,28,''),(195,79,26,''),(196,79,27,''),(197,80,28,''),(198,80,26,''),(199,80,27,''),(200,81,24,''),(201,81,34,''),(202,82,51,''),(203,82,41,''),(204,82,44,'');

/*Table structure for table `vendor` */

DROP TABLE IF EXISTS `vendor`;

CREATE TABLE `vendor` (
  `id` int(11) NOT NULL AUTO_INCREMENT,
  `code` varchar(20) COLLATE utf8_unicode_ci DEFAULT NULL,
  `name` varchar(255) COLLATE utf8_unicode_ci DEFAULT NULL,
  `address` varchar(255) COLLATE utf8_unicode_ci DEFAULT NULL,
  `tax` varchar(50) COLLATE utf8_unicode_ci DEFAULT NULL,
  `phone` varchar(50) COLLATE utf8_unicode_ci DEFAULT NULL,
  `fax` varchar(50) COLLATE utf8_unicode_ci DEFAULT NULL,
  `organization_id` int(11) DEFAULT NULL,
  `status` int(1) DEFAULT '1' COMMENT '0: dang khoa, 1: dang su dung',
  `equal_organization_id` int(11) DEFAULT '-1',
  `has_stock` int(1) DEFAULT '0' COMMENT '0:khong tinh NXT, 1:tinh NXT',
  `is_gas` int(1) DEFAULT '0',
  `is_petro` int(1) DEFAULT '0',
  `is_good` int(1) DEFAULT '0',
  `is_transport` int(1) DEFAULT '0',
  `is_oil` int(1) DEFAULT '0',
  `is_solar` int(1) DEFAULT '0',
  `commision_on_import` float DEFAULT '0',
  `max_debt` double DEFAULT '0' COMMENT 'cong no toi da cho phep',
  PRIMARY KEY (`id`)
) ENGINE=MyISAM AUTO_INCREMENT=48 DEFAULT CHARSET=utf8 COLLATE=utf8_unicode_ci;

/*Data for the table `vendor` */

insert  into `vendor`(`id`,`code`,`name`,`address`,`tax`,`phone`,`fax`,`organization_id`,`status`,`equal_organization_id`,`has_stock`,`is_gas`,`is_petro`,`is_good`,`is_transport`,`is_oil`,`is_solar`,`commision_on_import`,`max_debt`) values (24,'VIMEXCO','Công ty CP Thương Mại va Dịch Vụ Dầu Khí Vũng Tàu','KCN Gò dầu - Đồng Nai','','02513541977','',1,1,-1,0,1,0,0,0,0,0,0,0),(16,'KDK','Công ty kinh doanh sản phẩm khí',NULL,NULL,NULL,NULL,1,1,-1,1,1,0,0,0,0,0,0,0),(15,'THIENHA','Công ty TNHH Dầu Khí Thiên Hà','','','','',1,1,-1,1,1,0,0,1,0,0,0,0),(23,'HUNGTHINH','Công ty TNHH Khí Hoá Lỏng Hưng Thịnh','','','','',14,1,14,1,1,0,0,0,0,0,0,0),(18,'TCP','Công Ty TNHH Thanh Châu Phát',NULL,NULL,NULL,NULL,1,1,-1,0,0,1,0,0,0,0,0,0),(19,'PVO MD','Công ty cổ phần xăng dầu dầu khí Vũng Tàu',NULL,NULL,NULL,NULL,1,1,-1,0,0,1,0,0,0,0,0,0),(20,'NIWA','CÔNG TY TNHH NIWA','','','','',1,1,-1,0,0,0,0,0,1,0,43,0),(21,'HGA','Công Ty TNHH Hưng Gia Anh',NULL,NULL,NULL,NULL,1,1,-1,1,1,0,0,0,0,0,0,0),(22,'QuangTrung','Công ty TNHH Quang Trung','','','','',1,1,1,1,1,0,0,1,0,0,0,0),(25,'PN','Phú Nguyên','','','','',1,1,-1,0,0,0,0,1,0,0,0,0),(26,'MK','Mekong','','','','',1,1,-1,0,0,0,0,0,1,0,0,0),(27,'NASCA','NASCA','','','','',1,1,-1,0,0,0,0,0,1,0,0,0),(28,'HN','Hàng Ngoài','','','','',1,1,-1,0,1,0,0,0,0,0,0,0),(29,'CALTEX','CÔNG TY TNHH NGUYỄN ĐẶNG','Đồng Nai','','0969494340','',1,1,-1,0,0,0,0,0,1,0,0,0),(30,'GROWATT','GROWATT','CHINA','','','',1,1,-1,0,0,0,0,0,0,1,0,0),(31,'TINDAT','TÍN ĐẠT','VIỆT NAM','','','',1,1,-1,0,0,0,0,0,0,1,0,0),(32,'JINKO','JINKO','CHINA','','','',1,1,-1,0,0,0,0,0,0,1,0,0),(33,'DJSC','DJSC','','','','',1,1,-1,0,0,0,0,0,0,1,0,0),(34,'NINGBO','NINGBO','','','','',1,1,-1,0,0,0,0,0,0,1,0,0),(35,'SUNFORSON','SUNFORSON','','','','',1,1,-1,0,0,0,0,0,0,1,0,0),(36,'NHOM KHAC','NHÓM KHÁC','','','','',1,1,-1,0,0,0,0,0,0,1,0,0),(37,'Goomax','Goomax','','','','',1,1,-1,0,0,0,0,0,0,1,0,0),(38,'LONGI SOLAR','LONGI SOLAR','','','','',1,1,-1,0,0,0,0,0,0,1,0,0),(39,'Sungrow','Sungrow','','','','',1,1,-1,0,0,0,0,0,0,1,0,0),(40,'QuangTrung','Công ty TNHH Quang Trung','','','','',15,1,1,1,1,0,0,0,0,0,0,0),(41,'Canadian Solar','Canadian Solar','101 thomson road,No.15-03 United Square Singapore 307591','','','',1,1,-1,0,0,0,0,0,0,1,0,0),(42,'SUNBRIGHT','CÔNG TY TNNNH THƯƠNG MẠI & KỸ THUẬT SUNBRIGHT','194A/Ô 3,KP THANH TÂN,TT ĐẤT ĐỎ,H.ĐẤT ĐỎ,T.BRVT','','0985 870 676','',1,1,-1,0,0,0,0,0,0,1,0,0),(43,'Thanh chau phat','Thanh Châu Phát','','','','',1,1,-1,0,0,1,0,0,0,0,0,0),(44,'Pvoil MĐ','PV oil Miền Đông','','','','',1,1,-1,0,0,1,0,0,0,0,0,0),(45,'Nhap kho','Nhập kho','','','','',1,1,-1,0,0,1,0,0,0,0,0,0),(46,'Tau bac thinh','Tàu Thịnh Thảo','','','','',1,1,-1,0,0,1,0,0,0,0,0,0),(47,'xebon','Xe bồn','','','','',1,1,-1,0,0,1,0,0,0,0,0,0);

/*Table structure for table `vendor_customer` */

DROP TABLE IF EXISTS `vendor_customer`;

CREATE TABLE `vendor_customer` (
  `id` int(11) NOT NULL AUTO_INCREMENT,
  `organization_id` int(11) DEFAULT NULL,
  `vendor_id` int(11) DEFAULT NULL,
  `customer_id` int(11) DEFAULT NULL,
  PRIMARY KEY (`id`)
) ENGINE=InnoDB AUTO_INCREMENT=5 DEFAULT CHARSET=utf8 COLLATE=utf8_unicode_ci;

/*Data for the table `vendor_customer` */

insert  into `vendor_customer`(`id`,`organization_id`,`vendor_id`,`customer_id`) values (1,1,23,124),(2,14,22,205),(3,1,15,165),(4,1,24,218);

/*Table structure for table `vendor_debt` */

DROP TABLE IF EXISTS `vendor_debt`;

CREATE TABLE `vendor_debt` (
  `id` int(11) NOT NULL AUTO_INCREMENT,
  `code` varchar(255) COLLATE utf8_unicode_ci DEFAULT NULL,
  `created_date` date DEFAULT NULL,
  `content` text COLLATE utf8_unicode_ci,
  `vendor_id` int(11) DEFAULT NULL,
  `paid` double DEFAULT NULL,
  `account_id` int(11) DEFAULT NULL,
  `note` text COLLATE utf8_unicode_ci,
  `created_employee_id` int(11) DEFAULT NULL,
  `kind` int(1) DEFAULT NULL COMMENT '1:tien hang, 2:tien van chuyen',
  PRIMARY KEY (`id`)
) ENGINE=MyISAM AUTO_INCREMENT=8 DEFAULT CHARSET=utf8 COLLATE=utf8_unicode_ci;

/*Data for the table `vendor_debt` */

insert  into `vendor_debt`(`id`,`code`,`created_date`,`content`,`vendor_id`,`paid`,`account_id`,`note`,`created_employee_id`,`kind`) values (1,'20200409-DV-0001','2020-04-06',NULL,15,1000000000,9,'',35,1),(2,'20200411-DV-0001','2020-04-06',NULL,16,100000000,9,'',35,1),(3,'20200411-DV-0002','2020-04-09',NULL,16,446000000,9,'',35,1),(4,'20200411-DV-0003','2020-04-10',NULL,16,175000000,9,'',35,1),(5,'20200416-DV-0001','2020-04-17',NULL,16,169000000,10,'',35,1),(6,'20200416-DV-0002','2020-04-17',NULL,16,960000000,9,'',35,1),(7,'20200428-DV-0001','2020-04-28',NULL,16,500000000,9,'',35,1);

/*Table structure for table `vendor_in_stock` */

DROP TABLE IF EXISTS `vendor_in_stock`;

CREATE TABLE `vendor_in_stock` (
  `id` int(11) NOT NULL AUTO_INCREMENT,
  `day` date DEFAULT NULL,
  `vendor_id` int(11) DEFAULT NULL,
  `organization_id` int(11) DEFAULT NULL,
  `amount` double DEFAULT '0',
  `shell_12` int(11) DEFAULT '0',
  `shell_45` int(11) DEFAULT '0',
  `transport_amount` double DEFAULT '0',
  PRIMARY KEY (`id`)
) ENGINE=InnoDB AUTO_INCREMENT=31 DEFAULT CHARSET=utf8 COLLATE=utf8_unicode_ci;

/*Data for the table `vendor_in_stock` */

insert  into `vendor_in_stock`(`id`,`day`,`vendor_id`,`organization_id`,`amount`,`shell_12`,`shell_45`,`transport_amount`) values (1,'2020-04-01',15,14,0,0,0,0),(2,'2020-04-01',23,14,0,0,0,0),(3,'2020-04-01',22,14,0,0,0,0),(4,'2020-04-01',19,1,0,0,0,0),(5,'2020-04-01',24,1,-19518090,0,0,0),(6,'2020-04-01',16,1,2508066746,0,0,0),(7,'2020-04-01',15,1,584951753,0,0,0),(8,'2020-04-01',21,1,0,0,0,0),(9,'2020-04-01',23,1,0,0,0,0),(10,'2020-04-01',29,1,0,0,0,0),(11,'2020-04-01',22,1,0,0,0,0),(12,'2020-04-01',18,1,0,0,0,0),(13,'2020-04-01',28,1,0,0,0,0),(14,'2020-04-01',26,1,0,0,0,0),(15,'2020-04-01',27,1,0,0,0,0),(16,'2020-04-01',20,1,936542505,0,0,0),(17,'2020-04-01',25,1,0,0,0,0),(18,'2020-04-01',40,15,0,0,0,0),(19,'2020-04-01',41,1,0,0,0,0),(20,'2020-04-01',42,1,0,0,0,0),(21,'2020-04-01',33,1,0,0,0,0),(22,'2020-04-01',37,1,0,0,0,0),(23,'2020-04-01',30,1,0,0,0,0),(24,'2020-04-01',32,1,0,0,0,0),(25,'2020-04-01',38,1,0,0,0,0),(26,'2020-04-01',36,1,0,0,0,0),(27,'2020-04-01',34,1,0,0,0,0),(28,'2020-04-01',35,1,0,0,0,0),(29,'2020-04-01',39,1,0,0,0,0),(30,'2020-04-01',31,1,0,0,0,0);

/*Table structure for table `vendor_oil_store` */

DROP TABLE IF EXISTS `vendor_oil_store`;

CREATE TABLE `vendor_oil_store` (
  `id` int(11) NOT NULL AUTO_INCREMENT,
  `vendor_id` int(11) DEFAULT NULL,
  `store_id` int(11) DEFAULT NULL,
  PRIMARY KEY (`id`)
) ENGINE=InnoDB DEFAULT CHARSET=utf8 COLLATE=utf8_unicode_ci;

/*Data for the table `vendor_oil_store` */

/*Table structure for table `vendor_organization` */

DROP TABLE IF EXISTS `vendor_organization`;

CREATE TABLE `vendor_organization` (
  `id` int(11) NOT NULL AUTO_INCREMENT,
  `vendor_id` int(11) DEFAULT NULL,
  `organization_id` int(11) DEFAULT NULL,
  PRIMARY KEY (`id`)
) ENGINE=InnoDB AUTO_INCREMENT=49 DEFAULT CHARSET=utf8 COLLATE=utf8_unicode_ci;

/*Data for the table `vendor_organization` */

insert  into `vendor_organization`(`id`,`vendor_id`,`organization_id`) values (11,15,1),(12,16,1),(16,18,1),(17,19,1),(18,20,1),(19,21,1),(20,22,1),(21,23,14),(22,23,1),(23,22,14),(24,15,14),(25,24,1),(26,25,1),(27,26,1),(28,27,1),(29,28,1),(30,29,1),(31,30,1),(32,31,1),(33,32,1),(34,33,1),(35,34,1),(36,35,1),(37,36,1),(38,37,1),(39,38,1),(40,39,1),(41,40,15),(42,41,1),(43,42,1),(44,43,1),(45,44,1),(46,45,1),(47,46,1),(48,47,1);

/*Table structure for table `vendor_solar_store` */

DROP TABLE IF EXISTS `vendor_solar_store`;

CREATE TABLE `vendor_solar_store` (
  `id` int(11) NOT NULL AUTO_INCREMENT,
  `vendor_id` int(11) DEFAULT NULL,
  `store_id` int(11) DEFAULT NULL,
  PRIMARY KEY (`id`)
) ENGINE=InnoDB DEFAULT CHARSET=utf8 COLLATE=utf8_unicode_ci;

/*Data for the table `vendor_solar_store` */

/*Table structure for table `wholesale_debt` */

DROP TABLE IF EXISTS `wholesale_debt`;

CREATE TABLE `wholesale_debt` (
  `id` int(11) NOT NULL AUTO_INCREMENT,
  `code` varchar(255) COLLATE utf8_unicode_ci DEFAULT NULL,
  `created_date` date DEFAULT NULL,
  `content` text COLLATE utf8_unicode_ci,
  `customer_id` int(11) DEFAULT NULL,
  `paid` double DEFAULT NULL,
  `account_id` int(11) DEFAULT NULL,
  `note` text COLLATE utf8_unicode_ci,
  `created_employee_id` int(11) DEFAULT NULL,
  `kind` int(1) DEFAULT NULL COMMENT '1:tien hang, 2:tien van chuyen',
  `gas_wholesale_id` int(11) DEFAULT NULL,
  PRIMARY KEY (`id`)
) ENGINE=MyISAM AUTO_INCREMENT=95 DEFAULT CHARSET=utf8 COLLATE=utf8_unicode_ci;

/*Data for the table `wholesale_debt` */

insert  into `wholesale_debt`(`id`,`code`,`created_date`,`content`,`customer_id`,`paid`,`account_id`,`note`,`created_employee_id`,`kind`,`gas_wholesale_id`) values (1,'20200404-GS-0014_aut','2020-04-01',NULL,147,3000000,5,'',35,1,14),(2,'20200404-GS-0034_aut','2020-04-01',NULL,51,2196000,5,'',35,1,34),(3,'20200406-GS-0022_aut','2020-04-02',NULL,11,4030000,5,'',35,1,63),(4,'20200406-GS-0073_aut','2020-04-03',NULL,113,11812000,5,'',35,1,114),(5,'20200406-GS-0078_aut','2020-04-03',NULL,158,1500000,5,'',35,1,119),(6,'20200406-GS-0097_aut','2020-04-03',NULL,171,3500000,5,'',35,1,138),(7,'20200407-GS-0012_aut','2020-04-04',NULL,103,3636000,5,'',35,1,150),(8,'20200407-GS-0016_aut','2020-04-04',NULL,28,3000000,5,'',35,1,154),(9,'20200407-GS-0020_aut','2020-04-04',NULL,168,2625000,5,'',35,1,158),(10,'20200407-GS-0031_aut','2020-04-04',NULL,169,6244000,5,'',35,1,169),(11,'20200407-GS-0042_aut','2020-04-06',NULL,43,22862000,5,'',35,1,180),(12,'20200407-GS-0087_aut','2020-04-06',NULL,108,350000,5,'',35,1,225),(13,'20200407-GS-0088_aut','2020-04-06',NULL,164,1225000,5,'',35,1,226),(20,'20200410-DW-0002','2020-04-03',NULL,336,32187000,10,'IVT',53,1,0),(19,'20200410-DW-0001','2020-04-30',NULL,403,5900000,5,'2 tấm pin longi',53,1,0),(36,'20200413-GS-0067_aut','2020-04-10',NULL,108,1676000,5,'',35,1,369),(23,'20200410-DW-0005','2020-04-07',NULL,336,27628000,10,'',53,1,0),(24,'20200410-DW-0006','2020-04-09',NULL,406,3000000,10,'',53,1,0),(25,'20200410-DW-0007','2020-04-10',NULL,398,5000000,10,'',53,1,0),(26,'20200410-DW-0008','2020-04-03',NULL,336,35527000,10,'',53,1,0),(27,'20200410-GS-0001_aut','2020-04-07',NULL,320,4862000,5,'',35,1,227),(28,'20200410-GS-0010_aut','2020-04-07',NULL,328,760000,5,'',35,1,236),(29,'20200410-GS-0021_aut','2020-04-07',NULL,52,700000,5,'',35,1,247),(30,'20200410-GS-0026_aut','2020-04-07',NULL,215,875000,5,'',35,1,252),(31,'20200410-GS-0042_aut','2020-04-07',NULL,182,3263000,5,'',35,1,268),(35,'20200413-DW-0001','2020-04-13',NULL,406,6638000,10,'IVT',53,1,0),(33,'20200411-DW-0001','2020-04-06',NULL,341,10729000,10,'NLMT',53,1,0),(34,'20200411-DW-0002','2020-04-03',NULL,349,130000000,9,'NLMT',53,1,0),(37,'20200413-DW-0002','2020-04-13',NULL,347,67596000,10,'IVT',53,1,0),(38,'20200413-GS-0105_aut','2020-04-11',NULL,202,21280000,5,'',35,1,407),(39,'20200413-GS-0111_aut','2020-04-11',NULL,204,200000,5,'',35,1,413),(40,'20200415-GS-0008_aut','2020-04-13',NULL,51,2450000,5,'',35,1,446),(41,'20200415-GS-0009_aut','2020-04-13',NULL,116,1851000,5,'',35,1,447),(42,'20200415-GS-0024_aut','2020-04-13',NULL,158,2366000,5,'',35,1,462),(43,'20200415-GS-0046_aut','2020-04-14',NULL,52,1352000,5,'',35,1,484),(44,'20200415-GS-0062_aut','2020-04-14',NULL,169,379000,5,'',35,1,500),(45,'20200415-DW-0001','2020-04-16',NULL,366,323136000,10,'PIN 108 TẤM CANADIAN',53,1,0),(46,'20200415-DW-0002','2020-04-16',NULL,388,67000000,10,'dây điện',53,1,0),(47,'20200416-DW-0001','2020-04-16',NULL,409,0,0,'',54,1,0),(48,'20200416-DW-0002','2020-04-14',NULL,230,31225750,9,'thanh toán tiền nhớt',53,1,0),(49,'20200416-DW-0003','2020-04-17',NULL,412,40580000,9,'',53,1,0),(50,'20200417-DW-0001','2020-04-17',NULL,411,40496000,10,'',53,1,0),(51,'20200418-DW-0001','2020-04-18',NULL,414,2244000,5,'NLMT',53,1,0),(52,'20200419-DW-0001','2020-04-20',NULL,415,21467000,9,'NLMT',53,1,0),(53,'20200420-DW-0001','2020-04-20',NULL,336,55265000,9,'NLMT',53,1,0),(54,'20200420-DW-0002','2020-04-20',NULL,604,23989000,10,'NLMT',53,1,0),(55,'20200420-GS-0019_aut','2020-04-20',NULL,54,1575000,5,'',20,1,580),(56,'20200420-GS-0038_aut','2020-04-20',NULL,158,1690000,5,'',20,1,599),(57,'20200420-DW-0003','2020-04-21',NULL,608,12595980,10,'NLMT',53,1,0),(58,'20200420-DW-0004','2020-04-08',NULL,476,3293910,10,'',55,1,0),(59,'20200421-DW-0001','2020-04-21',NULL,229,14730000,5,'Dầu nhớt',53,1,0),(60,'20200421-DW-0002','2020-04-21',NULL,604,12349000,10,'NLMT',53,1,0),(61,'20200421-GS-0029_aut','2020-04-17',NULL,108,350000,5,'',35,1,650),(62,'20200421-GS-0039_aut','2020-04-17',NULL,107,3762000,5,'',35,1,660),(63,'20200422-DW-0001','2020-04-22',NULL,336,69903000,9,'NLMT',53,1,0),(64,'20200423-GS-0008_aut','2020-04-23',NULL,311,1520000,5,'',20,1,684),(65,'20200423-GS-0011_aut','2020-04-18',NULL,77,3640000,5,'',35,1,687),(66,'20200423-DW-0001','2020-04-23',NULL,644,24698000,9,'NNLM',53,1,0),(67,'20200423-DW-0002','2020-04-23',NULL,607,24500000,10,'NLMT',53,1,0),(68,'20200423-DW-0003','2020-04-24',NULL,152,487713875,9,'',35,1,0),(69,'20200424-GS-0002_aut','2020-04-21',NULL,11,1670000,5,'',35,1,735),(70,'20200424-GS-0025_aut','2020-04-21',NULL,182,1084000,5,'',35,1,758),(71,'20200424-GS-0045_aut','2020-04-22',NULL,164,1225000,5,'',35,1,778),(72,'20200424-DW-0001','2020-04-25',NULL,413,49344000,5,'NLMT',53,1,0),(73,'20200425-DW-0001','2020-04-25',NULL,608,37047000,9,'NLMT',53,1,0),(76,'20200426-DW-0003','2020-04-27',NULL,357,23697000,9,'NLMT',53,1,0),(75,'20200426-DW-0002','2020-04-27',NULL,366,75500000,10,'NLMT',53,1,0),(77,'20200427-GS-0025_aut','2020-04-25',NULL,142,1222000,5,'',35,1,873),(78,'20200427-GS-0037_aut','2020-04-25',NULL,169,1540000,5,'',35,1,885),(79,'20200427-DW-0001','2020-04-27',NULL,412,42619000,9,'NLMT',53,1,0),(80,'20200427-DW-0002','2020-04-27',NULL,398,1600000,9,'NLMT',53,1,0),(81,'20200427-GS-0040_aut','2020-04-25',NULL,310,3120000,5,'',35,1,888),(82,'20200427-GS-0041_aut','2020-04-25',NULL,158,2995000,5,'',35,1,889),(83,'20200427-DW-0003','2020-04-16',NULL,336,23697000,10,'NLMT',53,1,0),(84,'20200428-DW-0001','2020-04-28',NULL,357,23697000,9,'NLMT',53,1,0),(85,'20200428-DW-0002','2020-04-30',NULL,338,7825000,5,'NLMT',53,1,0),(86,'20200428-DW-0003','2020-04-30',NULL,400,23000000,5,'NLMT',53,1,0),(87,'20200428-DW-0004','2020-04-30',NULL,334,65000000,5,'NLMT',53,1,0),(88,'20200428-DW-0005','2020-04-30',NULL,334,43149000,5,'NLMT',53,1,0),(89,'20200428-DW-0006','2020-04-30',NULL,334,16899000,5,'NLMT',53,1,0),(90,'20200428-DW-0007','2020-04-30',NULL,411,9909000,5,'NLMT',53,1,0),(91,'20200428-DW-0008','2020-04-30',NULL,413,12349000,5,'NLMT',53,1,0),(92,'20200428-DW-0009','2020-04-30',NULL,413,4738000,5,'NLMT',53,1,0),(93,'20200428-DW-0010','2020-04-30',NULL,649,33117000,5,'NLMT',53,1,0),(94,'20200428-DW-0011','2020-04-30',NULL,342,7899000,5,'NLMT',53,1,0);

/* Trigger structure for table `gas_import_detail` */

DELIMITER $$

/*!50003 DROP TRIGGER*//*!50032 IF EXISTS */ /*!50003 `tg_deleteGasImportDetail` */$$

/*!50003 CREATE */ /*!50017 DEFINER = 'root'@'localhost' */ /*!50003 TRIGGER `tg_deleteGasImportDetail` AFTER DELETE ON `gas_import_detail` FOR EACH ROW BEGIN
	DECLARE _date_diff, _in_stock_id, _organization_id, _vendor_id INT DEFAULT 0;
	DECLARE _date DATE;
	
	SELECT f.created_date, eo.organization_id, f.vendor_id INTO _date, _organization_id, _vendor_id
	FROM gas_import AS f, employee AS eo
	WHERE f.id=old.gas_import_id AND f.created_employee_id=eo.id;
	
	SET _in_stock_id=0;
	SELECT id INTO _in_stock_id FROM shell_vendor WHERE organization_id=_organization_id AND vendor_id=_vendor_id AND shell_id=OLD.shell_id;
	IF _in_stock_id<>0 THEN
		UPDATE shell_vendor SET quantity=quantity - old.quantity WHERE id=_in_stock_id;
	END IF;
    END */$$


DELIMITER ;

/* Procedure structure for procedure `autoCreateFixedAssetDepreciation` */

/*!50003 DROP PROCEDURE IF EXISTS  `autoCreateFixedAssetDepreciation` */;

DELIMITER $$

/*!50003 CREATE DEFINER=`root`@`localhost` PROCEDURE `autoCreateFixedAssetDepreciation`(IN _code VARCHAR(20))
BEGIN
	declare _id int;
	select id into _id from fixed_asset_depreciation where code=_code;
	if _id is null then
		insert into fixed_asset_depreciation(code, created_date, note) values(_code, sysdate(),'');
		SELECT LAST_INSERT_ID() INTO _id;
	
		insert into fixed_asset_depreciation_detail(fixed_asset_depreciation_id,fixed_asset_id,unit_id,quantity,is_calculate)
		select _id, a.id, a.unit_id, a.quantity, a.status
		from fixed_asset as a
		where a.is_closed=0;
	end if;
    END */$$
DELIMITER ;

/* Procedure structure for procedure `calculateCustomerCommission` */

/*!50003 DROP PROCEDURE IF EXISTS  `calculateCustomerCommission` */;

DELIMITER $$

/*!50003 CREATE DEFINER=`root`@`localhost` PROCEDURE `calculateCustomerCommission`(in _customer_id int, in _weight double, in _return_shell int, out _commission double)
BEGIN
	SELECT SUM(COALESCE(dd.commission*_weight,0) + COALESCE(d.shell_gas_commission*_return_shell,0)) INTO _commission
	FROM discount_oil AS d, discount_oil_customer AS dc,  discount_oil_detail AS dd
	WHERE d.id=dc.discount_id AND d.id=dd.discount_id AND dc.customer_id=_customer_id AND dd.commission_from<=_weight AND dd.commission_to>_weight;
    END */$$
DELIMITER ;

/* Procedure structure for procedure `clear_gas_commission_report` */

/*!50003 DROP PROCEDURE IF EXISTS  `clear_gas_commission_report` */;

DELIMITER $$

/*!50003 CREATE DEFINER=`root`@`localhost` PROCEDURE `clear_gas_commission_report`(IN _session_id VARCHAR(255))
BEGIN
	DELETE FROM temp_gas_commission WHERE session_id=_session_id;
    END */$$
DELIMITER ;

/* Procedure structure for procedure `clear_oil_stock_report` */

/*!50003 DROP PROCEDURE IF EXISTS  `clear_oil_stock_report` */;

DELIMITER $$

/*!50003 CREATE DEFINER=`root`@`localhost` PROCEDURE `clear_oil_stock_report`(IN _session_id VARCHAR(255))
BEGIN
	DELETE FROM temp_oil_stock WHERE session_id=_session_id;
    END */$$
DELIMITER ;

/* Procedure structure for procedure `clear_petro_stock_report` */

/*!50003 DROP PROCEDURE IF EXISTS  `clear_petro_stock_report` */;

DELIMITER $$

/*!50003 CREATE DEFINER=`root`@`localhost` PROCEDURE `clear_petro_stock_report`(IN _session_id VARCHAR(255))
BEGIN
	DELETE FROM temp_petro_stock WHERE session_id=_session_id;
    END */$$
DELIMITER ;

/* Procedure structure for procedure `clear_solar_stock_report` */

/*!50003 DROP PROCEDURE IF EXISTS  `clear_solar_stock_report` */;

DELIMITER $$

/*!50003 CREATE DEFINER=`root`@`localhost` PROCEDURE `clear_solar_stock_report`(IN _session_id VARCHAR(255))
BEGIN
	DELETE FROM temp_solar_stock WHERE session_id=_session_id;
    END */$$
DELIMITER ;

/* Procedure structure for procedure `deleteAccessoryImport` */

/*!50003 DROP PROCEDURE IF EXISTS  `deleteAccessoryImport` */;

DELIMITER $$

/*!50003 CREATE DEFINER=`root`@`localhost` PROCEDURE `deleteAccessoryImport`(IN _id INT)
BEGIN
	DELETE FROM accessory_import_detail WHERE accessory_import_id=_id;
	DELETE FROM accessory_import WHERE id=_id;
    END */$$
DELIMITER ;

/* Procedure structure for procedure `deleteBorrow` */

/*!50003 DROP PROCEDURE IF EXISTS  `deleteBorrow` */;

DELIMITER $$

/*!50003 CREATE DEFINER=`root`@`localhost` PROCEDURE `deleteBorrow`(IN _id INT)
BEGIN
	DELETE FROM borrow_detail WHERE borrow_id=_id;
	DELETE FROM borrow WHERE id=_id;
    END */$$
DELIMITER ;

/* Procedure structure for procedure `deleteDebtAdjustment` */

/*!50003 DROP PROCEDURE IF EXISTS  `deleteDebtAdjustment` */;

DELIMITER $$

/*!50003 CREATE DEFINER=`root`@`localhost` PROCEDURE `deleteDebtAdjustment`(IN _id INT)
BEGIN
	DELETE FROM debt_adjustment WHERE id=_id;
    END */$$
DELIMITER ;

/* Procedure structure for procedure `deleteDebtVendor` */

/*!50003 DROP PROCEDURE IF EXISTS  `deleteDebtVendor` */;

DELIMITER $$

/*!50003 CREATE DEFINER=`root`@`localhost` PROCEDURE `deleteDebtVendor`(IN _id INT)
BEGIN
	DELETE FROM vendor_debt WHERE id=_id;
    END */$$
DELIMITER ;

/* Procedure structure for procedure `deleteDebtWholesale` */

/*!50003 DROP PROCEDURE IF EXISTS  `deleteDebtWholesale` */;

DELIMITER $$

/*!50003 CREATE DEFINER=`root`@`localhost` PROCEDURE `deleteDebtWholesale`(IN _id INT)
BEGIN
	DELETE FROM wholesale_debt WHERE id=_id;
    END */$$
DELIMITER ;

/* Procedure structure for procedure `deleteDiscount` */

/*!50003 DROP PROCEDURE IF EXISTS  `deleteDiscount` */;

DELIMITER $$

/*!50003 CREATE DEFINER=`root`@`localhost` PROCEDURE `deleteDiscount`(IN _ids TEXT)
BEGIN
	SET _ids = CONCAT(',',_ids,',');
	DELETE FROM discount_oil_detail WHERE _ids LIKE CONCAT('%,',discount_id,',%');
	DELETE FROM discount_oil_customer WHERE _ids LIKE CONCAT('%,',discount_id,',%');
	DELETE FROM discount_oil WHERE _ids LIKE CONCAT('%,',id,',%');
    END */$$
DELIMITER ;

/* Procedure structure for procedure `deleteDynamicField` */

/*!50003 DROP PROCEDURE IF EXISTS  `deleteDynamicField` */;

DELIMITER $$

/*!50003 CREATE DEFINER=`root`@`localhost` PROCEDURE `deleteDynamicField`(IN _ids text)
BEGIN
	set _ids = concat(',',_ids,',');
	DELETE FROM employee_salary_field WHERE _ids LIKE CONCAT('%,',field_id,',%');
	delete from dynamic_field_value where _ids like CONCAT('%,',field_id,',%');
	DELETE FROM salary_timesheet_field WHERE _ids LIKE CONCAT('%,',field_id,',%');
	DELETE FROM dynamic_field WHERE _ids LIKE CONCAT('%,',id,',%');
    END */$$
DELIMITER ;

/* Procedure structure for procedure `deleteEmployeeAdvance` */

/*!50003 DROP PROCEDURE IF EXISTS  `deleteEmployeeAdvance` */;

DELIMITER $$

/*!50003 CREATE DEFINER=`root`@`localhost` PROCEDURE `deleteEmployeeAdvance`(IN _id INT)
BEGIN
	DELETE FROM employee_advance WHERE id=_id;
    END */$$
DELIMITER ;

/* Procedure structure for procedure `deleteEmployeeOffMoney` */

/*!50003 DROP PROCEDURE IF EXISTS  `deleteEmployeeOffMoney` */;

DELIMITER $$

/*!50003 CREATE DEFINER=`root`@`localhost` PROCEDURE `deleteEmployeeOffMoney`(IN _id INT)
BEGIN
	DELETE FROM employee_off_money WHERE id=_id;
    END */$$
DELIMITER ;

/* Procedure structure for procedure `deleteEmployeeRouteFee` */

/*!50003 DROP PROCEDURE IF EXISTS  `deleteEmployeeRouteFee` */;

DELIMITER $$

/*!50003 CREATE DEFINER=`root`@`localhost` PROCEDURE `deleteEmployeeRouteFee`(in _id int)
BEGIN
	delete from employee_route_fee where id=_id;
    END */$$
DELIMITER ;

/* Procedure structure for procedure `deleteExpense` */

/*!50003 DROP PROCEDURE IF EXISTS  `deleteExpense` */;

DELIMITER $$

/*!50003 CREATE DEFINER=`root`@`localhost` PROCEDURE `deleteExpense`(IN _id INT)
BEGIN
	DELETE FROM expense WHERE id=_id;
    END */$$
DELIMITER ;

/* Procedure structure for procedure `deleteExportWholesale` */

/*!50003 DROP PROCEDURE IF EXISTS  `deleteExportWholesale` */;

DELIMITER $$

/*!50003 CREATE DEFINER=`root`@`localhost` PROCEDURE `deleteExportWholesale`(IN _id INT)
BEGIN
	DELETE FROM gas_export_wholesale_detail WHERE gas_export_wholesale_id=_id;
	DELETE FROM gas_export_wholesale_shell_detail WHERE gas_export_wholesale_id=_id;
	DELETE FROM gas_export_wholesale WHERE id=_id;
    END */$$
DELIMITER ;

/* Procedure structure for procedure `deleteFixedAsset` */

/*!50003 DROP PROCEDURE IF EXISTS  `deleteFixedAsset` */;

DELIMITER $$

/*!50003 CREATE DEFINER=`root`@`localhost` PROCEDURE `deleteFixedAsset`(IN _ids TEXT)
BEGIN
	SET _ids = CONCAT(',',_ids,',');
	DELETE FROM fixed_asset_depreciation_detail WHERE _ids LIKE CONCAT('%,',fixed_aset_id,',%');
	DELETE FROM fixed_asset WHERE _ids LIKE CONCAT('%,',id,',%');
    END */$$
DELIMITER ;

/* Procedure structure for procedure `deleteFixedAssetDepreciation` */

/*!50003 DROP PROCEDURE IF EXISTS  `deleteFixedAssetDepreciation` */;

DELIMITER $$

/*!50003 CREATE DEFINER=`root`@`localhost` PROCEDURE `deleteFixedAssetDepreciation`(IN _id INT)
BEGIN
	DELETE FROM fixed_asset_depreciation_detail WHERE fixed_asset_depreciation_id=_id;
	DELETE FROM fixed_asset_depreciation WHERE id=_id;
    END */$$
DELIMITER ;

/* Procedure structure for procedure `deleteFixedAssetGroup` */

/*!50003 DROP PROCEDURE IF EXISTS  `deleteFixedAssetGroup` */;

DELIMITER $$

/*!50003 CREATE DEFINER=`root`@`localhost` PROCEDURE `deleteFixedAssetGroup`(IN _ids TEXT)
BEGIN
	SET _ids = CONCAT(',',_ids,',');
	DELETE FROM fixed_asset WHERE _ids LIKE CONCAT('%,',group_id,',%');
	DELETE FROM fixed_asset_group WHERE _ids LIKE CONCAT('%,',id,',%');
    END */$$
DELIMITER ;

/* Procedure structure for procedure `deleteFraction` */

/*!50003 DROP PROCEDURE IF EXISTS  `deleteFraction` */;

DELIMITER $$

/*!50003 CREATE DEFINER=`root`@`localhost` PROCEDURE `deleteFraction`(IN _id INT)
BEGIN
	delete from fraction_gas_detail where fraction_id=_id;
	DELETE FROM fraction_gas WHERE id=_id;
    END */$$
DELIMITER ;

/* Procedure structure for procedure `deleteGasImport` */

/*!50003 DROP PROCEDURE IF EXISTS  `deleteGasImport` */;

DELIMITER $$

/*!50003 CREATE DEFINER=`root`@`localhost` PROCEDURE `deleteGasImport`(IN _id INT)
BEGIN
	DELETE FROM gas_import_detail WHERE gas_import_id=_id;
	DELETE FROM gas_import WHERE id=_id;
    END */$$
DELIMITER ;

/* Procedure structure for procedure `deleteGasRetail` */

/*!50003 DROP PROCEDURE IF EXISTS  `deleteGasRetail` */;

DELIMITER $$

/*!50003 CREATE DEFINER=`root`@`localhost` PROCEDURE `deleteGasRetail`(IN _id INT)
BEGIN
	DELETE FROM gas_retail_detail WHERE gas_retail_id=_id;
	DELETE FROM gas_retail_promotion WHERE gas_retail_id=_id;
	DELETE FROM gas_retail_return_shell WHERE gas_retail_id=_id;
	DELETE FROM gas_retail WHERE id=_id;
    END */$$
DELIMITER ;

/* Procedure structure for procedure `deleteGasReturn` */

/*!50003 DROP PROCEDURE IF EXISTS  `deleteGasReturn` */;

DELIMITER $$

/*!50003 CREATE DEFINER=`root`@`localhost` PROCEDURE `deleteGasReturn`(IN _id INT)
BEGIN
	DELETE FROM gas_return_detail WHERE gas_return_id=_id;
	DELETE FROM gas_return WHERE id=_id;
    END */$$
DELIMITER ;

/* Procedure structure for procedure `deleteGasWholesale` */

/*!50003 DROP PROCEDURE IF EXISTS  `deleteGasWholesale` */;

DELIMITER $$

/*!50003 CREATE DEFINER=`root`@`localhost` PROCEDURE `deleteGasWholesale`(IN _id INT)
BEGIN
	DELETE FROM gas_wholesale_detail WHERE gas_wholesale_id=_id;
	delete from gas_wholesale_promotion where gas_wholesale_id=_id;
	DELETE FROM gas_wholesale_return_shell WHERE gas_wholesale_id=_id;
	DELETE FROM gas_wholesale_fee_detail WHERE gas_wholesale_id=_id;
	DELETE FROM gas_wholesale WHERE id=_id;
	delete from wholesale_debt where gas_wholesale_id=_id;
    END */$$
DELIMITER ;

/* Procedure structure for procedure `deleteGoodImport` */

/*!50003 DROP PROCEDURE IF EXISTS  `deleteGoodImport` */;

DELIMITER $$

/*!50003 CREATE DEFINER=`root`@`localhost` PROCEDURE `deleteGoodImport`(IN _id INT)
BEGIN
	DELETE FROM good_import_detail WHERE good_import_id=_id;
	DELETE FROM good_import WHERE id=_id;
    END */$$
DELIMITER ;

/* Procedure structure for procedure `deleteIncome` */

/*!50003 DROP PROCEDURE IF EXISTS  `deleteIncome` */;

DELIMITER $$

/*!50003 CREATE DEFINER=`root`@`localhost` PROCEDURE `deleteIncome`(IN _id INT)
BEGIN
	DELETE FROM income WHERE id=_id;
    END */$$
DELIMITER ;

/* Procedure structure for procedure `deleteInvoice` */

/*!50003 DROP PROCEDURE IF EXISTS  `deleteInvoice` */;

DELIMITER $$

/*!50003 CREATE DEFINER=`root`@`localhost` PROCEDURE `deleteInvoice`(in _id int)
BEGIN
	DELETE FROM invoice_detail WHERE invoice_id=_id;
	DELETE FROM invoice_paid_detail WHERE invoice_id=_id;
	DELETE FROM invoice WHERE id=_id;
    END */$$
DELIMITER ;

/* Procedure structure for procedure `deleteInvoiceSolar` */

/*!50003 DROP PROCEDURE IF EXISTS  `deleteInvoiceSolar` */;

DELIMITER $$

/*!50003 CREATE DEFINER=`root`@`localhost` PROCEDURE `deleteInvoiceSolar`(IN _id INT)
BEGIN
	DELETE FROM invoice_solar_detail WHERE invoice_solar_id=_id;
	DELETE FROM invoice_solar_paid_detail WHERE invoice_solar_id=_id;
	DELETE FROM invoice_solar WHERE id=_id;
    END */$$
DELIMITER ;

/* Procedure structure for procedure `deleteLoVo` */

/*!50003 DROP PROCEDURE IF EXISTS  `deleteLoVo` */;

DELIMITER $$

/*!50003 CREATE DEFINER=`root`@`localhost` PROCEDURE `deleteLoVo`(IN _id INT)
BEGIN
	DELETE FROM lo_vo_employee_detail WHERE lo_vo_id=_id;
	DELETE FROM lo_vo WHERE id=_id;
    END */$$
DELIMITER ;

/* Procedure structure for procedure `deleteLpgImport` */

/*!50003 DROP PROCEDURE IF EXISTS  `deleteLpgImport` */;

DELIMITER $$

/*!50003 CREATE DEFINER=`root`@`localhost` PROCEDURE `deleteLpgImport`(IN _id INT)
BEGIN
	DELETE FROM lpg_import WHERE id=_id;
    END */$$
DELIMITER ;

/* Procedure structure for procedure `deleteLpgSale` */

/*!50003 DROP PROCEDURE IF EXISTS  `deleteLpgSale` */;

DELIMITER $$

/*!50003 CREATE DEFINER=`root`@`localhost` PROCEDURE `deleteLpgSale`(IN _id INT)
BEGIN
	DELETE FROM lpg_sale WHERE id=_id;
    END */$$
DELIMITER ;

/* Procedure structure for procedure `deleteOilExport` */

/*!50003 DROP PROCEDURE IF EXISTS  `deleteOilExport` */;

DELIMITER $$

/*!50003 CREATE DEFINER=`root`@`localhost` PROCEDURE `deleteOilExport`(IN _id INT)
BEGIN
	DELETE FROM oil_export_detail WHERE oil_export_id=_id;
	DELETE FROM oil_export WHERE id=_id;
    END */$$
DELIMITER ;

/* Procedure structure for procedure `deleteOilImport` */

/*!50003 DROP PROCEDURE IF EXISTS  `deleteOilImport` */;

DELIMITER $$

/*!50003 CREATE DEFINER=`root`@`localhost` PROCEDURE `deleteOilImport`(IN _id INT)
BEGIN
	DELETE FROM oil_import_detail WHERE oil_import_id=_id;
	DELETE FROM oil_import WHERE id=_id;
    END */$$
DELIMITER ;

/* Procedure structure for procedure `deleteOldShell` */

/*!50003 DROP PROCEDURE IF EXISTS  `deleteOldShell` */;

DELIMITER $$

/*!50003 CREATE DEFINER=`root`@`localhost` PROCEDURE `deleteOldShell`(IN _id INT)
BEGIN
	DELETE FROM old_shell WHERE id=_id;
    END */$$
DELIMITER ;

/* Procedure structure for procedure `deletePetroImport` */

/*!50003 DROP PROCEDURE IF EXISTS  `deletePetroImport` */;

DELIMITER $$

/*!50003 CREATE DEFINER=`root`@`localhost` PROCEDURE `deletePetroImport`(IN _id INT)
BEGIN
	DELETE FROM petro_import_detail WHERE petro_import_id=_id;
	DELETE FROM petro_import WHERE id=_id;
    END */$$
DELIMITER ;

/* Procedure structure for procedure `deletePromotionMaterialImport` */

/*!50003 DROP PROCEDURE IF EXISTS  `deletePromotionMaterialImport` */;

DELIMITER $$

/*!50003 CREATE DEFINER=`root`@`localhost` PROCEDURE `deletePromotionMaterialImport`(IN _id INT)
BEGIN
	DELETE FROM promotion_material_import_detail WHERE import_id=_id;
	DELETE FROM promotion_material_import WHERE id=_id;
    END */$$
DELIMITER ;

/* Procedure structure for procedure `deleteSaleAccessory` */

/*!50003 DROP PROCEDURE IF EXISTS  `deleteSaleAccessory` */;

DELIMITER $$

/*!50003 CREATE DEFINER=`root`@`localhost` PROCEDURE `deleteSaleAccessory`(IN _id INT)
BEGIN
	DELETE FROM accessory_sale_detail WHERE accessory_sale_id=_id;
	DELETE FROM accessory_sale_change_detail WHERE accessory_sale_id=_id;
	DELETE FROM accessory_sale WHERE id=_id;
    END */$$
DELIMITER ;

/* Procedure structure for procedure `deleteSaleGood` */

/*!50003 DROP PROCEDURE IF EXISTS  `deleteSaleGood` */;

DELIMITER $$

/*!50003 CREATE DEFINER=`root`@`localhost` PROCEDURE `deleteSaleGood`(IN _id INT)
BEGIN
	DELETE FROM good_sale_detail WHERE good_sale_id=_id;
	DELETE FROM good_sale WHERE id=_id;
    END */$$
DELIMITER ;

/* Procedure structure for procedure `deleteSaleInner` */

/*!50003 DROP PROCEDURE IF EXISTS  `deleteSaleInner` */;

DELIMITER $$

/*!50003 CREATE DEFINER=`root`@`localhost` PROCEDURE `deleteSaleInner`(IN _id INT)
BEGIN
	DELETE FROM inner_sale_detail WHERE inner_sale_id=_id;
	DELETE FROM inner_sale WHERE id=_id;
	delete from employee_advance where inner_sale_id=_id;
    END */$$
DELIMITER ;

/* Procedure structure for procedure `deleteSaleOil` */

/*!50003 DROP PROCEDURE IF EXISTS  `deleteSaleOil` */;

DELIMITER $$

/*!50003 CREATE DEFINER=`root`@`localhost` PROCEDURE `deleteSaleOil`(IN _id INT)
BEGIN
	DELETE FROM oil_sale_detail WHERE oil_sale_id=_id;
	DELETE FROM oil_sale_promotion WHERE sale_oil_id=_id;
	DELETE FROM oil_sale WHERE id=_id;
    END */$$
DELIMITER ;

/* Procedure structure for procedure `deleteSaleOilReturn` */

/*!50003 DROP PROCEDURE IF EXISTS  `deleteSaleOilReturn` */;

DELIMITER $$

/*!50003 CREATE DEFINER=`root`@`localhost` PROCEDURE `deleteSaleOilReturn`(IN _id INT)
BEGIN
	DELETE FROM oil_sale_return_detail WHERE oil_sale_return_id=_id;
	DELETE FROM oil_sale_return WHERE id=_id;
    END */$$
DELIMITER ;

/* Procedure structure for procedure `deleteSalePetro` */

/*!50003 DROP PROCEDURE IF EXISTS  `deleteSalePetro` */;

DELIMITER $$

/*!50003 CREATE DEFINER=`root`@`localhost` PROCEDURE `deleteSalePetro`(IN _id INT)
BEGIN
	DELETE FROM petro_sale_detail WHERE petro_sale_id=_id;
	DELETE FROM petro_sale WHERE id=_id;
    END */$$
DELIMITER ;

/* Procedure structure for procedure `deleteSaleShell` */

/*!50003 DROP PROCEDURE IF EXISTS  `deleteSaleShell` */;

DELIMITER $$

/*!50003 CREATE DEFINER=`root`@`localhost` PROCEDURE `deleteSaleShell`(IN _id INT)
BEGIN
	DELETE FROM shell_sale_detail WHERE shell_sale_id=_id;
	DELETE FROM shell_sale WHERE id=_id;
    END */$$
DELIMITER ;

/* Procedure structure for procedure `deleteSaleSolar` */

/*!50003 DROP PROCEDURE IF EXISTS  `deleteSaleSolar` */;

DELIMITER $$

/*!50003 CREATE DEFINER=`root`@`localhost` PROCEDURE `deleteSaleSolar`(IN _id INT)
BEGIN
	DELETE FROM solar_sale_detail WHERE solar_sale_id=_id;
	DELETE FROM solar_sale_promotion WHERE sale_solar_id=_id;
	DELETE FROM solar_sale WHERE id=_id;
    END */$$
DELIMITER ;

/* Procedure structure for procedure `deleteSaleSolarReturn` */

/*!50003 DROP PROCEDURE IF EXISTS  `deleteSaleSolarReturn` */;

DELIMITER $$

/*!50003 CREATE DEFINER=`root`@`localhost` PROCEDURE `deleteSaleSolarReturn`(IN _id INT)
BEGIN
	DELETE FROM solar_sale_return_detail WHERE solar_sale_return_id=_id;
	DELETE FROM solar_sale_return WHERE id=_id;
    END */$$
DELIMITER ;

/* Procedure structure for procedure `deleteShellImport` */

/*!50003 DROP PROCEDURE IF EXISTS  `deleteShellImport` */;

DELIMITER $$

/*!50003 CREATE DEFINER=`root`@`localhost` PROCEDURE `deleteShellImport`(IN _id int)
BEGIN
	DECLARE _shell_vendor_id, _old_shell_vendor_quantity INT DEFAULT 0;
	
	SELECT sv.id, sv.quantity
	INTO _shell_vendor_id, _old_shell_vendor_quantity
	FROM shell_vendor as sv, shell_import as i, employee as eo
	WHERE i.id=_id AND eo.id=i.created_employee_id and sv.shell_id=i.shell_id AND sv.vendor_id=i.vendor_id AND sv.organization_id=eo.organization_id ;
	DELETE FROM shell_import WHERE id=_id;
	
	UPDATE shell_vendor SET quantity=quantity-_old_shell_vendor_quantity WHERE id=_shell_vendor_id;
	
    END */$$
DELIMITER ;

/* Procedure structure for procedure `deleteShellReturn` */

/*!50003 DROP PROCEDURE IF EXISTS  `deleteShellReturn` */;

DELIMITER $$

/*!50003 CREATE DEFINER=`root`@`localhost` PROCEDURE `deleteShellReturn`(IN _id INT)
BEGIN
	DELETE FROM shell_return_detail WHERE shell_return_id=_id;
	DELETE FROM shell_return WHERE id=_id;
    END */$$
DELIMITER ;

/* Procedure structure for procedure `deleteShellReturnSupplier` */

/*!50003 DROP PROCEDURE IF EXISTS  `deleteShellReturnSupplier` */;

DELIMITER $$

/*!50003 CREATE DEFINER=`root`@`localhost` PROCEDURE `deleteShellReturnSupplier`(IN _id INT)
BEGIN
	DELETE FROM shell_return_supplier_detail WHERE shell_return_supplier_id=_id;
	DELETE FROM shell_return_supplier WHERE id=_id;
    END */$$
DELIMITER ;

/* Procedure structure for procedure `deleteShieldDecrease` */

/*!50003 DROP PROCEDURE IF EXISTS  `deleteShieldDecrease` */;

DELIMITER $$

/*!50003 CREATE DEFINER=`root`@`localhost` PROCEDURE `deleteShieldDecrease`(IN _id INT)
BEGIN
	DELETE FROM shield_decrease WHERE id=_id;
    END */$$
DELIMITER ;

/* Procedure structure for procedure `deleteShieldImport` */

/*!50003 DROP PROCEDURE IF EXISTS  `deleteShieldImport` */;

DELIMITER $$

/*!50003 CREATE DEFINER=`root`@`localhost` PROCEDURE `deleteShieldImport`(IN _id INT)
BEGIN
	DELETE FROM shield_import WHERE id=_id;
    END */$$
DELIMITER ;

/* Procedure structure for procedure `deleteSolarExport` */

/*!50003 DROP PROCEDURE IF EXISTS  `deleteSolarExport` */;

DELIMITER $$

/*!50003 CREATE DEFINER=`root`@`localhost` PROCEDURE `deleteSolarExport`(IN _id INT)
BEGIN
	DELETE FROM solar_export_detail WHERE solar_export_id=_id;
	DELETE FROM solar_export WHERE id=_id;
    END */$$
DELIMITER ;

/* Procedure structure for procedure `deleteSolarImport` */

/*!50003 DROP PROCEDURE IF EXISTS  `deleteSolarImport` */;

DELIMITER $$

/*!50003 CREATE DEFINER=`root`@`localhost` PROCEDURE `deleteSolarImport`(IN _id INT)
BEGIN
	DELETE FROM solar_import_detail WHERE solar_import_id=_id;
	DELETE FROM solar_import WHERE id=_id;
    END */$$
DELIMITER ;

/* Procedure structure for procedure `deleteTransportService` */

/*!50003 DROP PROCEDURE IF EXISTS  `deleteTransportService` */;

DELIMITER $$

/*!50003 CREATE DEFINER=`root`@`localhost` PROCEDURE `deleteTransportService`(IN _id INT)
BEGIN
	DELETE FROM transport_service WHERE id=_id;
    END */$$
DELIMITER ;

/* Procedure structure for procedure `deleteVehicleIn` */

/*!50003 DROP PROCEDURE IF EXISTS  `deleteVehicleIn` */;

DELIMITER $$

/*!50003 CREATE DEFINER=`root`@`localhost` PROCEDURE `deleteVehicleIn`(IN _id INT)
BEGIN
	DELETE FROM vehicle_in_detail WHERE vehicle_in_id=_id;
	DELETE FROM vehicle_in_return_shell_detail WHERE vehicle_in_id=_id;
	DELETE FROM vehicle_in_accessory_detail WHERE vehicle_in_id=_id;
	DELETE FROM vehicle_in_oil_export_detail WHERE vehicle_in_id=_id;
	DELETE FROM vehicle_in WHERE id=_id;
    END */$$
DELIMITER ;

/* Procedure structure for procedure `deleteVehicleOut` */

/*!50003 DROP PROCEDURE IF EXISTS  `deleteVehicleOut` */;

DELIMITER $$

/*!50003 CREATE DEFINER=`root`@`localhost` PROCEDURE `deleteVehicleOut`(IN _id INT)
BEGIN
	DELETE FROM vehicle_out_detail WHERE vehicle_out_id=_id;
	DELETE FROM vehicle_out_employee_detail WHERE vehicle_out_id=_id;
	DELETE FROM vehicle_out WHERE id=_id;
    END */$$
DELIMITER ;

/* Procedure structure for procedure `export_accessory_opening_stock` */

/*!50003 DROP PROCEDURE IF EXISTS  `export_accessory_opening_stock` */;

DELIMITER $$

/*!50003 CREATE DEFINER=`root`@`localhost` PROCEDURE `export_accessory_opening_stock`(IN _date VARCHAR(20))
BEGIN
	call get_in_stock_accessory(_date, 1);
    END */$$
DELIMITER ;

/* Procedure structure for procedure `export_customer_opening_stock` */

/*!50003 DROP PROCEDURE IF EXISTS  `export_customer_opening_stock` */;

DELIMITER $$

/*!50003 CREATE DEFINER=`root`@`localhost` PROCEDURE `export_customer_opening_stock`(IN _date VARCHAR(20))
BEGIN
	CALL get_in_stock_customer(_date, 1, 0, @a, @a, @a, @a);
    END */$$
DELIMITER ;

/* Procedure structure for procedure `export_good_opening_stock` */

/*!50003 DROP PROCEDURE IF EXISTS  `export_good_opening_stock` */;

DELIMITER $$

/*!50003 CREATE DEFINER=`root`@`localhost` PROCEDURE `export_good_opening_stock`(IN _date VARCHAR(20))
BEGIN
	call get_in_stock_good(_date, 1);
    END */$$
DELIMITER ;

/* Procedure structure for procedure `export_lpg_opening_stock` */

/*!50003 DROP PROCEDURE IF EXISTS  `export_lpg_opening_stock` */;

DELIMITER $$

/*!50003 CREATE DEFINER=`root`@`localhost` PROCEDURE `export_lpg_opening_stock`(IN _date VARCHAR(20))
BEGIN
	call get_in_stock_lpg(_date, 1, '','', @a);
    END */$$
DELIMITER ;

/* Procedure structure for procedure `export_money_opening_stock` */

/*!50003 DROP PROCEDURE IF EXISTS  `export_money_opening_stock` */;

DELIMITER $$

/*!50003 CREATE DEFINER=`root`@`localhost` PROCEDURE `export_money_opening_stock`(IN _date VARCHAR(20))
BEGIN
	CALL get_in_stock_money(_date, 1, 0, '', 0, @a);
    END */$$
DELIMITER ;

/* Procedure structure for procedure `export_oil_opening_stock` */

/*!50003 DROP PROCEDURE IF EXISTS  `export_oil_opening_stock` */;

DELIMITER $$

/*!50003 CREATE DEFINER=`root`@`localhost` PROCEDURE `export_oil_opening_stock`(IN _date VARCHAR(20))
BEGIN
	CALL get_in_stock_oil(_date, 1);
    END */$$
DELIMITER ;

/* Procedure structure for procedure `export_petro_opening_stock` */

/*!50003 DROP PROCEDURE IF EXISTS  `export_petro_opening_stock` */;

DELIMITER $$

/*!50003 CREATE DEFINER=`root`@`localhost` PROCEDURE `export_petro_opening_stock`(IN _date VARCHAR(20))
BEGIN
	CALL get_in_stock_petro(_date, 1);
    END */$$
DELIMITER ;

/* Procedure structure for procedure `export_promotion_material_opening_stock` */

/*!50003 DROP PROCEDURE IF EXISTS  `export_promotion_material_opening_stock` */;

DELIMITER $$

/*!50003 CREATE DEFINER=`root`@`localhost` PROCEDURE `export_promotion_material_opening_stock`(IN _date VARCHAR(20))
BEGIN
	CALL get_in_stock_promotion_material(_date, 1);
    END */$$
DELIMITER ;

/* Procedure structure for procedure `export_shell_gas_opening_stock` */

/*!50003 DROP PROCEDURE IF EXISTS  `export_shell_gas_opening_stock` */;

DELIMITER $$

/*!50003 CREATE DEFINER=`root`@`localhost` PROCEDURE `export_shell_gas_opening_stock`(IN _date VARCHAR(20))
BEGIN
	CALL get_in_stock_shell_gas(_date, 1, 0, '','', @a, @b);
    END */$$
DELIMITER ;

/* Procedure structure for procedure `export_shell_opening_stock` */

/*!50003 DROP PROCEDURE IF EXISTS  `export_shell_opening_stock` */;

DELIMITER $$

/*!50003 CREATE DEFINER=`root`@`localhost` PROCEDURE `export_shell_opening_stock`(IN _date VARCHAR(20))
BEGIN
	CALL get_in_stock_shell(_date, 1);
    END */$$
DELIMITER ;

/* Procedure structure for procedure `export_shield_opening_stock` */

/*!50003 DROP PROCEDURE IF EXISTS  `export_shield_opening_stock` */;

DELIMITER $$

/*!50003 CREATE DEFINER=`root`@`localhost` PROCEDURE `export_shield_opening_stock`(IN _date VARCHAR(20))
BEGIN
	call get_in_stock_shield(_date, 1, 0, '','', @a);
    END */$$
DELIMITER ;

/* Procedure structure for procedure `export_solar_opening_stock` */

/*!50003 DROP PROCEDURE IF EXISTS  `export_solar_opening_stock` */;

DELIMITER $$

/*!50003 CREATE DEFINER=`root`@`localhost` PROCEDURE `export_solar_opening_stock`(IN _date VARCHAR(20))
BEGIN
	CALL get_in_stock_solar(_date, 1);
    END */$$
DELIMITER ;

/* Procedure structure for procedure `export_vendor_opening_stock` */

/*!50003 DROP PROCEDURE IF EXISTS  `export_vendor_opening_stock` */;

DELIMITER $$

/*!50003 CREATE DEFINER=`root`@`localhost` PROCEDURE `export_vendor_opening_stock`(IN _date VARCHAR(20))
BEGIN
	CALL get_in_stock_vendor(_date, 1, 0, "", @a, @a, @a, @a);
    END */$$
DELIMITER ;

/* Procedure structure for procedure `getAutoSalaryEmployee` */

/*!50003 DROP PROCEDURE IF EXISTS  `getAutoSalaryEmployee` */;

DELIMITER $$

/*!50003 CREATE DEFINER=`root`@`localhost` PROCEDURE `getAutoSalaryEmployee`()
BEGIN
	declare _start_date date;
	
	select str_to_date(p.value,"%d/%m/%Y") into _start_date from parameter AS p where p.CODE='startdate';
	SELECT distinct month(s.created_date) as salary_month, year(s.created_date) AS salary_year
	FROM employee_salary AS s
	WHERE datediff(s.created_date,_start_date)>0;
	
    END */$$
DELIMITER ;

/* Procedure structure for procedure `getBirthdayEmployeeBeforeDay` */

/*!50003 DROP PROCEDURE IF EXISTS  `getBirthdayEmployeeBeforeDay` */;

DELIMITER $$

/*!50003 CREATE DEFINER=`root`@`localhost` PROCEDURE `getBirthdayEmployeeBeforeDay`(IN _day INT)
BEGIN
	select e.id, e.fullname, e.email
	from employee as e
	where month(sysdate())=month(e.birthday) and day(sysdate())=_day+day(e.birthday) and e.status=1;
    END */$$
DELIMITER ;

/* Procedure structure for procedure `getDayOffAndSalaryOfEmployee` */

/*!50003 DROP PROCEDURE IF EXISTS  `getDayOffAndSalaryOfEmployee` */;

DELIMITER $$

/*!50003 CREATE DEFINER=`root`@`localhost` PROCEDURE `getDayOffAndSalaryOfEmployee`(IN _employee_id int, OUT _day_off INT, OUT _salary double)
BEGIN
	declare _off int default 0;
	set _day_off = 0;
	select coalesce(dv.value,0) into _off
	from dynamic_field as d, dynamic_field_value as dv
	where d.id=dv.field_id and d.code='DAYOFFINYEAR' and dv.parent_id=_employee_id;
	set _day_off = _day_off + _off;
	
	set _off = 0;
	SELECT coalesce(sum(IF(tbl_out.diff + tbl_out.start_number < 8, 0, 1 + (IF(tbl_out.start_number=1,tbl_out.diff, tbl_out.diff + tbl_out.start_number - 7) DIV 7))),0) into _off
	FROM
		(SELECT DATEDIFF(tbl_in.to_date,tbl_in.from_date) + 1 AS diff, DAYOFWEEK(tbl_in.from_date) AS start_number
		FROM
			(SELECT IF(YEAR(SYSDATE())>YEAR(o.from_date),STR_TO_DATE(CONCAT("01/01",YEAR(SYSDATE())),"%d/%M/%Y"),o.from_date) AS from_date
				, IF(YEAR(o.to_date)>YEAR(SYSDATE()),STR_TO_DATE(CONCAT("31/12",YEAR(SYSDATE())),"%d/%M/%Y"),o.to_date) AS to_date
			FROM employee_off AS o
			WHERE (YEAR(o.from_date)=YEAR(SYSDATE()) OR YEAR(o.to_date)=YEAR(SYSDATE())) AND o.employee_id=_employee_id
			) AS tbl_in
		) AS tbl_out;
	SET _day_off = _day_off - _off;
	
	SET _off = 0;
	select coalesce(sum(i.quantity),0) into _off
	from employee_off_increase as i
	where i.employee_id=_employee_id and year(sysdate())=year(i.created_date);
	SET _day_off = _day_off + _off;
	
	SET _off = 0;
	SELECT COALESCE(sum(m.quantity),0) INTO _off
	FROM employee_off_money AS m
	WHERE m.employee_id=_employee_id AND YEAR(SYSDATE())=YEAR(m.created_date);
	SET _day_off = _day_off - _off;
	
	select salary into _salary from employee where id=_employee_id;
	
    END */$$
DELIMITER ;

/* Procedure structure for procedure `getFixedAssetDepreciationDetail` */

/*!50003 DROP PROCEDURE IF EXISTS  `getFixedAssetDepreciationDetail` */;

DELIMITER $$

/*!50003 CREATE DEFINER=`root`@`localhost` PROCEDURE `getFixedAssetDepreciationDetail`(in _fixed_asset_depreciation_id int)
BEGIN
	declare _created_date date;
	select created_date into _created_date from fixed_asset_depreciation where id=_fixed_asset_depreciation_id;
	
	SELECT det.id, det.fixed_asset_depreciation_id, s.quantity, s.price, s.id AS fixed_asset_id, s.NAME AS fixed_asset_name, u.id AS unit_id
		, u.NAME AS unit_name, det.is_calculate, s.start_date
	FROM unit AS u, fixed_asset AS s
	LEFT JOIN  fixed_asset_depreciation_detail AS det ON det.fixed_asset_id=s.id AND det.fixed_asset_depreciation_id=_fixed_asset_depreciation_id
        WHERE s.unit_id=u.id AND s.is_closed=0
        HAVING det.id IS NOT NULL OR (det.id IS NULL AND DATEDIFF(_created_date,s.start_date)>=0) ORDER BY det.id;
    END */$$
DELIMITER ;

/* Procedure structure for procedure `getNotSalaryEmployee` */

/*!50003 DROP PROCEDURE IF EXISTS  `getNotSalaryEmployee` */;

DELIMITER $$

/*!50003 CREATE DEFINER=`root`@`localhost` PROCEDURE `getNotSalaryEmployee`(IN _date VARCHAR(20))
BEGIN
	declare _search_date date;
	select STR_TO_DATE(_date,'%d/%m/%Y') into _search_date;
	select e.id, coalesce(e.salary,0) as salary
	from employee as e
	left join (SELECT s.employee_id
				FROM employee_salary AS s
				WHERE month(s.created_date)=month(_search_date) and year(s.created_date)=year(_search_date)) as salary_tbl
		on e.id=salary_tbl.employee_id
	where salary_tbl.employee_id is null
	;
    END */$$
DELIMITER ;

/* Procedure structure for procedure `getOilExport` */

/*!50003 DROP PROCEDURE IF EXISTS  `getOilExport` */;

DELIMITER $$

/*!50003 CREATE DEFINER=`root`@`localhost` PROCEDURE `getOilExport`(IN _organization_ids TEXT)
BEGIN
	SELECT e.*, c.name as customer_name
	FROM employee AS eo, customer as c, oil_export AS e
	LEFT JOIN vehicle_in_oil_export_detail AS vie ON e.id=vie.oil_export_id
	WHERE e.created_employee_id=eo.id AND _organization_ids LIKE CONCAT('%,',eo.organization_id,',%')
		and e.customer_id=c.id AND vie.id IS NULL
	ORDER BY CODE;
    END */$$
DELIMITER ;

/* Procedure structure for procedure `getOtherFieldForEmployeeVehicleSalaryReport` */

/*!50003 DROP PROCEDURE IF EXISTS  `getOtherFieldForEmployeeVehicleSalaryReport` */;

DELIMITER $$

/*!50003 CREATE DEFINER=`root`@`localhost` PROCEDURE `getOtherFieldForEmployeeVehicleSalaryReport`(in _employee_id int, in _month int, in _year int
	, out _trip_allowance double, out _borrow double, out _borrow_rest double)
BEGIN
	
	select coalesce(sum(v.allowance),0) into _trip_allowance 
	from employee_route_fee as f, vehicle as v
	where f.vehicle_id=v.id AND f.employee_id=_employee_id and month(f.created_date)=_month and year(f.created_date)=_year;
	
	select coalesce(sum(bdet.amount),0) into _borrow
	from borrow as b, borrow_detail as bdet
	where b.id=bdet.borrow_id and b.employee_id=_employee_id AND MONTH(bdet.pay_date)=_month AND YEAR(bdet.pay_date)=_year;
	
	SELECT COALESCE(SUM(bdet.amount),0) INTO _borrow_rest
	FROM borrow AS b, borrow_detail AS bdet
	WHERE b.id=bdet.borrow_id AND b.employee_id=_employee_id AND (YEAR(bdet.pay_date)>_year or (YEAR(bdet.pay_date)=_year and MONTH(bdet.pay_date)>_month));
    END */$$
DELIMITER ;

/* Procedure structure for procedure `getSolarExport` */

/*!50003 DROP PROCEDURE IF EXISTS  `getSolarExport` */;

DELIMITER $$

/*!50003 CREATE DEFINER=`root`@`localhost` PROCEDURE `getSolarExport`(IN _organization_ids TEXT)
BEGIN
	SELECT e.*, c.NAME AS customer_name
	FROM employee AS eo, customer AS c, solar_export AS e
	LEFT JOIN vehicle_in_solar_export_detail AS vie ON e.id=vie.solar_export_id
	WHERE e.created_employee_id=eo.id AND _organization_ids LIKE CONCAT('%,',eo.organization_id,',%')
		AND e.customer_id=c.id AND vie.id IS NULL
	ORDER BY CODE;
    END */$$
DELIMITER ;

/* Procedure structure for procedure `get_in_stock_accessory` */

/*!50003 DROP PROCEDURE IF EXISTS  `get_in_stock_accessory` */;

DELIMITER $$

/*!50003 CREATE DEFINER=`root`@`localhost` PROCEDURE `get_in_stock_accessory`(IN _date VARCHAR(20), IN _is_list INT)
BEGIN
	DECLARE _from_date, _to_date DATE;
	
	IF _date<>'' THEN
		SELECT STR_TO_DATE(_date,'%d/%m/%Y') INTO _to_date;
	ELSE
		SELECT SYSDATE() INTO _to_date;
	END IF;
	
	SELECT `day` INTO _from_date FROM accessory_in_stock WHERE DATEDIFF(`day`, _to_date) <= 0 ORDER BY `day` DESC LIMIT 1;
	IF _from_date IS NULL THEN
		-- SELECT DATE_ADD(_to_date, INTERVAL -1 DAY) INTO _from_date;
		SELECT STR_TO_DATE(`value`,'%d/%m/%Y')  INTO _from_date from parameter where `code`="startdate";
	END IF;
	
	IF _is_list=1 THEN
		SELECT o.id AS organization_id, o.NAME AS organization_name, a.id AS accessory_id, a.NAME AS accessory_name, SUM(COALESCE(tbl.quantity,0)) AS opening_stock
		FROM organization AS o
		LEFT JOIN accessory AS a ON 1
		LEFT JOIN
		(
			SELECT accessory_id, organization_id, COALESCE(in_stock,0) AS quantity
			FROM accessory_in_stock
			WHERE DATEDIFF(`day`, _from_date) = 0 -- AND DATEDIFF(`day`, _to_date) <= 0
			UNION ALL
			SELECT i_det.accessory_id, eo.organization_id, COALESCE(i_det.quantity,0) AS quantity
			FROM accessory_import_detail AS i_det, accessory_import AS i, employee AS eo
			WHERE i_det.accessory_import_id=i.id AND DATE(i.created_date) >= _from_date AND DATE(i.created_date) < _to_date	
				AND i.created_employee_id=eo.id
			UNION ALL
			SELECT i_det.accessory_id, eo.organization_id, -COALESCE(i_det.quantity,0) AS quantity
			FROM accessory_sale_detail AS i_det, accessory_sale AS i, employee AS eo
			WHERE i_det.accessory_sale_id=i.id AND DATE(i.created_date) >= _from_date AND DATE(i.created_date) < _to_date	
				AND i.created_employee_id=eo.id
			UNION ALL
			SELECT i_det.accessory_id, eo.organization_id, -COALESCE(i_det.quantity,0) AS quantity
			FROM vehicle_in_accessory_detail AS i_det, vehicle_in AS i, employee AS eo
			WHERE i_det.vehicle_in_id=i.id AND DATE(i.created_date) >= _from_date AND DATE(i.created_date) < _to_date	
				AND i.created_employee_id=eo.id
		) AS tbl ON tbl.organization_id=o.id AND tbl.accessory_id=a.id
		WHERE a.STATUS=1 AND o.STATUS=1
		GROUP BY o.id, a.id
		ORDER BY o.NAME, a.NAME
		;
	END IF;
    END */$$
DELIMITER ;

/* Procedure structure for procedure `get_in_stock_customer` */

/*!50003 DROP PROCEDURE IF EXISTS  `get_in_stock_customer` */;

DELIMITER $$

/*!50003 CREATE DEFINER=`root`@`localhost` PROCEDURE `get_in_stock_customer`(IN _date VARCHAR(20), in _kind int, in _customer_id int
	, OUT _out_amount double, out _out_transport_amount double, OUT _out_shell_12 int, OUT _out_shell_45 int)
BEGIN
	DECLARE _from_date, _to_date DATE;
	
	IF _date<>'' THEN
		SELECT STR_TO_DATE(_date,'%d/%m/%Y') INTO _to_date;
	ELSE
		SELECT SYSDATE() INTO _to_date;
	END IF;
	
	SELECT `day` INTO _from_date FROM customer_in_stock WHERE DATEDIFF(`day`, _to_date) <= 0 ORDER BY `day` DESC LIMIT 1;
	IF _from_date IS NULL THEN
		-- SELECT DATE_ADD(_to_date, INTERVAL -1 DAY) INTO _from_date;
		SELECT STR_TO_DATE(`value`,'%d/%m/%Y')  INTO _from_date from parameter where `code`="startdate";
	END IF;
	
	IF _kind=1 THEN -- export_customer_opening_stock
		SELECT o.id AS organization_id, o.NAME AS organization_name, c.id AS customer_id, c.NAME AS customer_name
			, SUM(COALESCE(tbl.amount,0)) AS opening_stock
			, SUM(COALESCE(tbl.shell_12,0)) AS opening_stock_12
			, SUM(COALESCE(tbl.shell_45,0)) AS opening_stock_45
		FROM organization AS o
		LEFT JOIN customer AS c ON 1
		LEFT JOIN
		(
			SELECT customer_id, COALESCE(shell_12,0) AS shell_12, COALESCE(shell_45,0) AS shell_45, COALESCE(amount,0) AS amount
			FROM customer_in_stock
			WHERE DATEDIFF(`day`, _from_date) = 0 -- AND DATEDIFF(`day`, _to_date) <= 0
			UNION ALL
			SELECT i.customer_id, COALESCE(IF(shell_12.id IS NOT NULL, idet.quantity,0),0) AS quantity_12
				, COALESCE(IF(shell_45.id IS NOT NULL, idet.quantity,0),0) AS quantity_45
				, 0 AS amount
			FROM gas_wholesale AS i, gas_wholesale_detail AS idet, shell_vendor AS sv
			LEFT JOIN (SELECT s.id FROM shell AS s, shell_kind AS sk WHERE s.kind_id=sk.id AND sk.weight=12) AS shell_12 ON sv.shell_id=shell_12.id
			LEFT JOIN (SELECT s.id FROM shell AS s, shell_kind AS sk WHERE s.kind_id=sk.id AND sk.weight=45) AS shell_45 ON sv.shell_id=shell_45.id
			WHERE DATE(i.created_date) >= _from_date AND DATE(i.created_date) < _to_date
				AND i.id=idet.gas_wholesale_id AND idet.shell_id=sv.id
			UNION ALL
			SELECT i.customer_id, -COALESCE(IF(shell_12.id IS NOT NULL, idet.quantity,0),0) AS quantity_12
				, -COALESCE(IF(shell_45.id IS NOT NULL, idet.quantity,0),0) AS quantity_45
				, 0 AS amount
			FROM gas_wholesale AS i, gas_wholesale_return_shell AS idet
			LEFT JOIN (SELECT s.id FROM shell AS s, shell_kind AS sk WHERE s.kind_id=sk.id AND sk.weight=12) AS shell_12 ON idet.shell_id=shell_12.id
			LEFT JOIN (SELECT s.id FROM shell AS s, shell_kind AS sk WHERE s.kind_id=sk.id AND sk.weight=45) AS shell_45 ON idet.shell_id=shell_45.id
			WHERE DATE(i.created_date) >= _from_date AND DATE(i.created_date) < _to_date
				AND i.id=idet.gas_wholesale_id
			UNION ALL
			SELECT i.customer_id, COALESCE(IF(shell_12.id IS NOT NULL, idet.quantity,0),0) AS quantity_12
				, COALESCE(IF(shell_45.id IS NOT NULL, idet.quantity,0),0) AS quantity_45
				, 0 AS amount
			FROM shell_return AS i, shell_return_detail AS idet
			LEFT JOIN (SELECT s.id FROM shell AS s, shell_kind AS sk WHERE s.kind_id=sk.id AND sk.weight=12) AS shell_12 ON idet.shell_id=shell_12.id
			LEFT JOIN (SELECT s.id FROM shell AS s, shell_kind AS sk WHERE s.kind_id=sk.id AND sk.weight=45) AS shell_45 ON idet.shell_id=shell_45.id
			WHERE DATE(i.created_date) >= _from_date AND DATE(i.created_date) < _to_date
				AND i.id=idet.shell_return_id
			UNION ALL
			SELECT i.customer_id, 0 AS quantity_12, 0 AS quantity_45, COALESCE(i.debt,0) AS amount
			FROM gas_wholesale AS i
			WHERE DATE(i.created_date) >= _from_date AND DATE(i.created_date) < _to_date
			UNION ALL
			SELECT i.customer_id, 0 AS quantity_12, 0 AS quantity_45, COALESCE(i.debt,0) AS amount
			FROM gas_export_wholesale AS i
			WHERE DATE(i.created_date) >= _from_date AND DATE(i.created_date) < _to_date
			UNION ALL
			SELECT i.customer_id, 0 AS quantity_12, 0 AS quantity_45, COALESCE(i.debt,0) AS amount
			FROM good_sale AS i
			WHERE DATE(i.created_date) >= _from_date AND DATE(i.created_date) < _to_date
			UNION ALL
			SELECT i.customer_id, 0 AS quantity_12, 0 AS quantity_45, COALESCE(i.debt,0) AS amount
			FROM petro_sale AS i
			WHERE DATE(i.created_date) >= _from_date AND DATE(i.created_date) < _to_date
			UNION ALL
			SELECT i.customer_id, 0 AS quantity_12, 0 AS quantity_45, COALESCE(i.debt,0) AS amount
			FROM shell_sale AS i
			WHERE DATE(i.created_date) >= _from_date AND DATE(i.created_date) < _to_date
			UNION ALL
			SELECT i.customer_id, 0 AS quantity_12, 0 AS quantity_45, COALESCE(i.debt,0) AS amount
			FROM lpg_sale AS i
			WHERE DATE(i.sale_date) >= _from_date AND DATE(i.sale_date) < _to_date
			UNION ALL
			SELECT i.customer_id, 0 AS quantity_12, 0 AS quantity_45, -COALESCE(i.paid,0) AS amount
			FROM wholesale_debt AS i
			WHERE DATE(i.created_date) >= _from_date AND DATE(i.created_date) < _to_date
			UNION ALL
			SELECT i.customer_customer_id AS customer_id, 0 AS quantity_12, 0 AS quantity_45, COALESCE(i.customer_amount,0) AS amount
			FROM transport_service AS i
			WHERE DATE(i.created_date) >= _from_date AND DATE(i.created_date) < _to_date AND i.customer_id<>0
			UNION ALL
			SELECT i.customer_id AS customer_id, 0 AS quantity_12, 0 AS quantity_45, COALESCE(i.amount,0) AS amount
			FROM debt_adjustment AS i
			WHERE DATE(i.created_date) >= _from_date AND DATE(i.created_date) < _to_date AND i.customer_id<>0
			UNION ALL
			SELECT i.customer_id, 0 AS quantity_12, 0 AS quantity_45, COALESCE(i.debt,0) AS amount
			FROM oil_sale AS i
			WHERE DATE(i.created_date) >= _from_date AND DATE(i.created_date) < _to_date
			UNION ALL
			SELECT i.customer_id, 0 AS quantity_12, 0 AS quantity_45, COALESCE(i.debt,0) AS amount
			FROM solar_sale AS i
			WHERE DATE(i.created_date) >= _from_date AND DATE(i.created_date) < _to_date
			UNION ALL
			SELECT i.customer_id, 0 AS quantity_12, 0 AS quantity_45, -COALESCE(idet.paid_amount,0) AS amount
			FROM oil_sale AS i, oil_sale_detail AS odet, invoice_detail AS idet
			WHERE DATE(i.created_date) >= _from_date AND DATE(i.created_date) < _to_date
			AND i.id=odet.oil_sale_id AND odet.id=idet.oil_sale_detail_id
			UNION ALL
			SELECT i.customer_id, 0 AS quantity_12, 0 AS quantity_45, -COALESCE(idet.paid_amount,0) AS amount
			FROM solar_sale AS i, solar_sale_detail AS odet, invoice_solar_detail AS idet
			WHERE DATE(i.created_date) >= _from_date AND DATE(i.created_date) < _to_date
			AND i.id=odet.solar_sale_id AND odet.id=idet.solar_sale_detail_id
			UNION ALL
			SELECT i.customer_id, 0 AS quantity_12, 0 AS quantity_45, -COALESCE(i.debt,0) AS amount
			FROM oil_sale_return AS i
			WHERE DATE(i.created_date) >= _from_date AND DATE(i.created_date) < _to_date
			UNION ALL
			SELECT i.customer_id, 0 AS quantity_12, 0 AS quantity_45, -COALESCE(i.debt,0) AS amount
			FROM solar_sale_return AS i
			WHERE DATE(i.created_date) >= _from_date AND DATE(i.created_date) < _to_date
		) AS tbl ON tbl.customer_id=c.id
		WHERE c.organization_id=o.id AND c.STATUS=1 AND o.STATUS=1
		GROUP BY c.id
		ORDER BY o.NAME, c.NAME
		;
	ELSEIF _kind=3 THEN -- set value
		SELECT SUM(COALESCE(tbl.amount,0)), SUM(COALESCE(tbl.transport_amount,0)), SUM(COALESCE(tbl.quantity_12,0)), SUM(COALESCE(tbl.quantity_45,0))
			INTO _out_amount, _out_transport_amount, _out_shell_12, _out_shell_45
		FROM customer AS c
		LEFT JOIN
		(
			SELECT COALESCE(shell_12,0) AS quantity_12, COALESCE(shell_45,0) AS quantity_45, COALESCE(amount,0) AS amount, COALESCE(transport_amount,0) AS transport_amount
			FROM customer_in_stock
			WHERE customer_id=_customer_id and DATEDIFF(`day`, _from_date) = 0 -- AND DATEDIFF(`day`, _to_date) <= 0 
			UNION ALL
			SELECT COALESCE(IF(shell_12.id IS NOT NULL, idet.quantity,0),0) AS quantity_12
				, COALESCE(IF(shell_45.id IS NOT NULL, idet.quantity,0),0) AS quantity_45
				, 0 AS amount, 0 AS transport_amount
			FROM gas_wholesale AS i, gas_wholesale_detail AS idet, shell_vendor AS sv
			LEFT JOIN (SELECT s.id FROM shell AS s, shell_kind AS sk WHERE s.kind_id=sk.id AND sk.weight=12) AS shell_12 ON sv.shell_id=shell_12.id
			LEFT JOIN (SELECT s.id FROM shell AS s, shell_kind AS sk WHERE s.kind_id=sk.id AND sk.weight=45) AS shell_45 ON sv.shell_id=shell_45.id
			WHERE DATE(i.created_date) >= _from_date AND DATE(i.created_date) < _to_date
				AND i.id=idet.gas_wholesale_id AND idet.shell_id=sv.id AND i.customer_id=_customer_id
			UNION ALL
			SELECT -COALESCE(IF(shell_12.id IS NOT NULL, idet.quantity,0),0) AS quantity_12
				, -COALESCE(IF(shell_45.id IS NOT NULL, idet.quantity,0),0) AS quantity_45
				, 0 AS amount, 0 AS transport_amount
			FROM gas_wholesale AS i, gas_wholesale_return_shell AS idet
			LEFT JOIN (SELECT s.id FROM shell AS s, shell_kind AS sk WHERE s.kind_id=sk.id AND sk.weight=12) AS shell_12 ON idet.shell_id=shell_12.id
			LEFT JOIN (SELECT s.id FROM shell AS s, shell_kind AS sk WHERE s.kind_id=sk.id AND sk.weight=45) AS shell_45 ON idet.shell_id=shell_45.id
			WHERE DATE(i.created_date) >= _from_date AND DATE(i.created_date) < _to_date
				AND i.id=idet.gas_wholesale_id AND i.customer_id=_customer_id
			UNION ALL
			SELECT -COALESCE(IF(shell_12.id IS NOT NULL, idet.quantity,0),0) AS quantity_12
				, -COALESCE(IF(shell_45.id IS NOT NULL, idet.quantity,0),0) AS quantity_45
				, 0 AS amount, 0 AS transport_amount
			FROM shell_return AS i, shell_return_detail AS idet
			LEFT JOIN (SELECT s.id FROM shell AS s, shell_kind AS sk WHERE s.kind_id=sk.id AND sk.weight=12) AS shell_12 ON idet.shell_id=shell_12.id
			LEFT JOIN (SELECT s.id FROM shell AS s, shell_kind AS sk WHERE s.kind_id=sk.id AND sk.weight=45) AS shell_45 ON idet.shell_id=shell_45.id
			WHERE DATE(i.created_date) >= _from_date AND DATE(i.created_date) < _to_date
				AND i.id=idet.shell_return_id AND i.customer_id=_customer_id
			UNION ALL
			SELECT 0 AS quantity_12, 0 AS quantity_45, COALESCE(i.debt,0) AS amount, 0 AS transport_amount
			FROM gas_wholesale AS i
			WHERE DATE(i.created_date) >= _from_date AND DATE(i.created_date) < _to_date AND i.customer_id=_customer_id
			UNION ALL
			SELECT 0 AS quantity_12, 0 AS quantity_45, COALESCE(i.debt,0) AS amount, 0 AS transport_amount
			FROM gas_export_wholesale AS i
			WHERE DATE(i.created_date) >= _from_date AND DATE(i.created_date) < _to_date AND i.customer_id=_customer_id
			UNION ALL
			SELECT 0 AS quantity_12, 0 AS quantity_45, COALESCE(i.debt,0) AS amount, 0 AS transport_amount
			FROM good_sale AS i
			WHERE DATE(i.created_date) >= _from_date AND DATE(i.created_date) < _to_date AND i.customer_id=_customer_id
			UNION ALL
			SELECT 0 AS quantity_12, 0 AS quantity_45, COALESCE(i.debt,0) AS amount, 0 AS transport_amount
			FROM petro_sale AS i
			WHERE DATE(i.created_date) >= _from_date AND DATE(i.created_date) < _to_date AND i.customer_id=_customer_id
			UNION ALL
			SELECT 0 AS quantity_12, 0 AS quantity_45, COALESCE(i.debt,0) AS amount, 0 AS transport_amount
			FROM shell_sale AS i
			WHERE DATE(i.created_date) >= _from_date AND DATE(i.created_date) < _to_date AND i.customer_id=_customer_id
			UNION ALL
			SELECT 0 AS quantity_12, 0 AS quantity_45, COALESCE(i.debt,0) AS amount, 0 AS transport_amount
			FROM lpg_sale AS i
			WHERE DATE(i.sale_date) >= _from_date AND DATE(i.sale_date) < _to_date AND i.customer_id=_customer_id
			UNION ALL
			SELECT 0 AS quantity_12, 0 AS quantity_45, -COALESCE(i.paid,0) AS amount, 0 AS transport_amount
			FROM wholesale_debt AS i
			WHERE DATE(i.created_date) >= _from_date AND DATE(i.created_date) < _to_date AND i.customer_id=_customer_id
			UNION ALL
			SELECT 0 AS quantity_12, 0 AS quantity_45, COALESCE(i.customer_amount,0) AS amount, 0 AS transport_amount
			FROM transport_service AS i
			WHERE DATE(i.created_date) >= _from_date AND DATE(i.created_date) < _to_date AND i.customer_id<>0 AND i.customer_customer_id=_customer_id
			UNION ALL
			SELECT 0 AS quantity_12, 0 AS quantity_45, -COALESCE(i.amount,0) AS amount, 0 AS transport_amount
			FROM debt_adjustment AS i
			WHERE DATE(i.created_date) >= _from_date AND DATE(i.created_date) < _to_date AND i.customer_id<>0 AND i.customer_id=_customer_id
			UNION ALL
			SELECT 0 AS quantity_12, 0 AS quantity_45, COALESCE(i.debt,0) AS amount, 0 AS transport_amount
			FROM oil_sale AS i
			WHERE DATE(i.created_date) >= _from_date AND DATE(i.created_date) < _to_date AND i.customer_id=_customer_id
			UNION ALL
			SELECT 0 AS quantity_12, 0 AS quantity_45, COALESCE(i.debt,0) AS amount, 0 AS transport_amount
			FROM solar_sale AS i
			WHERE DATE(i.created_date) >= _from_date AND DATE(i.created_date) < _to_date AND i.customer_id=_customer_id
			UNION ALL
			SELECT 0 AS quantity_12, 0 AS quantity_45, -COALESCE(idet.paid_amount,0) AS amount, 0 AS transport_amount
			FROM oil_sale AS i, oil_sale_detail AS odet, invoice_detail AS idet
			WHERE DATE(i.created_date) >= _from_date AND DATE(i.created_date) < _to_date AND i.customer_id=_customer_id
			AND i.id=odet.oil_sale_id AND odet.id=idet.oil_sale_detail_id
			UNION ALL
			SELECT 0 AS quantity_12, 0 AS quantity_45, -COALESCE(idet.paid_amount,0) AS amount, 0 AS transport_amount
			FROM solar_sale AS i, solar_sale_detail AS odet, invoice_solar_detail AS idet
			WHERE DATE(i.created_date) >= _from_date AND DATE(i.created_date) < _to_date AND i.customer_id=_customer_id
			AND i.id=odet.solar_sale_id AND odet.id=idet.solar_sale_detail_id
			UNION ALL
			SELECT 0 AS quantity_12, 0 AS quantity_45, -COALESCE(i.debt,0) AS amount, 0 AS transport_amount
			FROM oil_sale_return AS i
			WHERE DATE(i.created_date) >= _from_date AND DATE(i.created_date) < _to_date AND i.customer_id=_customer_id
			UNION ALL
			SELECT 0 AS quantity_12, 0 AS quantity_45, -COALESCE(i.debt,0) AS amount, 0 AS transport_amount
			FROM solar_sale_return AS i
			WHERE DATE(i.created_date) >= _from_date AND DATE(i.created_date) < _to_date AND i.customer_id=_customer_id
		) AS tbl ON 1
		WHERE c.STATUS=1 AND c.id=_customer_id;
	END IF;
    END */$$
DELIMITER ;

/* Procedure structure for procedure `get_in_stock_good` */

/*!50003 DROP PROCEDURE IF EXISTS  `get_in_stock_good` */;

DELIMITER $$

/*!50003 CREATE DEFINER=`root`@`localhost` PROCEDURE `get_in_stock_good`(IN _date VARCHAR(20), IN _is_list INT)
BEGIN
	DECLARE _from_date, _to_date DATE;
	
	IF _date<>'' THEN
		SELECT STR_TO_DATE(_date,'%d/%m/%Y') INTO _to_date;
	ELSE
		SELECT SYSDATE() INTO _to_date;
	END IF;
	
	SELECT `day` INTO _from_date FROM good_in_stock WHERE DATEDIFF(`day`, _to_date) <= 0 ORDER BY `day` DESC LIMIT 1;
	IF _from_date IS NULL THEN
		-- SELECT DATE_ADD(_to_date, INTERVAL -1 DAY) INTO _from_date;
		SELECT STR_TO_DATE(`value`,'%d/%m/%Y')  INTO _from_date from parameter where `code`="startdate";
	END IF;
	
	IF _is_list=1 THEN
		SELECT o.id AS organization_id, o.NAME AS organization_name, so.id AS store_id, so.NAME AS store_name, a.id AS good_id, a.NAME AS good_name, SUM(COALESCE(tbl.quantity,0)) AS opening_stock
		FROM organization AS o
		LEFT JOIN store AS so ON 1
		LEFT JOIN good AS a ON 1
		LEFT JOIN
		(
			SELECT good_id, organization_id, store_id, COALESCE(in_stock,0) AS quantity
			FROM good_in_stock
			WHERE DATEDIFF(`day`, _from_date) = 0 -- AND DATEDIFF(`day`, _to_date) <= 0
			UNION ALL
			SELECT i_det.good_id, i.store_id, s.organization_id, COALESCE(i_det.quantity,0) AS quantity
			FROM good_import_detail AS i_det, good_import AS i, store AS s
			WHERE i_det.good_import_id=i.id AND DATE(i.created_date) >= _from_date AND DATE(i.created_date) < _to_date AND i.store_id=s.id
			UNION ALL
			SELECT i_det.good_id, i.store_id, s.organization_id, -COALESCE(i_det.quantity,0) AS quantity
			FROM good_sale_detail AS i_det, good_sale AS i, store AS s
			WHERE i_det.good_sale_id=i.id AND DATE(i.created_date) >= _from_date AND DATE(i.created_date) < _to_date AND i.store_id=s.id
		) AS tbl ON tbl.organization_id=o.id AND tbl.good_id=a.id AND tbl.store_id=so.id
		WHERE a.STATUS=1 AND o.STATUS=1 AND so.STATUS=1 AND so.is_good=1
		GROUP BY o.id, so.id, a.id
		ORDER BY o.NAME, so.NAME, a.NAME
		;
	END IF;
    END */$$
DELIMITER ;

/* Procedure structure for procedure `get_in_stock_lpg` */

/*!50003 DROP PROCEDURE IF EXISTS  `get_in_stock_lpg` */;

DELIMITER $$

/*!50003 CREATE DEFINER=`root`@`localhost` PROCEDURE `get_in_stock_lpg`(IN _date VARCHAR(20), in _is_list int, in _organization_ids text, in _vendor_ids text, OUT _out_stock INT)
BEGIN
	DECLARE _from_date, _to_date DATE;
	
	IF _date<>'' THEN
		SELECT STR_TO_DATE(_date,'%d/%m/%Y') INTO _to_date;
	ELSE
		SELECT SYSDATE() INTO _to_date;
	END IF;
	
	SELECT `day` INTO _from_date FROM lpg_in_stock WHERE DATEDIFF(`day`, _to_date) <= 0 ORDER BY `day` DESC LIMIT 1;
	IF _from_date IS NULL THEN
		-- SELECT DATE_ADD(_to_date, INTERVAL -1 DAY) INTO _from_date;
		SELECT STR_TO_DATE(`value`,'%d/%m/%Y')  INTO _from_date from parameter where `code`="startdate";
	END IF;
	IF _is_list=1 THEN
		SELECT o.id AS organization_id, o.NAME AS organization_name, v.id AS vendor_id, v.NAME AS vendor_name, SUM(COALESCE(tbl.quantity,0)) AS opening_stock
		FROM organization AS o, vendor AS v, vendor_organization AS vo
		LEFT JOIN
		(
			SELECT organization_id, vendor_id, COALESCE(in_stock,0) AS quantity
			FROM lpg_in_stock
			WHERE DATEDIFF(`day`, _from_date) = 0 -- AND DATEDIFF(`day`, _to_date) <= 0
			UNION ALL
			SELECT eo.organization_id, v.id AS vendor_id, COALESCE(i.actual_quantity,0) AS quantity
			FROM lpg_import AS i, employee AS eo, vendor AS v
			WHERE DATE(i.import_date) >= _from_date AND DATE(i.import_date) < _to_date
				AND i.created_employee_id=eo.id AND eo.organization_id=v.equal_organization_id
			UNION ALL
			SELECT v.equal_organization_id AS organization_id, i.vendor_id, -COALESCE(i.actual_quantity,0) AS quantity 
			FROM lpg_import AS i, vendor AS v
			WHERE DATE(i.import_date) >= _from_date AND DATE(i.import_date) < _to_date AND i.vendor_id=v.id
			UNION ALL
			SELECT eo.organization_id, v.id AS vendor_id, -COALESCE(s.quantity,0) AS quantity
			FROM lpg_sale AS s, employee AS eo, vendor AS v
			WHERE DATE(s.sale_date) >= _from_date AND DATE(s.sale_date) < _to_date	
				AND s.created_employee_id=eo.id AND v.equal_organization_id=eo.organization_id
			UNION ALL
			SELECT sv.organization_id, sv.vendor_id, -COALESCE(f_det.quantity*k.weight,0) AS quantity 
			FROM fraction_gas_detail AS f_det, fraction_gas AS f, shell_vendor AS sv, shell AS s, shell_kind AS k
			WHERE f_det.fraction_id=f.id AND DATE(f.created_date) >= _from_date AND DATE(f.created_date) < _to_date
				AND f_det.shell_id=sv.id AND sv.shell_id=s.id AND s.kind_id=k.id
			UNION ALL
			SELECT rv.organization_id, rv.vendor_id, COALESCE(s.gas_return,0) AS quantity 
			FROM gas_wholesale AS s, employee AS eo, gas_return_vendor AS rv
			WHERE DATE(s.created_date) >= _from_date AND DATE(s.created_date) < _to_date
				AND s.created_employee_id=eo.id AND eo.organization_id=rv.organization_id
		) AS tbl ON tbl.organization_id=vo.organization_id AND tbl.vendor_id=vo.vendor_id
		WHERE vo.organization_id=o.id AND vo.vendor_id=v.id AND v.STATUS=1 AND o.STATUS=1 AND v.is_gas=1
		GROUP BY o.id, v.id
		ORDER BY o.NAME, v.NAME;
	ELSEIF _is_list=2 THEN
		SELECT COALESCE(SUM(tbl.quantity),0) INTO _out_stock
		FROM organization AS o, vendor AS v, vendor_organization AS vo
		LEFT JOIN
		(
			SELECT organization_id, vendor_id, COALESCE(in_stock,0) AS quantity
			FROM lpg_in_stock
			WHERE DATEDIFF(`day`, _from_date) = 0 -- AND DATEDIFF(`day`, _to_date) <= 0
				AND _organization_ids LIKE CONCAT('%,',organization_id,',%')
				AND ((_vendor_ids='' AND 1) OR (_vendor_ids<>'' AND _vendor_ids LIKE CONCAT('%,',vendor_id,',%')))
			UNION ALL
			SELECT eo.organization_id, v.id AS vendor_id, COALESCE(i.actual_quantity,0) AS quantity
			FROM lpg_import AS i, employee AS eo, vendor AS v
			WHERE DATE(i.import_date) >= _from_date AND DATE(i.import_date) < _to_date
				AND i.created_employee_id=eo.id AND eo.organization_id=v.equal_organization_id
				AND _organization_ids LIKE CONCAT('%,',eo.organization_id,',%')
				AND ((_vendor_ids='' AND 1) OR (_vendor_ids<>'' AND _vendor_ids LIKE CONCAT('%,',v.id,',%')))
			UNION ALL
			SELECT v.equal_organization_id AS organization_id, i.vendor_id, -COALESCE(i.actual_quantity,0) AS quantity 
			FROM lpg_import AS i, vendor AS v
			WHERE DATE(i.import_date) >= _from_date AND DATE(i.import_date) < _to_date AND i.vendor_id=v.id
				AND _organization_ids LIKE CONCAT('%,',v.equal_organization_id,',%')
				AND ((_vendor_ids='' AND 1) OR (_vendor_ids<>'' AND _vendor_ids LIKE CONCAT('%,',i.vendor_id,',%')))
			UNION ALL
			SELECT eo.organization_id, v.id AS vendor_id, -COALESCE(s.quantity,0) AS quantity
			FROM lpg_sale AS s, employee AS eo, vendor AS v
			WHERE DATE(s.sale_date) >= _from_date AND DATE(s.sale_date) < _to_date	
				AND s.created_employee_id=eo.id AND v.equal_organization_id=eo.organization_id
				AND _organization_ids LIKE CONCAT('%,',eo.organization_id,',%')
				AND ((_vendor_ids='' AND 1) OR (_vendor_ids<>'' AND _vendor_ids LIKE CONCAT('%,',v.id,',%')))
			UNION ALL
			SELECT sv.organization_id, sv.vendor_id, -COALESCE(f_det.quantity*k.weight,0) AS quantity 
			FROM fraction_gas_detail AS f_det, fraction_gas AS f, shell_vendor AS sv, shell AS s, shell_kind AS k
			WHERE f_det.fraction_id=f.id AND DATE(f.created_date) >= _from_date AND DATE(f.created_date) < _to_date
				AND f_det.shell_id=sv.id AND sv.shell_id=s.id AND s.kind_id=k.id
				AND _organization_ids LIKE CONCAT('%,',sv.organization_id,',%')
				AND ((_vendor_ids='' AND 1) OR (_vendor_ids<>'' AND _vendor_ids LIKE CONCAT('%,',sv.vendor_id,',%')))
			UNION ALL
			SELECT rv.organization_id, rv.vendor_id, COALESCE(s.gas_return,0) AS quantity 
			FROM gas_wholesale AS s, employee AS eo, gas_return_vendor AS rv
			WHERE DATE(s.created_date) >= _from_date AND DATE(s.created_date) < _to_date
				AND s.created_employee_id=eo.id AND eo.organization_id=rv.organization_id
				AND _organization_ids LIKE CONCAT('%,',rv.organization_id,',%')
				AND ((_vendor_ids='' AND 1) OR (_vendor_ids<>'' AND _vendor_ids LIKE CONCAT('%,',rv.vendor_id,',%')))
		) AS tbl ON tbl.organization_id=vo.organization_id AND tbl.vendor_id=vo.vendor_id
		WHERE vo.organization_id=o.id AND vo.vendor_id=v.id AND v.STATUS=1 AND o.STATUS=1 AND v.is_gas=1
		;
	END IF;
    END */$$
DELIMITER ;

/* Procedure structure for procedure `get_in_stock_money` */

/*!50003 DROP PROCEDURE IF EXISTS  `get_in_stock_money` */;

DELIMITER $$

/*!50003 CREATE DEFINER=`root`@`localhost` PROCEDURE `get_in_stock_money`(IN _date VARCHAR(20), IN _is_list INT, IN _is_value INT
	, IN _organization_ids TEXT, IN _is_cash int, OUT _out_stock INT)
BEGIN
	DECLARE _from_date, _to_date DATE;
	
	IF _date<>'' THEN
		SELECT STR_TO_DATE(_date,'%d/%m/%Y') INTO _to_date;
	ELSE
		SELECT SYSDATE() INTO _to_date;
	END IF;
	
	SELECT `day` INTO _from_date FROM money_in_stock WHERE DATEDIFF(`day`, _to_date) <= 0 ORDER BY `day` DESC LIMIT 1;
	IF _from_date IS NULL THEN
		-- SELECT DATE_ADD(_to_date, INTERVAL -1 DAY) INTO _from_date;
		SELECT STR_TO_DATE(`value`,'%d/%m/%Y')  INTO _from_date FROM parameter WHERE `code`="startdate";
	END IF;
	
	IF _is_list=1 THEN
		SELECT o.id AS organization_id, o.NAME AS organization_name, a.id AS account_id, CONCAT(a.number,' - ',a.bank,' - ',a.branch) AS account_name, SUM(COALESCE(tbl.in_stock,0)) AS opening_stock
		FROM organization AS o, account AS a
		LEFT JOIN
		(
			SELECT account_id, in_stock
			FROM money_in_stock
			WHERE DATEDIFF(`day`, _from_date) = 0 -- AND DATEDIFF(`day`, _to_date) <= 0
			UNION ALL
			SELECT a.account_id, -COALESCE(a.amount,0) AS in_stock
			FROM employee_advance AS a
			WHERE DATE(a.advance_date) >= _from_date AND DATE(a.advance_date) < _to_date
			GROUP BY a.account_id
			UNION ALL
			SELECT i.account_id, -COALESCE(i.amount,0) AS in_stock
			FROM employee_off_money AS i
			WHERE DATE(i.created_date) >= _from_date AND DATE(i.created_date) < _to_date
			GROUP BY i.account_id
			UNION ALL
			SELECT i.account_id, COALESCE(i.paid,0) AS in_stock
			FROM gas_export_wholesale AS i
			WHERE DATE(i.created_date) >= _from_date AND DATE(i.created_date) < _to_date
			GROUP BY i.account_id
			UNION ALL
			SELECT i.account_id, -COALESCE(i.amount,0) AS in_stock
			FROM shell_import AS i
			WHERE DATE(i.created_date) >= _from_date AND DATE(i.created_date) < _to_date
			GROUP BY i.account_id
			UNION ALL
			SELECT i.account_id, -COALESCE(i.paid,0) AS in_stock
			FROM lpg_import AS i
			WHERE DATE(i.import_date) >= _from_date AND DATE(i.import_date) < _to_date
			GROUP BY i.account_id
			UNION ALL
			SELECT i.account_id, COALESCE(i.paid,0) AS in_stock
			FROM lpg_sale AS i
			WHERE DATE(i.sale_date) >= _from_date AND DATE(i.sale_date) < _to_date
			GROUP BY i.account_id
			UNION ALL
			SELECT i.account_id, -COALESCE(i.paid,0) AS in_stock
			FROM gas_import AS i
			WHERE DATE(i.created_date) >= _from_date AND DATE(i.created_date) < _to_date
			GROUP BY i.account_id
			UNION ALL
			SELECT i.account_id, COALESCE(i.paid,0) AS in_stock
			FROM gas_wholesale AS i
			WHERE DATE(i.created_date) >= _from_date AND DATE(i.created_date) < _to_date
			GROUP BY i.account_id
			UNION ALL
			SELECT i.account_id, COALESCE(i.paid,0) AS in_stock
			FROM gas_retail AS i
			WHERE DATE(i.created_date) >= _from_date AND DATE(i.created_date) < _to_date
			GROUP BY i.account_id
			UNION ALL
			SELECT i.account_id, COALESCE(i.paid,0) AS in_stock
			FROM shell_sale AS i
			WHERE DATE(i.created_date) >= _from_date AND DATE(i.created_date) < _to_date
			GROUP BY i.account_id
			UNION ALL
			SELECT i.account_id, -COALESCE(i.paid,0) AS in_stock
			FROM accessory_import AS i
			WHERE DATE(i.created_date) >= _from_date AND DATE(i.created_date) < _to_date
			GROUP BY i.account_id
			UNION ALL
			SELECT i.account_id, -COALESCE(i.paid,0) AS in_stock
			FROM promotion_material_import AS i
			WHERE DATE(i.created_date) >= _from_date AND DATE(i.created_date) < _to_date
			GROUP BY i.account_id
			UNION ALL
			SELECT i.account_id, -COALESCE(i.paid,0) AS in_stock
			FROM petro_import AS i
			WHERE DATE(i.created_date) >= _from_date AND DATE(i.created_date) < _to_date
			GROUP BY i.account_id
			UNION ALL
			SELECT i.account_id, -COALESCE(i.paid,0) AS in_stock
			FROM good_import AS i
			WHERE DATE(i.created_date) >= _from_date AND DATE(i.created_date) < _to_date
			GROUP BY i.account_id
			UNION ALL
			SELECT i.account_id, COALESCE(i.paid,0) AS in_stock
			FROM accessory_sale AS i
			WHERE DATE(i.created_date) >= _from_date AND DATE(i.created_date) < _to_date
			GROUP BY i.account_id
			UNION ALL
			SELECT i.account_id, COALESCE(i.paid,0) AS in_stock
			FROM petro_sale AS i
			WHERE DATE(i.created_date) >= _from_date AND DATE(i.created_date) < _to_date
			GROUP BY i.account_id
			UNION ALL
			SELECT i.account_id, COALESCE(i.paid,0) AS in_stock
			FROM good_sale AS i
			WHERE DATE(i.created_date) >= _from_date AND DATE(i.created_date) < _to_date
			GROUP BY i.account_id
			UNION ALL
			SELECT i.account_id, -COALESCE(i.paid,0) AS in_stock
			FROM vendor_debt AS i
			WHERE DATE(i.created_date) >= _from_date AND DATE(i.created_date) < _to_date
			GROUP BY i.account_id
			UNION ALL
			SELECT i.account_id, COALESCE(i.paid,0) AS in_stock
			FROM retail_debt AS i
			WHERE DATE(i.created_date) >= _from_date AND DATE(i.created_date) < _to_date
			GROUP BY i.account_id
			UNION ALL
			SELECT i.account_id, COALESCE(i.paid,0) AS in_stock
			FROM wholesale_debt AS i
			WHERE DATE(i.created_date) >= _from_date AND DATE(i.created_date) < _to_date
			GROUP BY i.account_id
			UNION ALL
			SELECT i.account_id, COALESCE(i.amount,0) AS in_stock
			FROM income AS i
			WHERE DATE(i.created_date) >= _from_date AND DATE(i.created_date) < _to_date
			GROUP BY i.account_id
			UNION ALL
			SELECT i.account_id, COALESCE(amount/IF(month_count=0,1,month_count),0) AS in_stock
			FROM expense AS i
			WHERE DATE(i.created_date) >= _from_date AND DATE(i.created_date) < _to_date
			GROUP BY i.account_id
			UNION ALL
			SELECT i.account_id, COALESCE(i.money_amount,0) AS in_stock
			FROM transport_service AS i
			WHERE DATE(i.created_date) >= _from_date AND DATE(i.created_date) < _to_date
			GROUP BY i.account_id
			UNION ALL
			SELECT i.account_id, COALESCE(i.paid,0) AS in_stock
			FROM inner_sale AS i
			WHERE DATE(i.created_date) >= _from_date AND DATE(i.created_date) < _to_date
			GROUP BY i.account_id
			UNION ALL
			SELECT i.account_id, -COALESCE(i.total,0) AS in_stock
			FROM borrow AS i
			WHERE DATE(i.created_date) >= _from_date AND DATE(i.created_date) < _to_date
			GROUP BY i.account_id
		) AS tbl ON tbl.account_id=a.id
		WHERE a.organization_id=o.id AND o.STATUS=1
		GROUP BY a.id
		ORDER BY o.NAME, a.number;
	ELSEIF _is_value=1 THEN
		SELECT SUM(COALESCE(tbl.in_stock,0)) INTO _out_stock
		FROM organization AS o, account AS a
		LEFT JOIN
		(
			SELECT account_id, in_stock
			FROM money_in_stock AS s, account AS a
			WHERE DATEDIFF(s.`day`, _from_date) = 0 -- AND DATEDIFF(s.`day`, _to_date) <= 0
				AND s.account_id=a.id AND a.is_cash=_is_cash
				AND _organization_ids LIKE CONCAT('%,',s.organization_id,',%')
			UNION ALL
			SELECT a.account_id, -COALESCE(a.amount,0) AS in_stock
			FROM employee_advance AS a, account AS ac
			WHERE DATE(a.advance_date) >= _from_date AND DATE(a.advance_date) < _to_date
				AND a.account_id=ac.id AND ac.is_cash=_is_cash
				AND _organization_ids LIKE CONCAT('%,',ac.organization_id,',%')
			UNION ALL
			SELECT i.account_id, -COALESCE(i.amount,0) AS in_stock
			FROM employee_off_money AS i, account AS a
			WHERE DATE(i.created_date) >= _from_date AND DATE(i.created_date) < _to_date
				AND i.account_id=a.id AND a.is_cash=_is_cash
				AND _organization_ids LIKE CONCAT('%,',a.organization_id,',%')
			UNION ALL
			SELECT i.account_id, COALESCE(i.paid,0) AS in_stock
			FROM gas_export_wholesale AS i, account AS a
			WHERE DATE(i.created_date) >= _from_date AND DATE(i.created_date) < _to_date
				AND i.account_id=a.id AND a.is_cash=_is_cash
				AND _organization_ids LIKE CONCAT('%,',a.organization_id,',%')
			UNION ALL
			SELECT i.account_id, -COALESCE(i.amount,0) AS in_stock
			FROM shell_import AS i, account AS a
			WHERE DATE(i.created_date) >= _from_date AND DATE(i.created_date) < _to_date
				AND i.account_id=a.id AND a.is_cash=_is_cash
				AND _organization_ids LIKE CONCAT('%,',a.organization_id,',%')
			UNION ALL
			SELECT i.account_id, -COALESCE(i.paid,0) AS in_stock
			FROM lpg_import AS i, account AS a
			WHERE DATE(i.import_date) >= _from_date AND DATE(i.import_date) < _to_date
				AND i.account_id=a.id AND a.is_cash=_is_cash
				AND _organization_ids LIKE CONCAT('%,',a.organization_id,',%')
			UNION ALL
			SELECT i.account_id, COALESCE(i.paid,0) AS in_stock
			FROM lpg_sale AS i, account AS a
			WHERE DATE(i.sale_date) >= _from_date AND DATE(i.sale_date) < _to_date
				AND i.account_id=a.id AND a.is_cash=_is_cash
				AND _organization_ids LIKE CONCAT('%,',a.organization_id,',%')
			UNION ALL
			SELECT i.account_id, -COALESCE(i.paid,0) AS in_stock
			FROM gas_import AS i, account AS a
			WHERE DATE(i.created_date) >= _from_date AND DATE(i.created_date) < _to_date
				AND i.account_id=a.id AND a.is_cash=_is_cash
				AND _organization_ids LIKE CONCAT('%,',a.organization_id,',%')
			UNION ALL
			SELECT i.account_id, COALESCE(i.paid,0) AS in_stock
			FROM gas_wholesale AS i, account AS a
			WHERE DATE(i.created_date) >= _from_date AND DATE(i.created_date) < _to_date
				AND i.account_id=a.id AND a.is_cash=_is_cash
				AND _organization_ids LIKE CONCAT('%,',a.organization_id,',%')
			UNION ALL
			SELECT i.account_id, COALESCE(i.paid,0) AS in_stock
			FROM gas_retail AS i, account AS a
			WHERE DATE(i.created_date) >= _from_date AND DATE(i.created_date) < _to_date
				AND i.account_id=a.id AND a.is_cash=_is_cash
				AND _organization_ids LIKE CONCAT('%,',a.organization_id,',%')
			UNION ALL
			SELECT i.account_id, COALESCE(i.paid,0) AS in_stock
			FROM shell_sale AS i, account AS a
			WHERE DATE(i.created_date) >= _from_date AND DATE(i.created_date) < _to_date
				AND i.account_id=a.id AND a.is_cash=_is_cash
				AND _organization_ids LIKE CONCAT('%,',a.organization_id,',%')
			UNION ALL
			SELECT i.account_id, -COALESCE(i.paid,0) AS in_stock
			FROM accessory_import AS i, account AS a
			WHERE DATE(i.created_date) >= _from_date AND DATE(i.created_date) < _to_date
				AND i.account_id=a.id AND a.is_cash=_is_cash
				AND _organization_ids LIKE CONCAT('%,',a.organization_id,',%')
			UNION ALL
			SELECT i.account_id, -COALESCE(i.paid,0) AS in_stock
			FROM promotion_material_import AS i, account AS a
			WHERE DATE(i.created_date) >= _from_date AND DATE(i.created_date) < _to_date
				AND i.account_id=a.id AND a.is_cash=_is_cash
				AND _organization_ids LIKE CONCAT('%,',a.organization_id,',%')
			UNION ALL
			SELECT i.account_id, -COALESCE(i.paid,0) AS in_stock
			FROM petro_import AS i, account AS a
			WHERE DATE(i.created_date) >= _from_date AND DATE(i.created_date) < _to_date
				AND i.account_id=a.id AND a.is_cash=_is_cash
				AND _organization_ids LIKE CONCAT('%,',a.organization_id,',%')
			UNION ALL
			SELECT i.account_id, -COALESCE(i.paid,0) AS in_stock
			FROM good_import AS i, account AS a
			WHERE DATE(i.created_date) >= _from_date AND DATE(i.created_date) < _to_date
				AND i.account_id=a.id AND a.is_cash=_is_cash
				AND _organization_ids LIKE CONCAT('%,',a.organization_id,',%')
			UNION ALL
			SELECT i.account_id, COALESCE(i.paid,0) AS in_stock
			FROM accessory_sale AS i, account AS a
			WHERE DATE(i.created_date) >= _from_date AND DATE(i.created_date) < _to_date
				AND i.account_id=a.id AND a.is_cash=_is_cash
				AND _organization_ids LIKE CONCAT('%,',a.organization_id,',%')
			UNION ALL
			SELECT i.account_id, COALESCE(i.paid,0) AS in_stock
			FROM petro_sale AS i, account AS a
			WHERE DATE(i.created_date) >= _from_date AND DATE(i.created_date) < _to_date
				AND i.account_id=a.id AND a.is_cash=_is_cash
				AND _organization_ids LIKE CONCAT('%,',a.organization_id,',%')
			UNION ALL
			SELECT i.account_id, COALESCE(i.paid,0) AS in_stock
			FROM good_sale AS i, account AS a
			WHERE DATE(i.created_date) >= _from_date AND DATE(i.created_date) < _to_date
				AND i.account_id=a.id AND a.is_cash=_is_cash
				AND _organization_ids LIKE CONCAT('%,',a.organization_id,',%')
			UNION ALL
			SELECT i.account_id, -COALESCE(i.paid,0) AS in_stock
			FROM vendor_debt AS i, account AS a
			WHERE DATE(i.created_date) >= _from_date AND DATE(i.created_date) < _to_date
				AND i.account_id=a.id AND a.is_cash=_is_cash
				AND _organization_ids LIKE CONCAT('%,',a.organization_id,',%')
			UNION ALL
			SELECT i.account_id, -COALESCE(i.paid,0) AS in_stock
			FROM retail_debt AS i, account AS a
			WHERE DATE(i.created_date) >= _from_date AND DATE(i.created_date) < _to_date
				AND i.account_id=a.id AND a.is_cash=_is_cash
				AND _organization_ids LIKE CONCAT('%,',a.organization_id,',%')
			UNION ALL
			SELECT i.account_id, COALESCE(i.paid,0) AS in_stock
			FROM wholesale_debt AS i, account AS a
			WHERE DATE(i.created_date) >= _from_date AND DATE(i.created_date) < _to_date
				AND i.account_id=a.id AND a.is_cash=_is_cash
				AND _organization_ids LIKE CONCAT('%,',a.organization_id,',%')
			UNION ALL
			SELECT i.account_id, COALESCE(i.amount,0) AS in_stock
			FROM income AS i, account AS a
			WHERE DATE(i.created_date) >= _from_date AND DATE(i.created_date) < _to_date
				AND i.account_id=a.id AND a.is_cash=_is_cash
				AND _organization_ids LIKE CONCAT('%,',a.organization_id,',%')
			UNION ALL
			SELECT i.account_id, -COALESCE(amount/IF(month_count=0,1,month_count),0) AS in_stock
			FROM expense AS i, account AS a
			WHERE DATE(i.created_date) >= _from_date AND DATE(i.created_date) < _to_date
				AND i.account_id=a.id AND a.is_cash=_is_cash
				AND _organization_ids LIKE CONCAT('%,',a.organization_id,',%')
			UNION ALL
			SELECT i.account_id, COALESCE(i.money_amount,0) AS in_stock
			FROM transport_service AS i, account AS a
			WHERE DATE(i.created_date) >= _from_date AND DATE(i.created_date) < _to_date
				AND i.account_id=a.id AND a.is_cash=_is_cash
				AND _organization_ids LIKE CONCAT('%,',a.organization_id,',%')
			UNION ALL
			SELECT i.account_id, COALESCE(i.paid,0) AS in_stock
			FROM inner_sale AS i, account AS a
			WHERE DATE(i.created_date) >= _from_date AND DATE(i.created_date) < _to_date
				AND i.account_id=a.id AND a.is_cash=_is_cash
				AND _organization_ids LIKE CONCAT('%,',a.organization_id,',%')
			UNION ALL
			SELECT i.account_id, -COALESCE(i.total,0) AS in_stock
			FROM borrow AS i, account AS a
			WHERE DATE(i.created_date) >= _from_date AND DATE(i.created_date) < _to_date
				AND i.account_id=a.id AND a.is_cash=_is_cash
				AND _organization_ids LIKE CONCAT('%,',a.organization_id,',%')
		) AS tbl ON tbl.account_id=a.id
		WHERE a.organization_id=o.id AND o.STATUS=1;
	END IF;
    END */$$
DELIMITER ;

/* Procedure structure for procedure `get_in_stock_oil` */

/*!50003 DROP PROCEDURE IF EXISTS  `get_in_stock_oil` */;

DELIMITER $$

/*!50003 CREATE DEFINER=`root`@`localhost` PROCEDURE `get_in_stock_oil`(IN _date VARCHAR(20), IN _is_list INT)
BEGIN
	DECLARE _from_date, _to_date DATE;
	
	IF _date<>'' THEN
		SELECT STR_TO_DATE(_date,'%d/%m/%Y') INTO _to_date;
	ELSE
		SELECT SYSDATE() INTO _to_date;
	END IF;
	
	SELECT `day` INTO _from_date FROM oil_in_stock WHERE DATEDIFF(`day`, _to_date) <= 0 ORDER BY `day` DESC LIMIT 1;
	IF _from_date IS NULL THEN
		-- SELECT DATE_ADD(_to_date, INTERVAL -1 DAY) INTO _from_date;
		SELECT STR_TO_DATE(`value`,'%d/%m/%Y')  INTO _from_date from parameter where `code`="startdate";
	END IF;
	IF _is_list=1 THEN
		SELECT o.id AS organization_id, o.NAME AS organization_name, so.id AS store_id, so.NAME AS store_name, a.id AS oil_id, a.CODE AS oil_code, a.NAME AS oil_name, SUM(COALESCE(tbl.in_stock,0)) AS opening_stock
		FROM oil AS a 
		LEFT JOIN store AS so ON 1 
		LEFT JOIN organization AS o ON so.organization_id=o.id
		LEFT JOIN
		(
			SELECT oil_id, store_id, COALESCE(in_stock,0) AS in_stock
			FROM oil_in_stock
			WHERE DATEDIFF(`day`, _from_date) = 0 -- AND DATEDIFF(`day`, _to_date) < 0
			UNION ALL
			SELECT i_det.oil_id, i.store_id, COALESCE(i_det.base_quantity,0) AS in_stock
			FROM oil_import_detail AS i_det, oil_import AS i
			WHERE i_det.oil_import_id=i.id AND DATE(i.created_date) >= _from_date AND DATE(i.created_date) < _to_date
			UNION ALL
			SELECT i_det.oil_id, i_det.store_id, -COALESCE(i_det.base_quantity,0) AS in_stock
			FROM oil_sale_detail AS i_det, oil_sale AS i
			WHERE i_det.oil_sale_id=i.id AND DATE(i.created_date) >= _from_date AND DATE(i.created_date) < _to_date
			UNION ALL
			SELECT i_det.oil_id, i_det.store_id, -COALESCE(i_det.base_quantity,0) AS in_stock
			FROM oil_sale_promotion AS i_det, oil_sale AS i
			WHERE i_det.sale_oil_id=i.id AND DATE(i.created_date) >= _from_date AND DATE(i.created_date) < _to_date
			UNION ALL
			SELECT i_det.oil_id, i_det.store_id, COALESCE(i_det.base_quantity,0) AS in_stock
			FROM oil_sale_return_detail AS i_det, oil_sale_return AS i
			WHERE i_det.oil_sale_return_id=i.id AND DATE(i.created_date) >= _from_date AND DATE(i.created_date) < _to_date
		) AS tbl ON tbl.oil_id=a.id AND tbl.store_id=so.id
		WHERE a.STATUS=1 AND o.STATUS=1 AND so.STATUS=1 AND so.is_oil=1
		GROUP BY o.id, so.id, a.id
		ORDER BY o.NAME, so.NAME, a.NAME
		;
	END IF;
    END */$$
DELIMITER ;

/* Procedure structure for procedure `get_in_stock_petro` */

/*!50003 DROP PROCEDURE IF EXISTS  `get_in_stock_petro` */;

DELIMITER $$

/*!50003 CREATE DEFINER=`root`@`localhost` PROCEDURE `get_in_stock_petro`(IN _date VARCHAR(20), IN _is_list INT)
BEGIN
	DECLARE _from_date, _to_date DATE;
	
	IF _date<>'' THEN
		SELECT STR_TO_DATE(_date,'%d/%m/%Y') INTO _to_date;
	ELSE
		SELECT SYSDATE() INTO _to_date;
	END IF;
	
	SELECT `day` INTO _from_date FROM petro_in_stock WHERE DATEDIFF(`day`, _to_date) <= 0 ORDER BY `day` DESC LIMIT 1;
	IF _from_date IS NULL THEN
		-- SELECT DATE_ADD(_to_date, INTERVAL -1 DAY) INTO _from_date;
		SELECT STR_TO_DATE(`value`,'%d/%m/%Y')  INTO _from_date from parameter where `code`="startdate";
	END IF;
	
	IF _is_list=1 THEN
		SELECT o.id AS organization_id, o.NAME AS organization_name, so.id AS store_id, so.NAME AS store_name, a.id AS petro_id, a.NAME AS petro_name, COALESCE(SUM(tbl.quantity),0) AS opening_stock
		FROM organization AS o, store AS so
		LEFT JOIN petro AS a ON 1
		LEFT JOIN
		(
			SELECT petro_id, store_id, organization_id, COALESCE(in_stock,0) AS quantity
			FROM petro_in_stock
			WHERE DATEDIFF(`day`, _from_date) = 0 -- AND DATEDIFF(`day`, _to_date) <= 0
			UNION ALL
			SELECT i_det.petro_id, s.id AS store_id, s.organization_id, COALESCE(i_det.quantity,0) AS quantity
			FROM petro_import_detail AS i_det, petro_import AS i, store AS s
			WHERE i_det.petro_import_id=i.id AND DATE(i.created_date) >= _from_date AND DATE(i.created_date) < _to_date 
				AND i.store_id=s.id
			UNION ALL
			SELECT i_det.petro_id, s.id AS store_id, s.organization_id, -COALESCE(i_det.quantity,0) AS quantity
			FROM petro_sale_detail AS i_det, petro_sale AS i, store AS s
			WHERE i_det.petro_sale_id=i.id AND DATE(i.created_date) >= _from_date AND DATE(i.created_date) < _to_date 
				AND i.store_id=s.id
		) AS tbl ON tbl.organization_id=so.organization_id AND tbl.petro_id=a.id AND tbl.store_id=so.id
		WHERE a.STATUS=1 AND o.STATUS=1 AND so.STATUS=1 AND so.is_petro=1 and o.id=so.organization_id
		GROUP BY o.id, so.id, a.id
		ORDER BY o.NAME, so.NAME, a.NAME
		;
	END IF;
    END */$$
DELIMITER ;

/* Procedure structure for procedure `get_in_stock_promotion_material` */

/*!50003 DROP PROCEDURE IF EXISTS  `get_in_stock_promotion_material` */;

DELIMITER $$

/*!50003 CREATE DEFINER=`root`@`localhost` PROCEDURE `get_in_stock_promotion_material`(IN _date VARCHAR(20), IN _is_list INT)
BEGIN
	DECLARE _from_date, _to_date DATE;
	
	IF _date<>'' THEN
		SELECT STR_TO_DATE(_date,'%d/%m/%Y') INTO _to_date;
	ELSE
		SELECT SYSDATE() INTO _to_date;
	END IF;
	
	SELECT `day` INTO _from_date FROM promotion_material_in_stock WHERE DATEDIFF(`day`, _to_date) <= 0 ORDER BY `day` DESC LIMIT 1;
	IF _from_date IS NULL THEN
		-- SELECT DATE_ADD(_to_date, INTERVAL -1 DAY) INTO _from_date;
		SELECT STR_TO_DATE(`value`,'%d/%m/%Y')  INTO _from_date from parameter where `code`="startdate";
	END IF;
	
	IF _is_list=1 THEN
		SELECT o.id AS organization_id, o.NAME AS organization_name, a.id AS promotion_material_id, a.NAME AS promotion_material_name, SUM(COALESCE(tbl.quantity,0)) AS opening_stock
		FROM organization AS o
		LEFT JOIN promotion_material AS a ON 1
		LEFT JOIN
		(
			SELECT promotion_material_id, organization_id, COALESCE(in_stock,0) AS quantity
			FROM promotion_material_in_stock
			WHERE DATEDIFF(`day`, _from_date) = 0 -- AND DATEDIFF(`day`, _to_date) <= 0
			UNION ALL
			SELECT i_det.promotion_material_id, eo.organization_id, COALESCE(i_det.quantity,0) AS quantity
			FROM promotion_material_import_detail AS i_det, promotion_material_import AS i, employee AS eo
			WHERE i_det.promotion_material_id=i.id AND DATE(i.created_date) >= _from_date AND DATE(i.created_date) < _to_date
				AND i.created_employee_id=eo.id
			UNION ALL
			SELECT i_det.promotion_material_id, eo.organization_id, -COALESCE(i_det.quantity,0) AS quantity
			FROM gas_wholesale_promotion AS i_det, gas_wholesale AS i, employee AS eo
			WHERE i_det.gas_wholesale_id=i.id AND DATE(i.created_date) >= _from_date AND DATE(i.created_date) < _to_date
				AND i.created_employee_id=eo.id
		) AS tbl ON tbl.organization_id=o.id AND tbl.promotion_material_id=a.id
		WHERE a.STATUS=1 AND o.STATUS=1
		GROUP BY o.id, a.id
		ORDER BY o.NAME, a.NAME
		;
	END IF;
    END */$$
DELIMITER ;

/* Procedure structure for procedure `get_in_stock_shell` */

/*!50003 DROP PROCEDURE IF EXISTS  `get_in_stock_shell` */;

DELIMITER $$

/*!50003 CREATE DEFINER=`root`@`localhost` PROCEDURE `get_in_stock_shell`(IN _date VARCHAR(20), IN _is_list INT)
BEGIN
	DECLARE _from_date, _to_date DATE;
	
	IF _date<>'' THEN
		SELECT STR_TO_DATE(_date,'%d/%m/%Y') INTO _to_date;
	ELSE
		SELECT SYSDATE() INTO _to_date;
	END IF;
	
	SELECT `day` INTO _from_date FROM shell_in_stock WHERE DATEDIFF(`day`, _to_date) <= 0 ORDER BY `day` DESC LIMIT 1;
	IF _from_date IS NULL THEN
		-- SELECT DATE_ADD(_to_date, INTERVAL -1 DAY) INTO _from_date;
		SELECT STR_TO_DATE(`value`,'%d/%m/%Y')  INTO _from_date from parameter where `code`="startdate";
	END IF;
	
	IF _is_list=1 THEN
		SELECT o.id AS organization_id, o.NAME AS organization_name, s.id AS shell_id, s.NAME AS shell_name, SUM(COALESCE(tbl.in_stock,0)) AS opening_stock
		FROM organization AS o, shell AS s, shell_vendor AS sv
		LEFT JOIN
		(
			SELECT organization_id, shell_id, in_stock
			FROM shell_in_stock
			WHERE DATEDIFF(`day`, _from_date) = 0 -- AND DATEDIFF(`day`, _to_date) <= 0
			UNION ALL
			SELECT i.shell_id, eo.organization_id, COALESCE(i.quantity,0) AS in_stock
			FROM shell_import AS i, employee AS eo
			WHERE DATE(i.created_date) >= _from_date AND DATE(i.created_date) < _to_date
				AND i.created_employee_id=eo.id
			UNION ALL
			SELECT sv.shell_id, sv.organization_id,  -COALESCE(f_det.quantity,0) AS in_stock
			FROM fraction_gas_detail AS f_det, fraction_gas AS f, shell_vendor AS sv
			WHERE DATE(f.created_date) >= _from_date AND DATE(f.created_date) < _to_date
				AND f_det.fraction_id=f.id AND f_det.shell_id=sv.id
			UNION ALL
			SELECT i_det.shell_id, eo.organization_id, COALESCE(i_det.quantity,0) AS in_stock
			FROM gas_wholesale_return_shell AS i_det, gas_wholesale AS i, employee AS eo
			WHERE DATE(i.created_date) >= _from_date AND DATE(i.created_date) < _to_date
				AND i_det.gas_wholesale_id=i.id AND i.created_employee_id=eo.id
			UNION ALL
			SELECT i_det.shell_id, eo.organization_id, -COALESCE(i_det.quantity,0) AS in_stock
			FROM shell_sale_detail AS i_det, shell_sale AS i, employee AS eo
			WHERE DATE(i.created_date) >= _from_date AND DATE(i.created_date) < _to_date
				AND i_det.shell_sale_id=i.id AND i.created_employee_id=eo.id
			UNION ALL
			SELECT i.shell_id, eo.organization_id, COALESCE(i.quantity,0) AS in_stock
			FROM old_shell AS i, employee AS eo
			WHERE DATE(i.created_date) >= _from_date AND DATE(i.created_date) < _to_date
				AND i.created_employee_id=eo.id
			UNION ALL
			SELECT sv.shell_id, sv.organization_id, COALESCE(f_det.quantity,0) AS in_stock
			FROM shell_return_detail AS f_det, shell_return AS f, shell_vendor AS sv
			WHERE DATE(f.created_date) >= _from_date AND DATE(f.created_date) < _to_date 
				AND f_det.shell_return_id=f.id AND f_det.shell_id=sv.id
			UNION ALL
			SELECT sv.shell_id, sv.organization_id, -COALESCE(f_det.quantity,0) AS in_stock
			FROM shell_return_supplier_detail AS f_det, shell_return_supplier AS f, shell_vendor AS sv
			WHERE DATE(f.created_date) >= _from_date AND DATE(f.created_date) < _to_date 
				AND f_det.shell_return_supplier_id=f.id AND f_det.shell_id=sv.id
			UNION ALL
			SELECT f_det.shell_id, eo.organization_id,  COALESCE(f_det.quantity,0) AS in_stock
			FROM vehicle_in_return_shell_detail AS f_det, vehicle_in AS f, employee AS eo
			WHERE DATE(f.created_date) >= _from_date AND DATE(f.created_date) < _to_date 
				AND f_det.vehicle_in_id=f.id AND f.created_employee_id=eo.id
			UNION ALL
			SELECT f_det.shell_id, eo.organization_id, COALESCE(f_det.quantity,0) AS in_stock
			FROM gas_export_wholesale_shell_detail AS f_det, gas_export_wholesale AS f, employee AS eo
			WHERE  DATE(f.created_date) >= _from_date AND DATE(f.created_date) < _to_date 
				AND f_det.gas_export_wholesale_id=f.id AND f.created_employee_id=eo.id
		) AS tbl ON tbl.organization_id=sv.organization_id AND tbl.shell_id=sv.shell_id
		WHERE s.STATUS=1 AND o.STATUS=1 AND sv.shell_id=s.id AND sv.organization_id=o.id 
		GROUP BY o.id, s.id
		ORDER BY o.NAME, s.NAME;
	END IF;
    END */$$
DELIMITER ;

/* Procedure structure for procedure `get_in_stock_shell_gas` */

/*!50003 DROP PROCEDURE IF EXISTS  `get_in_stock_shell_gas` */;

DELIMITER $$

/*!50003 CREATE DEFINER=`root`@`localhost` PROCEDURE `get_in_stock_shell_gas`(IN _date VARCHAR(20), IN _is_list INT, IN _is_value INT
	, IN _organization_ids TEXT, IN _vendor_ids TEXT, OUT _gas_12_stock INT, OUT _gas_45_stock INT)
BEGIN
	DECLARE _from_date, _to_date DATE;
	
	IF _date<>'' THEN
		SELECT STR_TO_DATE(_date,'%d/%m/%Y') INTO _to_date;
	ELSE
		SELECT SYSDATE() INTO _to_date;
	END IF;
	
	SELECT `day` INTO _from_date FROM shell_gas_in_stock WHERE DATEDIFF(`day`, _to_date) <= 0 ORDER BY `day` DESC LIMIT 1;
	IF _from_date IS NULL THEN
		-- SELECT DATE_ADD(_to_date, INTERVAL -1 DAY) INTO _from_date;
		SELECT STR_TO_DATE(`value`,'%d/%m/%Y')  INTO _from_date from parameter where `code`="startdate";
	END IF;
	
	IF _is_list=1 THEN
		SELECT o.id AS organization_id, o.NAME AS organization_name, so.id AS shell_id, so.NAME AS shell_name, a.id AS vendor_id, a.NAME AS vendor_name
			, SUM(COALESCE(tbl.quantity,0)) -- + COALESCE(tbl_return.return_12,0) + COALESCE(tbl_return.return_45,0) 
			AS opening_stock
		FROM organization AS o, shell AS so, vendor AS a, organization_shell AS os, shell_vendor AS sv
		LEFT JOIN
		(
			SELECT shell_vendor_id AS id, in_stock AS quantity
			FROM shell_gas_in_stock
			WHERE DATEDIFF(`day`, _from_date) = 0 -- AND DATEDIFF(`day`, _to_date) <= 0
			UNION ALL
			SELECT sv.id, COALESCE(f_det.quantity,0) AS quantity
			FROM fraction_gas_detail AS f_det, fraction_gas AS f, shell_vendor AS sv
			WHERE f_det.fraction_id=f.id AND DATE(f.created_date) >= _from_date AND DATE(f.created_date) < _to_date
				AND f_det.shell_id=sv.id
			UNION ALL
			SELECT sv.id, COALESCE(f_det.quantity,0) AS quantity
			FROM gas_import_detail AS f_det, gas_import AS f, shell_vendor AS sv
			WHERE f_det.gas_import_id=f.id AND DATE(f.created_date) >= _from_date AND DATE(f.created_date) < _to_date
				AND f_det.shell_id=sv.id
			-- UNION ALL
			-- SELECT sv.id, -COALESCE(i_det.quantity,0) AS quantity
			-- FROM gas_wholesale_detail AS i_det, gas_wholesale AS i, shell_vendor AS sv
			-- WHERE i_det.gas_wholesale_id=i.id AND DATE(i.created_date) >= _from_date AND DATE(i.created_date) < _to_date
			--	AND i_det.shell_id=sv.id
			UNION ALL
			SELECT sv.id, -COALESCE(i_det.quantity,0) AS quantity
			FROM vehicle_out_detail AS i_det, vehicle_out AS i, shell_vendor AS sv
			WHERE i_det.vehicle_out_id=i.id AND DATE(i.created_date) >= _from_date AND DATE(i.created_date) < _to_date
				AND i_det.shell_id=sv.id
			UNION ALL
			SELECT sv.id, COALESCE(i_det.quantity,0) AS quantity
			FROM vehicle_in_detail AS i_det, vehicle_in AS i, shell_vendor AS sv
			WHERE i_det.vehicle_in_id=i.id AND DATE(i.created_date) >= _from_date AND DATE(i.created_date) < _to_date
				AND i_det.shell_id=sv.id
			-- UNION ALL
			-- SELECT sv.id, -COALESCE(f_det.quantity,0) AS quantity
			-- FROM gas_export_wholesale_detail AS f_det, gas_export_wholesale AS f, shell_vendor AS sv
			-- WHERE f_det.gas_export_wholesale_id=f.id AND DATE(f.created_date) >= _from_date AND DATE(f.created_date) < _to_date
			--	AND f_det.shell_id=sv.id
			-- UNION ALL
			-- SELECT sv.id, -COALESCE(i_det.quantity,0) AS quantity
			-- FROM inner_sale_detail AS i_det, inner_sale AS i, shell_vendor AS sv
			-- WHERE i_det.inner_sale_id=i.id AND DATE(i.created_date) >= _from_date AND DATE(i.created_date) < _to_date
			--	AND i_det.shell_id=sv.id
		) AS tbl ON tbl.id=sv.id
		-- left join
		-- (
		-- 	SELECT SUM(IF(shell_12.id IS NOT NULL, COALESCE(r.quantity,0),0)) AS return_12, SUM(IF(shell_45.id IS NOT NULL, COALESCE(r.quantity,0),0)) AS return_45
		-- 	FROM gas_wholesale AS g, gas_wholesale_return_shell AS r
		-- 	LEFT JOIN (SELECT s.id FROM shell AS s, shell_kind AS sk WHERE s.kind_id=sk.id AND sk.weight=12) AS shell_12 ON r.shell_id=shell_12.id
		-- 	LEFT JOIN (SELECT s.id FROM shell AS s, shell_kind AS sk WHERE s.kind_id=sk.id AND sk.weight=45) AS shell_45 ON r.shell_id=shell_45.id
		-- 	WHERE DATE(g.created_date) >= _from_date AND DATE(g.created_date) < _to_date
		-- 		AND g.id=r.gas_wholesale_id
		-- ) as tbl_return on 1
		WHERE sv.shell_id=so.id AND sv.organization_id=o.id AND sv.vendor_id=a.id AND a.STATUS=1 AND o.STATUS=1 AND so.STATUS=1 AND a.is_gas=1
			AND o.id=os.organization_id AND so.id=os.shell_id
		GROUP BY o.id, so.id, a.id
		ORDER BY o.NAME, so.NAME, a.NAME;
	ELSEIF _is_value=1 THEN
		SELECT SUM(IF(shell_12.id IS NOT NULL, COALESCE(tbl.quantity,0),0)) -- + COALESCE(tbl_return.return_12,0)
			, SUM(IF(shell_45.id IS NOT NULL, COALESCE(tbl.quantity,0),0)) -- + COALESCE(tbl_return.return_45,0)
			INTO _gas_12_stock, _gas_45_stock 
		FROM organization AS o, shell AS so, vendor AS a, organization_shell AS os, shell_vendor AS sv
		LEFT JOIN
		(
			SELECT sg.shell_vendor_id AS id, sg.in_stock AS quantity
			FROM shell_gas_in_stock sg, shell_vendor AS sv
			WHERE DATEDIFF(sg.`day`, _from_date) = 0 -- AND DATEDIFF(sg.`day`, _to_date) <= 0
				AND sg.shell_vendor_id=sv.id
				AND _organization_ids LIKE CONCAT('%,',sv.organization_id,',%')
				AND ((_vendor_ids='' AND 1) OR (_vendor_ids<>'' AND _vendor_ids LIKE CONCAT('%,',sv.vendor_id,',%')))
			UNION ALL
			SELECT sv.id, COALESCE(f_det.quantity,0) AS quantity
			FROM fraction_gas_detail AS f_det, fraction_gas AS f, shell_vendor AS sv
			WHERE f_det.fraction_id=f.id AND DATE(f.created_date) >= _from_date AND DATE(f.created_date) < _to_date
				AND f_det.shell_id=sv.id
				AND _organization_ids LIKE CONCAT('%,',sv.organization_id,',%')
				AND ((_vendor_ids='' AND 1) OR (_vendor_ids<>'' AND _vendor_ids LIKE CONCAT('%,',sv.vendor_id,',%')))
			UNION ALL
			SELECT sv.id, COALESCE(f_det.quantity,0) AS quantity
			FROM gas_import_detail AS f_det, gas_import AS f, shell_vendor AS sv
			WHERE f_det.gas_import_id=f.id AND DATE(f.created_date) >= _from_date AND DATE(f.created_date) < _to_date
				AND f_det.shell_id=sv.id
			 	AND _organization_ids LIKE CONCAT('%,',sv.organization_id,',%')
			 	AND ((_vendor_ids='' AND 1) OR (_vendor_ids<>'' AND _vendor_ids LIKE CONCAT('%,',sv.vendor_id,',%')))
			-- UNION ALL
			-- SELECT sv.id, -COALESCE(i_det.quantity,0) AS quantity
			-- FROM gas_wholesale_detail AS i_det, gas_wholesale AS i, shell_vendor AS sv
			-- WHERE i_det.gas_wholesale_id=i.id AND DATE(i.created_date) >= _from_date AND DATE(i.created_date) < _to_date
			-- 	AND i_det.shell_id=sv.id
			-- 	AND _organization_ids LIKE CONCAT('%,',sv.organization_id,',%')
			-- 	AND ((_vendor_ids='' AND 1) OR (_vendor_ids<>'' AND _vendor_ids LIKE CONCAT('%,',sv.vendor_id,',%')))
			UNION ALL
			SELECT sv.id, -COALESCE(i_det.quantity,0) AS quantity
			FROM vehicle_out_detail AS i_det, vehicle_out AS i, shell_vendor AS sv
			WHERE i_det.vehicle_out_id=i.id AND DATE(i.created_date) >= _from_date AND DATE(i.created_date) < _to_date
				AND i_det.shell_id=sv.id
				AND _organization_ids LIKE CONCAT('%,',sv.organization_id,',%')
				AND ((_vendor_ids='' AND 1) OR (_vendor_ids<>'' AND _vendor_ids LIKE CONCAT('%,',sv.vendor_id,',%')))
			UNION ALL
			SELECT sv.id, COALESCE(i_det.quantity,0) AS quantity
			FROM vehicle_in_detail AS i_det, vehicle_in AS i, shell_vendor AS sv
			WHERE i_det.vehicle_in_id=i.id AND DATE(i.created_date) >= _from_date AND DATE(i.created_date) < _to_date
				AND i_det.shell_id=sv.id
				AND _organization_ids LIKE CONCAT('%,',sv.organization_id,',%')
				AND ((_vendor_ids='' AND 1) OR (_vendor_ids<>'' AND _vendor_ids LIKE CONCAT('%,',sv.vendor_id,',%')))
			-- UNION ALL
			-- SELECT sv.id, -COALESCE(f_det.quantity,0) AS quantity
			-- FROM gas_export_wholesale_detail AS f_det, gas_export_wholesale AS f, shell_vendor AS sv
			-- WHERE f_det.gas_export_wholesale_id=f.id AND DATE(f.created_date) >= _from_date AND DATE(f.created_date) < _to_date
			-- 	AND f_det.shell_id=sv.id
			-- 	AND _organization_ids LIKE CONCAT('%,',sv.organization_id,',%')
			-- 	AND ((_vendor_ids='' AND 1) OR (_vendor_ids<>'' AND _vendor_ids LIKE CONCAT('%,',sv.vendor_id,',%')))
			-- UNION ALL
			-- SELECT sv.id, -COALESCE(i_det.quantity,0) AS quantity
			-- FROM inner_sale_detail AS i_det, inner_sale AS i, shell_vendor AS sv
			-- WHERE i_det.inner_sale_id=i.id AND DATE(i.created_date) >= _from_date AND DATE(i.created_date) < _to_date
			-- 	AND i_det.shell_id=sv.id
			-- 	AND _organization_ids LIKE CONCAT('%,',sv.organization_id,',%')
			-- 	AND ((_vendor_ids='' AND 1) OR (_vendor_ids<>'' AND _vendor_ids LIKE CONCAT('%,',sv.vendor_id,',%')))
		) AS tbl ON tbl.id=sv.id
		LEFT JOIN (SELECT s.id FROM shell AS s, shell_kind AS sk WHERE s.kind_id=sk.id AND sk.weight=12) AS shell_12 ON sv.shell_id=shell_12.id
		LEFT JOIN (SELECT s.id FROM shell AS s, shell_kind AS sk WHERE s.kind_id=sk.id AND sk.weight=45) AS shell_45 ON sv.shell_id=shell_45.id
		-- left join
		-- (
		-- 	SELECT SUM(IF(shell_12.id IS NOT NULL, COALESCE(r.quantity,0),0)) AS return_12, SUM(IF(shell_45.id IS NOT NULL, COALESCE(r.quantity,0),0)) AS return_45
		-- 	FROM gas_wholesale AS g, employee AS e, gas_wholesale_return_shell AS r
		-- 	LEFT JOIN (SELECT s.id FROM shell AS s, shell_kind AS sk WHERE s.kind_id=sk.id AND sk.weight=12) AS shell_12 ON r.shell_id=shell_12.id
		-- 	LEFT JOIN (SELECT s.id FROM shell AS s, shell_kind AS sk WHERE s.kind_id=sk.id AND sk.weight=45) AS shell_45 ON r.shell_id=shell_45.id
		-- 	WHERE DATE(g.created_date) >= _from_date AND DATE(g.created_date) < _to_date
		-- 		AND g.created_employee_id=e.id
		-- 		AND g.id=r.gas_wholesale_id AND _organization_ids LIKE CONCAT('%,',e.organization_id,',%')
		-- ) as tbl_return on 1
		WHERE sv.shell_id=so.id AND sv.organization_id=o.id AND sv.vendor_id=a.id AND a.STATUS=1 AND o.STATUS=1 AND so.STATUS=1 AND a.is_gas=1
			AND o.id=os.organization_id AND so.id=os.shell_id;
	END IF;
    END */$$
DELIMITER ;

/* Procedure structure for procedure `get_in_stock_shield` */

/*!50003 DROP PROCEDURE IF EXISTS  `get_in_stock_shield` */;

DELIMITER $$

/*!50003 CREATE DEFINER=`root`@`localhost` PROCEDURE `get_in_stock_shield`(IN _date VARCHAR(20), IN _is_list INT, IN _is_value INT
	, IN _organization_ids TEXT, IN _vendor_ids TEXT, OUT _out_stock INT)
BEGIN
	DECLARE _from_date, _to_date DATE;
	
	IF _date<>'' THEN
		SELECT STR_TO_DATE(_date,'%d/%m/%Y') INTO _to_date;
	ELSE
		SELECT SYSDATE() INTO _to_date;
	END IF;
	
	SELECT `day` INTO _from_date FROM shield_in_stock WHERE DATEDIFF(`day`, _to_date) <= 0 ORDER BY `day` DESC LIMIT 1;
	IF _from_date IS NULL THEN
		-- SELECT DATE_ADD(_to_date, INTERVAL -1 DAY) INTO _from_date;
		SELECT STR_TO_DATE(`value`,'%d/%m/%Y')  INTO _from_date from parameter where `code`="startdate";
	END IF;
	
	IF _is_list=1 THEN
		SELECT o.id AS organization_id, o.NAME AS organization_name, v.id AS vendor_id, v.NAME AS vendor_name, COALESCE(SUM(tbl.quantity),0) AS opening_stock
		FROM organization AS o, vendor AS v, vendor_organization AS vo
		LEFT JOIN
		(
			SELECT COALESCE(in_stock,0) AS quantity, vendor_id, organization_id
			FROM shield_in_stock
			WHERE DATEDIFF(`day`, _from_date) = 0 -- AND DATEDIFF(`day`, _to_date) <= 0
			UNION ALL
			SELECT COALESCE(i.quantity,0) AS quantity, i.vendor_id, eo.organization_id
			FROM shield_import AS i, employee AS eo
			WHERE DATE(i.created_date) >= _from_date AND DATE(i.created_date) < _to_date
				AND i.created_employee_id=eo.id
			UNION ALL
			SELECT -COALESCE(i.quantity,0) AS quantity, i.vendor_id, eo.organization_id
			FROM shield_decrease AS i, employee AS eo
			WHERE DATE(i.created_date) >= _from_date AND DATE(i.created_date) < _to_date
				AND i.created_employee_id=eo.id
			UNION ALL
			SELECT -COALESCE(f_det.quantity,0) AS quantity, sv.vendor_id, sv.organization_id
			FROM fraction_gas_detail AS f_det, fraction_gas AS f, shell_vendor AS sv
			WHERE f_det.fraction_id=f.id AND DATE(f.created_date) >= _from_date AND DATE(f.created_date) < _to_date
				AND f_det.shell_id=sv.id
		) AS tbl ON tbl.organization_id=vo.organization_id AND tbl.vendor_id=vo.vendor_id
		WHERE vo.organization_id=o.id AND vo.vendor_id=v.id AND v.STATUS=1 AND o.STATUS=1 AND v.is_gas=1
		GROUP BY vo.organization_id, vo.vendor_id
		ORDER BY o.NAME, v.NAME
		;
	ELSEIF _is_value=1 THEN
		SELECT COALESCE(SUM(tbl.quantity),0) INTO _out_stock
		FROM organization AS o, vendor AS v, vendor_organization AS vo
		LEFT JOIN
		(
			SELECT COALESCE(in_stock,0) AS quantity, vendor_id, organization_id
			FROM shield_in_stock
			WHERE DATEDIFF(`day`, _from_date) = 0 -- AND DATEDIFF(`day`, _to_date) <= 0
				AND _organization_ids LIKE CONCAT('%,',organization_id,',%')
				AND ((_vendor_ids='' AND 1) OR (_vendor_ids<>'' AND _vendor_ids LIKE CONCAT('%,',vendor_id,',%')))
			UNION ALL
			SELECT COALESCE(i.quantity,0) AS quantity, i.vendor_id, eo.organization_id
			FROM shield_import AS i, employee AS eo
			WHERE DATE(i.created_date) >= _from_date AND DATE(i.created_date) < _to_date
				AND i.created_employee_id=eo.id
				AND _organization_ids LIKE CONCAT('%,',eo.organization_id,',%')
				AND ((_vendor_ids='' AND 1) OR (_vendor_ids<>'' AND _vendor_ids LIKE CONCAT('%,',i.vendor_id,',%')))
			UNION ALL
			SELECT -COALESCE(i.quantity,0) AS quantity, i.vendor_id, eo.organization_id
			FROM shield_decrease AS i, employee AS eo
			WHERE DATE(i.created_date) >= _from_date AND DATE(i.created_date) < _to_date
				AND i.created_employee_id=eo.id
				AND _organization_ids LIKE CONCAT('%,',eo.organization_id,',%')
				AND ((_vendor_ids='' AND 1) OR (_vendor_ids<>'' AND _vendor_ids LIKE CONCAT('%,',i.vendor_id,',%')))
			UNION ALL
			SELECT -COALESCE(f_det.quantity,0) AS quantity, sv.vendor_id, sv.organization_id
			FROM fraction_gas_detail AS f_det, fraction_gas AS f, shell_vendor AS sv
			WHERE f_det.fraction_id=f.id AND DATE(f.created_date) >= _from_date AND DATE(f.created_date) < _to_date
				AND f_det.shell_id=sv.id
				AND _organization_ids LIKE CONCAT('%,',sv.organization_id,',%')
				AND ((_vendor_ids='' AND 1) OR (_vendor_ids<>'' AND _vendor_ids LIKE CONCAT('%,',sv.vendor_id,',%')))
		) AS tbl ON tbl.organization_id=vo.organization_id AND tbl.vendor_id=vo.vendor_id
		WHERE vo.organization_id=o.id AND vo.vendor_id=v.id AND v.STATUS=1 AND o.STATUS=1 AND v.is_gas=1
		;
	END IF;
    END */$$
DELIMITER ;

/* Procedure structure for procedure `get_in_stock_solar` */

/*!50003 DROP PROCEDURE IF EXISTS  `get_in_stock_solar` */;

DELIMITER $$

/*!50003 CREATE DEFINER=`root`@`localhost` PROCEDURE `get_in_stock_solar`(IN _date VARCHAR(20), IN _is_list INT)
BEGIN
	DECLARE _from_date, _to_date DATE;
	
	IF _date<>'' THEN
		SELECT STR_TO_DATE(_date,'%d/%m/%Y') INTO _to_date;
	ELSE
		SELECT SYSDATE() INTO _to_date;
	END IF;
	
	SELECT `day` INTO _from_date FROM solar_in_stock WHERE DATEDIFF(`day`, _to_date) <= 0 ORDER BY `day` DESC LIMIT 1;
	IF _from_date IS NULL THEN
		-- SELECT DATE_ADD(_to_date, INTERVAL -1 DAY) INTO _from_date;
		SELECT STR_TO_DATE(`value`,'%d/%m/%Y')  INTO _from_date FROM parameter WHERE `code`="startdate";
	END IF;
	
	IF _is_list=1 THEN
		SELECT o.id AS organization_id, o.NAME AS organization_name, so.id AS store_id, so.NAME AS store_name, a.id AS solar_id, a.CODE AS solar_code, a.NAME AS solar_name, SUM(COALESCE(tbl.in_stock,0)) AS opening_stock
		FROM solar AS a 
		LEFT JOIN store AS so ON 1 
		LEFT JOIN organization AS o ON so.organization_id=o.id
		LEFT JOIN
		(
			SELECT solar_id, store_id, COALESCE(in_stock,0) AS in_stock
			FROM solar_in_stock
			WHERE DATEDIFF(`day`, _from_date) = 0 -- AND DATEDIFF(`day`, _to_date) <= 0
			UNION ALL
			SELECT i_det.solar_id, i.store_id, COALESCE(i_det.base_quantity,0) AS in_stock
			FROM solar_import_detail AS i_det, solar_import AS i
			WHERE i_det.solar_import_id=i.id AND DATE(i.created_date) >= _from_date AND DATE(i.created_date) < _to_date
			UNION ALL
			SELECT i_det.solar_id, i_det.store_id, -COALESCE(i_det.base_quantity,0) AS in_stock
			FROM solar_sale_detail AS i_det, solar_sale AS i
			WHERE i_det.solar_sale_id=i.id AND DATE(i.created_date) >= _from_date AND DATE(i.created_date) < _to_date
			UNION ALL
			SELECT i_det.solar_id, i_det.store_id, -COALESCE(i_det.base_quantity,0) AS in_stock
			FROM solar_sale_promotion AS i_det, solar_sale AS i
			WHERE i_det.sale_solar_id=i.id AND DATE(i.created_date) >= _from_date AND DATE(i.created_date) < _to_date
			UNION ALL
			SELECT i_det.solar_id, i_det.store_id, COALESCE(i_det.base_quantity,0) AS in_stock
			FROM solar_sale_return_detail AS i_det, solar_sale_return AS i
			WHERE i_det.solar_sale_return_id=i.id AND DATE(i.created_date) >= _from_date AND DATE(i.created_date) < _to_date
		) AS tbl ON tbl.solar_id=a.id AND tbl.store_id=so.id
		WHERE a.STATUS=1 AND o.STATUS=1 AND so.STATUS=1 AND so.is_solar=1
		GROUP BY o.id, so.id, a.id
		ORDER BY o.NAME, so.NAME, a.NAME
		;
	END IF;
    END */$$
DELIMITER ;

/* Procedure structure for procedure `get_in_stock_vendor` */

/*!50003 DROP PROCEDURE IF EXISTS  `get_in_stock_vendor` */;

DELIMITER $$

/*!50003 CREATE DEFINER=`root`@`localhost` PROCEDURE `get_in_stock_vendor`(IN _date VARCHAR(20), IN _kind INT, IN _vendor_id INT, IN _organization_ids TEXT
	, OUT _out_amount DOUBLE, OUT _out_transport_amount DOUBLE, OUT _out_shell_12 INT, OUT _out_shell_45 INT)
BEGIN
	DECLARE _from_date, _to_date DATE;
	
	IF _date<>'' THEN
		SELECT STR_TO_DATE(_date,'%d/%m/%Y') INTO _to_date;
	ELSE
		SELECT SYSDATE() INTO _to_date;
	END IF;
	
	SELECT `day` INTO _from_date FROM vendor_in_stock WHERE DATEDIFF(`day`, _to_date) <= 0 ORDER BY `day` DESC LIMIT 1;
	IF _from_date IS NULL THEN
		-- SELECT DATE_ADD(_to_date, INTERVAL -1 DAY) INTO _from_date;
		SELECT STR_TO_DATE(`value`,'%d/%m/%Y')  INTO _from_date from parameter where `code`="startdate";
	END IF;
	IF _kind=1 THEN -- export_customer_opening_stock
		SELECT o.id AS organization_id, o.NAME AS organization_name, v.id AS vendor_id, v.NAME AS vendor_name
			, SUM(COALESCE(tbl.amount,0)) AS opening_stock
			, SUM(COALESCE(tbl.shell_12,0)) AS opening_stock_12
			, SUM(COALESCE(tbl.shell_45,0)) AS opening_stock_45
			, SUM(COALESCE(tbl.transport_debt,0)) AS opening_transport_stock
		FROM organization AS o, vendor AS v, vendor_organization AS vo
		LEFT JOIN
		(
			SELECT vendor_id, organization_id, amount, shell_12, shell_45, transport_amount AS transport_debt
			FROM vendor_in_stock
			WHERE DATEDIFF(`day`, _from_date) = 0 -- AND DATEDIFF(`day`, _to_date) <= 0
			UNION ALL
			SELECT i.vendor_id, eo.organization_id, COALESCE(i.debt,0) AS amount, 0 AS quantity_12, 0 AS quantity_45, 0 AS transport_debt
			FROM lpg_import AS i, employee AS eo
			WHERE DATE(i.import_date) >= _from_date AND DATE(i.import_date) < _to_date
				AND i.created_employee_id=eo.id
			UNION ALL
			SELECT i.vendor_id, eo.organization_id, COALESCE(i.debt,0) AS amount, 0 AS quantity_12, 0 AS quantity_45, 0 AS transport_debt
			FROM gas_import AS i, employee AS eo
			WHERE DATE(i.created_date) >= _from_date AND DATE(i.created_date) < _to_date
				AND i.created_employee_id=eo.id
			UNION ALL
			SELECT i.vendor_id, eo.organization_id, 0 AS amount
				, COALESCE(IF(shell_12.id IS NOT NULL, i.quantity,0),0) AS quantity_12
				, COALESCE(IF(shell_45.id IS NOT NULL, i.quantity,0),0) AS quantity_45
				, 0 AS transport_debt
			FROM employee AS eo, shell_import AS i
			LEFT JOIN (SELECT s.id FROM shell AS s, shell_kind AS sk WHERE s.kind_id=sk.id AND sk.weight=12) AS shell_12 ON i.shell_id=shell_12.id
			LEFT JOIN (SELECT s.id FROM shell AS s, shell_kind AS sk WHERE s.kind_id=sk.id AND sk.weight=45) AS shell_45 ON i.shell_id=shell_45.id
			WHERE DATE(i.created_date) >= _from_date AND DATE(i.created_date) < _to_date
				AND i.created_employee_id=eo.id
			UNION ALL
			SELECT i.vendor_id, eo.organization_id, 0 AS amount
				, COALESCE(IF(shell_12.id IS NOT NULL, idet.quantity,0),0) AS quantity_12
				, COALESCE(IF(shell_45.id IS NOT NULL, idet.quantity,0),0) AS quantity_45
				, 0 AS transport_debt
			FROM employee AS eo, gas_import AS i, gas_import_detail AS idet, shell_vendor AS sv
			LEFT JOIN (SELECT s.id FROM shell AS s, shell_kind AS sk WHERE s.kind_id=sk.id AND sk.weight=12) AS shell_12 ON sv.shell_id=shell_12.id
			LEFT JOIN (SELECT s.id FROM shell AS s, shell_kind AS sk WHERE s.kind_id=sk.id AND sk.weight=45) AS shell_45 ON sv.shell_id=shell_45.id
			WHERE DATE(i.created_date) >= _from_date AND DATE(i.created_date) < _to_date
				AND i.created_employee_id=eo.id AND idet.shell_id=sv.id
			UNION ALL
			SELECT i.vendor_id, eo.organization_id, COALESCE(i.debt,0) AS amount, 0 AS quantity_12, 0 AS quantity_45, 0 AS transport_debt
			FROM oil_import AS i, employee AS eo
			WHERE DATE(i.created_date) >= _from_date AND DATE(i.created_date) < _to_date
				AND i.created_employee_id=eo.id
			UNION ALL
			SELECT i.vendor_id, eo.organization_id, - COALESCE(IF(i.kind=1,i.paid,0),0) AS amount, 0 AS quantity_12, 0 AS quantity_45
				, - COALESCE(IF(i.kind=2,i.paid,0),0) AS transport_debt
			FROM vendor_debt AS i, employee AS eo
			WHERE DATE(i.created_date) >= _from_date AND DATE(i.created_date) < _to_date
				AND i.created_employee_id=eo.id
			UNION ALL
			SELECT i.vendor_id, eo.organization_id, COALESCE(i.debt,0) AS amount, 0 AS quantity_12, 0 AS quantity_45, 0 AS transport_debt
			FROM promotion_material_import AS i, employee AS eo
			WHERE DATE(i.created_date) >= _from_date AND DATE(i.created_date) < _to_date
				AND i.created_employee_id=eo.id
			UNION ALL
			SELECT i.vendor_id, eo.organization_id, 0 AS amount
				, -COALESCE(IF(shell_12.id IS NOT NULL, idet.quantity,0),0) AS quantity_12
				, -COALESCE(IF(shell_45.id IS NOT NULL, idet.quantity,0),0) AS quantity_45
				, 0 AS transport_debt
			FROM employee AS eo, shell_return_supplier AS i, shell_return_supplier_detail AS idet
			LEFT JOIN (SELECT s.id FROM shell AS s, shell_kind AS sk WHERE s.kind_id=sk.id AND sk.weight=12) AS shell_12 ON idet.shell_id=shell_12.id
			LEFT JOIN (SELECT s.id FROM shell AS s, shell_kind AS sk WHERE s.kind_id=sk.id AND sk.weight=45) AS shell_45 ON idet.shell_id=shell_45.id
			WHERE DATE(i.created_date) >= _from_date AND DATE(i.created_date) < _to_date
				AND i.created_employee_id=eo.id
			UNION ALL
			SELECT i.vendor_vendor_id AS vendor_id, eo.organization_id, 0 AS amount, 0 AS quantity_12, 0 AS quantity_45
				, COALESCE(i.vendor_amount,0) AS transport_debt
			FROM transport_service AS i, employee AS eo
			WHERE DATE(i.created_date) >= _from_date AND DATE(i.created_date) < _to_date
				AND i.created_employee_id=eo.id
			UNION ALL
			SELECT i.vendor_id, eo.organization_id, COALESCE(i.debt,0) AS amount, 0 AS quantity_12, 0 AS quantity_45, 0 AS transport_debt
			FROM accessory_import AS i, employee AS eo
			WHERE DATE(i.created_date) >= _from_date AND DATE(i.created_date) < _to_date
				AND i.created_employee_id=eo.id
			UNION ALL
			SELECT i.vendor_id, eo.organization_id, -COALESCE(i.amount,0) AS amount, 0 AS quantity_12, 0 AS quantity_45, 0 AS transport_debt
			FROM debt_adjustment AS i, employee AS eo
			WHERE DATE(i.created_date) >= _from_date AND DATE(i.created_date) < _to_date
				AND i.created_employee_id=eo.id AND i.vendor_id<>0 AND i.kind=1
			UNION ALL
			SELECT i.vendor_id, eo.organization_id, 0 AS amount, 0 AS quantity_12, 0 AS quantity_45, -COALESCE(i.amount,0) AS transport_debt
			FROM debt_adjustment AS i, employee AS eo
			WHERE DATE(i.created_date) >= _from_date AND DATE(i.created_date) < _to_date
				AND i.created_employee_id=eo.id AND i.vendor_id<>0 AND i.kind=2
			UNION ALL
			SELECT i.vendor_id, eo.organization_id, -COALESCE(i.amount,0) AS amount, 0 AS quantity_12, 0 AS quantity_45, -COALESCE(i.amount,0) AS transport_debt
			FROM debt_adjustment AS i, employee AS eo
			WHERE DATE(i.created_date) >= _from_date AND DATE(i.created_date) < _to_date
				AND i.created_employee_id=eo.id AND i.vendor_id<>0 AND i.kind=3
			UNION ALL
			SELECT i.vendor_id, eo.organization_id, COALESCE(i.debt,0) AS amount, 0 AS quantity_12, 0 AS quantity_45, 0 AS transport_debt
			FROM good_import AS i, employee AS eo
			WHERE DATE(i.created_date) >= _from_date AND DATE(i.created_date) < _to_date
				AND i.created_employee_id=eo.id
			UNION ALL
			SELECT i.vendor_id, eo.organization_id, COALESCE(i.debt,0) AS amount, 0 AS quantity_12, 0 AS quantity_45, 0 AS transport_debt
			FROM petro_import AS i, employee AS eo
			WHERE DATE(i.created_date) >= _from_date AND DATE(i.created_date) < _to_date
				AND i.created_employee_id=eo.id
			UNION ALL
			SELECT idet.vendor_id, eo.organization_id, -COALESCE(idet.quantity*idet.price_before_commission,0) AS amount, 0 AS quantity_12, 0 AS quantity_45, 0 AS transport_debt
			FROM oil_sale_detail AS idet, oil_sale AS i, employee AS eo
			WHERE DATE(i.created_date) >= _from_date AND DATE(i.created_date) < _to_date
				AND i.created_employee_id=eo.id AND i.id=idet.oil_sale_id
		) AS tbl ON tbl.organization_id=vo.organization_id AND tbl.vendor_id=vo.vendor_id
		WHERE vo.organization_id=o.id AND vo.vendor_id=v.id AND v.STATUS=1 AND o.STATUS=1
		GROUP BY o.id, v.id
		ORDER BY o.NAME, v.NAME
		;
	ELSEIF _kind=3 THEN -- set value
		SELECT SUM(COALESCE(tbl.amount,0)), SUM(COALESCE(tbl.transport_debt,0)), SUM(COALESCE(tbl.shell_12,0)), SUM(COALESCE(tbl.shell_45,0))
			INTO _out_amount, _out_transport_amount, _out_shell_12, _out_shell_45
		FROM organization AS o, vendor AS v, vendor_organization AS vo
		LEFT JOIN
		(
			SELECT vendor_id, organization_id, amount, shell_12, shell_45, transport_amount AS transport_debt
			FROM vendor_in_stock
			WHERE DATEDIFF(`day`, _from_date) = 0 -- AND DATEDIFF(`day`, _to_date) <= 0 
				AND vendor_id=_vendor_id AND _organization_ids LIKE CONCAT('%,',organization_id,',%')
			UNION ALL
			SELECT i.vendor_id, eo.organization_id, COALESCE(i.debt,0) AS amount, 0 AS quantity_12, 0 AS quantity_45, 0 AS transport_debt
			FROM lpg_import AS i, employee AS eo
			WHERE DATE(i.import_date) >= _from_date AND DATE(i.import_date) < _to_date
				AND i.created_employee_id=eo.id AND i.vendor_id=_vendor_id AND _organization_ids LIKE CONCAT('%,',eo.organization_id,',%')
			UNION ALL
			SELECT i.vendor_id, eo.organization_id, COALESCE(i.debt,0) AS amount, 0 AS quantity_12, 0 AS quantity_45, 0 AS transport_debt
			FROM gas_import AS i, employee AS eo
			WHERE DATE(i.created_date) >= _from_date AND DATE(i.created_date) < _to_date
				AND i.created_employee_id=eo.id AND i.vendor_id=_vendor_id AND _organization_ids LIKE CONCAT('%,',eo.organization_id,',%')
			UNION ALL
			SELECT i.vendor_id, eo.organization_id, 0 AS amount
				, COALESCE(IF(shell_12.id IS NOT NULL, i.quantity,0),0) AS quantity_12
				, COALESCE(IF(shell_45.id IS NOT NULL, i.quantity,0),0) AS quantity_45
				, 0 AS transport_debt
			FROM employee AS eo, shell_import AS i
			LEFT JOIN (SELECT s.id FROM shell AS s, shell_kind AS sk WHERE s.kind_id=sk.id AND sk.weight=12) AS shell_12 ON i.shell_id=shell_12.id
			LEFT JOIN (SELECT s.id FROM shell AS s, shell_kind AS sk WHERE s.kind_id=sk.id AND sk.weight=45) AS shell_45 ON i.shell_id=shell_45.id
			WHERE DATE(i.created_date) >= _from_date AND DATE(i.created_date) < _to_date
				AND i.created_employee_id=eo.id AND i.vendor_id=_vendor_id AND _organization_ids LIKE CONCAT('%,',eo.organization_id,',%')
			UNION ALL
			SELECT i.vendor_id, eo.organization_id, 0 AS amount
				, COALESCE(IF(shell_12.id IS NOT NULL, idet.quantity,0),0) AS quantity_12
				, COALESCE(IF(shell_45.id IS NOT NULL, idet.quantity,0),0) AS quantity_45
				, 0 AS transport_debt
			FROM employee AS eo, gas_import AS i, gas_import_detail AS idet, shell_vendor AS sv
			LEFT JOIN (SELECT s.id FROM shell AS s, shell_kind AS sk WHERE s.kind_id=sk.id AND sk.weight=12) AS shell_12 ON sv.shell_id=shell_12.id
			LEFT JOIN (SELECT s.id FROM shell AS s, shell_kind AS sk WHERE s.kind_id=sk.id AND sk.weight=45) AS shell_45 ON sv.shell_id=shell_45.id
			WHERE DATE(i.created_date) >= _from_date AND DATE(i.created_date) < _to_date AND idet.shell_id=sv.id
				AND i.created_employee_id=eo.id AND i.vendor_id=_vendor_id AND _organization_ids LIKE CONCAT('%,',eo.organization_id,',%')
			UNION ALL
			SELECT i.vendor_id, eo.organization_id, COALESCE(i.debt,0) AS amount, 0 AS quantity_12, 0 AS quantity_45, 0 AS transport_debt
			FROM oil_import AS i, employee AS eo
			WHERE DATE(i.created_date) >= _from_date AND DATE(i.created_date) < _to_date
				AND i.created_employee_id=eo.id AND i.vendor_id=_vendor_id AND _organization_ids LIKE CONCAT('%,',eo.organization_id,',%')
			UNION ALL
			SELECT i.vendor_id, eo.organization_id, - COALESCE(IF(i.kind=1,i.paid,0),0) AS amount, 0 AS quantity_12, 0 AS quantity_45
				, - COALESCE(IF(i.kind=2,i.paid,0),0) AS transport_debt
			FROM vendor_debt AS i, employee AS eo
			WHERE DATE(i.created_date) >= _from_date AND DATE(i.created_date) < _to_date
				AND i.created_employee_id=eo.id AND i.vendor_id=_vendor_id AND _organization_ids LIKE CONCAT('%,',eo.organization_id,',%')
			UNION ALL
			SELECT i.vendor_id, eo.organization_id, COALESCE(i.debt,0) AS amount, 0 AS quantity_12, 0 AS quantity_45, 0 AS transport_debt
			FROM promotion_material_import AS i, employee AS eo
			WHERE DATE(i.created_date) >= _from_date AND DATE(i.created_date) < _to_date
				AND i.created_employee_id=eo.id AND i.vendor_id=_vendor_id AND _organization_ids LIKE CONCAT('%,',eo.organization_id,',%')
			UNION ALL
			SELECT i.vendor_id, eo.organization_id, 0 AS amount
				, -COALESCE(IF(shell_12.id IS NOT NULL, idet.quantity,0),0) AS quantity_12
				, -COALESCE(IF(shell_45.id IS NOT NULL, idet.quantity,0),0) AS quantity_45
				, 0 AS transport_debt
			FROM employee AS eo, shell_return_supplier AS i, shell_return_supplier_detail AS idet
			LEFT JOIN (SELECT s.id FROM shell AS s, shell_kind AS sk WHERE s.kind_id=sk.id AND sk.weight=12) AS shell_12 ON idet.shell_id=shell_12.id
			LEFT JOIN (SELECT s.id FROM shell AS s, shell_kind AS sk WHERE s.kind_id=sk.id AND sk.weight=45) AS shell_45 ON idet.shell_id=shell_45.id
			WHERE DATE(i.created_date) >= _from_date AND DATE(i.created_date) < _to_date
				AND i.created_employee_id=eo.id AND i.vendor_id=_vendor_id AND _organization_ids LIKE CONCAT('%,',eo.organization_id,',%')
			UNION ALL
			SELECT i.vendor_vendor_id AS vendor_id, eo.organization_id, 0 AS amount, 0 AS quantity_12, 0 AS quantity_45
				, COALESCE(i.vendor_amount,0) AS transport_debt
			FROM transport_service AS i, employee AS eo
			WHERE DATE(i.created_date) >= _from_date AND DATE(i.created_date) < _to_date
				AND i.created_employee_id=eo.id AND i.vendor_vendor_id=_vendor_id AND _organization_ids LIKE CONCAT('%,',eo.organization_id,',%')
			UNION ALL
			SELECT i.vendor_id, eo.organization_id, COALESCE(i.debt,0) AS amount, 0 AS quantity_12, 0 AS quantity_45, 0 AS transport_debt
			FROM accessory_import AS i, employee AS eo
			WHERE DATE(i.created_date) >= _from_date AND DATE(i.created_date) < _to_date
				AND i.created_employee_id=eo.id AND i.vendor_id=_vendor_id AND _organization_ids LIKE CONCAT('%,',eo.organization_id,',%')
			UNION ALL
			SELECT i.vendor_id, eo.organization_id, -COALESCE(i.amount,0) AS amount, 0 AS quantity_12, 0 AS quantity_45, 0 AS transport_debt
			FROM debt_adjustment AS i, employee AS eo
			WHERE DATE(i.created_date) >= _from_date AND DATE(i.created_date) < _to_date
				AND i.created_employee_id=eo.id AND i.vendor_id<>0 AND i.kind=1  AND i.vendor_id=_vendor_id
				 AND _organization_ids LIKE CONCAT('%,',eo.organization_id,',%')
			UNION ALL
			SELECT i.vendor_id, eo.organization_id, 0 AS amount, 0 AS quantity_12, 0 AS quantity_45, -COALESCE(i.amount,0) AS transport_debt
			FROM debt_adjustment AS i, employee AS eo
			WHERE DATE(i.created_date) >= _from_date AND DATE(i.created_date) < _to_date
				AND i.created_employee_id=eo.id AND i.vendor_id<>0 AND i.kind=2  AND i.vendor_id=_vendor_id
				 AND _organization_ids LIKE CONCAT('%,',eo.organization_id,',%')
			UNION ALL
			SELECT i.vendor_id, eo.organization_id, -COALESCE(i.amount,0) AS amount, 0 AS quantity_12, 0 AS quantity_45, -COALESCE(i.amount,0) AS transport_debt
			FROM debt_adjustment AS i, employee AS eo
			WHERE DATE(i.created_date) >= _from_date AND DATE(i.created_date) < _to_date
				AND i.created_employee_id=eo.id AND i.vendor_id<>0 AND i.kind=3  AND i.vendor_id=_vendor_id
				 AND _organization_ids LIKE CONCAT('%,',eo.organization_id,',%')
			UNION ALL
			SELECT i.vendor_id, eo.organization_id, COALESCE(i.debt,0) AS amount, 0 AS quantity_12, 0 AS quantity_45, 0 AS transport_debt
			FROM good_import AS i, employee AS eo
			WHERE DATE(i.created_date) >= _from_date AND DATE(i.created_date) < _to_date
				AND i.created_employee_id=eo.id AND i.vendor_id=_vendor_id AND _organization_ids LIKE CONCAT('%,',eo.organization_id,',%')
			UNION ALL
			SELECT i.vendor_id, eo.organization_id, COALESCE(i.debt,0) AS amount, 0 AS quantity_12, 0 AS quantity_45, 0 AS transport_debt
			FROM petro_import AS i, employee AS eo
			WHERE DATE(i.created_date) >= _from_date AND DATE(i.created_date) < _to_date
				AND i.created_employee_id=eo.id AND i.vendor_id=_vendor_id AND _organization_ids LIKE CONCAT('%,',eo.organization_id,',%')
			UNION ALL
			SELECT idet.vendor_id, eo.organization_id, -COALESCE(idet.quantity*idet.price_before_commission,0) AS amount, 0 AS quantity_12, 0 AS quantity_45, 0 AS transport_debt
			FROM oil_sale_detail AS idet, oil_sale AS i, employee AS eo
			WHERE DATE(i.created_date) >= _from_date AND DATE(i.created_date) < _to_date
				AND i.created_employee_id=eo.id AND i.id=idet.oil_sale_id AND idet.vendor_id=_vendor_id
				 AND _organization_ids LIKE CONCAT('%,',eo.organization_id,',%')
		) AS tbl ON tbl.organization_id=vo.organization_id AND tbl.vendor_id=vo.vendor_id
		WHERE vo.organization_id=o.id AND vo.vendor_id=v.id AND v.STATUS=1 AND o.STATUS=1 
			AND vo.vendor_id=_vendor_id AND _organization_ids LIKE CONCAT('%,',vo.organization_id,',%')
		;
	END IF;
    END */$$
DELIMITER ;

/* Procedure structure for procedure `importAccessoryOpeningStock` */

/*!50003 DROP PROCEDURE IF EXISTS  `importAccessoryOpeningStock` */;

DELIMITER $$

/*!50003 CREATE DEFINER=`root`@`localhost` PROCEDURE `importAccessoryOpeningStock`(in _date varchar(20), in _organization_id int, in _accessory_id int, in _in_stock double)
BEGIN
	declare _id int;
	declare _old_stock, _diff double default 0;
	
	select id, in_stock into _id, _old_stock
	from accessory_in_stock
	where DATE(`day`) = STR_TO_DATE(_date,'%d/%m/%Y') and organization_id=_organization_id and accessory_id=_accessory_id;
	
	if _id is null then
		insert into accessory_in_stock(`day`, organization_id, accessory_id, in_stock)
		values (STR_TO_DATE(_date,'%d/%m/%Y'), _organization_id, _accessory_id, _in_stock);
	else
		set _diff = _in_stock - _old_stock;
		update accessory_in_stock set in_stock=_in_stock where id=_id;
	
		update accessory_in_stock set in_stock=in_stock + _diff where DATE(`day`) > STR_TO_DATE(_date,'%d/%m/%Y') 
			and organization_id=_organization_id and accessory_id=_accessory_id;
	end if;
    END */$$
DELIMITER ;

/* Procedure structure for procedure `importCustomerOpeningStock` */

/*!50003 DROP PROCEDURE IF EXISTS  `importCustomerOpeningStock` */;

DELIMITER $$

/*!50003 CREATE DEFINER=`root`@`localhost` PROCEDURE `importCustomerOpeningStock`(IN _date VARCHAR(20), IN _customer_id INT, IN _in_stock DOUBLE, IN _in_stock_12 DOUBLE, IN _in_stock_45 DOUBLE)
BEGIN
	DECLARE _id INT;
	DECLARE _old_stock, _old_stock_12, _old_stock_45, _diff, _diff_12, _diff_45 DOUBLE DEFAULT 0;
	
	SELECT id, amount, shell_12, shell_45 INTO _id, _old_stock, _old_stock_12, _old_stock_45
	FROM customer_in_stock
	WHERE DATE(`day`) = STR_TO_DATE(_date,'%d/%m/%Y') AND customer_id=_customer_id;
	
	IF _id IS NULL THEN
		INSERT INTO customer_in_stock(`day`, customer_id, amount, shell_12, shell_45)
		VALUES (STR_TO_DATE(_date,'%d/%m/%Y'), _customer_id, _in_stock, _in_stock_12, _in_stock_45);
	ELSE
		SET _diff = _in_stock - _old_stock;
		SET _diff_12 = _in_stock_12 - _old_stock_12;
		SET _diff_45 = _in_stock_45 - _old_stock_45;
	
		UPDATE customer_in_stock SET amount=_in_stock, shell_12=_in_stock_12, shell_45=_in_stock_45 WHERE id=_id;
	
		UPDATE customer_in_stock SET amount=amount + _diff, shell_12=shell_12 + _diff_12, shell_45=shell_45 + _diff_45 
		WHERE DATE(`day`) > STR_TO_DATE(_date,'%d/%m/%Y') AND customer_id=_customer_id;
	END IF;
    END */$$
DELIMITER ;

/* Procedure structure for procedure `importGoodOpeningStock` */

/*!50003 DROP PROCEDURE IF EXISTS  `importGoodOpeningStock` */;

DELIMITER $$

/*!50003 CREATE DEFINER=`root`@`localhost` PROCEDURE `importGoodOpeningStock`(IN _date VARCHAR(20), IN _organization_id INT, in _store_id int, IN _good_id INT, IN _in_stock DOUBLE)
BEGIN
	DECLARE _id INT;
	DECLARE _old_stock, _diff DOUBLE DEFAULT 0;
	
	SELECT id, in_stock INTO _id, _old_stock
	FROM good_in_stock
	WHERE DATE(`day`) = STR_TO_DATE(_date,'%d/%m/%Y') AND organization_id=_organization_id AND store_id=_store_id and good_id=_good_id;
	
	IF _id IS NULL THEN
		INSERT INTO good_in_stock(`day`, organization_id, store_id, good_id, in_stock)
		VALUES (STR_TO_DATE(_date,'%d/%m/%Y'), _organization_id, _store_id, _good_id, _in_stock);
	ELSE
		SET _diff = _in_stock - _old_stock;
		UPDATE good_in_stock SET in_stock=_in_stock WHERE id=_id;
	
		UPDATE good_in_stock SET in_stock=in_stock + _diff WHERE DATE(`day`) > STR_TO_DATE(_date,'%d/%m/%Y') 
			AND organization_id=_organization_id and store_id=_store_id AND good_id=_good_id;
	END IF;
    END */$$
DELIMITER ;

/* Procedure structure for procedure `importLpgOpeningStock` */

/*!50003 DROP PROCEDURE IF EXISTS  `importLpgOpeningStock` */;

DELIMITER $$

/*!50003 CREATE DEFINER=`root`@`localhost` PROCEDURE `importLpgOpeningStock`(IN _date VARCHAR(20), IN _organization_id INT, IN _vendor_id INT, IN _in_stock DOUBLE)
BEGIN
	DECLARE _id INT;
	DECLARE _old_stock, _diff DOUBLE DEFAULT 0;
	
	SELECT id, in_stock INTO _id, _old_stock
	FROM lpg_in_stock
	WHERE DATE(`day`) = STR_TO_DATE(_date,'%d/%m/%Y') AND organization_id=_organization_id AND vendor_id=_vendor_id;
	
	IF _id IS NULL THEN
		INSERT INTO lpg_in_stock(`day`, organization_id, vendor_id, in_stock)
		VALUES (STR_TO_DATE(_date,'%d/%m/%Y'), _organization_id, _vendor_id, _in_stock);
	ELSE
		SET _diff = _in_stock - _old_stock;
		UPDATE lpg_in_stock SET in_stock=_in_stock WHERE id=_id;
	
		UPDATE lpg_in_stock SET in_stock=in_stock + _diff WHERE DATE(`day`) > STR_TO_DATE(_date,'%d/%m/%Y') 
			AND organization_id=_organization_id AND vendor_id=_vendor_id;
	END IF;
    END */$$
DELIMITER ;

/* Procedure structure for procedure `importMoneyOpeningStock` */

/*!50003 DROP PROCEDURE IF EXISTS  `importMoneyOpeningStock` */;

DELIMITER $$

/*!50003 CREATE DEFINER=`root`@`localhost` PROCEDURE `importMoneyOpeningStock`(IN _date VARCHAR(20), IN _organization_id INT, IN _account_id INT, IN _in_stock DOUBLE)
BEGIN
	DECLARE _id INT;
	DECLARE _old_stock, _diff DOUBLE DEFAULT 0;
	
	SELECT id, in_stock INTO _id, _old_stock
	FROM money_in_stock
	WHERE DATE(`day`) = STR_TO_DATE(_date,'%d/%m/%Y') AND organization_id=_organization_id AND account_id=_account_id;
	
	IF _id IS NULL THEN
		INSERT INTO money_in_stock(`day`, organization_id, account_id, in_stock)
		VALUES (STR_TO_DATE(_date,'%d/%m/%Y'), _organization_id, _account_id, _in_stock);
	ELSE
		SET _diff = _in_stock - _old_stock;
		UPDATE money_in_stock SET in_stock=_in_stock WHERE id=_id;
	
		UPDATE money_in_stock SET in_stock=in_stock + _diff WHERE DATE(`day`) > STR_TO_DATE(_date,'%d/%m/%Y') 
			AND organization_id=_organization_id AND account_id=_account_id;
	END IF;
    END */$$
DELIMITER ;

/* Procedure structure for procedure `importOilOpeningStock` */

/*!50003 DROP PROCEDURE IF EXISTS  `importOilOpeningStock` */;

DELIMITER $$

/*!50003 CREATE DEFINER=`root`@`localhost` PROCEDURE `importOilOpeningStock`(IN _date VARCHAR(20), IN _organization_id INT, IN _store_id INT, IN _oil_id INT, IN _in_stock DOUBLE)
BEGIN
	DECLARE _id INT;
	DECLARE _old_stock, _diff DOUBLE DEFAULT 0;
	
	SELECT id, in_stock INTO _id, _old_stock
	FROM oil_in_stock
	WHERE DATE(`day`) = STR_TO_DATE(_date,'%d/%m/%Y') AND organization_id=_organization_id AND store_id=_store_id AND oil_id=_oil_id;
	
	IF _id IS NULL THEN
		INSERT INTO oil_in_stock(`day`, organization_id, store_id, oil_id, in_stock)
		VALUES (STR_TO_DATE(_date,'%d/%m/%Y'), _organization_id, _store_id, _oil_id, _in_stock);
	ELSE
		SET _diff = _in_stock - _old_stock;
		UPDATE oil_in_stock SET in_stock=_in_stock WHERE id=_id;
	
		UPDATE oil_in_stock SET in_stock=in_stock + _diff WHERE DATE(`day`) > STR_TO_DATE(_date,'%d/%m/%Y') 
			AND organization_id=_organization_id AND store_id=_store_id AND oil_id=_oil_id;
	END IF;
    END */$$
DELIMITER ;

/* Procedure structure for procedure `importPetroOpeningStock` */

/*!50003 DROP PROCEDURE IF EXISTS  `importPetroOpeningStock` */;

DELIMITER $$

/*!50003 CREATE DEFINER=`root`@`localhost` PROCEDURE `importPetroOpeningStock`(IN _date VARCHAR(20), IN _organization_id INT, IN _store_id INT, IN _petro_id INT, IN _in_stock DOUBLE)
BEGIN
	DECLARE _id INT;
	DECLARE _old_stock, _diff DOUBLE DEFAULT 0;
	
	SELECT id, in_stock INTO _id, _old_stock
	FROM petro_in_stock
	WHERE DATE(`day`) = STR_TO_DATE(_date,'%d/%m/%Y') AND organization_id=_organization_id AND store_id=_store_id AND petro_id=_petro_id;
	
	IF _id IS NULL THEN
		INSERT INTO petro_in_stock(`day`, organization_id, store_id, petro_id, in_stock)
		VALUES (STR_TO_DATE(_date,'%d/%m/%Y'), _organization_id, _store_id, _petro_id, _in_stock);
	ELSE
		SET _diff = _in_stock - _old_stock;
		UPDATE petro_in_stock SET in_stock=_in_stock WHERE id=_id;
	
		UPDATE petro_in_stock SET in_stock=in_stock + _diff WHERE DATE(`day`) > STR_TO_DATE(_date,'%d/%m/%Y') 
			AND organization_id=_organization_id AND store_id=_store_id AND petro_id=_petro_id;
	END IF;
    END */$$
DELIMITER ;

/* Procedure structure for procedure `importPromotionMaterialOpeningStock` */

/*!50003 DROP PROCEDURE IF EXISTS  `importPromotionMaterialOpeningStock` */;

DELIMITER $$

/*!50003 CREATE DEFINER=`root`@`localhost` PROCEDURE `importPromotionMaterialOpeningStock`(IN _date VARCHAR(20), IN _organization_id INT, IN _promotion_material_id INT, IN _in_stock DOUBLE)
BEGIN
	DECLARE _id INT;
	DECLARE _old_stock, _diff DOUBLE DEFAULT 0;
	
	SELECT id, in_stock INTO _id, _old_stock
	FROM promotion_material_in_stock
	WHERE DATE(`day`) = STR_TO_DATE(_date,'%d/%m/%Y') AND organization_id=_organization_id AND promotion_material_id=_promotion_material_id;
	
	IF _id IS NULL THEN
		INSERT INTO promotion_material_in_stock(`day`, organization_id, promotion_material_id, in_stock)
		VALUES (STR_TO_DATE(_date,'%d/%m/%Y'), _organization_id, _promotion_material_id, _in_stock);
	ELSE
		SET _diff = _in_stock - _old_stock;
		UPDATE promotion_material_in_stock SET in_stock=_in_stock WHERE id=_id;
	
		UPDATE promotion_material_in_stock SET in_stock=in_stock + _diff WHERE DATE(`day`) > STR_TO_DATE(_date,'%d/%m/%Y') 
			AND organization_id=_organization_id AND promotion_material_id=_promotion_material_id;
	END IF;
    END */$$
DELIMITER ;

/* Procedure structure for procedure `importShellGasOpeningStock` */

/*!50003 DROP PROCEDURE IF EXISTS  `importShellGasOpeningStock` */;

DELIMITER $$

/*!50003 CREATE DEFINER=`root`@`localhost` PROCEDURE `importShellGasOpeningStock`(IN _date VARCHAR(20), IN _organization_id INT, IN _shell_id INT, IN _vendor_id INT, IN _in_stock DOUBLE)
BEGIN
	DECLARE _id INT;
	DECLARE _old_stock, _diff DOUBLE DEFAULT 0;
	
	SELECT ss.id, in_stock INTO _id, _old_stock
	FROM shell_gas_in_stock as ss, shell_vendor as sv
	WHERE DATE(ss.`day`) = STR_TO_DATE(_date,'%d/%m/%Y') and ss.shell_vendor_id=sv.id 
		AND sv.organization_id=_organization_id AND sv.shell_id=_shell_id AND sv.vendor_id=_vendor_id;
	
	IF _id IS NULL THEN
		INSERT INTO shell_gas_in_stock(`day`, shell_vendor_id, in_stock)
		select STR_TO_DATE(_date,'%d/%m/%Y'), sv.id, _in_stock
		from shell_vendor AS sv
		where sv.organization_id=_organization_id AND sv.shell_id=_shell_id AND sv.vendor_id=_vendor_id;
	ELSE
		SET _diff = _in_stock - _old_stock;
		UPDATE shell_gas_in_stock SET in_stock=_in_stock WHERE id=_id;
	
		UPDATE shell_gas_in_stock as ss, shell_vendor as sv 
		SET ss.in_stock=in_stock + _diff 
		WHERE DATE(ss.`day`) > STR_TO_DATE(_date,'%d/%m/%Y')
			and ss.shell_vendor_id=sv.id
			AND sv.organization_id=_organization_id AND sv.shell_id=_shell_id AND sv.vendor_id=_vendor_id;
	END IF;
    END */$$
DELIMITER ;

/* Procedure structure for procedure `importShellOpeningStock` */

/*!50003 DROP PROCEDURE IF EXISTS  `importShellOpeningStock` */;

DELIMITER $$

/*!50003 CREATE DEFINER=`root`@`localhost` PROCEDURE `importShellOpeningStock`(IN _date VARCHAR(20), IN _organization_id INT, IN _shell_id INT, IN _in_stock DOUBLE)
BEGIN
	DECLARE _id INT;
	DECLARE _old_stock, _diff DOUBLE DEFAULT 0;
	
	SELECT id, in_stock INTO _id, _old_stock
	FROM shell_in_stock
	WHERE DATE(`day`) = STR_TO_DATE(_date,'%d/%m/%Y') AND organization_id=_organization_id AND shell_id=_shell_id;
	
	IF _id IS NULL THEN
		INSERT INTO shell_in_stock(`day`, organization_id, shell_id, in_stock)
		VALUES (STR_TO_DATE(_date,'%d/%m/%Y'), _organization_id, _shell_id, _in_stock);
	ELSE
		SET _diff = _in_stock - _old_stock;
		UPDATE shell_in_stock SET in_stock=_in_stock WHERE id=_id;
	
		UPDATE shell_in_stock SET in_stock=in_stock + _diff WHERE DATE(`day`) > STR_TO_DATE(_date,'%d/%m/%Y') 
			AND organization_id=_organization_id AND shell_id=_shell_id;
	END IF;
    END */$$
DELIMITER ;

/* Procedure structure for procedure `importShieldOpeningStock` */

/*!50003 DROP PROCEDURE IF EXISTS  `importShieldOpeningStock` */;

DELIMITER $$

/*!50003 CREATE DEFINER=`root`@`localhost` PROCEDURE `importShieldOpeningStock`(IN _date VARCHAR(20), IN _organization_id INT, IN _vendor_id INT, IN _in_stock DOUBLE)
BEGIN
	DECLARE _id INT;
	DECLARE _old_stock, _diff DOUBLE DEFAULT 0;
	
	SELECT id, in_stock INTO _id, _old_stock
	FROM shield_in_stock
	WHERE DATE(`day`) = STR_TO_DATE(_date,'%d/%m/%Y') AND organization_id=_organization_id AND vendor_id=_vendor_id;
	
	IF _id IS NULL THEN
		INSERT INTO shield_in_stock(`day`, organization_id, vendor_id, in_stock)
		VALUES (STR_TO_DATE(_date,'%d/%m/%Y'), _organization_id, _vendor_id, _in_stock);
	ELSE
		SET _diff = _in_stock - _old_stock;
		UPDATE shield_in_stock SET in_stock=_in_stock WHERE id=_id;
	
		UPDATE shield_in_stock SET in_stock=in_stock + _diff WHERE DATE(`day`) > STR_TO_DATE(_date,'%d/%m/%Y') 
			AND organization_id=_organization_id AND vendor_id=_vendor_id;
	END IF;
    END */$$
DELIMITER ;

/* Procedure structure for procedure `importSolarOpeningStock` */

/*!50003 DROP PROCEDURE IF EXISTS  `importSolarOpeningStock` */;

DELIMITER $$

/*!50003 CREATE DEFINER=`root`@`localhost` PROCEDURE `importSolarOpeningStock`(IN _date VARCHAR(20), IN _organization_id INT, IN _store_id INT, IN _solar_id INT, IN _in_stock DOUBLE)
BEGIN
	DECLARE _id INT;
	DECLARE _old_stock, _diff DOUBLE DEFAULT 0;
	
	SELECT id, in_stock INTO _id, _old_stock
	FROM solar_in_stock
	WHERE DATE(`day`) = STR_TO_DATE(_date,'%d/%m/%Y') AND organization_id=_organization_id AND store_id=_store_id AND solar_id=_solar_id;
	
	IF _id IS NULL THEN
		INSERT INTO solar_in_stock(`day`, organization_id, store_id, solar_id, in_stock)
		VALUES (STR_TO_DATE(_date,'%d/%m/%Y'), _organization_id, _store_id, _solar_id, _in_stock);
	ELSE
		SET _diff = _in_stock - _old_stock;
		UPDATE solar_in_stock SET in_stock=_in_stock WHERE id=_id;
	
		UPDATE solar_in_stock SET in_stock=in_stock + _diff WHERE DATE(`day`) > STR_TO_DATE(_date,'%d/%m/%Y') 
			AND organization_id=_organization_id AND store_id=_store_id AND solar_id=_solar_id;
	END IF;
    END */$$
DELIMITER ;

/* Procedure structure for procedure `importVendorOpeningStock` */

/*!50003 DROP PROCEDURE IF EXISTS  `importVendorOpeningStock` */;

DELIMITER $$

/*!50003 CREATE DEFINER=`root`@`localhost` PROCEDURE `importVendorOpeningStock`(IN _date VARCHAR(20), IN _organization_id INT, IN _vendor_id INT, IN _in_stock DOUBLE, in _in_stock_transport double)
BEGIN
	DECLARE _id INT;
	DECLARE _old_stock, _old_stock_transport, _diff, _diff_transport DOUBLE DEFAULT 0;
	
	SELECT id, amount, transport_amount INTO _id, _old_stock, _old_stock_transport
	FROM vendor_in_stock
	WHERE DATE(`day`) = STR_TO_DATE(_date,'%d/%m/%Y') AND organization_id=_organization_id AND vendor_id=_vendor_id;
	
	IF _id IS NULL THEN
		INSERT INTO vendor_in_stock(`day`, organization_id, vendor_id, amount, transport_amount)
		VALUES (STR_TO_DATE(_date,'%d/%m/%Y'), _organization_id, _vendor_id, _in_stock, _in_stock_transport);
	ELSE
		SET _diff = _in_stock - _old_stock;
		SET _diff_transport = _in_stock_transport - _old_stock_transport;
		UPDATE vendor_in_stock SET amount=_in_stock, transport_amount=_in_stock_transport WHERE id=_id;
	
		UPDATE vendor_in_stock SET amount=amount + _diff, transport_amount=transport_amount + _diff_transport 
		WHERE DATE(`day`) > STR_TO_DATE(_date,'%d/%m/%Y') AND organization_id=_organization_id AND vendor_id=_vendor_id;
	END IF;
    END */$$
DELIMITER ;

/* Procedure structure for procedure `insertAccessoryImport` */

/*!50003 DROP PROCEDURE IF EXISTS  `insertAccessoryImport` */;

DELIMITER $$

/*!50003 CREATE DEFINER=`root`@`localhost` PROCEDURE `insertAccessoryImport`(IN _code VARCHAR(20), IN _created_date VARCHAR(20), IN _vendor_id INT
	, IN _total DOUBLE, IN _paid DOUBLE, IN _debt DOUBLE, IN _account_id INT, IN _note TEXT, IN _created_employee_id INT, OUT _id INT)
BEGIN
	INSERT INTO accessory_import (CODE, created_date, vendor_id, total, paid, debt, account_id, note, created_employee_id)
	VALUES (_code, STR_TO_DATE(_created_date,'%d/%m/%Y'), _vendor_id, _total, _paid, _debt, _account_id, _note, _created_employee_id);
	SELECT LAST_INSERT_ID() INTO _id;
    END */$$
DELIMITER ;

/* Procedure structure for procedure `insertAccessoryImportDetail` */

/*!50003 DROP PROCEDURE IF EXISTS  `insertAccessoryImportDetail` */;

DELIMITER $$

/*!50003 CREATE DEFINER=`root`@`localhost` PROCEDURE `insertAccessoryImportDetail`(IN _accessory_import_id INT, IN _accessory_id INT, IN _quantity INT, IN _price DOUBLE, IN _amount DOUBLE)
BEGIN
	INSERT INTO accessory_import_detail(accessory_import_id, accessory_id, quantity, price, amount) 
	VALUES (_accessory_import_id, _accessory_id, _quantity, _price, _amount);
    END */$$
DELIMITER ;

/* Procedure structure for procedure `insertAgencyCommissionDetail` */

/*!50003 DROP PROCEDURE IF EXISTS  `insertAgencyCommissionDetail` */;

DELIMITER $$

/*!50003 CREATE DEFINER=`root`@`localhost` PROCEDURE `insertAgencyCommissionDetail`(in _agency_id int, in _commission_from float, in _commission_to float, in _commission float)
BEGIN
	INSERT INTO agency_commission(agency_id, commission_from, commission_to, commission)
	VALUES (_agency_id, _commission_from, _commission_to, _commission);
    END */$$
DELIMITER ;

/* Procedure structure for procedure `insertAgencyCustomerDetail` */

/*!50003 DROP PROCEDURE IF EXISTS  `insertAgencyCustomerDetail` */;

DELIMITER $$

/*!50003 CREATE DEFINER=`root`@`localhost` PROCEDURE `insertAgencyCustomerDetail`(IN _agency_id INT, IN _customer_id INT)
BEGIN
	INSERT INTO agency_customer(agency_id, customer_id)
	values (_agency_id, _customer_id);
    END */$$
DELIMITER ;

/* Procedure structure for procedure `insertAttachmentFile` */

/*!50003 DROP PROCEDURE IF EXISTS  `insertAttachmentFile` */;

DELIMITER $$

/*!50003 CREATE DEFINER=`root`@`localhost` PROCEDURE `insertAttachmentFile`(in _name varchar(255), in _source VARCHAR(255), in _link VARCHAR(255), in _employee_id int, in _type int
	, in _parent_id int, OUT _id INT)
BEGIN
	INSERT INTO attachment_file (name, source, link, employee_id, type, parent_id, created_date)
	VALUES (_name, _source, _link, _employee_id, _type, _parent_id, sysdate());
	SELECT LAST_INSERT_ID() INTO _id;
    END */$$
DELIMITER ;

/* Procedure structure for procedure `insertBorrow` */

/*!50003 DROP PROCEDURE IF EXISTS  `insertBorrow` */;

DELIMITER $$

/*!50003 CREATE DEFINER=`root`@`localhost` PROCEDURE `insertBorrow`(IN _code VARCHAR(20), IN _created_date VARCHAR(20), IN _employee_id int, IN _total DOUBLE, IN _account_id INT, IN _note TEXT
	, IN _created_employee_id INT, OUT _id INT)
BEGIN
	INSERT INTO borrow (CODE, created_date, employee_id, total, account_id, note, created_employee_id)
	VALUES (_code, STR_TO_DATE(_created_date,'%d/%m/%Y'), _employee_id, _total, _account_id, _note, _created_employee_id);
	SELECT LAST_INSERT_ID() INTO _id;
    END */$$
DELIMITER ;

/* Procedure structure for procedure `insertBorrowDetail` */

/*!50003 DROP PROCEDURE IF EXISTS  `insertBorrowDetail` */;

DELIMITER $$

/*!50003 CREATE DEFINER=`root`@`localhost` PROCEDURE `insertBorrowDetail`(IN _borrow_id INT, IN _pay_date varchar(20), IN _amount DOUBLE)
BEGIN
	insert into borrow_detail(borrow_id, pay_date, amount) values(_borrow_id, STR_TO_DATE(_pay_date,'%m/%Y'), _amount);
    END */$$
DELIMITER ;

/* Procedure structure for procedure `insertContract` */

/*!50003 DROP PROCEDURE IF EXISTS  `insertContract` */;

DELIMITER $$

/*!50003 CREATE DEFINER=`root`@`localhost` PROCEDURE `insertContract`(IN _code VARCHAR(20), IN _customer_id INT, IN _created_date VARCHAR(20), IN _shell_12_price DOUBLE
	, IN _shell_45_price DOUBLE, IN _credit_date INT, in _credit_amount double, IN _note TEXT, in _employee_id int, IN _created_employee_id INT, OUT _id INT)
BEGIN
	INSERT INTO contract (CODE, customer_id, created_date, shell_12_price, shell_45_price, credit_date, credit_amount, note, employee_id, created_employee_id)
	VALUES (_code, _customer_id, STR_TO_DATE(_created_date,'%d/%m/%Y'), _shell_12_price, _shell_45_price, _credit_date, _credit_amount, _note, _employee_id, _created_employee_id);
	SELECT LAST_INSERT_ID() INTO _id;
    END */$$
DELIMITER ;

/* Procedure structure for procedure `insertCustomer` */

/*!50003 DROP PROCEDURE IF EXISTS  `insertCustomer` */;

DELIMITER $$

/*!50003 CREATE DEFINER=`root`@`localhost` PROCEDURE `insertCustomer`(in _name varchar(255), in _code varchar(20), in _organization_id int, in _status int, in _phone varchar(30)
	, in _bank_account text, in _tax varchar(30), in _presenter varchar(255), in _presenter_position varchar(255), in _address text, in _is_gas int
	, in _is_petro int, in _is_good int, in _is_oil int, IN _is_solar INT, in _commission_kind int, in _commission_percentage float, in _note text, out _id int)
BEGIN
	Insert Into customer (name, code, organization_id, status, phone, bank_account, tax, presenter, presenter_position, address, is_gas, is_petro, is_good, is_oil, is_solar, commission_kind, commission_percentage, note)
	values (_name, _code, _organization_id, _status, _phone, _bank_account, _tax, _presenter, _presenter_position, _address, _is_gas, _is_petro, _is_good, _is_oil, _is_solar, _commission_kind, _commission_percentage, _note);
    END */$$
DELIMITER ;

/* Procedure structure for procedure `insertDebtAdjustment` */

/*!50003 DROP PROCEDURE IF EXISTS  `insertDebtAdjustment` */;

DELIMITER $$

/*!50003 CREATE DEFINER=`root`@`localhost` PROCEDURE `insertDebtAdjustment`(IN _code VARCHAR(20), IN _created_date VARCHAR(20), IN _amount DOUBLE, IN _vendor_id INT, IN _customer_id INT, in _kind int, IN _note TEXT, IN _created_employee_id INT, OUT _id INT)
BEGIN
	INSERT INTO debt_adjustment (CODE, created_date, amount, vendor_id, customer_id, kind, note, created_employee_id)
	VALUES (_code, STR_TO_DATE(_created_date,'%d/%m/%Y'), _amount, _vendor_id, _customer_id, _kind, _note, _created_employee_id);
	SELECT LAST_INSERT_ID() INTO _id;
    END */$$
DELIMITER ;

/* Procedure structure for procedure `insertDebtRetail` */

/*!50003 DROP PROCEDURE IF EXISTS  `insertDebtRetail` */;

DELIMITER $$

/*!50003 CREATE DEFINER=`root`@`localhost` PROCEDURE `insertDebtRetail`(IN _code VARCHAR(20), IN _customer_id INT, IN _created_date VARCHAR(20), IN _paid DOUBLE
	, IN _account_id INT, IN _note TEXT, IN _created_employee_id INT, OUT _id INT)
BEGIN
	INSERT INTO retail_debt (CODE, customer_id, created_date, paid, account_id, note, created_employee_id)
	VALUES (_code, _customer_id, STR_TO_DATE(_created_date,'%d/%m/%Y'), _paid, _account_id, _note, _created_employee_id);
	SELECT LAST_INSERT_ID() INTO _id;
    END */$$
DELIMITER ;

/* Procedure structure for procedure `insertDebtVendor` */

/*!50003 DROP PROCEDURE IF EXISTS  `insertDebtVendor` */;

DELIMITER $$

/*!50003 CREATE DEFINER=`root`@`localhost` PROCEDURE `insertDebtVendor`(IN _code VARCHAR(20), IN _vendor_id INT, IN _created_date VARCHAR(20), IN _paid DOUBLE
	, IN _account_id INT, IN _note TEXT, IN _created_employee_id INT, in _kind int, OUT _id INT)
BEGIN
	INSERT INTO vendor_debt (CODE, vendor_id, created_date, paid, account_id, note, created_employee_id, kind)
	VALUES (_code, _vendor_id, STR_TO_DATE(_created_date,'%d/%m/%Y'), _paid, _account_id, _note, _created_employee_id, _kind);
	SELECT LAST_INSERT_ID() INTO _id;
    END */$$
DELIMITER ;

/* Procedure structure for procedure `insertDebtWholesale` */

/*!50003 DROP PROCEDURE IF EXISTS  `insertDebtWholesale` */;

DELIMITER $$

/*!50003 CREATE DEFINER=`root`@`localhost` PROCEDURE `insertDebtWholesale`(IN _code VARCHAR(20), IN _customer_id INT, IN _created_date VARCHAR(20), IN _paid DOUBLE
	, IN _account_id INT, IN _note TEXT, IN _created_employee_id INT, in _kind int, in _gas_wholesale_id int, OUT _id INT)
BEGIN
	INSERT INTO wholesale_debt (CODE, customer_id, created_date, paid, account_id, note, created_employee_id, kind, gas_wholesale_id)
	VALUES (_code, _customer_id, STR_TO_DATE(_created_date,'%d/%m/%Y'), _paid, _account_id, _note, _created_employee_id, _kind, _gas_wholesale_id);
	SELECT LAST_INSERT_ID() INTO _id;
    END */$$
DELIMITER ;

/* Procedure structure for procedure `insertDiscountCommissionDetail` */

/*!50003 DROP PROCEDURE IF EXISTS  `insertDiscountCommissionDetail` */;

DELIMITER $$

/*!50003 CREATE DEFINER=`root`@`localhost` PROCEDURE `insertDiscountCommissionDetail`(IN _discount_id INT, IN _commission_from double, IN _commission_to double, IN _commission double)
BEGIN
	INSERT INTO discount_oil_detail(discount_id, commission_from, commission_to, commission)
	VALUES (_discount_id, _commission_from, _commission_to, _commission);
    END */$$
DELIMITER ;

/* Procedure structure for procedure `insertDiscountCustomerDetail` */

/*!50003 DROP PROCEDURE IF EXISTS  `insertDiscountCustomerDetail` */;

DELIMITER $$

/*!50003 CREATE DEFINER=`root`@`localhost` PROCEDURE `insertDiscountCustomerDetail`(IN _discount_id INT, IN _customer_id INT)
BEGIN
	INSERT INTO discount_oil_customer(discount_id, customer_id)
	VALUES (_discount_id, _customer_id);
    END */$$
DELIMITER ;

/* Procedure structure for procedure `insertEmployeeAdvance` */

/*!50003 DROP PROCEDURE IF EXISTS  `insertEmployeeAdvance` */;

DELIMITER $$

/*!50003 CREATE DEFINER=`root`@`localhost` PROCEDURE `insertEmployeeAdvance`(in _code varchar(20), in _employee_id int, in _advance_date varchar(20), in _amount double
	, in _account_id int, in _note text, in _created_employee_id int, in _inner_sale_id int, OUT _id INT)
BEGIN
	insert into employee_advance (code, employee_id, advance_date, amount, account_id, note, created_employee_id, inner_sale_id)
	values (_code, _employee_id, STR_TO_DATE(_advance_date,'%d/%m/%Y'), _amount, _account_id, _note, _created_employee_id, _inner_sale_id);
	SELECT LAST_INSERT_ID() INTO _id;
    END */$$
DELIMITER ;

/* Procedure structure for procedure `insertEmployeeOff` */

/*!50003 DROP PROCEDURE IF EXISTS  `insertEmployeeOff` */;

DELIMITER $$

/*!50003 CREATE DEFINER=`root`@`localhost` PROCEDURE `insertEmployeeOff`(in _code varchar(20), in _employee_id int, in _created_date varchar(20), IN _from_date VARCHAR(20)
	, IN _to_date VARCHAR(20), in _note text, in _actual_off_day float, IN _created_employee_id INT, OUT _id INT)
BEGIN
	insert into employee_off (code, employee_id, created_date, from_date, to_date, note, actual_off_day, created_employee_id)
	values (_code, _employee_id, STR_TO_DATE(_created_date,'%d/%m/%Y'), STR_TO_DATE(_from_date,'%d/%m/%Y'), STR_TO_DATE(_to_date,'%d/%m/%Y'), _note, _actual_off_day, _created_employee_id);
	SELECT LAST_INSERT_ID() INTO _id;
    END */$$
DELIMITER ;

/* Procedure structure for procedure `insertEmployeeOffIncrease` */

/*!50003 DROP PROCEDURE IF EXISTS  `insertEmployeeOffIncrease` */;

DELIMITER $$

/*!50003 CREATE DEFINER=`root`@`localhost` PROCEDURE `insertEmployeeOffIncrease`(IN _code VARCHAR(20), IN _employee_id INT, IN _created_date VARCHAR(20)
	, IN _quantity int, IN _note TEXT, IN _created_employee_id INT, in _dayoff_id int, OUT _id INT)
BEGIN
	INSERT INTO employee_off_increase (CODE, employee_id, created_date, quantity, note, created_employee_id, dayoff_id)
	VALUES (_code, _employee_id, STR_TO_DATE(_created_date,'%d/%m/%Y'), _quantity, _note, _created_employee_id, _dayoff_id);
	SELECT LAST_INSERT_ID() INTO _id;
    END */$$
DELIMITER ;

/* Procedure structure for procedure `insertEmployeeOffMoney` */

/*!50003 DROP PROCEDURE IF EXISTS  `insertEmployeeOffMoney` */;

DELIMITER $$

/*!50003 CREATE DEFINER=`root`@`localhost` PROCEDURE `insertEmployeeOffMoney`(IN _code VARCHAR(20), IN _employee_id INT, IN _created_date VARCHAR(20), IN _quantity int, IN _price DOUBLE
	, IN _amount DOUBLE, IN _account_id INT, IN _note TEXT, IN _created_employee_id INT, OUT _id INT)
BEGIN
	INSERT INTO employee_off_money (CODE, employee_id, created_date, quantity, price, amount, account_id, note, created_employee_id)
	VALUES (_code, _employee_id, STR_TO_DATE(_created_date,'%d/%m/%Y'), _quantity, _price, _amount, _account_id, _note, _created_employee_id);
	SELECT LAST_INSERT_ID() INTO _id;
    END */$$
DELIMITER ;

/* Procedure structure for procedure `insertEmployeeOtherBonus` */

/*!50003 DROP PROCEDURE IF EXISTS  `insertEmployeeOtherBonus` */;

DELIMITER $$

/*!50003 CREATE DEFINER=`root`@`localhost` PROCEDURE `insertEmployeeOtherBonus`(IN _code VARCHAR(20), IN _employee_id INT, IN _created_date VARCHAR(20)
	, IN _amount double, IN _note TEXT, IN _created_employee_id INT, IN _other_bonus_id INT, OUT _id INT)
BEGIN
	INSERT INTO employee_other_bonus (CODE, employee_id, created_date, amount, note, created_employee_id, other_bonus_id)
	VALUES (_code, _employee_id, STR_TO_DATE(_created_date,'%d/%m/%Y'), _amount, _note, _created_employee_id, _other_bonus_id);
	SELECT LAST_INSERT_ID() INTO _id;
    END */$$
DELIMITER ;

/* Procedure structure for procedure `insertEmployeePanelty` */

/*!50003 DROP PROCEDURE IF EXISTS  `insertEmployeePanelty` */;

DELIMITER $$

/*!50003 CREATE DEFINER=`root`@`localhost` PROCEDURE `insertEmployeePanelty`(IN _code VARCHAR(20), IN _employee_id INT, IN _created_date VARCHAR(20)
	, IN _amount DOUBLE, IN _note TEXT, IN _created_employee_id INT, IN _panelty_id INT, OUT _id INT)
BEGIN
	INSERT INTO employee_panelty (CODE, employee_id, created_date, amount, note, created_employee_id, panelty_id)
	VALUES (_code, _employee_id, STR_TO_DATE(_created_date,'%d/%m/%Y'), _amount, _note, _created_employee_id, _panelty_id);
	SELECT LAST_INSERT_ID() INTO _id;
    END */$$
DELIMITER ;

/* Procedure structure for procedure `insertEmployeeRouteFee` */

/*!50003 DROP PROCEDURE IF EXISTS  `insertEmployeeRouteFee` */;

DELIMITER $$

/*!50003 CREATE DEFINER=`root`@`localhost` PROCEDURE `insertEmployeeRouteFee`(IN _code VARCHAR(20), IN _created_date VARCHAR(20), IN _employee_id INT, IN _vehicle_id INT, IN _route_id INT
	, IN _in_quantity int, IN _out_quantity INT, IN _price DOUBLE, IN _store TEXT, IN _note TEXT, IN _created_employee_id INT, OUT _id INT)
BEGIN
	declare _total_quantity, _param100km, _param1000kg, _distance int default 0;
	declare _amount double default 0;
	
	select `value` into _param100km from parameter where code='100km';
	SELECT `value` INTO _param1000kg FROM parameter WHERE CODE='1000kggas';
	select distance into _distance from route where id=_route_id;
	
	set _total_quantity = _distance * _param100km / 100 + _in_quantity * _param1000kg / 1000;
	set _amount = _total_quantity * _price;
	
	INSERT INTO employee_route_fee (CODE, created_date, created_employee_id, employee_id, vehicle_id, route_id, in_quantity, out_quantity, param_100km, param_1000kg
		, total_quantity, price, amount, store, note)
	VALUES (_code, STR_TO_DATE(_created_date,'%d/%m/%Y'), _created_employee_id, _employee_id, _vehicle_id, _route_id, _in_quantity, _out_quantity, _param100km
		, _param1000kg, _total_quantity, _price, _amount, _store, _note);
	SELECT LAST_INSERT_ID() INTO _id;
    END */$$
DELIMITER ;

/* Procedure structure for procedure `insertEmployeeTimesheet` */

/*!50003 DROP PROCEDURE IF EXISTS  `insertEmployeeTimesheet` */;

DELIMITER $$

/*!50003 CREATE DEFINER=`root`@`localhost` PROCEDURE `insertEmployeeTimesheet`(IN _code VARCHAR(20), IN _employee_id INT, IN _timesheet_date VARCHAR(20), in _field_id int
	, IN _quantity int, IN _note TEXT, in _created_employee_id int, OUT _id INT)
BEGIN
	declare _field_name varchar(255) default '';
	select name into _field_name from dynamic_field where id=_field_id;
	INSERT INTO timesheet (CODE, employee_id, timesheet_date, field_id, field_name, quantity, note, created_employee_id)
	VALUES (_code, _employee_id, STR_TO_DATE(_timesheet_date,'%d/%m/%Y'), _field_id, _field_name, _quantity, _note, _created_employee_id);
	SELECT LAST_INSERT_ID() INTO _id;
    END */$$
DELIMITER ;

/* Procedure structure for procedure `insertExpense` */

/*!50003 DROP PROCEDURE IF EXISTS  `insertExpense` */;

DELIMITER $$

/*!50003 CREATE DEFINER=`root`@`localhost` PROCEDURE `insertExpense`(IN _code VARCHAR(20), IN _created_date VARCHAR(20), IN _from_date VARCHAR(20), IN _to_date VARCHAR(20)
	, IN _amount DOUBLE, IN _account_id INT, IN _note TEXT, IN _content TEXT, in _is_usually int, IN _type INT, IN _created_employee_id INT, OUT _id INT)
BEGIN
	DECLARE _f_date, _t_date DATE;
	DECLARE _y, _m INT;
	DECLARE _date_diff, _in_stock_id, _organization_id INT DEFAULT 0;
	SELECT organization_id INTO _organization_id FROM employee WHERE id=_created_employee_id;
	
	SET _f_date = STR_TO_DATE(_from_date,'%d/%m/%Y');
	SET _t_date = STR_TO_DATE(_to_date,'%d/%m/%Y');
	
	SET _y = 12 * (YEAR(_t_date) - YEAR(_f_date));
	SET _m = _y + MONTH(_t_date) - MONTH(_f_date);
	
	INSERT INTO expense (CODE, created_date, from_date, to_date, amount, account_id, note, content, is_usually, month_count, `type`, created_employee_id)
	VALUES (_code, STR_TO_DATE(_created_date,'%d/%m/%Y'), STR_TO_DATE(_from_date,'%d/%m/%Y'), STR_TO_DATE(_to_date,'%d/%m/%Y'), _amount, _account_id
		, _note, _content, _is_usually, _m, _type, _created_employee_id);
	SELECT LAST_INSERT_ID() INTO _id;
    END */$$
DELIMITER ;

/* Procedure structure for procedure `insertExportWholesale` */

/*!50003 DROP PROCEDURE IF EXISTS  `insertExportWholesale` */;

DELIMITER $$

/*!50003 CREATE DEFINER=`root`@`localhost` PROCEDURE `insertExportWholesale`(IN _code VARCHAR(20), IN _created_date VARCHAR(20), IN _customer_id INT
	, IN _total DOUBLE, IN _paid DOUBLE, IN _debt DOUBLE, IN _discount DOUBLE, IN _total_pay DOUBLE, IN _account_id INT, IN _note TEXT, IN _created_employee_id INT, OUT _id INT)
BEGIN
	INSERT INTO gas_export_wholesale (CODE, created_date, customer_id, total, paid, debt, discount, total_pay, account_id, note, created_employee_id)
	VALUES (_code, STR_TO_DATE(_created_date,'%d/%m/%Y'), _customer_id, _total, _paid, _debt, _discount, _total_pay, _account_id, _note, _created_employee_id);
	SELECT LAST_INSERT_ID() INTO _id;
    END */$$
DELIMITER ;

/* Procedure structure for procedure `insertExportWholesaleDetail` */

/*!50003 DROP PROCEDURE IF EXISTS  `insertExportWholesaleDetail` */;

DELIMITER $$

/*!50003 CREATE DEFINER=`root`@`localhost` PROCEDURE `insertExportWholesaleDetail`(IN _gas_export_wholesale_id INT, IN _shell_id INT, IN _quantity INT
	, IN _price DOUBLE, IN _amount DOUBLE)
BEGIN
	INSERT INTO gas_export_wholesale_detail(gas_export_wholesale_id, shell_id, quantity, price, amount) 
	VALUES (_gas_export_wholesale_id, _shell_id, _quantity, _price, _amount);
    END */$$
DELIMITER ;

/* Procedure structure for procedure `insertExportWholesaleReturnShellDetail` */

/*!50003 DROP PROCEDURE IF EXISTS  `insertExportWholesaleReturnShellDetail` */;

DELIMITER $$

/*!50003 CREATE DEFINER=`root`@`localhost` PROCEDURE `insertExportWholesaleReturnShellDetail`(IN _gas_export_wholesale_id INT, IN _shell_id INT, IN _quantity INT)
BEGIN
	INSERT INTO gas_export_wholesale_shell_detail(gas_export_wholesale_id, shell_id, quantity) 
	VALUES (_gas_export_wholesale_id, _shell_id, _quantity);
    END */$$
DELIMITER ;

/* Procedure structure for procedure `insertFixedAssetDepreciation` */

/*!50003 DROP PROCEDURE IF EXISTS  `insertFixedAssetDepreciation` */;

DELIMITER $$

/*!50003 CREATE DEFINER=`root`@`localhost` PROCEDURE `insertFixedAssetDepreciation`(IN _code VARCHAR(20), IN _created_date VARCHAR(20), IN _note TEXT, OUT _id INT)
BEGIN
	INSERT INTO fixed_asset_depreciation (CODE, created_date, note)
	VALUES (_code, STR_TO_DATE(_created_date,'%d/%m/%Y'), _note);
	SELECT LAST_INSERT_ID() INTO _id;
    END */$$
DELIMITER ;

/* Procedure structure for procedure `insertFixedAssetDepreciationDetail` */

/*!50003 DROP PROCEDURE IF EXISTS  `insertFixedAssetDepreciationDetail` */;

DELIMITER $$

/*!50003 CREATE DEFINER=`root`@`localhost` PROCEDURE `insertFixedAssetDepreciationDetail`(IN _fixed_asset_depreciation_id INT, IN _fixed_asset_id INT, in _is_calculate int)
BEGIN
	INSERT INTO fixed_asset_depreciation_detail(fixed_asset_depreciation_id, fixed_asset_id, quantity, is_calculate, unit_id) 
	select _fixed_asset_depreciation_id, a.id, a.quantity, _is_calculate, a.unit_id
	from fixed_asset as a
	where a.id=_fixed_asset_id;
    END */$$
DELIMITER ;

/* Procedure structure for procedure `insertFraction` */

/*!50003 DROP PROCEDURE IF EXISTS  `insertFraction` */;

DELIMITER $$

/*!50003 CREATE DEFINER=`root`@`localhost` PROCEDURE `insertFraction`(IN _code VARCHAR(20), IN _created_date VARCHAR(20), IN _note TEXT, in _created_employee_id int, OUT _id INT)
BEGIN
	INSERT INTO fraction_gas (CODE, created_date, note, created_employee_id)
	VALUES (_code, STR_TO_DATE(_created_date,'%d/%m/%Y'), _note, _created_employee_id);
	SELECT LAST_INSERT_ID() INTO _id;
    END */$$
DELIMITER ;

/* Procedure structure for procedure `insertFractionDetail` */

/*!50003 DROP PROCEDURE IF EXISTS  `insertFractionDetail` */;

DELIMITER $$

/*!50003 CREATE DEFINER=`root`@`localhost` PROCEDURE `insertFractionDetail`(in _fraction_id int, in _shell_id int, in _quantity int)
BEGIN
	insert into fraction_gas_detail(fraction_id, shell_id, quantity) values (_fraction_id, _shell_id, _quantity);
    END */$$
DELIMITER ;

/* Procedure structure for procedure `insertGasImport` */

/*!50003 DROP PROCEDURE IF EXISTS  `insertGasImport` */;

DELIMITER $$

/*!50003 CREATE DEFINER=`root`@`localhost` PROCEDURE `insertGasImport`(IN _code VARCHAR(20), IN _created_date VARCHAR(20), in _vendor_id int, in _store_id int
	, in _rate double, in _total double, in _paid double, in _debt double, in _account_id int, IN _note TEXT, IN _created_employee_id INT, OUT _id INT)
BEGIN
	INSERT INTO gas_import (CODE, created_date, vendor_id, store_id, rate, total, paid, debt, account_id, note, created_employee_id)
	VALUES (_code, STR_TO_DATE(_created_date,'%d/%m/%Y'), _vendor_id, _store_id, _rate, _total, _paid, _debt, _account_id, _note, _created_employee_id);
	SELECT LAST_INSERT_ID() INTO _id;
    END */$$
DELIMITER ;

/* Procedure structure for procedure `insertGasImportDetail` */

/*!50003 DROP PROCEDURE IF EXISTS  `insertGasImportDetail` */;

DELIMITER $$

/*!50003 CREATE DEFINER=`root`@`localhost` PROCEDURE `insertGasImportDetail`(IN _gas_import_id INT, IN _shell_id INT, IN _quantity INT, in _price double
	, in _amount double, in _vendor_id int)
BEGIN
	DECLARE _date_diff, _in_stock_id, _organization_id INT DEFAULT 0;
	
	SELECT eo.organization_id INTO _organization_id
	FROM gas_import AS f, employee as eo
	WHERE f.id=_gas_import_id and f.created_employee_id=eo.id;
	
	SET _in_stock_id=0;
	SELECT id INTO _in_stock_id FROM shell_vendor WHERE organization_id=_organization_id AND vendor_id=_vendor_id AND shell_id=_shell_id;
	IF _in_stock_id<>0 THEN
		UPDATE shell_vendor SET quantity=quantity + _quantity WHERE id=_in_stock_id;
	END IF;
	
	INSERT INTO gas_import_detail(gas_import_id, shell_id, quantity, price, amount) VALUES (_gas_import_id, _shell_id, _quantity, _price, _amount);
    END */$$
DELIMITER ;

/* Procedure structure for procedure `insertGasPrice` */

/*!50003 DROP PROCEDURE IF EXISTS  `insertGasPrice` */;

DELIMITER $$

/*!50003 CREATE DEFINER=`root`@`localhost` PROCEDURE `insertGasPrice`(IN _code VARCHAR(20), IN _from_date VARCHAR(20), IN _to_date VARCHAR(20)
	, IN _price DOUBLE, IN _customer_id INT, IN _note TEXT, OUT _id INT)
BEGIN
	INSERT INTO gas_price_list (CODE, from_date, to_date, customer_id, price, note)
	VALUES (_code, STR_TO_DATE(_from_date,'%d/%m/%Y'), STR_TO_DATE(_to_date,'%d/%m/%Y'), _customer_id, _price, _note);
	SELECT LAST_INSERT_ID() INTO _id;
    END */$$
DELIMITER ;

/* Procedure structure for procedure `insertGasRetail` */

/*!50003 DROP PROCEDURE IF EXISTS  `insertGasRetail` */;

DELIMITER $$

/*!50003 CREATE DEFINER=`root`@`localhost` PROCEDURE `insertGasRetail`(IN _code VARCHAR(20), IN _created_date VARCHAR(20), IN _customer_id INT, IN _vehicle_id INT
	, IN _total DOUBLE, IN _paid DOUBLE, IN _debt DOUBLE, IN _discount DOUBLE, IN _total_pay DOUBLE, IN _account_id INT, IN _note TEXT, OUT _id INT)
BEGIN
	INSERT INTO gas_retail (CODE, created_date, customer_id, vehicle_id, total, paid, debt, discount, total_pay, account_id, note)
	VALUES (_code, STR_TO_DATE(_created_date,'%d/%m/%Y'), _customer_id, _vehicle_id, _total, _paid, _debt, _discount, _total_pay, _account_id, _note);
	SELECT LAST_INSERT_ID() INTO _id;
    END */$$
DELIMITER ;

/* Procedure structure for procedure `insertGasRetailDetail` */

/*!50003 DROP PROCEDURE IF EXISTS  `insertGasRetailDetail` */;

DELIMITER $$

/*!50003 CREATE DEFINER=`root`@`localhost` PROCEDURE `insertGasRetailDetail`(IN _gas_retail_id INT, IN _shell_id INT, IN _quantity INT, IN _price DOUBLE, IN _amount DOUBLE)
BEGIN
	INSERT INTO gas_retail_detail(gas_retail_id, shell_id, quantity, price, amount) 
	VALUES (_gas_retail_id, _shell_id, _quantity, _price, _amount);
    END */$$
DELIMITER ;

/* Procedure structure for procedure `insertGasRetailPromotionMaterialDetail` */

/*!50003 DROP PROCEDURE IF EXISTS  `insertGasRetailPromotionMaterialDetail` */;

DELIMITER $$

/*!50003 CREATE DEFINER=`root`@`localhost` PROCEDURE `insertGasRetailPromotionMaterialDetail`(IN _gas_retail_id INT, IN _promotion_material_id INT, IN _quantity INT)
BEGIN
	INSERT INTO gas_retail_promotion(gas_retail_id, promotion_material_id, quantity) 
	VALUES (_gas_retail_id, _promotion_material_id, _quantity);
    END */$$
DELIMITER ;

/* Procedure structure for procedure `insertGasRetailReturnShellDetail` */

/*!50003 DROP PROCEDURE IF EXISTS  `insertGasRetailReturnShellDetail` */;

DELIMITER $$

/*!50003 CREATE DEFINER=`root`@`localhost` PROCEDURE `insertGasRetailReturnShellDetail`(IN _gas_retail_id INT, IN _shell_id INT, IN _quantity INT)
BEGIN
	INSERT INTO gas_retail_return_shell(gas_retail_id, shell_id, quantity) 
	VALUES (_gas_retail_id, _shell_id, _quantity);
    END */$$
DELIMITER ;

/* Procedure structure for procedure `insertGasReturn` */

/*!50003 DROP PROCEDURE IF EXISTS  `insertGasReturn` */;

DELIMITER $$

/*!50003 CREATE DEFINER=`root`@`localhost` PROCEDURE `insertGasReturn`(IN _code VARCHAR(20), IN _created_date VARCHAR(20), IN _customer_id INT, IN _total DOUBLE
	, IN _paid DOUBLE, IN _debt DOUBLE, IN _discount DOUBLE, IN _total_pay DOUBLE, IN _account_id INT, IN _note TEXT, IN _created_employee_id INT, OUT _id INT)
BEGIN
	INSERT INTO gas_return (CODE, created_date, customer_id, total, paid, debt, discount, total_pay, account_id, note, created_employee_id)
	VALUES (_code, STR_TO_DATE(_created_date,'%d/%m/%Y'), _customer_id, _total, _paid, _debt, _discount, _total_pay, _account_id, _note, _created_employee_id);
	SELECT LAST_INSERT_ID() INTO _id;
    END */$$
DELIMITER ;

/* Procedure structure for procedure `insertGasReturnDetail` */

/*!50003 DROP PROCEDURE IF EXISTS  `insertGasReturnDetail` */;

DELIMITER $$

/*!50003 CREATE DEFINER=`root`@`localhost` PROCEDURE `insertGasReturnDetail`(IN _gas_return_id INT, IN _shell_id INT, IN _quantity INT, IN _price DOUBLE, IN _amount DOUBLE)
BEGIN
	INSERT INTO gas_return_detail(gas_return_id, shell_id, quantity, price, amount) 
	VALUES (_gas_return_id, _shell_id, _quantity, _price, _amount);
    END */$$
DELIMITER ;

/* Procedure structure for procedure `insertGasReturnVendor` */

/*!50003 DROP PROCEDURE IF EXISTS  `insertGasReturnVendor` */;

DELIMITER $$

/*!50003 CREATE DEFINER=`root`@`localhost` PROCEDURE `insertGasReturnVendor`(in _id int, in _vendor_id int, in _organization_id int)
BEGIN
	if _id=0 then
		insert into gas_return_vendor(vendor_id, organization_id) values(_vendor_id, _organization_id);
	else
		update gas_return_vendor set vendor_id=_vendor_id, organization_id=_organization_id where id=_id;
	end if;
    END */$$
DELIMITER ;

/* Procedure structure for procedure `insertGasWholesale` */

/*!50003 DROP PROCEDURE IF EXISTS  `insertGasWholesale` */;

DELIMITER $$

/*!50003 CREATE DEFINER=`root`@`localhost` PROCEDURE `insertGasWholesale`(IN _code VARCHAR(20), IN _created_date VARCHAR(20), IN _customer_id INT, IN _vehicle_out_id INT
	, IN _total DOUBLE, IN _paid DOUBLE, IN _debt DOUBLE, IN _discount DOUBLE, IN _total_pay DOUBLE, IN _account_id INT, IN _note TEXT
	, in _gas_return int, in _gas_return_price double, in _gas_return_amount double, IN _created_employee_id INT, in _old_paid_debt double, OUT _id INT)
BEGIN
	INSERT INTO gas_wholesale (CODE, created_date, customer_id, vehicle_out_id, total, paid, debt, discount, total_pay, account_id, note, gas_return, gas_return_price, gas_return_amount, created_employee_id, paid_old_debt_amount)
	VALUES (_code, STR_TO_DATE(_created_date,'%d/%m/%Y'), _customer_id, _vehicle_out_id, _total, _paid, _debt, _discount, _total_pay, _account_id, _note, _gas_return, _gas_return_price, _gas_return_amount, _created_employee_id, _old_paid_debt);
	SELECT LAST_INSERT_ID() INTO _id;
	
	IF _old_paid_debt<>0 THEN
		CALL insertDebtWholesale(CONCAT(_code,'_auto'), _customer_id, _created_date, _old_paid_debt, _account_id, '', _created_employee_id, 1, _id, @auto_id);
	END IF;
	
    END */$$
DELIMITER ;

/* Procedure structure for procedure `insertGasWholesaleDetail` */

/*!50003 DROP PROCEDURE IF EXISTS  `insertGasWholesaleDetail` */;

DELIMITER $$

/*!50003 CREATE DEFINER=`root`@`localhost` PROCEDURE `insertGasWholesaleDetail`(IN _gas_wholesale_id INT, IN _shell_id INT, IN _quantity INT, IN _price DOUBLE
	, IN _amount DOUBLE)
BEGIN
	INSERT INTO gas_wholesale_detail(gas_wholesale_id, shell_id, quantity, price, amount) 
	VALUES (_gas_wholesale_id, _shell_id, _quantity, _price, _amount);
    END */$$
DELIMITER ;

/* Procedure structure for procedure `insertGasWholesaleFeeDetail` */

/*!50003 DROP PROCEDURE IF EXISTS  `insertGasWholesaleFeeDetail` */;

DELIMITER $$

/*!50003 CREATE DEFINER=`root`@`localhost` PROCEDURE `insertGasWholesaleFeeDetail`(IN _gas_wholesale_id INT, IN _fee_id INT, IN _amount INT, IN _note text)
BEGIN
	INSERT INTO gas_wholesale_fee_detail(gas_wholesale_id, fee_id, kind, amount, note) 
	select _gas_wholesale_id, id, kind, _amount, _note from gas_wholesale_fee where id=_fee_id;
    END */$$
DELIMITER ;

/* Procedure structure for procedure `insertGasWholesalePromotionMaterialDetail` */

/*!50003 DROP PROCEDURE IF EXISTS  `insertGasWholesalePromotionMaterialDetail` */;

DELIMITER $$

/*!50003 CREATE DEFINER=`root`@`localhost` PROCEDURE `insertGasWholesalePromotionMaterialDetail`(IN _gas_wholesale_id INT, IN _promotion_material_id INT, IN _quantity INT)
BEGIN
	INSERT INTO gas_wholesale_promotion(gas_wholesale_id, promotion_material_id, quantity) 
	VALUES (_gas_wholesale_id, _promotion_material_id, _quantity);
    END */$$
DELIMITER ;

/* Procedure structure for procedure `insertGasWholesaleReturnShellDetail` */

/*!50003 DROP PROCEDURE IF EXISTS  `insertGasWholesaleReturnShellDetail` */;

DELIMITER $$

/*!50003 CREATE DEFINER=`root`@`localhost` PROCEDURE `insertGasWholesaleReturnShellDetail`(IN _gas_wholesale_id INT, IN _shell_id INT, IN _quantity INT)
BEGIN
	INSERT INTO gas_wholesale_return_shell(gas_wholesale_id, shell_id, quantity) 
	VALUES (_gas_wholesale_id, _shell_id, _quantity);
    END */$$
DELIMITER ;

/* Procedure structure for procedure `insertGoodImport` */

/*!50003 DROP PROCEDURE IF EXISTS  `insertGoodImport` */;

DELIMITER $$

/*!50003 CREATE DEFINER=`root`@`localhost` PROCEDURE `insertGoodImport`(IN _code VARCHAR(20), IN _created_date VARCHAR(20), IN _vendor_id INT, IN _store_id INT
	, IN _rate DOUBLE, IN _total DOUBLE, IN _paid DOUBLE, IN _debt DOUBLE, IN _account_id INT, IN _note TEXT, IN _created_employee_id INT, OUT _id INT)
BEGIN
	INSERT INTO good_import (CODE, created_date, vendor_id, store_id, rate, total, paid, debt, account_id, note, created_employee_id)
	VALUES (_code, STR_TO_DATE(_created_date,'%d/%m/%Y'), _vendor_id, _store_id, _rate, _total, _paid, _debt, _account_id, _note, _created_employee_id);
	SELECT LAST_INSERT_ID() INTO _id;
    END */$$
DELIMITER ;

/* Procedure structure for procedure `insertGoodImportDetail` */

/*!50003 DROP PROCEDURE IF EXISTS  `insertGoodImportDetail` */;

DELIMITER $$

/*!50003 CREATE DEFINER=`root`@`localhost` PROCEDURE `insertGoodImportDetail`(IN _good_import_id INT, IN _good_id INT, IN _quantity INT, IN _price DOUBLE, IN _amount DOUBLE)
BEGIN
	INSERT INTO good_import_detail(good_import_id, good_id, quantity, price, amount) VALUES (_good_import_id, _good_id, _quantity, _price, _amount);
    END */$$
DELIMITER ;

/* Procedure structure for procedure `insertIncome` */

/*!50003 DROP PROCEDURE IF EXISTS  `insertIncome` */;

DELIMITER $$

/*!50003 CREATE DEFINER=`root`@`localhost` PROCEDURE `insertIncome`(IN _code VARCHAR(20), IN _created_date VARCHAR(20), IN _amount DOUBLE
	, IN _account_id INT, IN _note TEXT, IN _content TEXT, in _type int, IN _created_employee_id INT, OUT _id INT)
BEGIN
	INSERT INTO income (CODE, created_date, amount, account_id, note, content, `type`, created_employee_id)
	VALUES (_code, STR_TO_DATE(_created_date,'%d/%m/%Y'), _amount, _account_id, _note, _content, _type, _created_employee_id);
	SELECT LAST_INSERT_ID() INTO _id;
    END */$$
DELIMITER ;

/* Procedure structure for procedure `insertInStockDay` */

/*!50003 DROP PROCEDURE IF EXISTS  `insertInStockDay` */;

DELIMITER $$

/*!50003 CREATE DEFINER=`root`@`localhost` PROCEDURE `insertInStockDay`(in _day varchar(20))
BEGIN
	DECLARE _date, _start_date, _current_date, _pre_date DATE;
	
	select STR_TO_DATE(_day,'%d/%m/%Y') into _current_date;
	SELECT STR_TO_DATE(`value`,'%d/%m/%Y') INTO _start_date FROM parameter where code='startdate';
	
	set _date=null;
	select `day` into _date from shell_in_stock order by id desc limit 1;
	if _date is null then
		set _date=_start_date;
	end if;
	
	DELETE FROM shell_in_stock WHERE DATE(`day`) > _date AND DATE(`day`) <= _current_date;
	
	SET _pre_date=NULL;
	SELECT `day` INTO _pre_date FROM shell_in_stock ORDER BY id DESC LIMIT 1;
	IF _pre_date IS NULL THEN
		SET _pre_date=_start_date;
	END IF;
	
	INSERT INTO shell_in_stock(`day`, organization_id, shell_id, in_stock)
	SELECT _current_date, tbl_shell.organization_id, tbl_shell.shell_id, coalesce(tbl_old_stock.tbl_old_in_stock,0) + COALESCE(SUM(tbl.in_stock),0)
	FROM (
		SELECT sv.shell_id, sv.organization_id
		FROM shell AS s, organization AS o, shell_vendor AS sv
		WHERE o.id=sv.organization_id AND sv.shell_id=s.id AND s.STATUS=1 AND o.STATUS=1 GROUP BY o.id, s.id
	) AS tbl_shell
	LEFT JOIN (
		SELECT  organization_id, shell_id, COALESCE(in_stock,0) AS tbl_old_in_stock
		FROM shell_in_stock WHERE date(`day`)=_pre_date
	) AS tbl_old_stock ON tbl_shell.shell_id=tbl_old_stock.shell_id AND tbl_shell.organization_id=tbl_old_stock.organization_id
	LEFT JOIN (
		SELECT i.shell_id, eo.organization_id, COALESCE(SUM(i.quantity),0) AS in_stock
		FROM shell_import AS i, employee as eo
		WHERE DATE(i.created_date) > _date AND DATE(i.created_date) <= _current_date
			and i.created_employee_id=eo.id
		GROUP BY i.shell_id, eo.organization_id
		UNION ALL
		SELECT sv.shell_id, sv.organization_id,  -SUM(f_det.quantity) AS in_stock
		FROM fraction_gas_detail AS f_det, fraction_gas AS f, shell_vendor AS sv
		WHERE f_det.fraction_id=f.id AND DATE(f.created_date) > _date AND DATE(f.created_date) <= _current_date
			AND f_det.shell_id=sv.id
		GROUP BY sv.shell_id, sv.organization_id
		UNION ALL
		SELECT i_det.shell_id, eo.organization_id, SUM(i_det.quantity) AS in_stock
		FROM gas_wholesale_return_shell AS i_det, gas_wholesale AS i, employee AS eo
		WHERE i_det.gas_wholesale_id=i.id AND DATE(i.created_date) > _date AND DATE(i.created_date) <= _current_date
			AND i.created_employee_id=eo.id
		GROUP BY i_det.shell_id, eo.organization_id
		UNION ALL
		SELECT i_det.shell_id, eo.organization_id, -SUM(i_det.quantity) AS in_stock
		FROM shell_sale_detail AS i_det, shell_sale AS i, employee AS eo
		WHERE i_det.shell_sale_id=i.id AND DATE(i.created_date) > _date AND DATE(i.created_date) <= _current_date
			AND i.created_employee_id=eo.id
		GROUP BY i_det.shell_id, eo.organization_id
		UNION ALL
		SELECT i.shell_id, eo.organization_id, SUM(i.quantity) AS in_stock
		FROM old_shell AS i, employee AS eo
		WHERE DATE(i.created_date) > _date AND DATE(i.created_date) <= _current_date
			AND i.created_employee_id=eo.id
		GROUP BY i.shell_id, eo.organization_id
		UNION ALL
		SELECT sv.shell_id, sv.organization_id, SUM(f_det.quantity) AS in_stock
		FROM shell_return_detail AS f_det, shell_return AS f, shell_vendor AS sv
		WHERE f_det.shell_return_id=f.id AND DATE(f.created_date) > _date AND DATE(f.created_date) <= _current_date
			AND f_det.shell_id=sv.id
		GROUP BY f_det.shell_id, sv.organization_id
		UNION ALL
		SELECT sv.shell_id, sv.organization_id, -SUM(f_det.quantity) AS in_stock
		FROM shell_return_supplier_detail AS f_det, shell_return_supplier AS f, shell_vendor as sv
		WHERE f_det.shell_return_supplier_id=f.id AND DATE(f.created_date) > _date AND DATE(f.created_date) <= _current_date
			AND f_det.shell_id=sv.id
		GROUP BY f_det.shell_id, sv.organization_id
		UNION ALL
		SELECT f_det.shell_id, eo.organization_id,  SUM(f_det.quantity) AS in_stock
		FROM vehicle_in_return_shell_detail AS f_det, vehicle_in AS f, employee AS eo
		WHERE f_det.vehicle_in_id=f.id AND DATE(f.created_date) > _date AND DATE(f.created_date) <= _current_date
			AND f.created_employee_id=eo.id
		GROUP BY f_det.shell_id, eo.organization_id
		UNION ALL
		SELECT f_det.shell_id, eo.organization_id,  SUM(f_det.quantity) AS in_stock
		FROM gas_export_wholesale_shell_detail AS f_det, gas_export_wholesale AS f, employee AS eo
		WHERE f_det.gas_export_wholesale_id=f.id AND DATE(f.created_date) > _date AND DATE(f.created_date) <= _current_date
			AND f.created_employee_id=eo.id
		GROUP BY f_det.shell_id, eo.organization_id
	) AS tbl ON tbl.shell_id=tbl_shell.shell_id AND tbl.organization_id=tbl_shell.organization_id
	GROUP BY tbl_shell.organization_id, tbl_shell.shell_id;
	
	set _date=null;
	select `day` into _date from shell_gas_in_stock order by id desc limit 1;
	if _date is null then
		set _date=_start_date;
	end if;
	
	DELETE FROM shell_gas_in_stock WHERE DATE(`day`) > _date AND DATE(`day`) <= _current_date;
	
	SET _pre_date=NULL;
	SELECT `day` INTO _pre_date FROM shell_gas_in_stock ORDER BY id DESC LIMIT 1;
	IF _pre_date IS NULL THEN
		SET _pre_date=_start_date;
	END IF;
	
	INSERT INTO shell_gas_in_stock(DAY, shell_vendor_id, in_stock)
	SELECT _current_date, sv.id, coalesce(tbl_old_stock.tbl_old_in_stock,0) + COALESCE(SUM(tbl.in_stock),0)
	FROM vendor AS v, shell AS s, organization AS o, shell_vendor AS sv
	LEFT JOIN (
		SELECT id, COALESCE(in_stock,0) AS tbl_old_in_stock
		FROM shell_gas_in_stock WHERE date(`day`)=_pre_date
	) AS tbl_old_stock ON sv.id=tbl_old_stock.id
	LEFT JOIN (
		SELECT sv.id, SUM(f_det.quantity) AS in_stock
		FROM fraction_gas_detail AS f_det, fraction_gas AS f, shell_vendor AS sv
		WHERE f_det.fraction_id=f.id AND DATE(f.created_date) > _date AND DATE(f.created_date) <= _current_date
			AND f_det.shell_id=sv.id
		GROUP BY sv.id
		union all
		SELECT sv.id, SUM(f_det.quantity) AS in_stock
		FROM gas_import_detail AS f_det, gas_import AS f, shell_vendor AS sv
		WHERE f_det.gas_import_id=f.id AND DATE(f.created_date) > _date AND DATE(f.created_date) <= _current_date
			AND f_det.shell_id=sv.id
		GROUP BY sv.id
		UNION ALL
		SELECT sv.id, -SUM(i_det.quantity) AS in_stock
		FROM gas_wholesale_detail AS i_det, gas_wholesale AS i, shell_vendor AS sv
		WHERE i_det.gas_wholesale_id=i.id AND DATE(i.created_date) > _date AND DATE(i.created_date) <= _current_date
			AND i_det.shell_id=sv.id
		GROUP BY sv.id
		UNION ALL
		SELECT sv.id, -SUM(i_det.quantity) AS in_stock
		FROM vehicle_out_detail AS i_det, vehicle_out AS i, shell_vendor AS sv
		WHERE i_det.vehicle_out_id=i.id AND DATE(i.created_date) > _date AND DATE(i.created_date) <= _current_date
			AND i_det.shell_id=sv.id
		GROUP BY sv.id
		UNION ALL
		SELECT sv.id, SUM(i_det.quantity) AS in_stock
		FROM vehicle_in_detail AS i_det, vehicle_in AS i, shell_vendor AS sv
		WHERE i_det.vehicle_in_id=i.id AND DATE(i.created_date) > _date AND DATE(i.created_date) <= _current_date
			AND i_det.shell_id=sv.id
		GROUP BY sv.id
		UNION ALL
		SELECT sv.id, -SUM(f_det.quantity) AS in_stock
		FROM gas_export_wholesale_detail AS f_det, gas_export_wholesale AS f, shell_vendor as sv
		WHERE f_det.gas_export_wholesale_id=f.id AND DATE(f.created_date) > _date AND DATE(f.created_date) <= _current_date
			AND f_det.shell_id=sv.id
		GROUP BY sv.id
		UNION ALL
		SELECT sv.id, -SUM(i_det.quantity) AS in_stock
		FROM inner_sale_detail AS i_det, inner_sale AS i, shell_vendor AS sv
		WHERE i_det.inner_sale_id=i.id AND DATE(i.created_date) > _date AND DATE(i.created_date) <= _current_date
			AND i_det.shell_id=sv.id
		GROUP BY sv.id
	) AS tbl ON tbl.id=sv.id
	WHERE o.id=sv.organization_id AND sv.shell_id=s.id AND sv.vendor_id=v.id AND s.STATUS=1 AND o.STATUS=1 and v.status=1 GROUP BY o.id, s.id;
	
	
	SET _date=NULL;
	SELECT `day` INTO _date FROM lpg_in_stock ORDER BY id DESC LIMIT 1;
	IF _date IS NULL THEN
		SET _date=_start_date;
	END IF;
	
	DELETE FROM lpg_in_stock WHERE DATE(`day`) > _date AND DATE(`day`) <= _current_date;
	
	SET _pre_date=NULL;
	SELECT `day` INTO _pre_date FROM lpg_in_stock ORDER BY id DESC LIMIT 1;
	IF _pre_date IS NULL THEN
		SET _pre_date=_start_date;
	END IF;
	
	INSERT INTO lpg_in_stock(DAY, organization_id, vendor_id, in_stock)
	SELECT _current_date, tbl_lpg_in_stock.organization_id, tbl_lpg_in_stock.vendor_id, COALESCE(tbl_lpg_in_stock.tbl_old_stock_quantity,0) 
		+ COALESCE(tbl_lpg_in_stock.tbl_import_quantity,0) - COALESCE(tbl_lpg_in_stock.tbl_export_quantity,0) 
		- COALESCE(tbl_lpg_in_stock.tbl_sale_quantity,0) - COALESCE(tbl_lpg_in_stock.tbl_fraction_quantity,0) 
		+ COALESCE(tbl_lpg_in_stock.tbl_gas_return_quantity,0)
	FROM (
		SELECT vo.organization_id, vo.vendor_id, tbl_import.tbl_import_quantity, tbl_export.tbl_export_quantity, tbl_sale.tbl_sale_quantity
			, tbl_old_stock.tbl_old_stock_quantity, tbl_fraction.tbl_fraction_quantity, tbl_gas_return.tbl_gas_return_quantity
		FROM vendor as v, vendor_organization as vo
		LEFT JOIN (
			SELECT COALESCE(SUM(i.actual_quantity),0) AS tbl_import_quantity, v.id as vendor_id, eo.organization_id
			FROM lpg_import as i, employee as eo, vendor as v
			WHERE DATE(i.import_date) > _date AND DATE(i.import_date) <= _current_date
				and i.created_employee_id=eo.id and eo.organization_id=v.equal_organization_id
			group by i.vendor_id, eo.organization_id
		) AS tbl_import ON tbl_import.vendor_id=vo.vendor_id and tbl_import.organization_id=vo.organization_id
		LEFT JOIN (
			SELECT COALESCE(SUM(i.actual_quantity),0) AS tbl_export_quantity, i.vendor_id, v.equal_organization_id as organization_id
			FROM lpg_import AS i, vendor AS v
			WHERE DATE(i.import_date) > _date AND DATE(i.import_date) <= _current_date
				AND i.vendor_id=v.id
			GROUP BY i.vendor_id, v.equal_organization_id
		) AS tbl_export ON tbl_export.vendor_id=vo.vendor_id AND tbl_export.organization_id=vo.organization_id
		LEFT JOIN (
			SELECT COALESCE(SUM(s.quantity),0) AS tbl_sale_quantity, v.id as vendor_id, eo.organization_id
			FROM lpg_sale AS s, employee AS eo, vendor as v
			WHERE DATE(s.sale_date) > _date AND DATE(s.sale_date) <= _current_date
				AND s.created_employee_id=eo.id and v.equal_organization_id=eo.organization_id
			GROUP BY v.id, eo.organization_id
		) AS tbl_sale ON tbl_sale.vendor_id=vo.vendor_id AND tbl_sale.organization_id=vo.organization_id
		LEFT JOIN (
			SELECT COALESCE(in_stock,0) AS tbl_old_stock_quantity, vendor_id, organization_id
			FROM lpg_in_stock 
			WHERE DATE(`day`) = _pre_date
		) AS tbl_old_stock ON tbl_old_stock.vendor_id=vo.vendor_id and tbl_old_stock.organization_id=vo.organization_id
		LEFT JOIN (
			SELECT COALESCE(SUM(f_det.quantity*k.weight),0) AS tbl_fraction_quantity, sv.vendor_id, sv.organization_id
			FROM fraction_gas_detail AS f_det, fraction_gas AS f, shell_vendor as sv, shell AS s, shell_kind AS k
			WHERE f_det.fraction_id=f.id AND DATE(f.created_date) > _date AND DATE(f.created_date) <= _current_date
				AND f_det.shell_id=sv.id and sv.shell_id=s.id AND s.kind_id=k.id
			group by sv.vendor_id, sv.organization_id
		) AS tbl_fraction ON tbl_fraction.vendor_id=vo.vendor_id AND tbl_fraction.organization_id=vo.organization_id
		LEFT JOIN (
			SELECT COALESCE(SUM(s.gas_return),0) AS tbl_gas_return_quantity, rv.vendor_id, rv.organization_id
			FROM gas_wholesale AS s, employee as eo, gas_return_vendor as rv
			WHERE DATE(s.created_date) > _date AND DATE(s.created_date) <= _current_date
				and s.created_employee_id=eo.id and eo.organization_id=rv.organization_id
			GROUP BY rv.vendor_id, rv.organization_id
		) AS tbl_gas_return ON tbl_gas_return.vendor_id=vo.vendor_id and tbl_gas_return.organization_id=vo.organization_id
		where v.id=vo.vendor_id and v.status=1 and v.has_stock=1
	) AS tbl_lpg_in_stock;
	SET _date=NULL;
	SELECT `day` INTO _date FROM accessory_in_stock ORDER BY id DESC LIMIT 1;
	IF _date IS NULL THEN
		SET _date=_start_date;
	END IF;
	
	DELETE FROM accessory_in_stock WHERE DATE(`day`) > _date AND DATE(`day`) <= _current_date;
	
	SET _pre_date=NULL;
	SELECT `day` INTO _pre_date FROM accessory_in_stock ORDER BY id DESC LIMIT 1;
	IF _pre_date IS NULL THEN
		SET _pre_date=_start_date;
	END IF;
	
	INSERT INTO accessory_in_stock(DAY, organization_id, accessory_id, in_stock)
	SELECT _current_date, o.id, s.id, coalesce(tbl_old_stock.tbl_old_in_stock,0) + COALESCE(SUM(tbl.in_stock),0)
	FROM accessory AS s
	left join organization as o on 1
	LEFT JOIN (
		SELECT organization_id, accessory_id, COALESCE(in_stock,0) AS tbl_old_in_stock
		FROM accessory_in_stock WHERE DATE(`day`)=_pre_date
	) AS tbl_old_stock ON s.id=tbl_old_stock.accessory_id and tbl_old_stock.organization_id=o.id
	LEFT JOIN (
		SELECT i_det.accessory_id, eo.organization_id, SUM(i_det.quantity) AS in_stock
		FROM accessory_import_detail AS i_det, accessory_import AS i, employee as eo
		WHERE i_det.accessory_import_id=i.id AND DATE(i.created_date) > _date AND DATE(i.created_date) <= _current_date
			and i.created_employee_id=eo.id
		GROUP BY i_det.accessory_id, eo.organization_id
		UNION ALL
		SELECT i_det.accessory_id, eo.organization_id, -SUM(i_det.quantity) AS in_stock
		FROM accessory_sale_detail AS i_det, accessory_sale AS i, employee AS eo
		WHERE i_det.accessory_sale_id=i.id AND DATE(i.created_date) > _date AND DATE(i.created_date) <= _current_date
			AND i.created_employee_id=eo.id
		GROUP BY i_det.accessory_id, eo.organization_id
		UNION ALL
		SELECT i_det.accessory_id, eo.organization_id, -SUM(i_det.quantity) AS in_stock
		FROM vehicle_in_accessory_detail AS i_det, vehicle_in AS i, employee AS eo
		WHERE i_det.vehicle_in_id=i.id AND DATE(i.created_date) > _date AND DATE(i.created_date) <= _current_date
			AND i.created_employee_id=eo.id
		GROUP BY i_det.accessory_id, eo.organization_id
	) AS tbl ON tbl.accessory_id=s.id and tbl.organization_id=o.id
	WHERE s.STATUS=1 and o.status=1 GROUP BY o.id, s.id;
	
	SET _date=NULL;
	SELECT `day` INTO _date FROM promotion_material_in_stock ORDER BY id DESC LIMIT 1;
	IF _date IS NULL THEN
		SET _date=_start_date;
	END IF;
	
	DELETE FROM promotion_material_in_stock WHERE DATE(`day`) > _date AND DATE(`day`) <= _current_date;
	
	SET _pre_date=NULL;
	SELECT `day` INTO _pre_date FROM promotion_material_in_stock ORDER BY id DESC LIMIT 1;
	IF _pre_date IS NULL THEN
		SET _pre_date=_start_date;
	END IF;
	
	INSERT INTO promotion_material_in_stock(DAY, promotion_material_id, organization_id, in_stock)
	SELECT _current_date, s.id, o.id, COALESCE(tbl_old_stock.tbl_old_in_stock,0) + COALESCE(SUM(tbl.in_stock),0)
	FROM promotion_material AS s
	left join organization as o on 1
	LEFT JOIN (
		SELECT promotion_material_id, organization_id, COALESCE(in_stock,0) AS tbl_old_in_stock
		FROM promotion_material_in_stock WHERE DATE(`day`)=_pre_date
	) AS tbl_old_stock ON s.id=tbl_old_stock.promotion_material_id and tbl_old_stock.organization_id=o.id
	LEFT JOIN (
		SELECT i_det.promotion_material_id, eo.organization_id, SUM(i_det.quantity) AS in_stock
		FROM promotion_material_import_detail AS i_det, promotion_material_import AS i, employee as eo
		WHERE i_det.promotion_material_id=i.id AND DATE(i.created_date) > _date AND DATE(i.created_date) <= _current_date
			and i.created_employee_id=eo.id
		GROUP BY i_det.promotion_material_id, eo.organization_id
		UNION ALL
		SELECT i_det.promotion_material_id, eo.organization_id, -SUM(i_det.quantity) AS in_stock
		FROM gas_wholesale_promotion AS i_det, gas_wholesale AS i, employee as eo
		WHERE i_det.gas_wholesale_id=i.id AND DATE(i.created_date) > _date AND DATE(i.created_date) <= _current_date
			and i.created_employee_id=eo.id
		GROUP BY i_det.promotion_material_id, eo.organization_id
	) AS tbl ON tbl.promotion_material_id=s.id and tbl.organization_id=o.id
	WHERE s.STATUS=1 and o.status=1 GROUP BY o.id, s.id;
	SET _date=NULL;
	SELECT `day` INTO _date FROM petro_in_stock ORDER BY id DESC LIMIT 1;
	IF _date IS NULL THEN
		SET _date=_start_date;
	END IF;
	
	DELETE FROM petro_in_stock WHERE DATE(`day`) > _date AND DATE(`day`) <= _current_date;
	
	SET _pre_date=NULL;
	SELECT `day` INTO _pre_date FROM petro_in_stock ORDER BY id DESC LIMIT 1;
	IF _pre_date IS NULL THEN
		SET _pre_date=_start_date;
	END IF;
	
	INSERT INTO petro_in_stock(DAY, petro_id, store_id, organization_id, in_stock)
	SELECT _current_date, s.id, o.id, o.organization_id, COALESCE(tbl_old_stock.tbl_old_in_stock,0) + COALESCE(SUM(tbl.in_stock),0)
	FROM petro AS s
	left join store as o on 1
	LEFT JOIN (
		SELECT petro_id, store_id, COALESCE(in_stock,0) AS tbl_old_in_stock
		FROM petro_in_stock WHERE DATE(`day`)=_pre_date
	) AS tbl_old_stock ON s.id=tbl_old_stock.petro_id and tbl_old_stock.store_id=o.id
	LEFT JOIN (
		SELECT i_det.petro_id, i.store_id, SUM(i_det.quantity) AS in_stock
		FROM petro_import_detail AS i_det, petro_import AS i
		WHERE i_det.petro_import_id=i.id AND DATE(i.created_date) > _date AND DATE(i.created_date) <= _current_date
		GROUP BY i_det.petro_id, i.store_id
		UNION ALL
		SELECT i_det.petro_id, i.store_id, -SUM(i_det.quantity) AS in_stock
		FROM petro_sale_detail AS i_det, petro_sale AS i
		WHERE i_det.petro_sale_id=i.id AND DATE(i.created_date) > _date AND DATE(i.created_date) <= _current_date
		GROUP BY i_det.petro_id, i.store_id
	) AS tbl ON tbl.petro_id=s.id and tbl.store_id=o.id
	WHERE s.STATUS=1 and o.status=1 and o.is_petro=1 GROUP BY o.id, s.id;
	
	SET _date=NULL;
	SELECT `day` INTO _date FROM good_in_stock ORDER BY id DESC LIMIT 1;
	IF _date IS NULL THEN
		SET _date=_start_date;
	END IF;
	
	DELETE FROM good_in_stock WHERE DATE(`day`) > _date AND DATE(`day`) <= _current_date;
	
	SET _pre_date=NULL;
	SELECT `day` INTO _pre_date FROM good_in_stock ORDER BY id DESC LIMIT 1;
	IF _pre_date IS NULL THEN
		SET _pre_date=_start_date;
	END IF;
	
	INSERT INTO good_in_stock(DAY, good_id, organization_id, store_id, in_stock)
	SELECT _current_date, s.id, o.organization_id, o.id, COALESCE(tbl_old_stock.tbl_old_in_stock,0) + COALESCE(SUM(tbl.in_stock),0)
	FROM good AS s
	LEFT JOIN store AS o ON 1
	LEFT JOIN (
		SELECT good_id, store_id, COALESCE(in_stock,0) AS tbl_old_in_stock
		FROM good_in_stock WHERE DATE(`day`)=_pre_date
	) AS tbl_old_stock ON s.id=tbl_old_stock.good_id AND tbl_old_stock.store_id=o.id
	LEFT JOIN (
		SELECT i_det.good_id, i.store_id, SUM(i_det.quantity) AS in_stock
		FROM good_import_detail AS i_det, good_import AS i
		WHERE i_det.good_import_id=i.id AND DATE(i.created_date) > _date AND DATE(i.created_date) <= _current_date
		GROUP BY i_det.good_id, i.store_id
		UNION ALL
		SELECT i_det.good_id, i.store_id, -SUM(i_det.quantity) AS in_stock
		FROM good_sale_detail AS i_det, good_sale AS i
		WHERE i_det.good_sale_id=i.id AND DATE(i.created_date) > _date AND DATE(i.created_date) <= _current_date
		GROUP BY i_det.good_id, i.store_id
	) AS tbl ON tbl.good_id=s.id AND tbl.store_id=o.id
	WHERE s.STATUS=1 AND o.STATUS=1 and o.is_good=1 GROUP BY o.id, s.id;
	
	SET _date=NULL;
	SELECT `day` INTO _date FROM oil_in_stock ORDER BY id DESC LIMIT 1;
	IF _date IS NULL THEN
		SET _date=_start_date;
	END IF;
	
	DELETE FROM oil_in_stock WHERE DATE(`day`) > _date AND DATE(`day`) <= _current_date;
	
	SET _pre_date=NULL;
	SELECT `day` INTO _pre_date FROM oil_in_stock ORDER BY id DESC LIMIT 1;
	IF _pre_date IS NULL THEN
		SET _pre_date=_start_date;
	END IF;
	
	INSERT INTO oil_in_stock(DAY, oil_id, store_id, organization_id, in_stock)
	SELECT _current_date, s.id, st.id, s.organization_id, COALESCE(tbl_old_stock.tbl_old_in_stock,0) + COALESCE(SUM(tbl.in_stock),0)
	FROM oil AS s
	left join store as st on s.organization_id=st.organization_id
	LEFT JOIN (
		SELECT oil_id, store_id, COALESCE(in_stock,0) AS tbl_old_in_stock
		FROM oil_in_stock WHERE DATE(`day`)=_pre_date
	) AS tbl_old_stock ON s.id=tbl_old_stock.oil_id and st.id=tbl_old_stock.store_id
	LEFT JOIN (
		SELECT i_det.oil_id, i.store_id, SUM(i_det.base_quantity) AS in_stock
		FROM oil_import_detail AS i_det, oil_import AS i
		WHERE i_det.oil_import_id=i.id AND DATE(i.created_date) > _date AND DATE(i.created_date) <= _current_date
		GROUP BY i_det.oil_id, i.store_id
		UNION ALL
		SELECT i_det.oil_id, i_det.store_id, -SUM(i_det.base_quantity) AS in_stock
		FROM oil_sale_detail AS i_det, oil_sale AS i
		WHERE i_det.oil_sale_id=i.id AND DATE(i.created_date) > _date AND DATE(i.created_date) <= _current_date
		GROUP BY i_det.oil_id, i_det.store_id
		UNION ALL
		SELECT i_det.oil_id, i_det.store_id, -SUM(i_det.base_quantity) AS in_stock
		FROM oil_sale_promotion AS i_det, oil_sale AS i
		WHERE i_det.sale_oil_id=i.id AND DATE(i.created_date) > _date AND DATE(i.created_date) <= _current_date
		GROUP BY i_det.oil_id, i_det.store_id
		UNION ALL
		SELECT i_det.oil_id, i_det.store_id, SUM(i_det.base_quantity) AS in_stock
		FROM oil_sale_return_detail AS i_det, oil_sale_return AS i
		WHERE i_det.oil_sale_return_id=i.id AND DATE(i.created_date) > _date AND DATE(i.created_date) <= _current_date
		GROUP BY i_det.oil_id, i_det.store_id
	) AS tbl ON tbl.oil_id=s.id and tbl.store_id=st.id
	WHERE s.STATUS=1 and st.status=1 and st.is_oil=1 GROUP BY s.id;
	
	SET _date=NULL;
	SELECT `day` INTO _date FROM money_in_stock ORDER BY id DESC LIMIT 1;
	IF _date IS NULL THEN
		SET _date=_start_date;
	END IF;
	
	DELETE FROM money_in_stock WHERE DATE(`day`) > _date AND DATE(`day`) <= _current_date;
	
	SET _pre_date=NULL;
	SELECT `day` INTO _pre_date FROM money_in_stock ORDER BY id DESC LIMIT 1;
	IF _pre_date IS NULL THEN
		SET _pre_date=_start_date;
	END IF;
	
	INSERT INTO money_in_stock(DAY, account_id, organization_id, in_stock)
	SELECT _current_date, a.id, a.organization_id, COALESCE(tbl_old_stock.tbl_old_in_stock,0) + COALESCE(SUM(tbl.in_stock),0)
	FROM account AS a
	LEFT JOIN (
		SELECT account_id, COALESCE(in_stock,0) AS tbl_old_in_stock
		FROM money_in_stock WHERE DATE(`day`)=_pre_date
	) AS tbl_old_stock ON a.id=tbl_old_stock.account_id 
	LEFT JOIN (
		SELECT a.account_id, -SUM(a.amount) AS in_stock
		FROM employee_advance AS a
		WHERE DATE(a.advance_date) > _date AND DATE(a.advance_date) <= _current_date
		GROUP BY a.account_id
		UNION ALL
		SELECT i.account_id, -SUM(i.amount) AS in_stock
		FROM employee_off_money AS i
		WHERE DATE(i.created_date) > _date AND DATE(i.created_date) <= _current_date
		GROUP BY i.account_id
		UNION ALL
		SELECT i.account_id, SUM(i.paid) AS in_stock
		FROM gas_export_wholesale AS i
		WHERE DATE(i.created_date) > _date AND DATE(i.created_date) <= _current_date
		GROUP BY i.account_id
		UNION ALL
		SELECT i.account_id, -SUM(i.amount) AS in_stock
		FROM shell_import AS i
		WHERE DATE(i.created_date) > _date AND DATE(i.created_date) <= _current_date
		GROUP BY i.account_id
		UNION ALL
		SELECT i.account_id, -SUM(i.paid) AS in_stock
		FROM lpg_import AS i
		WHERE DATE(i.import_date) > _date AND DATE(i.import_date) <= _current_date
		GROUP BY i.account_id
		UNION ALL
		SELECT i.account_id, SUM(i.paid) AS in_stock
		FROM lpg_sale AS i
		WHERE DATE(i.sale_date) > _date AND DATE(i.sale_date) <= _current_date
		GROUP BY i.account_id
		UNION ALL
		SELECT i.account_id, -SUM(i.paid) AS in_stock
		FROM gas_import AS i
		WHERE DATE(i.created_date) > _date AND DATE(i.created_date) <= _current_date
		GROUP BY i.account_id
		UNION ALL
		SELECT i.account_id, SUM(i.paid) AS in_stock
		FROM gas_wholesale AS i
		WHERE DATE(i.created_date) > _date AND DATE(i.created_date) <= _current_date
		GROUP BY i.account_id
		UNION ALL
		SELECT i.account_id, SUM(i.paid) AS in_stock
		FROM gas_retail AS i
		WHERE DATE(i.created_date) > _date AND DATE(i.created_date) <= _current_date
		GROUP BY i.account_id
		UNION ALL
		SELECT i.account_id, SUM(i.paid) AS in_stock
		FROM shell_sale AS i
		WHERE DATE(i.created_date) > _date AND DATE(i.created_date) <= _current_date
		GROUP BY i.account_id
		UNION ALL
		SELECT i.account_id, -SUM(i.paid) AS in_stock
		FROM accessory_import AS i
		WHERE DATE(i.created_date) > _date AND DATE(i.created_date) <= _current_date
		GROUP BY i.account_id
		UNION ALL
		SELECT i.account_id, -SUM(i.paid) AS in_stock
		FROM promotion_material_import AS i
		WHERE DATE(i.created_date) > _date AND DATE(i.created_date) <= _current_date
		GROUP BY i.account_id
		UNION ALL
		SELECT i.account_id, -SUM(i.paid) AS in_stock
		FROM petro_import AS i
		WHERE DATE(i.created_date) > _date AND DATE(i.created_date) <= _current_date
		GROUP BY i.account_id
		UNION ALL
		SELECT i.account_id, -SUM(i.paid) AS in_stock
		FROM good_import AS i
		WHERE DATE(i.created_date) > _date AND DATE(i.created_date) <= _current_date
		GROUP BY i.account_id
		UNION ALL
		SELECT i.account_id, SUM(i.paid) AS in_stock
		FROM accessory_sale AS i
		WHERE DATE(i.created_date) > _date AND DATE(i.created_date) <= _current_date
		GROUP BY i.account_id
		UNION ALL
		SELECT i.account_id, SUM(i.paid) AS in_stock
		FROM petro_sale AS i
		WHERE DATE(i.created_date) > _date AND DATE(i.created_date) <= _current_date
		GROUP BY i.account_id
		UNION ALL
		SELECT i.account_id, SUM(i.paid) AS in_stock
		FROM good_sale AS i
		WHERE DATE(i.created_date) > _date AND DATE(i.created_date) <= _current_date
		GROUP BY i.account_id
		UNION ALL
		SELECT i.account_id, -SUM(i.paid) AS in_stock
		FROM vendor_debt AS i
		WHERE DATE(i.created_date) > _date AND DATE(i.created_date) <= _current_date
		GROUP BY i.account_id
		UNION ALL
		SELECT i.account_id, SUM(i.paid) AS in_stock
		FROM retail_debt AS i
		WHERE DATE(i.created_date) > _date AND DATE(i.created_date) <= _current_date
		GROUP BY i.account_id
		UNION ALL
		SELECT i.account_id, SUM(i.paid) AS in_stock
		FROM wholesale_debt AS i
		WHERE DATE(i.created_date) > _date AND DATE(i.created_date) <= _current_date
		GROUP BY i.account_id
		UNION ALL
		SELECT i.account_id, SUM(i.amount) AS in_stock
		FROM income AS i
		WHERE DATE(i.created_date) > _date AND DATE(i.created_date) <= _current_date
		GROUP BY i.account_id
		UNION ALL
		SELECT i.account_id, sum(amount/IF(month_count=0,1,month_count)) AS in_stock
		FROM expense AS i
		WHERE DATE(i.created_date) > _date AND DATE(i.created_date) <= _current_date
		GROUP BY i.account_id
		UNION ALL
		SELECT i.account_id, SUM(i.money_amount) AS in_stock
		FROM transport_service AS i
		WHERE DATE(i.created_date) > _date AND DATE(i.created_date) <= _current_date
		GROUP BY i.account_id
		UNION ALL
		SELECT i.account_id, SUM(i.paid) AS in_stock
		FROM inner_sale AS i
		WHERE DATE(i.created_date) > _date AND DATE(i.created_date) <= _current_date
		GROUP BY i.account_id
		UNION ALL
		SELECT i.account_id, -SUM(i.total) AS in_stock
		FROM borrow AS i
		WHERE DATE(i.created_date) > _date AND DATE(i.created_date) <= _current_date
		GROUP BY i.account_id
	) AS tbl ON tbl.account_id=a.id
	GROUP BY a.id;
	
	SET _date=NULL;
	SELECT `day` INTO _date FROM shield_in_stock ORDER BY id DESC LIMIT 1;
	IF _date IS NULL THEN
		SET _date=_start_date;
	END IF;
	
	DELETE FROM shield_in_stock WHERE DATE(`day`) > _date AND DATE(`day`) <= _current_date;
	
	SET _pre_date=NULL;
	SELECT `day` INTO _pre_date FROM shield_in_stock ORDER BY id DESC LIMIT 1;
	IF _pre_date IS NULL THEN
		SET _pre_date=_start_date;
	END IF;
	
	INSERT INTO shield_in_stock(DAY, vendor_id, organization_id, in_stock)
	SELECT _current_date, vo.vendor_id, vo.organization_id, coalesce(tbl_old_stock.tbl_old_in_stock,0) + COALESCE(SUM(tbl.in_stock),0)
	from vendor as v, vendor_organization AS vo
	left join (
		SELECT SUM(i.quantity) AS in_stock, i.vendor_id, eo.organization_id
		FROM shield_import as i, employee as eo
		WHERE DATE(i.created_date) > _date AND DATE(i.created_date) <= _current_date
			and i.created_employee_id=eo.id
		group by eo.organization_id, i.vendor_id 
		UNION ALL
		SELECT -SUM(i.quantity) AS in_stock, i.vendor_id, eo.organization_id
		FROM shield_decrease AS i, employee as eo
		WHERE DATE(i.created_date) > _date AND DATE(i.created_date) <= _current_date
			AND i.created_employee_id=eo.id
		group by eo.organization_id, i.vendor_id
		UNION ALL
		SELECT -SUM(f_det.quantity) AS in_stock, sv.vendor_id, sv.organization_id
		FROM fraction_gas_detail AS f_det, fraction_gas AS f, shell_vendor as sv
		WHERE f_det.fraction_id=f.id AND DATE(f.created_date) > _date AND DATE(f.created_date) <= _current_date
			and f_det.shell_id=sv.id
		group by sv.organization_id, sv.vendor_id
	) AS tbl on tbl.vendor_id=vo.vendor_id and tbl.organization_id=vo.organization_id
	LEFT JOIN (
		SELECT COALESCE(in_stock,0) AS tbl_old_in_stock, vendor_id, organization_id
		FROM shield_in_stock WHERE DATE(`day`)=_pre_date
	) AS tbl_old_stock ON tbl_old_stock.vendor_id=vo.vendor_id and tbl_old_stock.organization_id=vo.organization_id
	where v.STATUS=1 and v.has_stock=1 and v.id=vo.vendor_id
	group by vo.organization_id, vo.vendor_id
	;
	
	SET _date=NULL;
	SELECT `day` INTO _date FROM customer_in_stock ORDER BY id DESC LIMIT 1;
	IF _date IS NULL THEN
		SET _date=_start_date;
	END IF;
	
	DELETE FROM customer_in_stock WHERE DATE(`day`) > _date AND DATE(`day`) <= _current_date;
	
	SET _pre_date=NULL;
	SELECT `day` INTO _pre_date FROM customer_in_stock ORDER BY id DESC LIMIT 1;
	IF _pre_date IS NULL THEN
		SET _pre_date=_start_date;
	END IF;
	
	INSERT INTO customer_in_stock(DAY, customer_id, shell_12, shell_45, amount)
	SELECT _current_date, c.id, COALESCE(tbl_old_stock.shell_12,0) + COALESCE(SUM(tbl.quantity_12),0)
		, COALESCE(tbl_old_stock.shell_45,0) + COALESCE(SUM(tbl.quantity_45),0)
		, COALESCE(tbl_old_stock.amount,0) + COALESCE(SUM(tbl.debt),0)
	FROM customer AS c
	LEFT JOIN (
		SELECT i.customer_id, SUM(IF(shell_12.id IS NOT NULL, idet.quantity,0)) AS quantity_12
			, SUM(IF(shell_45.id IS NOT NULL, idet.quantity,0)) AS quantity_45
			, 0 as debt
		FROM gas_wholesale AS i, gas_wholesale_detail AS idet
		LEFT JOIN (SELECT s.id FROM shell AS s, shell_kind AS sk WHERE s.kind_id=sk.id AND sk.weight=12) AS shell_12 ON idet.shell_id=shell_12.id
		LEFT JOIN (SELECT s.id FROM shell AS s, shell_kind AS sk WHERE s.kind_id=sk.id AND sk.weight=45) AS shell_45 ON idet.shell_id=shell_45.id
		WHERE DATE(i.created_date) > _date AND DATE(i.created_date) <= _current_date
			and i.id=idet.gas_wholesale_id
		GROUP BY i.customer_id
		union all
		SELECT i.customer_id, -SUM(IF(shell_12.id IS NOT NULL, idet.quantity,0)) AS quantity_12
			, -SUM(IF(shell_45.id IS NOT NULL, idet.quantity,0)) AS quantity_45
			, 0 as debt
		FROM gas_wholesale AS i, gas_wholesale_return_shell AS idet
		LEFT JOIN (SELECT s.id FROM shell AS s, shell_kind AS sk WHERE s.kind_id=sk.id AND sk.weight=12) AS shell_12 ON idet.shell_id=shell_12.id
		LEFT JOIN (SELECT s.id FROM shell AS s, shell_kind AS sk WHERE s.kind_id=sk.id AND sk.weight=45) AS shell_45 ON idet.shell_id=shell_45.id
		WHERE DATE(i.created_date) > _date AND DATE(i.created_date) <= _current_date
			AND i.id=idet.gas_wholesale_id
		GROUP BY i.customer_id
		UNION ALL
		SELECT i.customer_id, SUM(IF(shell_12.id IS NOT NULL, idet.quantity,0)) AS quantity_12
			, SUM(IF(shell_45.id IS NOT NULL, idet.quantity,0)) AS quantity_45
			, 0 AS debt
		FROM shell_return AS i, shell_return_detail AS idet
		LEFT JOIN (SELECT s.id FROM shell AS s, shell_kind AS sk WHERE s.kind_id=sk.id AND sk.weight=12) AS shell_12 ON idet.shell_id=shell_12.id
		LEFT JOIN (SELECT s.id FROM shell AS s, shell_kind AS sk WHERE s.kind_id=sk.id AND sk.weight=45) AS shell_45 ON idet.shell_id=shell_45.id
		WHERE DATE(i.created_date) > _date AND DATE(i.created_date) <= _current_date
			AND i.id=idet.shell_return_id
		GROUP BY i.customer_id
		union all
		SELECT i.customer_id, 0 AS quantity_12, 0 AS quantity_45, sum(i.debt) as debt
		FROM gas_wholesale AS i
		WHERE DATE(i.created_date) > _date AND DATE(i.created_date) <= _current_date
		GROUP BY i.customer_id
		UNION ALL
		SELECT i.customer_id, 0 AS quantity_12, 0 AS quantity_45, SUM(i.debt) AS debt
		FROM gas_export_wholesale AS i
		WHERE DATE(i.created_date) > _date AND DATE(i.created_date) <= _current_date
		GROUP BY i.customer_id
		union all
		SELECT i.customer_id, 0 AS quantity_12, 0 AS quantity_45, sum(i.debt) as debt
		FROM good_sale AS i
		WHERE DATE(i.created_date) > _date AND DATE(i.created_date) <= _current_date
		GROUP BY i.customer_id
		UNION ALL
		SELECT i.customer_id, 0 AS quantity_12, 0 AS quantity_45, SUM(i.debt) AS debt
		FROM petro_sale AS i
		WHERE DATE(i.created_date) > _date AND DATE(i.created_date) <= _current_date
		GROUP BY i.customer_id
		UNION ALL
		SELECT i.customer_id, 0 AS quantity_12, 0 AS quantity_45, SUM(i.debt) AS debt
		FROM shell_sale AS i
		WHERE DATE(i.created_date) > _date AND DATE(i.created_date) <= _current_date
		GROUP BY i.customer_id
		UNION ALL
		SELECT i.customer_id, 0 AS quantity_12, 0 AS quantity_45, SUM(i.debt) AS debt
		FROM lpg_sale AS i
		WHERE DATE(i.sale_date) > _date AND DATE(i.sale_date) <= _current_date
		GROUP BY i.customer_id
		UNION ALL
		SELECT i.customer_id, 0 AS quantity_12, 0 AS quantity_45, -SUM(i.paid) AS debt
		FROM wholesale_debt AS i
		WHERE DATE(i.created_date) > _date AND DATE(i.created_date) <= _current_date
		GROUP BY i.customer_id
		UNION ALL
		SELECT i.customer_customer_id as customer_id, 0 AS quantity_12, 0 AS quantity_45, SUM(i.customer_amount) AS debt
		FROM transport_service AS i
		WHERE DATE(i.created_date) > _date AND DATE(i.created_date) <= _current_date and i.customer_id<>0
		GROUP BY i.customer_customer_id
		UNION ALL
		SELECT i.customer_id AS customer_id, 0 AS quantity_12, 0 AS quantity_45, SUM(i.amount) AS debt
		FROM debt_adjustment AS i
		WHERE DATE(i.created_date) > _date AND DATE(i.created_date) <= _current_date AND i.customer_id<>0
		GROUP BY i.customer_id
		UNION ALL
		SELECT i.customer_id, 0 AS quantity_12, 0 AS quantity_45, SUM(i.debt) AS debt
		FROM oil_sale AS i
		WHERE DATE(i.created_date) > _date AND DATE(i.created_date) <= _current_date
		GROUP BY i.customer_id
		UNION ALL
		SELECT i.customer_id, 0 AS quantity_12, 0 AS quantity_45, -SUM(i.debt) AS debt
		FROM oil_sale_return AS i
		WHERE DATE(i.created_date) > _date AND DATE(i.created_date) <= _current_date
		GROUP BY i.customer_id
	) AS tbl ON tbl.customer_id=c.id
	LEFT JOIN (
		SELECT customer_id, COALESCE(shell_12,0) AS shell_12, COALESCE(shell_45,0) AS shell_45, COALESCE(amount,0) AS amount
		FROM customer_in_stock WHERE DATE(`day`)=_pre_date
	) AS tbl_old_stock ON tbl_old_stock.customer_id=c.id
	WHERE c.STATUS=1
	GROUP BY c.id
	;
	
	SET _date=NULL;
	SELECT `day` INTO _date FROM vendor_in_stock ORDER BY id DESC LIMIT 1;
	IF _date IS NULL THEN
		SET _date=_start_date;
	END IF;
	
	DELETE FROM vendor_in_stock WHERE DATE(`day`) > _date AND DATE(`day`) <= _current_date;
	
	SET _pre_date=NULL;
	SELECT `day` INTO _pre_date FROM vendor_in_stock ORDER BY id DESC LIMIT 1;
	IF _pre_date IS NULL THEN
		SET _pre_date=_start_date;
	END IF;
	INSERT INTO vendor_in_stock(DAY, vendor_id, organization_id, amount, shell_12, shell_45, transport_amount)
	SELECT _current_date, vo.vendor_id, vo.organization_id, COALESCE(tbl_old_stock.amount,0) + COALESCE(SUM(tbl.debt),0)
		, COALESCE(tbl_old_stock.shell_12,0) + COALESCE(SUM(tbl.quantity_12),0)
		, COALESCE(tbl_old_stock.shell_45,0) + COALESCE(SUM(tbl.quantity_45),0)
		, COALESCE(tbl_old_stock.transport_amount,0) + COALESCE(SUM(tbl.transport_debt),0)
	FROM vendor as v, organization as o, vendor_organization AS vo
	LEFT JOIN (
		SELECT i.vendor_id, eo.organization_id, sum(i.debt) as debt, 0 as quantity_12, 0 as quantity_45, 0 as transport_debt
		FROM lpg_import AS i, employee as eo
		WHERE DATE(i.import_date) > _date AND DATE(i.import_date) <= _current_date
			and i.created_employee_id=eo.id
		GROUP BY i.vendor_id
		union all
		SELECT i.vendor_id, eo.organization_id, SUM(i.debt) AS debt, 0 AS quantity_12, 0 AS quantity_45, 0 AS transport_debt
		FROM gas_import AS i, employee AS eo
		WHERE DATE(i.created_date) > _date AND DATE(i.created_date) <= _current_date
			AND i.created_employee_id=eo.id
		GROUP BY i.vendor_id
		UNION ALL
		SELECT i.vendor_id, eo.organization_id, 0 AS debt
			, SUM(IF(shell_12.id IS NOT NULL, i.quantity,0)) AS quantity_12
			, SUM(IF(shell_45.id IS NOT NULL, i.quantity,0)) AS quantity_45
			, 0 AS transport_debt
		FROM employee AS eo, shell_import AS i
		LEFT JOIN (SELECT s.id FROM shell AS s, shell_kind AS sk WHERE s.kind_id=sk.id AND sk.weight=12) AS shell_12 ON i.shell_id=shell_12.id
		LEFT JOIN (SELECT s.id FROM shell AS s, shell_kind AS sk WHERE s.kind_id=sk.id AND sk.weight=45) AS shell_45 ON i.shell_id=shell_45.id
		WHERE DATE(i.created_date) > _date AND DATE(i.created_date) <= _current_date
			AND i.created_employee_id=eo.id
		GROUP BY i.vendor_id
		UNION ALL
		SELECT i.vendor_id, eo.organization_id, 0 AS debt
			, SUM(IF(shell_12.id IS NOT NULL, idet.quantity,0)) AS quantity_12
			, SUM(IF(shell_45.id IS NOT NULL, idet.quantity,0)) AS quantity_45
			, 0 AS transport_debt
		FROM employee AS eo, gas_import AS i, gas_import_detail as idet
		LEFT JOIN (SELECT s.id FROM shell AS s, shell_kind AS sk WHERE s.kind_id=sk.id AND sk.weight=12) AS shell_12 ON idet.shell_id=shell_12.id
		LEFT JOIN (SELECT s.id FROM shell AS s, shell_kind AS sk WHERE s.kind_id=sk.id AND sk.weight=45) AS shell_45 ON idet.shell_id=shell_45.id
		WHERE DATE(i.created_date) > _date AND DATE(i.created_date) <= _current_date
			AND i.created_employee_id=eo.id
		GROUP BY i.vendor_id
		UNION ALL
		SELECT i.vendor_id, eo.organization_id, SUM(i.debt) AS debt, 0 AS quantity_12, 0 AS quantity_45, 0 AS transport_debt
		FROM oil_import AS i, employee AS eo
		WHERE DATE(i.created_date) > _date AND DATE(i.created_date) <= _current_date
			AND i.created_employee_id=eo.id
		GROUP BY i.vendor_id
		union all
		SELECT i.vendor_id, eo.organization_id, - SUM(if(i.kind=1,i.paid,0)) AS debt, 0 AS quantity_12, 0 AS quantity_45
			, - SUM(IF(i.kind=2,i.paid,0)) AS transport_debt
		FROM vendor_debt AS i, employee AS eo
		WHERE DATE(i.created_date) > _date AND DATE(i.created_date) <= _current_date
			AND i.created_employee_id=eo.id
		GROUP BY i.vendor_id
		union all
		SELECT i.vendor_id, eo.organization_id, SUM(i.debt) AS debt, 0 AS quantity_12, 0 AS quantity_45, 0 AS transport_debt
		FROM promotion_material_import AS i, employee AS eo
		WHERE DATE(i.created_date) > _date AND DATE(i.created_date) <= _current_date
			AND i.created_employee_id=eo.id
		GROUP BY i.vendor_id
		UNION ALL
		SELECT i.vendor_id, eo.organization_id, 0 AS debt
			, -SUM(IF(shell_12.id IS NOT NULL, idet.quantity,0)) AS quantity_12
			, -SUM(IF(shell_45.id IS NOT NULL, idet.quantity,0)) AS quantity_45
			, 0 AS transport_debt
		FROM employee AS eo, shell_return_supplier AS i, shell_return_supplier_detail AS idet
		LEFT JOIN (SELECT s.id FROM shell AS s, shell_kind AS sk WHERE s.kind_id=sk.id AND sk.weight=12) AS shell_12 ON idet.shell_id=shell_12.id
		LEFT JOIN (SELECT s.id FROM shell AS s, shell_kind AS sk WHERE s.kind_id=sk.id AND sk.weight=45) AS shell_45 ON idet.shell_id=shell_45.id
		WHERE DATE(i.created_date) > _date AND DATE(i.created_date) <= _current_date
			AND i.created_employee_id=eo.id
		GROUP BY i.vendor_id
		UNION ALL
		SELECT i.vendor_vendor_id as vendor_id, eo.organization_id, 0 AS debt, 0 AS quantity_12, 0 AS quantity_45
			, SUM(i.vendor_amount) AS transport_debt
		FROM transport_service AS i, employee AS eo
		WHERE DATE(i.created_date) > _date AND DATE(i.created_date) <= _current_date
			AND i.created_employee_id=eo.id
		GROUP BY i.vendor_vendor_id
		union all
		SELECT i.vendor_id, eo.organization_id, SUM(i.debt) AS debt, 0 AS quantity_12, 0 AS quantity_45, 0 AS transport_debt
		FROM accessory_import AS i, employee AS eo
		WHERE DATE(i.created_date) > _date AND DATE(i.created_date) <= _current_date
			AND i.created_employee_id=eo.id
		GROUP BY i.vendor_id
		UNION ALL
		SELECT i.vendor_id, eo.organization_id, SUM(i.debt) AS debt, 0 AS quantity_12, 0 AS quantity_45, 0 AS transport_debt
		FROM debt_adjustment AS i, employee AS eo
		WHERE DATE(i.created_date) > _date AND DATE(i.created_date) <= _current_date
			AND i.created_employee_id=eo.id and i.vendor_id<>0 and i.kind=1
		GROUP BY i.vendor_id
		UNION ALL
		SELECT i.vendor_id, eo.organization_id, 0 AS debt, 0 AS quantity_12, 0 AS quantity_45, SUM(i.debt) AS transport_debt
		FROM debt_adjustment AS i, employee AS eo
		WHERE DATE(i.created_date) > _date AND DATE(i.created_date) <= _current_date
			AND i.created_employee_id=eo.id AND i.vendor_id<>0 AND i.kind=2
		GROUP BY i.vendor_id
		UNION ALL
		SELECT i.vendor_id, eo.organization_id, SUM(i.debt) AS debt, 0 AS quantity_12, 0 AS quantity_45, 0 AS transport_debt
		FROM good_import AS i, employee AS eo
		WHERE DATE(i.created_date) > _date AND DATE(i.created_date) <= _current_date
			AND i.created_employee_id=eo.id
		GROUP BY i.vendor_id
		UNION ALL
		SELECT i.vendor_id, eo.organization_id, SUM(i.debt) AS debt, 0 AS quantity_12, 0 AS quantity_45, 0 AS transport_debt
		FROM petro_import AS i, employee AS eo
		WHERE DATE(i.created_date) > _date AND DATE(i.created_date) <= _current_date
			AND i.created_employee_id=eo.id
		GROUP BY i.vendor_id
		UNION ALL
		SELECT idet.vendor_id, eo.organization_id, -SUM(idet.quantity*idet.price_before_commission) AS debt, 0 AS quantity_12, 0 AS quantity_45, 0 AS transport_debt
		FROM oil_sale_detail AS idet, oil_sale as i, employee AS eo
		WHERE DATE(i.created_date) > _date AND DATE(i.created_date) <= _current_date
			AND i.created_employee_id=eo.id and i.id=idet.oil_sale_id
		GROUP BY idet.vendor_id
	) AS tbl ON tbl.vendor_id=vo.vendor_id and tbl.organization_id=vo.organization_id
	LEFT JOIN (
		SELECT vendor_id, organization_id, COALESCE(amount,0) AS amount, COALESCE(shell_12,0) AS shell_12, COALESCE(shell_45,0) AS shell_45
			, COALESCE(transport_amount,0) AS transport_amount
		FROM vendor_in_stock WHERE DATE(`day`)=_pre_date
	) AS tbl_old_stock ON tbl_old_stock.vendor_id=vo.vendor_id and tbl_old_stock.organization_id=vo.organization_id
	WHERE vo.vendor_id=v.id and vo.organization_id=o.id and v.STATUS=1 and o.status=1
	GROUP BY vo.vendor_id, vo.organization_id
	;
    END */$$
DELIMITER ;

/* Procedure structure for procedure `insertInStockManyDay` */

/*!50003 DROP PROCEDURE IF EXISTS  `insertInStockManyDay` */;

DELIMITER $$

/*!50003 CREATE DEFINER=`root`@`localhost` PROCEDURE `insertInStockManyDay`()
BEGIN
	DECLARE _counter INT;
	DECLARE _max_day, _yesterday DATE;
	
	SET _counter=1;
	SET _max_day=NULL;
	
	SELECT DATE_ADD(SYSDATE(), INTERVAL -1 DAY) INTO _yesterday;
	
	SELECT MAX(auto_date) INTO _max_day FROM auto WHERE auto_name='in_stock';
	
	IF _max_day IS NULL THEN
		SELECT DATE_ADD(SYSDATE(), INTERVAL -2 DAY) INTO _max_day;
	END IF;
	SELECT DATEDIFF(_yesterday,_max_day) INTO _counter;
	WHILE _counter>0 DO
		SELECT DATE_ADD(_max_day, INTERVAL 1 DAY) INTO _max_day;
		SET _counter=_counter-1;
	END WHILE;
	
    END */$$
DELIMITER ;

/* Procedure structure for procedure `insertInvoice` */

/*!50003 DROP PROCEDURE IF EXISTS  `insertInvoice` */;

DELIMITER $$

/*!50003 CREATE DEFINER=`root`@`localhost` PROCEDURE `insertInvoice`(IN _code VARCHAR(20), in _number text, in _customer_id int, IN _created_date VARCHAR(20)
	, IN _amount DOUBLE, IN _amount_paid DOUBLE, IN _note TEXT, IN _created_employee_id INT, OUT _id INT)
BEGIN
	INSERT INTO invoice (CODE, number, created_date, customer_id, amount, amount_paid, note, created_employee_id)
	VALUES (_code, _number, STR_TO_DATE(_created_date,'%d/%m/%Y'), _customer_id, _amount, _amount_paid, _note, _created_employee_id);
	SELECT LAST_INSERT_ID() INTO _id;
    END */$$
DELIMITER ;

/* Procedure structure for procedure `insertInvoiceDetail` */

/*!50003 DROP PROCEDURE IF EXISTS  `insertInvoiceDetail` */;

DELIMITER $$

/*!50003 CREATE DEFINER=`root`@`localhost` PROCEDURE `insertInvoiceDetail`(in _invoice_id int, in _oil_sale_detail_id int, in _paid int, in _commissioned int, in _paid_amount double)
BEGIN
	insert into invoice_detail(invoice_id, oil_sale_detail_id, paid, commissioned, paid_amount) values(_invoice_id, _oil_sale_detail_id, _paid, _commissioned, _paid_amount);
    END */$$
DELIMITER ;

/* Procedure structure for procedure `insertInvoicePaidDetail` */

/*!50003 DROP PROCEDURE IF EXISTS  `insertInvoicePaidDetail` */;

DELIMITER $$

/*!50003 CREATE DEFINER=`root`@`localhost` PROCEDURE `insertInvoicePaidDetail`(in _invoice_id int, in _paid_date varchar(20), in _amount double)
BEGIN
	insert into invoice_paid_detail(invoice_id, paid_date, amount) values(_invoice_id, STR_TO_DATE(_paid_date,'%d/%m/%Y'), _amount);
    END */$$
DELIMITER ;

/* Procedure structure for procedure `insertInvoiceSolar` */

/*!50003 DROP PROCEDURE IF EXISTS  `insertInvoiceSolar` */;

DELIMITER $$

/*!50003 CREATE DEFINER=`root`@`localhost` PROCEDURE `insertInvoiceSolar`(IN _code VARCHAR(20), IN _number TEXT, IN _customer_id INT, IN _created_date VARCHAR(20)
	, IN _amount DOUBLE, IN _amount_paid DOUBLE, IN _note TEXT, IN _created_employee_id INT, OUT _id INT)
BEGIN
	INSERT INTO invoice_solar (CODE, number, created_date, customer_id, amount, amount_paid, note, created_employee_id)
	VALUES (_code, _number, STR_TO_DATE(_created_date,'%d/%m/%Y'), _customer_id, _amount, _amount_paid, _note, _created_employee_id);
	SELECT LAST_INSERT_ID() INTO _id;
    END */$$
DELIMITER ;

/* Procedure structure for procedure `insertInvoiceSolarDetail` */

/*!50003 DROP PROCEDURE IF EXISTS  `insertInvoiceSolarDetail` */;

DELIMITER $$

/*!50003 CREATE DEFINER=`root`@`localhost` PROCEDURE `insertInvoiceSolarDetail`(IN _invoice_solar_id INT, IN _solar_sale_detail_id INT, IN _paid INT, IN _commissioned INT, IN _paid_amount DOUBLE)
BEGIN
	INSERT INTO invoice_solar_detail(invoice_solar_id, solar_sale_detail_id, paid, commissioned, paid_amount) VALUES(_invoice_solar_id, _solar_sale_detail_id, _paid, _commissioned, _paid_amount);
    END */$$
DELIMITER ;

/* Procedure structure for procedure `insertInvoiceSolarPaidDetail` */

/*!50003 DROP PROCEDURE IF EXISTS  `insertInvoiceSolarPaidDetail` */;

DELIMITER $$

/*!50003 CREATE DEFINER=`root`@`localhost` PROCEDURE `insertInvoiceSolarPaidDetail`(in _invoice_solar_id int, in _paid_date varchar(20), in _amount double)
BEGIN
	insert into invoice_solar_paid_detail(invoice_solar_id, paid_date, amount) values(_invoice_solar_id, STR_TO_DATE(_paid_date,'%d/%m/%Y'), _amount);
    END */$$
DELIMITER ;

/* Procedure structure for procedure `insertLoVo` */

/*!50003 DROP PROCEDURE IF EXISTS  `insertLoVo` */;

DELIMITER $$

/*!50003 CREATE DEFINER=`root`@`localhost` PROCEDURE `insertLoVo`(IN _code VARCHAR(20), IN _created_date VARCHAR(20), IN _quantity INT, IN _note TEXT, IN _created_employee_id INT, OUT _id INT)
BEGIN
	INSERT INTO lo_vo (CODE, created_date, quantity, note, created_employee_id)
	VALUES (_code, STR_TO_DATE(_created_date,'%d/%m/%Y'), _quantity, _note, _created_employee_id);
	SELECT LAST_INSERT_ID() INTO _id;
    END */$$
DELIMITER ;

/* Procedure structure for procedure `insertLoVoEmployeeDetail` */

/*!50003 DROP PROCEDURE IF EXISTS  `insertLoVoEmployeeDetail` */;

DELIMITER $$

/*!50003 CREATE DEFINER=`root`@`localhost` PROCEDURE `insertLoVoEmployeeDetail`(IN _lo_vo_id INT, IN _employee_id INT, IN _note TEXT)
BEGIN
	INSERT INTO lo_vo_employee_detail(lo_vo_id, employee_id, note) 
	VALUES (_lo_vo_id, _employee_id, _note);
    END */$$
DELIMITER ;

/* Procedure structure for procedure `insertLpgImport` */

/*!50003 DROP PROCEDURE IF EXISTS  `insertLpgImport` */;

DELIMITER $$

/*!50003 CREATE DEFINER=`root`@`localhost` PROCEDURE `insertLpgImport`(IN _code VARCHAR(20), IN _vendor_id INT, in _kind int, IN _import_date VARCHAR(20)
	, IN _paper_quantity float, IN _actual_quantity float, IN _price double, in _vat double, in _invoice_amount double, IN _amount double
	, IN _paid double, IN _debt double, IN _rate double, in _account_id int, in _route_id int, IN _note TEXT, in _link_lpg_codes text
	, in _created_employee_id int, OUT _id INT)
BEGIN
	declare _link_lpg_ids text default '';
	SELECT GROUP_CONCAT(id) into _link_lpg_ids FROM lpg_sale WHERE CONCAT('%,',_link_lpg_codes,',%') LIKE CONCAT('%,',CODE,',%');
	
	INSERT INTO lpg_import (CODE, vendor_id, kind, import_date, paper_quantity, actual_quantity, price, vat, invoice_amount, amount, paid, debt, rate, account_id, route_id, note, link_lpg_codes, link_lpg_ids, created_employee_id)
	VALUES (_code, _vendor_id, _kind, STR_TO_DATE(_import_date,'%d/%m/%Y'), _paper_quantity, _actual_quantity, _price, _vat, _invoice_amount, _amount, _paid, _debt, _rate, _account_id, _route_id, _note, _link_lpg_codes, _link_lpg_ids, _created_employee_id);
	SELECT LAST_INSERT_ID() INTO _id;
    END */$$
DELIMITER ;

/* Procedure structure for procedure `insertLpgSale` */

/*!50003 DROP PROCEDURE IF EXISTS  `insertLpgSale` */;

DELIMITER $$

/*!50003 CREATE DEFINER=`root`@`localhost` PROCEDURE `insertLpgSale`(IN _code VARCHAR(20), IN _kind INT, IN _customer_id INT, IN _sale_date VARCHAR(20)
	, IN _quantity FLOAT, IN _price DOUBLE, IN _price_transport DOUBLE, IN _vat DOUBLE, IN _rate DOUBLE, IN _amount DOUBLE, IN _paid DOUBLE, IN _debt DOUBLE
	, IN _account_id INT, IN _route_id INT, IN _note TEXT, IN _created_employee_id INT, OUT _id INT)
BEGIN
	INSERT INTO lpg_sale (CODE, kind, customer_id, sale_date, quantity, price, price_transport, vat, rate, amount, paid, debt, account_id, route_id, note, created_employee_id)
	VALUES (_code, _kind, _customer_id, STR_TO_DATE(_sale_date,'%d/%m/%Y'), _quantity, _price, _price_transport, _vat, _rate, _amount, _paid, _debt, _account_id, _route_id, _note, _created_employee_id);
	SELECT LAST_INSERT_ID() INTO _id;
    END */$$
DELIMITER ;

/* Procedure structure for procedure `insertOilExport` */

/*!50003 DROP PROCEDURE IF EXISTS  `insertOilExport` */;

DELIMITER $$

/*!50003 CREATE DEFINER=`root`@`localhost` PROCEDURE `insertOilExport`(IN _code VARCHAR(20), IN _created_date VARCHAR(20), IN _oil_sale_id INT, IN _customer_id INT
	, IN _total DOUBLE, IN _note TEXT, IN _created_employee_id INT, OUT _id INT)
BEGIN
	INSERT INTO oil_export (CODE, created_date, oil_sale_id, customer_id, total, note, created_employee_id)
	VALUES (_code, STR_TO_DATE(_created_date,'%d/%m/%Y'), _oil_sale_id, _customer_id, _total, _note, _created_employee_id);
	SELECT LAST_INSERT_ID() INTO _id;
    END */$$
DELIMITER ;

/* Procedure structure for procedure `insertOilExportDetail` */

/*!50003 DROP PROCEDURE IF EXISTS  `insertOilExportDetail` */;

DELIMITER $$

/*!50003 CREATE DEFINER=`root`@`localhost` PROCEDURE `insertOilExportDetail`(IN _oil_export_id INT, IN _oil_id INT, IN _oil_sale_detail_id INT, IN _quantity INT)
BEGIN
	INSERT INTO oil_export_detail(oil_export_id, oil_id, oil_sale_detail_id, quantity) 
	VALUES (_oil_export_id, _oil_id, _oil_sale_detail_id, _quantity);
    END */$$
DELIMITER ;

/* Procedure structure for procedure `insertOilImport` */

/*!50003 DROP PROCEDURE IF EXISTS  `insertOilImport` */;

DELIMITER $$

/*!50003 CREATE DEFINER=`root`@`localhost` PROCEDURE `insertOilImport`(IN _code VARCHAR(20), IN _created_date VARCHAR(20), IN _store_id INT, IN _vendor_id INT
	, in _commission float, IN _rate DOUBLE, in _total_before_commission double, IN _total DOUBLE, IN _paid DOUBLE, IN _debt DOUBLE, IN _account_id INT
	, IN _note TEXT, IN _created_employee_id INT, OUT _id INT)
BEGIN
	INSERT INTO oil_import (CODE, created_date, store_id, vendor_id, commission, rate, total_before_commission, total, paid, debt, account_id, note, created_employee_id)
	VALUES (_code, STR_TO_DATE(_created_date,'%d/%m/%Y'), _store_id, _vendor_id, _commission, _rate, _total_before_commission, _total, _paid, _debt, _account_id, _note, _created_employee_id);
	SELECT LAST_INSERT_ID() INTO _id;
    END */$$
DELIMITER ;

/* Procedure structure for procedure `insertOilImportDetail` */

/*!50003 DROP PROCEDURE IF EXISTS  `insertOilImportDetail` */;

DELIMITER $$

/*!50003 CREATE DEFINER=`root`@`localhost` PROCEDURE `insertOilImportDetail`(IN _oil_import_id INT, IN _oil_id INT, in _unit_id int, IN _quantity INT, IN _price DOUBLE
	, IN _amount DOUBLE)
BEGIN
	DECLARE _base_unit_id, _rate_quantity INT DEFAULT 0;
	
	select base_unit_id into _base_unit_id from oil where id=_oil_id;
	
	if _base_unit_id<>_unit_id then
		select rate into _rate_quantity from unit_rate where parent_unit_id=_unit_id and base_unit_id=_base_unit_id;
		if _rate_quantity=0 then
			set _rate_quantity = _quantity;
		else
			set _rate_quantity = _rate_quantity * _quantity;
		end if;
	else
		set _rate_quantity=_quantity;
	end if;
	
	INSERT INTO oil_import_detail(oil_import_id, oil_id, unit_id, quantity, base_quantity, price, amount) 
	VALUES (_oil_import_id, _oil_id, _unit_id, _quantity, _rate_quantity, _price, _amount);
    END */$$
DELIMITER ;

/* Procedure structure for procedure `insertOldShell` */

/*!50003 DROP PROCEDURE IF EXISTS  `insertOldShell` */;

DELIMITER $$

/*!50003 CREATE DEFINER=`root`@`localhost` PROCEDURE `insertOldShell`(IN _code VARCHAR(20), IN _created_date VARCHAR(20), IN _shell_id INT, IN _quantity INT, IN _note TEXT, IN _created_employee_id INT, OUT _id INT)
BEGIN
	INSERT INTO old_shell (CODE, created_date, quantity, shell_id, note, created_employee_id)
	VALUES (_code, STR_TO_DATE(_created_date,'%d/%m/%Y'), _quantity, _shell_id, _note, _created_employee_id);
	SELECT LAST_INSERT_ID() INTO _id;
    END */$$
DELIMITER ;

/* Procedure structure for procedure `insertOrganizationShellDetail` */

/*!50003 DROP PROCEDURE IF EXISTS  `insertOrganizationShellDetail` */;

DELIMITER $$

/*!50003 CREATE DEFINER=`root`@`localhost` PROCEDURE `insertOrganizationShellDetail`(IN _organization_id INT, IN _shell_id INT)
BEGIN
	INSERT INTO organization_shell(organization_id, shell_id) 
	VALUES (_organization_id, _shell_id);
    END */$$
DELIMITER ;

/* Procedure structure for procedure `insertPetroImport` */

/*!50003 DROP PROCEDURE IF EXISTS  `insertPetroImport` */;

DELIMITER $$

/*!50003 CREATE DEFINER=`root`@`localhost` PROCEDURE `insertPetroImport`(IN _code VARCHAR(20), IN _created_date VARCHAR(20), IN _vendor_id INT, IN _store_id INT
	, IN _rate DOUBLE, IN _total DOUBLE, IN _paid DOUBLE, IN _debt DOUBLE, IN _account_id INT, IN _note TEXT, IN _created_employee_id INT, OUT _id INT)
BEGIN
	INSERT INTO petro_import (CODE, created_date, vendor_id, store_id, rate, total, paid, debt, account_id, note, created_employee_id)
	VALUES (_code, STR_TO_DATE(_created_date,'%d/%m/%Y'), _vendor_id, _store_id, _rate, _total, _paid, _debt, _account_id, _note, _created_employee_id);
	SELECT LAST_INSERT_ID() INTO _id;
    END */$$
DELIMITER ;

/* Procedure structure for procedure `insertPetroImportDetail` */

/*!50003 DROP PROCEDURE IF EXISTS  `insertPetroImportDetail` */;

DELIMITER $$

/*!50003 CREATE DEFINER=`root`@`localhost` PROCEDURE `insertPetroImportDetail`(IN _petro_import_id INT, IN _petro_id INT, IN _quantity INT, IN _price DOUBLE, IN _amount DOUBLE)
BEGIN
	INSERT INTO petro_import_detail(petro_import_id, petro_id, quantity, price, amount) VALUES (_petro_import_id, _petro_id, _quantity, _price, _amount);
    END */$$
DELIMITER ;

/* Procedure structure for procedure `insertPromotionMaterialImport` */

/*!50003 DROP PROCEDURE IF EXISTS  `insertPromotionMaterialImport` */;

DELIMITER $$

/*!50003 CREATE DEFINER=`root`@`localhost` PROCEDURE `insertPromotionMaterialImport`(IN _code VARCHAR(20), IN _created_date VARCHAR(20), IN _vendor_id INT
	, IN _total DOUBLE, IN _paid DOUBLE, IN _debt DOUBLE, IN _account_id INT, IN _note TEXT, IN _created_employee_id INT, OUT _id INT)
BEGIN
	INSERT INTO promotion_material_import (CODE, created_date, vendor_id, total, paid, debt, account_id, note, created_employee_id)
	VALUES (_code, STR_TO_DATE(_created_date,'%d/%m/%Y'), _vendor_id, _total, _paid, _debt, _account_id, _note, _created_employee_id);
	SELECT LAST_INSERT_ID() INTO _id;
    END */$$
DELIMITER ;

/* Procedure structure for procedure `insertPromotionMaterialImportDetail` */

/*!50003 DROP PROCEDURE IF EXISTS  `insertPromotionMaterialImportDetail` */;

DELIMITER $$

/*!50003 CREATE DEFINER=`root`@`localhost` PROCEDURE `insertPromotionMaterialImportDetail`(IN _promotion_material_import_id INT, IN _promotion_material_id INT
	, IN _quantity INT, IN _price DOUBLE, IN _amount DOUBLE)
BEGIN
	INSERT INTO promotion_material_import_detail(import_id, promotion_material_id, quantity, price, amount) 
	VALUES (_promotion_material_import_id, _promotion_material_id, _quantity, _price, _amount);
    END */$$
DELIMITER ;

/* Procedure structure for procedure `insertSalary` */

/*!50003 DROP PROCEDURE IF EXISTS  `insertSalary` */;

DELIMITER $$

/*!50003 CREATE DEFINER=`root`@`localhost` PROCEDURE `insertSalary`(IN _code VARCHAR(20), IN _employee_id INT, IN _created_date VARCHAR(20)
	, IN _month_day INT, IN _basic_salary DOUBLE, IN _start_date VARCHAR(20), IN _end_date VARCHAR(20), IN _organization_ids TEXT, IN _session_id VARCHAR(255)
	, OUT _id INT)
BEGIN
	declare _real_salary, _total, _timesheet_total, _field_total, _commission_total, _bonus_total, _advance_total, _bhxh_total, _panelty_total
		, _seniority_total, _commission_12, _commission_45, _commission_lovo, _bhxh_salary, _trip_allowance, _borrow, _borrow_rest
		, _oil_salary, _trip_oil, _trip_fee, _param_100km, _param_1000kg double default 0;
	declare _off_day, _working_day, _total_day_off, _this_month_off_day, _salary_month, _salary_year int default 0;
	declare _date, _employee_start_date, _current_date date;
	
	select coalesce(commission,0) into _commission_12 from shell_kind where weight=12;
	
	SELECT COALESCE(commission,0) INTO _commission_45 FROM shell_kind WHERE weight=45;
	
	SELECT CAST(`value` AS SIGNED INTEGER) INTO _commission_lovo FROM parameter WHERE `code`='lovo';
	SELECT `value` INTO _param_100km FROM parameter WHERE CODE='100km';
	SELECT `value` INTO _param_1000kg FROM parameter WHERE CODE='1000kggas';
	
	select sysdate() into _current_date;
	
	select STR_TO_DATE(_created_date,'%d/%m/%Y') into _date;
	
	select month(_date), year(_date) into _salary_month, _salary_year;
	
	select `value` into _total_day_off from parameter where code='dayoffperyear';
	
	SELECT COALESCE(SUM(quantity),0) INTO _off_day
	FROM employee_off_increase
	WHERE YEAR(created_date)=_salary_year AND employee_id=_employee_id;
	
	SET _total_day_off = _total_day_off + _off_day;
	
	SET _off_day = 0;
	
	select COALESCE(SUM(actual_off_day),0) into _off_day
	from employee_off
	where year(created_date)=_salary_year and employee_id=_employee_id;
	
	SELECT COALESCE(SUM(actual_off_day),0) INTO _this_month_off_day
	FROM employee_off
	WHERE month(created_date)=_salary_month and YEAR(created_date)=_salary_year AND employee_id=_employee_id;
	
	SET _total_day_off = _total_day_off - _off_day;
	
	if _total_day_off < 0 then
		if _this_month_off_day > _total_day_off * -1 then -- thang truoc con 1 it, thang nay nghi nhieu hon so do
			set _working_day = _working_day - (_this_month_off_day + _total_day_off);
		elseIF _this_month_off_day = _total_day_off * -1 THEN -- thang truoc vua het
			SET _working_day = _working_day - _this_month_off_day;
		else -- thang truoc nghi hon so ngay nghi qui dinh
			SET _working_day = _working_day - _this_month_off_day;
		end if;
	else
		SET _working_day = _month_day;
	end if;
	
	call getOtherFieldForEmployeeVehicleSalaryReport(_employee_id, _salary_month, _salary_year, _trip_allowance, _borrow, _borrow_rest);
	
	SELECT coalesce(sum((r.distance * _param_100km / 100 + i.in_quantity * _param_1000kg / 1000) * i.price),0) into _oil_salary
	FROM employee_route_fee AS i, route AS r
	WHERE i.route_id=r.id AND i.employee_id=_employee_id
		AND DATE(i.created_date) >= STR_TO_DATE(_start_date,'%d/%m/%Y') AND DATE(i.created_date) <= STR_TO_DATE(_end_date,'%d/%m/%Y');
	
	SELECT coalesce(sum(t.amount),0) into _trip_fee
	FROM trip_fee AS t
	WHERE t.employee_id=_employee_id 
		AND DATE(t.created_date) >= STR_TO_DATE(_start_date,'%d/%m/%Y') AND DATE(t.created_date) <= STR_TO_DATE(_end_date,'%d/%m/%Y');
	
	SELECT coalesce(sum(t.amount),0) INTO _trip_oil
	FROM trip_oil AS t
	WHERE t.employee_id=_employee_id
		AND DATE(t.created_date) >= STR_TO_DATE(_start_date,'%d/%m/%Y') AND DATE(t.created_date) <= STR_TO_DATE(_end_date,'%d/%m/%Y');
	
	insert into employee_salary (code, employee_id, created_date, basic_salary, real_salary, total, month_day, working_day, salary_month, salary_year,
		trip_allowance, oil_salary, trip_oil, trip_fee, borrow, borrow_rest)
	values (_code, _employee_id, _date, _basic_salary, basic_salary * _working_day / _month_day, 0, _month_day, _working_day, _salary_month, _salary_year
		, _trip_allowance,_oil_salary, _trip_oil, _trip_fee, _borrow, _borrow_rest);
	
	SELECT LAST_INSERT_ID() INTO _id;
	
	insert into employee_salary_timesheet_detail (employee_salary_id, field_id, field_name, quantity, price, amount)
	select _id, t.field_id, t.field_name, sum(t.quantity), f.amount, SUM(t.quantity) * f.amount
	from timesheet t, salary_timesheet_field as f
	where t.employee_id=_employee_id and month(t.timesheet_date)=_salary_month and year(t.timesheet_date)=_salary_year and t.field_id=f.field_id
	group by t.employee_id, t.field_id;
	
	insert into employee_salary_field_detail (employee_salary_id, field_id, field_name, amount, note)
	select _id, f.id, f.name, s.amount, ''
	from employee_salary_field as s, dynamic_field as f
	where s.employee_id=_employee_id and s.field_id=f.id;
	
	select coalesce(sum(amount),0) into _timesheet_total from employee_salary_timesheet_detail where employee_salary_id=_id;
	SELECT COALESCE(SUM(amount),0) INTO _field_total FROM employee_salary_field_detail WHERE employee_salary_id=_id;
	
	DELETE FROM temp_gas_commission WHERE session_id=_session_id;
	
	call report_gas_employee_commission(_start_date,_end_date,_organization_ids,_session_id,0);
	
	SELECT COALESCE(SUM((t.quantity_12*_commission_12 + t.quantity_45*_commission_45 + t.quantity_lovo*_commission_lovo + t.quantity_accessory*t.commission_accessory)/t.employee_count),0) into _commission_total
	FROM temp_gas_commission AS t where t.session_id=_session_id AND CONCAT("0,",t.employee_ids,",0") LIKE CONCAT('%,',_employee_id,',%')
	;
	
	DELETE FROM temp_gas_commission WHERE session_id=_session_id;
	
	SELECT IF(start_date IS NULL,SYSDATE(),start_date), coalesce(salary_bhxh,0) INTO _employee_start_date, _bhxh_salary FROM employee WHERE id=_employee_id;
	
	SELECT ((12 - MONTH(_employee_start_date) + (YEAR(_current_date) - YEAR(_employee_start_date) - 1) * 12 + MONTH(_current_date)) / 12) div 2 INTO _seniority_total;
	set _seniority_total = _basic_salary * 0.02 * _seniority_total;
	select COALESCE(sum(amount),0) into _bonus_total
	from employee_other_bonus
	where MONTH(created_date)=_salary_month AND YEAR(created_date)=_salary_year AND employee_id=_employee_id;
	
	SELECT COALESCE(SUM(amount),0) INTO _advance_total
	FROM employee_advance
	WHERE MONTH(advance_date)=_salary_month AND YEAR(advance_date)=_salary_year AND employee_id=_employee_id;
	
	SELECT COALESCE(SUM(amount),0) INTO _panelty_total
	FROM employee_panelty
	WHERE MONTH(created_date)=_salary_month AND YEAR(created_date)=_salary_year AND employee_id=_employee_id;
	
	SELECT `value` * _bhxh_salary / 100 INTO _bhxh_total
	FROM parameter
	WHERE code='insurancepersonal';
	
	update employee_salary set total=basic_salary * _working_day / _month_day +_timesheet_total+_field_total + _commission_total + _bonus_total 
			+ _seniority_total + oil_salary + trip_allowance
		, commission=_commission_total
		, bonus=_bonus_total
		, advance=_advance_total
		, bhxh=_bhxh_total
		, panelty=_panelty_total
		, seniority=_seniority_total
		, field_amount=_field_total
		, timesheet_amount=_timesheet_total
		, actual_received = basic_salary * _working_day / _month_day + _timesheet_total + _field_total + _commission_total + _bonus_total 
			+ _seniority_total + oil_salary + trip_allowance + trip_fee - trip_oil - borrow - _advance_total - _bhxh_total - _panelty_total
	where id=_id;
    END */$$
DELIMITER ;

/* Procedure structure for procedure `insertSaleAccessory` */

/*!50003 DROP PROCEDURE IF EXISTS  `insertSaleAccessory` */;

DELIMITER $$

/*!50003 CREATE DEFINER=`root`@`localhost` PROCEDURE `insertSaleAccessory`(IN _code VARCHAR(20), IN _created_date VARCHAR(20), IN _total DOUBLE, IN _paid DOUBLE, IN _debt DOUBLE
	, IN _discount DOUBLE, IN _total_pay DOUBLE, IN _account_id INT, IN _note TEXT, IN _created_employee_id INT, OUT _id INT)
BEGIN
	INSERT INTO accessory_sale (CODE, created_date, total, paid, debt, discount, total_pay, account_id, note, created_employee_id)
	VALUES (_code, STR_TO_DATE(_created_date,'%d/%m/%Y'), _total, _paid, _debt, _discount, _total_pay, _account_id, _note, _created_employee_id);
	SELECT LAST_INSERT_ID() INTO _id;
    END */$$
DELIMITER ;

/* Procedure structure for procedure `insertSaleAccessoryChangeDetail` */

/*!50003 DROP PROCEDURE IF EXISTS  `insertSaleAccessoryChangeDetail` */;

DELIMITER $$

/*!50003 CREATE DEFINER=`root`@`localhost` PROCEDURE `insertSaleAccessoryChangeDetail`(IN _accessory_sale_id INT, IN _accessory_id INT, IN _quantity INT, IN _price DOUBLE, IN _amount DOUBLE)
BEGIN
	INSERT INTO accessory_sale_change_detail(accessory_sale_id, accessory_id, quantity, price, amount) 
	VALUES (_accessory_sale_id, _accessory_id, _quantity, _price, _amount);
    END */$$
DELIMITER ;

/* Procedure structure for procedure `insertSaleAccessoryDetail` */

/*!50003 DROP PROCEDURE IF EXISTS  `insertSaleAccessoryDetail` */;

DELIMITER $$

/*!50003 CREATE DEFINER=`root`@`localhost` PROCEDURE `insertSaleAccessoryDetail`(IN _accessory_sale_id INT, IN _accessory_id INT, IN _quantity INT, IN _price DOUBLE, IN _amount DOUBLE)
BEGIN
	INSERT INTO accessory_sale_detail(accessory_sale_id, accessory_id, quantity, price, amount) 
	VALUES (_accessory_sale_id, _accessory_id, _quantity, _price, _amount);
    END */$$
DELIMITER ;

/* Procedure structure for procedure `insertSaleGood` */

/*!50003 DROP PROCEDURE IF EXISTS  `insertSaleGood` */;

DELIMITER $$

/*!50003 CREATE DEFINER=`root`@`localhost` PROCEDURE `insertSaleGood`(IN _code VARCHAR(20), IN _created_date VARCHAR(20), IN _customer_id INT, IN _store_id INT, IN _total DOUBLE
	, IN _paid DOUBLE, IN _debt DOUBLE, IN _discount DOUBLE, IN _total_pay DOUBLE, IN _account_id INT, IN _note TEXT, IN _created_employee_id INT, OUT _id INT)
BEGIN
	INSERT INTO good_sale (CODE, created_date, customer_id, store_id, total, paid, debt, discount, total_pay, account_id, note, created_employee_id)
	VALUES (_code, STR_TO_DATE(_created_date,'%d/%m/%Y'), _customer_id, _store_id, _total, _paid, _debt, _discount, _total_pay, _account_id, _note, _created_employee_id);
	SELECT LAST_INSERT_ID() INTO _id;
    END */$$
DELIMITER ;

/* Procedure structure for procedure `insertSaleGoodDetail` */

/*!50003 DROP PROCEDURE IF EXISTS  `insertSaleGoodDetail` */;

DELIMITER $$

/*!50003 CREATE DEFINER=`root`@`localhost` PROCEDURE `insertSaleGoodDetail`(IN _good_sale_id INT, IN _good_id INT, IN _quantity INT, IN _price DOUBLE, IN _amount DOUBLE)
BEGIN
	INSERT INTO good_sale_detail(good_sale_id, good_id, quantity, price, amount) 
	VALUES (_good_sale_id, _good_id, _quantity, _price, _amount);
    END */$$
DELIMITER ;

/* Procedure structure for procedure `insertSaleInner` */

/*!50003 DROP PROCEDURE IF EXISTS  `insertSaleInner` */;

DELIMITER $$

/*!50003 CREATE DEFINER=`root`@`localhost` PROCEDURE `insertSaleInner`(IN _code VARCHAR(20), IN _created_date VARCHAR(20), IN _employee_id INT, IN _total DOUBLE
	, IN _paid DOUBLE, IN _debt DOUBLE, IN _discount DOUBLE, IN _total_pay DOUBLE, IN _account_id INT, IN _note TEXT, IN _created_employee_id INT, OUT _id INT)
BEGIN
	INSERT INTO inner_sale (CODE, created_date, employee_id, total, paid, debt, discount, total_pay, account_id, note, created_employee_id)
	VALUES (_code, STR_TO_DATE(_created_date,'%d/%m/%Y'), _employee_id, _total, _paid, _debt, _discount, _total_pay, _account_id, _note, _created_employee_id);
	SELECT LAST_INSERT_ID() INTO _id;
	
	IF _employee_id<>0 THEN
		call insertEmployeeAdvance(CONCAT(_code,'_auto'), _employee_id, _created_date, _debt, _account_id, '', _created_employee_id, _id, @auto_id);
	END IF;
    END */$$
DELIMITER ;

/* Procedure structure for procedure `insertSaleInnerDetail` */

/*!50003 DROP PROCEDURE IF EXISTS  `insertSaleInnerDetail` */;

DELIMITER $$

/*!50003 CREATE DEFINER=`root`@`localhost` PROCEDURE `insertSaleInnerDetail`(IN _inner_sale_id INT, IN _shell_id INT, IN _quantity INT, IN _price DOUBLE
	, IN _amount DOUBLE)
BEGIN
	INSERT INTO inner_sale_detail(inner_sale_id, shell_id, quantity, price, amount) VALUES (_inner_sale_id, _shell_id, _quantity, _price, _amount);
    END */$$
DELIMITER ;

/* Procedure structure for procedure `insertSaleOil` */

/*!50003 DROP PROCEDURE IF EXISTS  `insertSaleOil` */;

DELIMITER $$

/*!50003 CREATE DEFINER=`root`@`localhost` PROCEDURE `insertSaleOil`(IN _code VARCHAR(20), IN _created_date VARCHAR(20), IN _customer_id INT, IN _total DOUBLE, IN _paid DOUBLE
	, IN _debt DOUBLE, IN _discount DOUBLE, IN _total_pay DOUBLE, IN _account_id INT, in _commission float, in _commission_kind int
	, in _commission_amount double, in _gap_agency_amount DOUBLE, in _gap_customer_amount DOUBLE, in _total_before_commission DOUBLE
	, IN _note TEXT, IN _created_employee_id INT, in _is_calculate_agency_commission int, OUT _id INT)
BEGIN
	INSERT INTO oil_sale (CODE, created_date, customer_id, total, paid, debt, discount, total_pay, account_id, note, created_employee_id, commission
		, commission_kind, commission_amount, gap_agency_amount, gap_customer_amount, total_before_commission, is_calculate_agency_commission)
	VALUES (_code, STR_TO_DATE(_created_date,'%d/%m/%Y'), _customer_id, _total, _paid, _debt, _discount, _total_pay, _account_id, _note, _created_employee_id
		, _commission, _commission_kind, _commission_amount, _gap_agency_amount, _gap_customer_amount, _total_before_commission, _is_calculate_agency_commission);
	SELECT LAST_INSERT_ID() INTO _id;
    END */$$
DELIMITER ;

/* Procedure structure for procedure `insertSaleOilDetail` */

/*!50003 DROP PROCEDURE IF EXISTS  `insertSaleOilDetail` */;

DELIMITER $$

/*!50003 CREATE DEFINER=`root`@`localhost` PROCEDURE `insertSaleOilDetail`(IN _oil_sale_id INT, IN _oil_id INT, IN _unit_id INT, IN _store_id INT, IN _quantity INT
	, IN _price DOUBLE, IN _amount DOUBLE, in _price_before_commission double, in _commssion_price float, in _first_amount double, in _commission float
	, in _gap_agency_amount double, in _gap_customer_amount double, IN _created_date VARCHAR(20))
BEGIN
	DECLARE _organization_id, _base_unit_id, _rate_quantity, _vendor_id INT DEFAULT 0;
	
	SELECT vendor_id INTO _vendor_id FROM oil WHERE id=_oil_id;
	
	SELECT eo.organization_id INTO _organization_id FROM oil_sale AS f, employee AS eo WHERE f.id=_oil_sale_id AND f.created_employee_id=eo.id;
	SELECT base_unit_id INTO _base_unit_id FROM oil WHERE id=_oil_id;
	
	IF _base_unit_id<>_unit_id THEN
		SELECT rate INTO _rate_quantity FROM unit_rate WHERE parent_unit_id=_unit_id AND base_unit_id=_base_unit_id;
		IF _rate_quantity=0 THEN
			SET _rate_quantity = _quantity;
		ELSE
			SET _rate_quantity = _rate_quantity * _quantity;
		END IF;
	ELSE
		SET _rate_quantity=_quantity;
	END IF;
	
	INSERT INTO oil_sale_detail(oil_sale_id, oil_id, unit_id, store_id, quantity, base_quantity, price, amount, price_before_commission, commission_price, first_amount, commission, gap_agency_amount, gap_customer_amount, vendor_id) 
	VALUES (_oil_sale_id, _oil_id, _unit_id, _store_id, _quantity, _rate_quantity, _price, _amount, _price_before_commission, _commssion_price, _first_amount, _commission, _gap_agency_amount, _gap_customer_amount, _vendor_id);
    END */$$
DELIMITER ;

/* Procedure structure for procedure `insertSaleOilPromotionMaterialDetail` */

/*!50003 DROP PROCEDURE IF EXISTS  `insertSaleOilPromotionMaterialDetail` */;

DELIMITER $$

/*!50003 CREATE DEFINER=`root`@`localhost` PROCEDURE `insertSaleOilPromotionMaterialDetail`(IN _sale_oil_id INT, IN _oil_id INT, IN _unit_id INT, IN _store_id INT
	, IN _quantity INT)
BEGIN
	DECLARE _base_unit_id, _rate_quantity INT DEFAULT 0;
	IF _base_unit_id<>_unit_id THEN
		SELECT rate INTO _rate_quantity FROM unit_rate WHERE parent_unit_id=_unit_id AND base_unit_id=_base_unit_id;
		IF _rate_quantity=0 THEN
			SET _rate_quantity = _quantity;
		ELSE
			SET _rate_quantity = _rate_quantity * _quantity;
		END IF;
	ELSE
		SET _rate_quantity=_quantity;
	END IF;
	INSERT INTO oil_sale_promotion(sale_oil_id, oil_id, unit_id, store_id, quantity, base_quantity) 
	VALUES (_sale_oil_id, _oil_id, _unit_id, _store_id, _quantity, _rate_quantity);
    END */$$
DELIMITER ;

/* Procedure structure for procedure `insertSaleOilReturn` */

/*!50003 DROP PROCEDURE IF EXISTS  `insertSaleOilReturn` */;

DELIMITER $$

/*!50003 CREATE DEFINER=`root`@`localhost` PROCEDURE `insertSaleOilReturn`(IN _code VARCHAR(20), IN _created_date VARCHAR(20), IN _customer_id INT, IN _total DOUBLE, IN _paid DOUBLE
	, IN _debt DOUBLE, IN _total_pay DOUBLE, IN _account_id INT, IN _commission FLOAT, IN _commission_kind INT
	, IN _commission_amount DOUBLE, IN _gap_agency_amount DOUBLE, IN _gap_customer_amount DOUBLE, IN _total_before_commission DOUBLE
	, IN _note TEXT, IN _created_employee_id INT, OUT _id INT)
BEGIN
	INSERT INTO oil_sale_return (CODE, created_date, customer_id, total, paid, debt, total_pay, account_id, note, created_employee_id, commission
		, commission_kind, commission_amount, gap_agency_amount, gap_customer_amount, total_before_commission)
	VALUES (_code, STR_TO_DATE(_created_date,'%d/%m/%Y'), _customer_id, _total, _paid, _debt, _total_pay, _account_id, _note, _created_employee_id
		, _commission, _commission_kind, _commission_amount, _gap_agency_amount, _gap_customer_amount, _total_before_commission);
	SELECT LAST_INSERT_ID() INTO _id;
    END */$$
DELIMITER ;

/* Procedure structure for procedure `insertSaleOilReturnDetail` */

/*!50003 DROP PROCEDURE IF EXISTS  `insertSaleOilReturnDetail` */;

DELIMITER $$

/*!50003 CREATE DEFINER=`root`@`localhost` PROCEDURE `insertSaleOilReturnDetail`(IN _oil_sale_return_id INT, in _oil_sale_detail_id int, IN _oil_id INT, IN _quantity INT, IN _price DOUBLE
	, IN _amount DOUBLE, IN _price_before_commission DOUBLE, IN _commssion_price FLOAT, IN _first_amount DOUBLE, IN _commission FLOAT
	, IN _gap_agency_amount DOUBLE, IN _gap_customer_amount DOUBLE)
BEGIN
	DECLARE _base_unit_id, _rate_quantity, _unit_id, _store_id INT DEFAULT 0;
	select unit_id, store_id into _unit_id, _store_id from oil_sale_detail where id=_oil_sale_detail_id;
	SELECT base_unit_id INTO _base_unit_id FROM oil WHERE id=_oil_id;
	
	IF _base_unit_id<>_unit_id THEN
		SELECT rate INTO _rate_quantity FROM unit_rate WHERE parent_unit_id=_unit_id AND base_unit_id=_base_unit_id;
		IF _rate_quantity=0 THEN
			SET _rate_quantity = _quantity;
		ELSE
			SET _rate_quantity = _rate_quantity * _quantity;
		END IF;
	ELSE
		SET _rate_quantity=_quantity;
	END IF;
	INSERT INTO oil_sale_return_detail(oil_sale_return_id, oil_sale_detail_id, oil_id, unit_id, store_id, quantity, base_quantity, price, amount, price_before_commission, commission_price, first_amount, commission, gap_agency_amount, gap_customer_amount) 
	VALUES (_oil_sale_return_id, _oil_sale_detail_id, _oil_id, _unit_id, _store_id, _quantity, _rate_quantity, _price, _amount, _price_before_commission, _commssion_price, _first_amount, _commission, _gap_agency_amount, _gap_customer_amount);
    END */$$
DELIMITER ;

/* Procedure structure for procedure `insertSalePetro` */

/*!50003 DROP PROCEDURE IF EXISTS  `insertSalePetro` */;

DELIMITER $$

/*!50003 CREATE DEFINER=`root`@`localhost` PROCEDURE `insertSalePetro`(IN _code VARCHAR(20), IN _created_date VARCHAR(20), in _customer_id int, in _store_id int, IN _total DOUBLE
	, IN _paid DOUBLE, IN _debt DOUBLE, IN _discount DOUBLE, IN _total_pay DOUBLE, IN _account_id INT, IN _note TEXT, IN _created_employee_id INT, OUT _id INT)
BEGIN
	INSERT INTO petro_sale (CODE, created_date, customer_id, store_id, total, paid, debt, discount, total_pay, account_id, note, created_employee_id)
	VALUES (_code, STR_TO_DATE(_created_date,'%d/%m/%Y'), _customer_id, _store_id, _total, _paid, _debt, _discount, _total_pay, _account_id, _note, _created_employee_id);
	SELECT LAST_INSERT_ID() INTO _id;
    END */$$
DELIMITER ;

/* Procedure structure for procedure `insertSalePetroDetail` */

/*!50003 DROP PROCEDURE IF EXISTS  `insertSalePetroDetail` */;

DELIMITER $$

/*!50003 CREATE DEFINER=`root`@`localhost` PROCEDURE `insertSalePetroDetail`(IN _petro_sale_id INT, IN _petro_id INT, IN _quantity INT, IN _price DOUBLE, IN _amount DOUBLE)
BEGIN
	INSERT INTO petro_sale_detail(petro_sale_id, petro_id, quantity, price, amount) 
	VALUES (_petro_sale_id, _petro_id, _quantity, _price, _amount);
    END */$$
DELIMITER ;

/* Procedure structure for procedure `insertSaleShell` */

/*!50003 DROP PROCEDURE IF EXISTS  `insertSaleShell` */;

DELIMITER $$

/*!50003 CREATE DEFINER=`root`@`localhost` PROCEDURE `insertSaleShell`(IN _code VARCHAR(20), IN _created_date VARCHAR(20), IN _customer_id INT, IN _total DOUBLE
	, IN _paid DOUBLE, IN _debt DOUBLE, IN _discount DOUBLE, IN _total_pay DOUBLE, IN _account_id INT, IN _note TEXT, IN _created_employee_id INT, OUT _id INT)
BEGIN
	INSERT INTO shell_sale (CODE, created_date, customer_id, total, paid, debt, discount, total_pay, account_id, note, created_employee_id)
	VALUES (_code, STR_TO_DATE(_created_date,'%d/%m/%Y'), _customer_id, _total, _paid, _debt, _discount, _total_pay, _account_id, _note, _created_employee_id);
	SELECT LAST_INSERT_ID() INTO _id;
    END */$$
DELIMITER ;

/* Procedure structure for procedure `insertSaleShellDetail` */

/*!50003 DROP PROCEDURE IF EXISTS  `insertSaleShellDetail` */;

DELIMITER $$

/*!50003 CREATE DEFINER=`root`@`localhost` PROCEDURE `insertSaleShellDetail`(IN _shell_sale_id INT, IN _shell_id INT, IN _quantity INT, IN _price DOUBLE, IN _amount DOUBLE)
BEGIN
	INSERT INTO shell_sale_detail(shell_sale_id, shell_id, quantity, price, amount) VALUES (_shell_sale_id, _shell_id, _quantity, _price, _amount);
    END */$$
DELIMITER ;

/* Procedure structure for procedure `insertSaleSolar` */

/*!50003 DROP PROCEDURE IF EXISTS  `insertSaleSolar` */;

DELIMITER $$

/*!50003 CREATE DEFINER=`root`@`localhost` PROCEDURE `insertSaleSolar`(IN _code VARCHAR(20), IN _created_date VARCHAR(20), IN _customer_id INT, IN _total DOUBLE, IN _paid DOUBLE
	, IN _debt DOUBLE, IN _discount DOUBLE, IN _total_pay DOUBLE, IN _account_id INT, IN _commission FLOAT, IN _commission_kind INT
	, IN _commission_amount DOUBLE, IN _gap_agency_amount DOUBLE, IN _gap_customer_amount DOUBLE, IN _total_before_commission DOUBLE
	, IN _note TEXT, IN _created_employee_id INT, IN _is_calculate_agency_commission INT, OUT _id INT)
BEGIN
	INSERT INTO solar_sale (CODE, created_date, customer_id, total, paid, debt, discount, total_pay, account_id, note, created_employee_id, commission
		, commission_kind, commission_amount, gap_agency_amount, gap_customer_amount, total_before_commission, is_calculate_agency_commission)
	VALUES (_code, STR_TO_DATE(_created_date,'%d/%m/%Y'), _customer_id, _total, _paid, _debt, _discount, _total_pay, _account_id, _note, _created_employee_id
		, _commission, _commission_kind, _commission_amount, _gap_agency_amount, _gap_customer_amount, _total_before_commission, _is_calculate_agency_commission);
	SELECT LAST_INSERT_ID() INTO _id;
    END */$$
DELIMITER ;

/* Procedure structure for procedure `insertSaleSolarDetail` */

/*!50003 DROP PROCEDURE IF EXISTS  `insertSaleSolarDetail` */;

DELIMITER $$

/*!50003 CREATE DEFINER=`root`@`localhost` PROCEDURE `insertSaleSolarDetail`(IN _solar_sale_id INT, IN _solar_id INT, IN _unit_id INT, IN _store_id INT, IN _quantity INT
	, IN _price DOUBLE, IN _amount DOUBLE, IN _price_before_commission DOUBLE, IN _commssion_price FLOAT, IN _first_amount DOUBLE, IN _commission FLOAT
	, IN _gap_agency_amount DOUBLE, IN _gap_customer_amount DOUBLE, IN _created_date VARCHAR(20))
BEGIN
	DECLARE _organization_id, _base_unit_id, _rate_quantity, _vendor_id INT DEFAULT 0;
	
	SELECT vendor_id INTO _vendor_id FROM solar WHERE id=_solar_id;
	
	SELECT eo.organization_id INTO _organization_id FROM solar_sale AS f, employee AS eo WHERE f.id=_solar_sale_id AND f.created_employee_id=eo.id;
	SELECT base_unit_id INTO _base_unit_id FROM solar WHERE id=_solar_id;
	
	IF _base_unit_id<>_unit_id THEN
		SELECT rate INTO _rate_quantity FROM unit_rate WHERE parent_unit_id=_unit_id AND base_unit_id=_base_unit_id;
		IF _rate_quantity=0 THEN
			SET _rate_quantity = _quantity;
		ELSE
			SET _rate_quantity = _rate_quantity * _quantity;
		END IF;
	ELSE
		SET _rate_quantity=_quantity;
	END IF;
	
	INSERT INTO solar_sale_detail(solar_sale_id, solar_id, unit_id, store_id, quantity, base_quantity, price, amount, price_before_commission, commission_price, first_amount, commission, gap_agency_amount, gap_customer_amount, vendor_id) 
	VALUES (_solar_sale_id, _solar_id, _unit_id, _store_id, _quantity, _rate_quantity, _price, _amount, _price_before_commission, _commssion_price, _first_amount, _commission, _gap_agency_amount, _gap_customer_amount, _vendor_id);
    END */$$
DELIMITER ;

/* Procedure structure for procedure `insertSaleSolarPromotionMaterialDetail` */

/*!50003 DROP PROCEDURE IF EXISTS  `insertSaleSolarPromotionMaterialDetail` */;

DELIMITER $$

/*!50003 CREATE DEFINER=`root`@`localhost` PROCEDURE `insertSaleSolarPromotionMaterialDetail`(IN _sale_solar_id INT, IN _solar_id INT, IN _unit_id INT, IN _store_id INT
	, IN _quantity INT)
BEGIN
	DECLARE _base_unit_id, _rate_quantity INT DEFAULT 0;
	IF _base_unit_id<>_unit_id THEN
		SELECT rate INTO _rate_quantity FROM unit_rate WHERE parent_unit_id=_unit_id AND base_unit_id=_base_unit_id;
		IF _rate_quantity=0 THEN
			SET _rate_quantity = _quantity;
		ELSE
			SET _rate_quantity = _rate_quantity * _quantity;
		END IF;
	ELSE
		SET _rate_quantity=_quantity;
	END IF;
	INSERT INTO solar_sale_promotion(sale_solar_id, solar_id, unit_id, store_id, quantity, base_quantity) 
	VALUES (_sale_solar_id, _solar_id, _unit_id, _store_id, _quantity, _rate_quantity);
    END */$$
DELIMITER ;

/* Procedure structure for procedure `insertSaleSolarReturn` */

/*!50003 DROP PROCEDURE IF EXISTS  `insertSaleSolarReturn` */;

DELIMITER $$

/*!50003 CREATE DEFINER=`root`@`localhost` PROCEDURE `insertSaleSolarReturn`(IN _code VARCHAR(20), IN _created_date VARCHAR(20), IN _customer_id INT, IN _total DOUBLE, IN _paid DOUBLE
	, IN _debt DOUBLE, IN _total_pay DOUBLE, IN _account_id INT, IN _commission FLOAT, IN _commission_kind INT
	, IN _commission_amount DOUBLE, IN _gap_agency_amount DOUBLE, IN _gap_customer_amount DOUBLE, IN _total_before_commission DOUBLE
	, IN _note TEXT, IN _created_employee_id INT, OUT _id INT)
BEGIN
	INSERT INTO solar_sale_return (CODE, created_date, customer_id, total, paid, debt, total_pay, account_id, note, created_employee_id, commission
		, commission_kind, commission_amount, gap_agency_amount, gap_customer_amount, total_before_commission)
	VALUES (_code, STR_TO_DATE(_created_date,'%d/%m/%Y'), _customer_id, _total, _paid, _debt, _total_pay, _account_id, _note, _created_employee_id
		, _commission, _commission_kind, _commission_amount, _gap_agency_amount, _gap_customer_amount, _total_before_commission);
	SELECT LAST_INSERT_ID() INTO _id;
    END */$$
DELIMITER ;

/* Procedure structure for procedure `insertSaleSolarReturnDetail` */

/*!50003 DROP PROCEDURE IF EXISTS  `insertSaleSolarReturnDetail` */;

DELIMITER $$

/*!50003 CREATE DEFINER=`root`@`localhost` PROCEDURE `insertSaleSolarReturnDetail`(IN _solar_sale_return_id INT, IN _solar_sale_detail_id INT, IN _solar_id INT, IN _quantity INT, IN _price DOUBLE
	, IN _amount DOUBLE, IN _price_before_commission DOUBLE, IN _commssion_price FLOAT, IN _first_amount DOUBLE, IN _commission FLOAT
	, IN _gap_agency_amount DOUBLE, IN _gap_customer_amount DOUBLE)
BEGIN
	DECLARE _base_unit_id, _rate_quantity, _unit_id, _store_id INT DEFAULT 0;
	SELECT unit_id, store_id INTO _unit_id, _store_id FROM solar_sale_detail WHERE id=_solar_sale_detail_id;
	SELECT base_unit_id INTO _base_unit_id FROM solar WHERE id=_solar_id;
	
	IF _base_unit_id<>_unit_id THEN
		SELECT rate INTO _rate_quantity FROM unit_rate WHERE parent_unit_id=_unit_id AND base_unit_id=_base_unit_id;
		IF _rate_quantity=0 THEN
			SET _rate_quantity = _quantity;
		ELSE
			SET _rate_quantity = _rate_quantity * _quantity;
		END IF;
	ELSE
		SET _rate_quantity=_quantity;
	END IF;
	INSERT INTO solar_sale_return_detail(solar_sale_return_id, solar_sale_detail_id, solar_id, unit_id, store_id, quantity, base_quantity, price, amount, price_before_commission, commission_price, first_amount, commission, gap_agency_amount, gap_customer_amount) 
	VALUES (_solar_sale_return_id, _solar_sale_detail_id, _solar_id, _unit_id, _store_id, _quantity, _rate_quantity, _price, _amount, _price_before_commission, _commssion_price, _first_amount, _commission, _gap_agency_amount, _gap_customer_amount);
    END */$$
DELIMITER ;

/* Procedure structure for procedure `insertShellImport` */

/*!50003 DROP PROCEDURE IF EXISTS  `insertShellImport` */;

DELIMITER $$

/*!50003 CREATE DEFINER=`root`@`localhost` PROCEDURE `insertShellImport`(IN _code VARCHAR(20), IN _shell_id INT, IN _created_date VARCHAR(20), IN _quantity INT
	, IN _price DOUBLE, IN _amount DOUBLE, IN _account_id Int, IN _note TEXT, in _created_employee_id int, in _vendor_id int, OUT _id INT)
BEGIN
	declare _shell_vendor_id, _organization_id int default 0;
	INSERT INTO shell_import (CODE, shell_id, created_date, quantity, price, amount, account_id, note, created_employee_id, vendor_id)
	VALUES (_code, _shell_id, STR_TO_DATE(_created_date,'%d/%m/%Y'), _quantity, _price, _amount, _account_id, _note, _created_employee_id, _vendor_id);
	SELECT LAST_INSERT_ID() INTO _id;
	
	SELECT organization_id INTO _organization_id FROM employee WHERE id=_created_employee_id;
	
	select id into _shell_vendor_id from shell_vendor where shell_id=_shell_id and vendor_id=_vendor_id and organization_id=_organization_id;
	
	if _shell_vendor_id=0 then
		insert into shell_vendor(organization_id, shell_id, vendor_id, quantity) values(_organization_id, _shell_id, _vendor_id, _quantity);
	else
		update shell_vendor set quantity=quantity+_quantity where id=_shell_vendor_id;
	end if;
	
    END */$$
DELIMITER ;

/* Procedure structure for procedure `insertShellReturn` */

/*!50003 DROP PROCEDURE IF EXISTS  `insertShellReturn` */;

DELIMITER $$

/*!50003 CREATE DEFINER=`root`@`localhost` PROCEDURE `insertShellReturn`(IN _code VARCHAR(20), IN _created_date VARCHAR(20), IN _customer_id INT, IN _vehicle_id INT, IN _note TEXT, IN _created_employee_id INT, OUT _id INT)
BEGIN
	INSERT INTO shell_return (CODE, created_date, customer_id, vehicle_id, note, created_employee_id)
	VALUES (_code, STR_TO_DATE(_created_date,'%d/%m/%Y'), _customer_id, _vehicle_id, _note, _created_employee_id);
	SELECT LAST_INSERT_ID() INTO _id;
    END */$$
DELIMITER ;

/* Procedure structure for procedure `insertShellReturnDetail` */

/*!50003 DROP PROCEDURE IF EXISTS  `insertShellReturnDetail` */;

DELIMITER $$

/*!50003 CREATE DEFINER=`root`@`localhost` PROCEDURE `insertShellReturnDetail`(IN _shell_return_id INT, IN _shell_id INT, IN _quantity INT)
BEGIN
	INSERT INTO shell_return_detail(shell_return_id, shell_id, quantity) VALUES (_shell_return_id, _shell_id, _quantity);
    END */$$
DELIMITER ;

/* Procedure structure for procedure `insertShellReturnSupplier` */

/*!50003 DROP PROCEDURE IF EXISTS  `insertShellReturnSupplier` */;

DELIMITER $$

/*!50003 CREATE DEFINER=`root`@`localhost` PROCEDURE `insertShellReturnSupplier`(IN _code VARCHAR(20), IN _created_date VARCHAR(20), IN _vendor_id INT, IN _vehicle_id INT, IN _note TEXT, IN _created_employee_id INT, OUT _id INT)
BEGIN
	INSERT INTO shell_return_supplier (CODE, created_date, vendor_id, vehicle_id, note, created_employee_id)
	VALUES (_code, STR_TO_DATE(_created_date,'%d/%m/%Y'), _vendor_id, _vehicle_id, _note, _created_employee_id);
	SELECT LAST_INSERT_ID() INTO _id;
    END */$$
DELIMITER ;

/* Procedure structure for procedure `insertShellReturnSupplierDetail` */

/*!50003 DROP PROCEDURE IF EXISTS  `insertShellReturnSupplierDetail` */;

DELIMITER $$

/*!50003 CREATE DEFINER=`root`@`localhost` PROCEDURE `insertShellReturnSupplierDetail`(IN _shell_return_supplier_id INT, IN _shell_id INT, IN _quantity INT)
BEGIN
	INSERT INTO shell_return_supplier_detail(shell_return_supplier_id, shell_id, quantity) VALUES (_shell_return_supplier_id, _shell_id, _quantity);
    END */$$
DELIMITER ;

/* Procedure structure for procedure `insertShieldDecrease` */

/*!50003 DROP PROCEDURE IF EXISTS  `insertShieldDecrease` */;

DELIMITER $$

/*!50003 CREATE DEFINER=`root`@`localhost` PROCEDURE `insertShieldDecrease`(IN _code VARCHAR(20), IN _created_date VARCHAR(20), IN _quantity INT, IN _note TEXT, IN _vendor_id INT, IN _created_employee_id INT, OUT _id INT)
BEGIN
	INSERT INTO shield_decrease (CODE, created_date, quantity, note, vendor_id, created_employee_id)
	VALUES (_code, STR_TO_DATE(_created_date,'%d/%m/%Y'), _quantity, _note, _vendor_id, _created_employee_id);
	SELECT LAST_INSERT_ID() INTO _id;
    END */$$
DELIMITER ;

/* Procedure structure for procedure `insertShieldImport` */

/*!50003 DROP PROCEDURE IF EXISTS  `insertShieldImport` */;

DELIMITER $$

/*!50003 CREATE DEFINER=`root`@`localhost` PROCEDURE `insertShieldImport`(IN _code VARCHAR(20), IN _created_date VARCHAR(20), IN _quantity INT, IN _note TEXT, in _vendor_id int, IN _created_employee_id INT, OUT _id INT)
BEGIN
	INSERT INTO shield_import (CODE, created_date, quantity, note, vendor_id, created_employee_id)
	VALUES (_code, STR_TO_DATE(_created_date,'%d/%m/%Y'), _quantity, _note, _vendor_id, _created_employee_id);
	SELECT LAST_INSERT_ID() INTO _id;
    END */$$
DELIMITER ;

/* Procedure structure for procedure `insertSolarExport` */

/*!50003 DROP PROCEDURE IF EXISTS  `insertSolarExport` */;

DELIMITER $$

/*!50003 CREATE DEFINER=`root`@`localhost` PROCEDURE `insertSolarExport`(IN _code VARCHAR(20), IN _created_date VARCHAR(20), IN _solar_sale_id INT, IN _customer_id INT
	, IN _total DOUBLE, IN _note TEXT, IN _created_employee_id INT, OUT _id INT)
BEGIN
	INSERT INTO solar_export (CODE, created_date, solar_sale_id, customer_id, total, note, created_employee_id)
	VALUES (_code, STR_TO_DATE(_created_date,'%d/%m/%Y'), _solar_sale_id, _customer_id, _total, _note, _created_employee_id);
	SELECT LAST_INSERT_ID() INTO _id;
    END */$$
DELIMITER ;

/* Procedure structure for procedure `insertSolarExportDetail` */

/*!50003 DROP PROCEDURE IF EXISTS  `insertSolarExportDetail` */;

DELIMITER $$

/*!50003 CREATE DEFINER=`root`@`localhost` PROCEDURE `insertSolarExportDetail`(IN _solar_export_id INT, IN _solar_id INT, IN _solar_sale_detail_id INT, IN _quantity INT)
BEGIN
	INSERT INTO solar_export_detail(solar_export_id, solar_id, solar_sale_detail_id, quantity) 
	VALUES (_solar_export_id, _solar_id, _solar_sale_detail_id, _quantity);
    END */$$
DELIMITER ;

/* Procedure structure for procedure `insertSolarImport` */

/*!50003 DROP PROCEDURE IF EXISTS  `insertSolarImport` */;

DELIMITER $$

/*!50003 CREATE DEFINER=`root`@`localhost` PROCEDURE `insertSolarImport`(IN _code VARCHAR(20), IN _created_date VARCHAR(20), IN _store_id INT, IN _vendor_id INT
	, IN _commission FLOAT, IN _rate DOUBLE, IN _total_before_commission DOUBLE, IN _total DOUBLE, IN _paid DOUBLE, IN _debt DOUBLE, IN _account_id INT
	, IN _note TEXT, IN _created_employee_id INT, OUT _id INT)
BEGIN
	INSERT INTO solar_import (CODE, created_date, store_id, vendor_id, commission, rate, total_before_commission, total, paid, debt, account_id, note, created_employee_id)
	VALUES (_code, STR_TO_DATE(_created_date,'%d/%m/%Y'), _store_id, _vendor_id, _commission, _rate, _total_before_commission, _total, _paid, _debt, _account_id, _note, _created_employee_id);
	SELECT LAST_INSERT_ID() INTO _id;
    END */$$
DELIMITER ;

/* Procedure structure for procedure `insertSolarImportDetail` */

/*!50003 DROP PROCEDURE IF EXISTS  `insertSolarImportDetail` */;

DELIMITER $$

/*!50003 CREATE DEFINER=`root`@`localhost` PROCEDURE `insertSolarImportDetail`(IN _solar_import_id INT, IN _solar_id INT, IN _unit_id INT, IN _quantity INT, IN _price DOUBLE
	, IN _amount DOUBLE)
BEGIN
	DECLARE _base_unit_id, _rate_quantity INT DEFAULT 0;
	
	SELECT base_unit_id INTO _base_unit_id FROM solar WHERE id=_solar_id;
	
	IF _base_unit_id<>_unit_id THEN
		SELECT rate INTO _rate_quantity FROM unit_rate WHERE parent_unit_id=_unit_id AND base_unit_id=_base_unit_id;
		IF _rate_quantity=0 THEN
			SET _rate_quantity = _quantity;
		ELSE
			SET _rate_quantity = _rate_quantity * _quantity;
		END IF;
	ELSE
		SET _rate_quantity=_quantity;
	END IF;
	
	INSERT INTO solar_import_detail(solar_import_id, solar_id, unit_id, quantity, base_quantity, price, amount) 
	VALUES (_solar_import_id, _solar_id, _unit_id, _quantity, _rate_quantity, _price, _amount);
    END */$$
DELIMITER ;

/* Procedure structure for procedure `insertTransportService` */

/*!50003 DROP PROCEDURE IF EXISTS  `insertTransportService` */;

DELIMITER $$

/*!50003 CREATE DEFINER=`root`@`localhost` PROCEDURE `insertTransportService`(IN _code VARCHAR(20), IN _vendor_id INT, IN _customer_id INT, IN _transporter_id INT
	, IN _charge_for_vendor INT, IN _charge_for_customer INT, IN _created_date VARCHAR(20), IN _in_quantity DOUBLE, IN _out_quantity DOUBLE
	, IN _price DOUBLE, IN _price_diff DOUBLE, IN _amount DOUBLE, IN _paid DOUBLE, IN _debt DOUBLE, IN _rate DOUBLE, IN _rate_diff DOUBLE
	, IN _account_id INT, IN _note TEXT, IN _created_employee_id INT, OUT _id INT)
BEGIN
	DECLARE _organization_id, _organization_vendor_id, _organization_transport_vendor_id, _money_organization_id, _vendor_vendor_id, _customer_customer_id INT DEFAULT 0;
	DECLARE _money_amount, _vendor_amount, _customer_amount DOUBLE DEFAULT 0;
	
	SELECT eo.organization_id INTO _organization_id FROM employee AS eo WHERE eo.id=_created_employee_id;
	SELECT equal_organization_id INTO _organization_vendor_id FROM vendor WHERE id=_vendor_id;
	SELECT equal_organization_id INTO _organization_transport_vendor_id FROM vendor WHERE id=_transporter_id;
	IF _organization_vendor_id<>_organization_id THEN
		SET _organization_vendor_id=0;
	END IF;
	
	IF _organization_transport_vendor_id<>_organization_id THEN
		SET _organization_transport_vendor_id=0;
	END IF;
	
	-- chi dung tren phuong dien minh la ncc
	IF _charge_for_vendor=1 THEN	-- ben ban chiu
		IF _organization_vendor_id<>0 THEN	-- ben ban la minh
			IF _vendor_id<>_transporter_id THEN	-- minh khong phai la ben van chuyen
				SET _money_organization_id = _organization_vendor_id;
				SET _money_amount = -_paid;
				SET _vendor_vendor_id = _transporter_id;
				SET _vendor_amount = -_debt;
			END IF;
		ELSE -- ben ban la cong ty khac
			IF _organization_transport_vendor_id<>0 THEN	-- minh la cong ty van chuyen
				SET _money_organization_id = _organization_transport_vendor_id;
				SET _money_amount = _paid;
				SET _vendor_vendor_id = _vendor_id;
				SET _vendor_amount = _debt;
			END IF;
		END IF;
	ELSEIF _charge_for_customer=1 THEN	-- ben mua chiu
		IF _customer_id=0 THEN	-- ben mua la minh
			IF _organization_transport_vendor_id=0 THEN	-- minh khong phai la cong ty van chuyen
				SET _money_organization_id = _organization_id;
				SET _money_amount = -_paid;
				SET _vendor_vendor_id = _transporter_id;
				SET _vendor_amount = -_debt;
			END IF;
		ELSE
			IF _organization_transport_vendor_id<>0 THEN	-- minh la cong ty van chuyen
				SET _money_organization_id = _organization_id;
				SET _money_amount = _paid;
				SET _customer_customer_id = _customer_id;
				SET _customer_amount = _debt;
			END IF;
		END IF;
	END IF;
	
	INSERT INTO transport_service (CODE, created_date, vendor_id, customer_id, transporter_id, charge_for_vendor, charge_for_customer, in_quantity
		, out_quantity, price, price_diff, rate, rate_diff, amount, paid, debt, account_id, note, created_employee_id, money_organization_id
		, money_amount, vendor_vendor_id, vendor_amount, customer_customer_id, customer_amount)
	VALUES (_code, STR_TO_DATE(_created_date,'%d/%m/%Y'), _vendor_id, _customer_id, _transporter_id, _charge_for_vendor, _charge_for_customer, _in_quantity
		, _out_quantity, _price, _price_diff, _rate, _rate_diff, _amount, _paid, _debt, _account_id, _note, _created_employee_id, _money_organization_id
		, _money_amount, _vendor_vendor_id, _vendor_amount, _customer_customer_id, _customer_amount);
	SELECT LAST_INSERT_ID() INTO _id;
    END */$$
DELIMITER ;

/* Procedure structure for procedure `insertTripFee` */

/*!50003 DROP PROCEDURE IF EXISTS  `insertTripFee` */;

DELIMITER $$

/*!50003 CREATE DEFINER=`root`@`localhost` PROCEDURE `insertTripFee`(IN _code VARCHAR(20), IN _employee_id INT, IN _vehicle_id INT, IN _created_date VARCHAR(20)
	, in _quantity int, in _price double, IN _amount DOUBLE, in _fee text, IN _note TEXT, IN _created_employee_id INT, OUT _id INT)
BEGIN
	INSERT INTO trip_fee (CODE, employee_id, vehicle_id, created_date, quantity, price, amount, fee, note, created_employee_id)
	VALUES (_code, _employee_id, _vehicle_id, STR_TO_DATE(_created_date,'%d/%m/%Y'), _quantity, _price, _amount, _fee, _note, _created_employee_id);
	SELECT LAST_INSERT_ID() INTO _id;
    END */$$
DELIMITER ;

/* Procedure structure for procedure `insertTripOil` */

/*!50003 DROP PROCEDURE IF EXISTS  `insertTripOil` */;

DELIMITER $$

/*!50003 CREATE DEFINER=`root`@`localhost` PROCEDURE `insertTripOil`(IN _code VARCHAR(20), IN _employee_id INT, IN _vehicle_id INT, IN _created_date VARCHAR(20)
	, IN _quantity INT, IN _price DOUBLE, IN _amount DOUBLE, IN _note TEXT, IN _created_employee_id INT, OUT _id INT)
BEGIN
	INSERT INTO trip_oil (CODE, employee_id, vehicle_id, created_date, quantity, price, amount, note, created_employee_id)
	VALUES (_code, _employee_id, _vehicle_id, STR_TO_DATE(_created_date,'%d/%m/%Y'), _quantity, _price, _amount, _note, _created_employee_id);
	SELECT LAST_INSERT_ID() INTO _id;
    END */$$
DELIMITER ;

/* Procedure structure for procedure `insertVehicleIn` */

/*!50003 DROP PROCEDURE IF EXISTS  `insertVehicleIn` */;

DELIMITER $$

/*!50003 CREATE DEFINER=`root`@`localhost` PROCEDURE `insertVehicleIn`(IN _code VARCHAR(20), IN _created_date VARCHAR(20), IN _vehicle_out_id INT, IN _note TEXT, IN _created_employee_id INT, OUT _id INT)
BEGIN
	INSERT INTO vehicle_in (CODE, created_date, vehicle_out_id, note, created_employee_id)
	VALUES (_code, STR_TO_DATE(_created_date,'%d/%m/%Y'), _vehicle_out_id, _note, _created_employee_id);
	SELECT LAST_INSERT_ID() INTO _id;
    END */$$
DELIMITER ;

/* Procedure structure for procedure `insertVehicleInAccessoryDetail` */

/*!50003 DROP PROCEDURE IF EXISTS  `insertVehicleInAccessoryDetail` */;

DELIMITER $$

/*!50003 CREATE DEFINER=`root`@`localhost` PROCEDURE `insertVehicleInAccessoryDetail`(IN _vehicle_in_id INT, IN _accessory_id INT, IN _quantity INT, IN _price DOUBLE, IN _amount DOUBLE)
BEGIN
	INSERT INTO vehicle_in_accessory_detail(vehicle_in_id, accessory_id, quantity, price, amount) 
	VALUES (_vehicle_in_id, _accessory_id, _quantity, _price, _amount);
    END */$$
DELIMITER ;

/* Procedure structure for procedure `insertVehicleInDetail` */

/*!50003 DROP PROCEDURE IF EXISTS  `insertVehicleInDetail` */;

DELIMITER $$

/*!50003 CREATE DEFINER=`root`@`localhost` PROCEDURE `insertVehicleInDetail`(IN _vehicle_in_id INT, IN _shell_id INT, IN _quantity INT, IN _price DOUBLE, IN _amount DOUBLE)
BEGIN
	INSERT INTO vehicle_in_detail(vehicle_in_id, shell_id, quantity, price, amount) VALUES (_vehicle_in_id, _shell_id, _quantity, _price, _amount);
    END */$$
DELIMITER ;

/* Procedure structure for procedure `insertVehicleInOilExportDetail` */

/*!50003 DROP PROCEDURE IF EXISTS  `insertVehicleInOilExportDetail` */;

DELIMITER $$

/*!50003 CREATE DEFINER=`root`@`localhost` PROCEDURE `insertVehicleInOilExportDetail`(IN _vehicle_in_id INT, IN _oil_export_id INT)
BEGIN
	INSERT INTO vehicle_in_oil_export_detail(vehicle_in_id, oil_export_id) VALUES (_vehicle_in_id, _oil_export_id);
    END */$$
DELIMITER ;

/* Procedure structure for procedure `insertVehicleInReturnShellDetail` */

/*!50003 DROP PROCEDURE IF EXISTS  `insertVehicleInReturnShellDetail` */;

DELIMITER $$

/*!50003 CREATE DEFINER=`root`@`localhost` PROCEDURE `insertVehicleInReturnShellDetail`(IN _vehicle_in_id INT, IN _shell_id INT, IN _quantity INT)
BEGIN
	INSERT INTO vehicle_in_return_shell_detail(vehicle_in_id, shell_id, quantity) VALUES (_vehicle_in_id, _shell_id, _quantity);
    END */$$
DELIMITER ;

/* Procedure structure for procedure `insertVehicleOut` */

/*!50003 DROP PROCEDURE IF EXISTS  `insertVehicleOut` */;

DELIMITER $$

/*!50003 CREATE DEFINER=`root`@`localhost` PROCEDURE `insertVehicleOut`(IN _code VARCHAR(20), IN _created_date VARCHAR(20), IN _vehicle_id INT, IN _note TEXT, IN _created_employee_id INT, OUT _id INT)
BEGIN
	INSERT INTO vehicle_out (CODE, created_date, vehicle_id, note, created_employee_id)
	VALUES (_code, STR_TO_DATE(_created_date,'%d/%m/%Y'), _vehicle_id, _note, _created_employee_id);
	SELECT LAST_INSERT_ID() INTO _id;
    END */$$
DELIMITER ;

/* Procedure structure for procedure `insertVehicleOutDetail` */

/*!50003 DROP PROCEDURE IF EXISTS  `insertVehicleOutDetail` */;

DELIMITER $$

/*!50003 CREATE DEFINER=`root`@`localhost` PROCEDURE `insertVehicleOutDetail`(IN _vehicle_out_id INT, IN _shell_id INT, IN _quantity INT, IN _price DOUBLE, IN _amount DOUBLE)
BEGIN
	INSERT INTO vehicle_out_detail(vehicle_out_id, shell_id, quantity, price, amount) 
	VALUES (_vehicle_out_id, _shell_id, _quantity, _price, _amount);
    END */$$
DELIMITER ;

/* Procedure structure for procedure `insertVehicleOutEmployeeDetail` */

/*!50003 DROP PROCEDURE IF EXISTS  `insertVehicleOutEmployeeDetail` */;

DELIMITER $$

/*!50003 CREATE DEFINER=`root`@`localhost` PROCEDURE `insertVehicleOutEmployeeDetail`(IN _vehicle_out_id INT, IN _employee_id INT, IN _note text)
BEGIN
	INSERT INTO vehicle_out_employee_detail(vehicle_out_id, employee_id, note) 
	VALUES (_vehicle_out_id, _employee_id, _note);
    END */$$
DELIMITER ;

/* Procedure structure for procedure `insertVendor` */

/*!50003 DROP PROCEDURE IF EXISTS  `insertVendor` */;

DELIMITER $$

/*!50003 CREATE DEFINER=`root`@`localhost` PROCEDURE `insertVendor`(in _name varchar(255), IN _address VARCHAR(255), IN _tax VARCHAR(50), IN _phone VARCHAR(50)
	, IN _fax VARCHAR(50), in _code varchar(20), in _organization_id int, in _status int, in _equal_organization_id int, in _commision_on_import float
	, in _max_debt double, in _has_stock int, IN _is_gas INT, IN _is_petro INT, IN _is_good INT, IN _is_transport INT, IN _is_oil INT, IN _is_solar INT, out _id int)
BEGIN
	declare _vendor_organization_id int default 0;
	Insert Into vendor (`name`, address, tax, phone, fax, `code`, organization_id, `status`, equal_organization_id, has_stock, is_gas, is_petro, is_good, is_transport, is_oil, is_solar, commision_on_import, max_debt)
	values (_name, _address, _tax, _phone, _fax, _code, _organization_id, _status, _equal_organization_id, _has_stock, _is_gas, _is_petro, _is_good, _is_transport, _is_oil, _is_solar, _commision_on_import, _max_debt);
	SELECT LAST_INSERT_ID() INTO _id;
	
	select id into _vendor_organization_id from vendor_organization where vendor_id=_id and organization_id=_organization_id;
	if _vendor_organization_id=0 then
		insert into vendor_organization(vendor_id, organization_id) values(_id, _organization_id);
	end if;
    END */$$
DELIMITER ;

/* Procedure structure for procedure `insertVendorCustomer` */

/*!50003 DROP PROCEDURE IF EXISTS  `insertVendorCustomer` */;

DELIMITER $$

/*!50003 CREATE DEFINER=`root`@`localhost` PROCEDURE `insertVendorCustomer`(IN _organization_id INT, IN _vendor_id INT, in _customer_id int, IN _id INT)
BEGIN
	DECLARE _old_id INT DEFAULT 0;
	DELETE FROM vendor_customer WHERE id=_id;
	
	SELECT id INTO _old_id FROM vendor_customer WHERE vendor_id=_vendor_id and customer_id=_customer_id AND organization_id=_organization_id;
	
	IF _old_id=0 THEN
		INSERT INTO vendor_customer(vendor_id, customer_id, organization_id)VALUES(_vendor_id, _customer_id,_organization_id);
	END IF;
    END */$$
DELIMITER ;

/* Procedure structure for procedure `insertVendorOiStoreDetail` */

/*!50003 DROP PROCEDURE IF EXISTS  `insertVendorOiStoreDetail` */;

DELIMITER $$

/*!50003 CREATE DEFINER=`root`@`localhost` PROCEDURE `insertVendorOiStoreDetail`(in _vendor_id int, in _store_id int)
BEGIN
	declare _id int default 0;
	select id into _id from vendor_oil_store where vendor_id=_vendor_id and store_id=_store_id;
	if _id=0 then
		insert into vendor_oil_store(vendor_id, store_id) values(_vendor_id, _store_id);
	end if;
    END */$$
DELIMITER ;

/* Procedure structure for procedure `insertVendorOrganization` */

/*!50003 DROP PROCEDURE IF EXISTS  `insertVendorOrganization` */;

DELIMITER $$

/*!50003 CREATE DEFINER=`root`@`localhost` PROCEDURE `insertVendorOrganization`(in _organization_id int, in _vendor_id int, in _id int)
BEGIN
	declare _old_id int default 0;
	delete from vendor_organization where id=_id;
	
	SELECT id INTO _old_id FROM vendor_organization WHERE vendor_id=_vendor_id AND organization_id=_organization_id;
	
	IF _old_id=0 THEN
		INSERT INTO vendor_organization(vendor_id, organization_id)VALUES(_vendor_id,_organization_id);
	END IF;
    END */$$
DELIMITER ;

/* Procedure structure for procedure `insertVendorSolarStoreDetail` */

/*!50003 DROP PROCEDURE IF EXISTS  `insertVendorSolarStoreDetail` */;

DELIMITER $$

/*!50003 CREATE DEFINER=`root`@`localhost` PROCEDURE `insertVendorSolarStoreDetail`(IN _vendor_id INT, IN _store_id INT)
BEGIN
	DECLARE _id INT DEFAULT 0;
	SELECT id INTO _id FROM vendor_solar_store WHERE vendor_id=_vendor_id AND store_id=_store_id;
	IF _id=0 THEN
		INSERT INTO vendor_solar_store(vendor_id, store_id) VALUES(_vendor_id, _store_id);
	END IF;
    END */$$
DELIMITER ;

/* Procedure structure for procedure `report_cash_book` */

/*!50003 DROP PROCEDURE IF EXISTS  `report_cash_book` */;

DELIMITER $$

/*!50003 CREATE DEFINER=`root`@`localhost` PROCEDURE `report_cash_book`(IN _start_date VARCHAR(20), IN _end_date VARCHAR(20), IN _organization_ids TEXT
	, OUT _account_opening_stock DOUBLE, OUT _cash_opening_stock DOUBLE)
BEGIN
	CALL get_in_stock_money(_start_date, 0, 1, _organization_ids, 0, _account_opening_stock);
	
	CALL get_in_stock_money(_start_date, 0, 1, _organization_ids, 1, _cash_opening_stock);
	
	SELECT tbl.created_date, SUM(tbl.account_income_amount) AS account_income_amount, SUM(tbl.account_outcome_amount) AS account_outcome_amount, '' AS account_note
		, SUM(tbl.cash_income_amount) AS cash_income_amount, SUM(tbl.cash_outcome_amount) AS cash_outcome_amount, '' AS cash_note
	FROM 
	(
	-- thu
		SELECT w.created_date, IF(a.is_cash=0,w.paid,0) AS account_income_amount, 0 AS account_outcome_amount, '' AS account_note
			, IF(a.is_cash=1,w.paid,0) AS cash_income_amount, 0 AS cash_outcome_amount, '' AS cash_note
		FROM gas_wholesale AS w, account AS a
		WHERE DATE(w.created_date) >= STR_TO_DATE(_start_date,'%d/%m/%Y') AND DATE(w.created_date) <= STR_TO_DATE(_end_date,'%d/%m/%Y')
			AND w.account_id=a.id AND _organization_ids LIKE CONCAT('%,',a.organization_id,',%')
		UNION ALL
		SELECT i.created_date, IF(a.is_cash=0,i.amount,0) AS account_income_amount, 0 AS account_outcome_amount, '' AS account_note
			, IF(a.is_cash=1,i.amount,0) AS cash_income_amount, 0 AS cash_outcome_amount, '' AS cash_note
		FROM income AS i, account AS a
		WHERE DATE(i.created_date) >= STR_TO_DATE(_start_date,'%d/%m/%Y') AND DATE(i.created_date) <= STR_TO_DATE(_end_date,'%d/%m/%Y')
			AND i.account_id=a.id AND _organization_ids LIKE CONCAT('%,',a.organization_id,',%')
		UNION ALL
		SELECT s.sale_date, IF(a.is_cash=0,s.paid,0) AS account_income_amount, 0 AS account_outcome_amount, '' AS account_note
			, IF(a.is_cash=1,s.paid,0) AS cash_income_amount, 0 AS cash_outcome_amount, '' AS cash_note
		FROM lpg_sale AS s, account AS a
		WHERE DATE(s.sale_date) >= STR_TO_DATE(_start_date,'%d/%m/%Y') AND DATE(s.sale_date) <= STR_TO_DATE(_end_date,'%d/%m/%Y')
			AND s.account_id=a.id AND _organization_ids LIKE CONCAT('%,',a.organization_id,',%')
		UNION ALL
		SELECT o.created_date, IF(a.is_cash=0,o.paid,0) AS account_income_amount, 0 AS account_outcome_amount, IF(a.is_cash=0,o.note,'') AS account_note
			, IF(a.is_cash=1,o.paid,0) AS cash_income_amount, 0 AS cash_outcome_amount, IF(a.is_cash=1,o.note,'') AS cash_note
		FROM wholesale_debt AS o, account AS a
		WHERE DATE(o.created_date) >= STR_TO_DATE(_start_date,'%d/%m/%Y') AND DATE(o.created_date) <= STR_TO_DATE(_end_date,'%d/%m/%Y')
			AND o.account_id=a.id AND _organization_ids LIKE CONCAT('%,',a.organization_id,',%')
		UNION ALL
		SELECT o.created_date, IF(a.is_cash=0,o.paid,0) AS account_income_amount, 0 AS account_outcome_amount, IF(a.is_cash=0,o.note,'') AS account_note
			, IF(a.is_cash=1,o.paid,0) AS cash_income_amount, 0 AS cash_outcome_amount, IF(a.is_cash=1,o.note,'') AS cash_note
		FROM shell_sale AS o, account AS a
		WHERE DATE(o.created_date) >= STR_TO_DATE(_start_date,'%d/%m/%Y') AND DATE(o.created_date) <= STR_TO_DATE(_end_date,'%d/%m/%Y')
			AND o.account_id=a.id AND _organization_ids LIKE CONCAT('%,',a.organization_id,',%')
		UNION ALL
		SELECT o.created_date, IF(a.is_cash=0,o.paid,0) AS account_income_amount, 0 AS account_outcome_amount, IF(a.is_cash=0,o.note,'') AS account_note
			, IF(a.is_cash=1,o.paid,0) AS cash_income_amount, 0 AS cash_outcome_amount, IF(a.is_cash=1,o.note,'') AS cash_note
		FROM accessory_sale AS o, account AS a
		WHERE DATE(o.created_date) >= STR_TO_DATE(_start_date,'%d/%m/%Y') AND DATE(o.created_date) <= STR_TO_DATE(_end_date,'%d/%m/%Y')
			AND o.account_id=a.id AND _organization_ids LIKE CONCAT('%,',a.organization_id,',%')
		UNION ALL
		SELECT o.created_date, IF(a.is_cash=0,o.paid,0) AS account_income_amount, 0 AS account_outcome_amount, IF(a.is_cash=0,o.note,'') AS account_note
			, IF(a.is_cash=1,o.paid,0) AS cash_income_amount, 0 AS cash_outcome_amount, IF(a.is_cash=1,o.note,'') AS cash_note
		FROM petro_sale AS o, account AS a
		WHERE DATE(o.created_date) >= STR_TO_DATE(_start_date,'%d/%m/%Y') AND DATE(o.created_date) <= STR_TO_DATE(_end_date,'%d/%m/%Y')
			AND o.account_id=a.id AND _organization_ids LIKE CONCAT('%,',a.organization_id,',%')
		UNION ALL
		SELECT o.created_date, IF(a.is_cash=0,o.paid,0) AS account_income_amount, 0 AS account_outcome_amount, IF(a.is_cash=0,o.note,'') AS account_note
			, IF(a.is_cash=1,o.paid,0) AS cash_income_amount, 0 AS cash_outcome_amount, IF(a.is_cash=1,o.note,'') AS cash_note
		FROM good_sale AS o, account AS a
		WHERE DATE(o.created_date) >= STR_TO_DATE(_start_date,'%d/%m/%Y') AND DATE(o.created_date) <= STR_TO_DATE(_end_date,'%d/%m/%Y')
			AND o.account_id=a.id AND _organization_ids LIKE CONCAT('%,',a.organization_id,',%')
		UNION ALL
		SELECT o.created_date, IF(a.is_cash=0,o.money_amount,0) AS account_income_amount, 0 AS account_outcome_amount, IF(a.is_cash=0,o.note,'') AS account_note
			, IF(a.is_cash=1,o.money_amount,0) AS cash_income_amount, 0 AS cash_outcome_amount, IF(a.is_cash=1,o.note,'') AS cash_note
		FROM transport_service AS o, account AS a
		WHERE DATE(o.created_date) >= STR_TO_DATE(_start_date,'%d/%m/%Y') AND DATE(o.created_date) <= STR_TO_DATE(_end_date,'%d/%m/%Y')
			AND o.account_id=a.id AND _organization_ids LIKE CONCAT('%,',a.organization_id,',%')
		UNION ALL
		SELECT o.created_date, IF(a.is_cash=0,o.paid,0) AS account_income_amount, 0 AS account_outcome_amount, IF(a.is_cash=0,o.note,'') AS account_note
			, IF(a.is_cash=1,o.paid,0) AS cash_income_amount, 0 AS cash_outcome_amount, IF(a.is_cash=1,o.note,'') AS cash_note
		FROM inner_sale AS o, account AS a
		WHERE DATE(o.created_date) >= STR_TO_DATE(_start_date,'%d/%m/%Y') AND DATE(o.created_date) <= STR_TO_DATE(_end_date,'%d/%m/%Y')
			AND o.account_id=a.id AND _organization_ids LIKE CONCAT('%,',a.organization_id,',%')
	-- chi
		UNION ALL
		SELECT o.created_date, 0 AS account_income_amount, IF(a.is_cash=0,o.paid,0) AS account_outcome_amount, IF(a.is_cash=0,o.note,'') AS account_note
			, 0 AS cash_income_amount, IF(a.is_cash=1,o.paid,0) AS cash_outcome_amount, IF(a.is_cash=1,o.note,'') AS cash_note
		FROM accessory_import AS o, account AS a
		WHERE DATE(o.created_date) >= STR_TO_DATE(_start_date,'%d/%m/%Y') AND DATE(o.created_date) <= STR_TO_DATE(_end_date,'%d/%m/%Y')
			AND o.account_id=a.id AND _organization_ids LIKE CONCAT('%,',a.organization_id,',%')
		UNION ALL
		SELECT o.advance_date AS created_date, 0 AS account_income_amount, IF(a.is_cash=0,o.amount,0) AS account_outcome_amount, IF(a.is_cash=0,o.note,'') AS account_note
			, 0 AS cash_income_amount, IF(a.is_cash=1,o.amount,0) AS cash_outcome_amount, IF(a.is_cash=1,o.note,'') AS cash_note
		FROM employee_advance AS o, account AS a
		WHERE DATE(o.advance_date) >= STR_TO_DATE(_start_date,'%d/%m/%Y') AND DATE(o.advance_date) <= STR_TO_DATE(_end_date,'%d/%m/%Y')
			AND o.account_id=a.id AND _organization_ids LIKE CONCAT('%,',a.organization_id,',%')
		UNION ALL
		SELECT o.created_date, 0 AS account_income_amount, IF(a.is_cash=0,o.amount,0) AS account_outcome_amount, IF(a.is_cash=0,o.note,'') AS account_note
			, 0 AS cash_income_amount, IF(a.is_cash=1,o.amount,0) AS cash_outcome_amount, IF(a.is_cash=1,o.note,'') AS cash_note
		FROM employee_off_money AS o, account AS a
		WHERE DATE(o.created_date) >= STR_TO_DATE(_start_date,'%d/%m/%Y') AND DATE(o.created_date) <= STR_TO_DATE(_end_date,'%d/%m/%Y')
			AND o.account_id=a.id AND _organization_ids LIKE CONCAT('%,',a.organization_id,',%')
		UNION ALL
		SELECT o.created_date, 0 AS account_income_amount, IF(a.is_cash=0,o.amount,0) AS account_outcome_amount, IF(a.is_cash=0,o.note,'') AS account_note
			, 0 AS cash_income_amount, IF(a.is_cash=1,o.amount,0) AS cash_outcome_amount, IF(a.is_cash=1,o.note,'') AS cash_note
		FROM expense AS o, account AS a
		WHERE DATE(o.created_date) >= STR_TO_DATE(_start_date,'%d/%m/%Y') AND DATE(o.created_date) <= STR_TO_DATE(_end_date,'%d/%m/%Y')
			AND o.account_id=a.id AND _organization_ids LIKE CONCAT('%,',a.organization_id,',%')
		UNION ALL
		SELECT o.created_date, 0 AS account_income_amount, IF(a.is_cash=0,o.paid,0) AS account_outcome_amount, IF(a.is_cash=0,o.note,'') AS account_note
			, 0 AS cash_income_amount, IF(a.is_cash=1,o.paid,0) AS cash_outcome_amount, IF(a.is_cash=1,o.note,'') AS cash_note
		FROM gas_import AS o, account AS a
		WHERE DATE(o.created_date) >= STR_TO_DATE(_start_date,'%d/%m/%Y') AND DATE(o.created_date) <= STR_TO_DATE(_end_date,'%d/%m/%Y')
			AND o.account_id=a.id AND _organization_ids LIKE CONCAT('%,',a.organization_id,',%')
		UNION ALL
		SELECT o.created_date, 0 AS account_income_amount, IF(a.is_cash=0,o.paid,0) AS account_outcome_amount, IF(a.is_cash=0,o.note,'') AS account_note
			, 0 AS cash_income_amount, IF(a.is_cash=1,o.paid,0) AS cash_outcome_amount, IF(a.is_cash=1,o.note,'') AS cash_note
		FROM good_import AS o, account AS a
		WHERE DATE(o.created_date) >= STR_TO_DATE(_start_date,'%d/%m/%Y') AND DATE(o.created_date) <= STR_TO_DATE(_end_date,'%d/%m/%Y')
			AND o.account_id=a.id AND _organization_ids LIKE CONCAT('%,',a.organization_id,',%')
		UNION ALL
		SELECT o.import_date AS created_date, 0 AS account_income_amount, IF(a.is_cash=0,o.paid,0) AS account_outcome_amount, IF(a.is_cash=0,o.note,'') AS account_note
			, 0 AS cash_income_amount, IF(a.is_cash=1,o.paid,0) AS cash_outcome_amount, IF(a.is_cash=1,o.note,'') AS cash_note
		FROM lpg_import AS o, account AS a
		WHERE DATE(o.import_date) >= STR_TO_DATE(_start_date,'%d/%m/%Y') AND DATE(o.import_date) <= STR_TO_DATE(_end_date,'%d/%m/%Y')
			AND o.account_id=a.id AND _organization_ids LIKE CONCAT('%,',a.organization_id,',%')
		UNION ALL
		SELECT o.created_date, 0 AS account_income_amount, IF(a.is_cash=0,o.paid,0) AS account_outcome_amount, IF(a.is_cash=0,o.note,'') AS account_note
			, 0 AS cash_income_amount, IF(a.is_cash=1,o.paid,0) AS cash_outcome_amount, IF(a.is_cash=1,o.note,'') AS cash_note
		FROM petro_import AS o, account AS a
		WHERE DATE(o.created_date) >= STR_TO_DATE(_start_date,'%d/%m/%Y') AND DATE(o.created_date) <= STR_TO_DATE(_end_date,'%d/%m/%Y')
			AND o.account_id=a.id AND _organization_ids LIKE CONCAT('%,',a.organization_id,',%')
		UNION ALL
		SELECT o.created_date, 0 AS account_income_amount, IF(a.is_cash=0,o.paid,0) AS account_outcome_amount, IF(a.is_cash=0,o.note,'') AS account_note
			, 0 AS cash_income_amount, IF(a.is_cash=1,o.paid,0) AS cash_outcome_amount, IF(a.is_cash=1,o.note,'') AS cash_note
		FROM promotion_material_import AS o, account AS a
		WHERE DATE(o.created_date) >= STR_TO_DATE(_start_date,'%d/%m/%Y') AND DATE(o.created_date) <= STR_TO_DATE(_end_date,'%d/%m/%Y')
			AND o.account_id=a.id AND _organization_ids LIKE CONCAT('%,',a.organization_id,',%')
		UNION ALL
		SELECT o.created_date, 0 AS account_income_amount, IF(a.is_cash=0,o.paid,0) AS account_outcome_amount, IF(a.is_cash=0,o.note,'') AS account_note
			, 0 AS cash_income_amount, IF(a.is_cash=1,o.paid,0) AS cash_outcome_amount, IF(a.is_cash=1,o.note,'') AS cash_note
		FROM retail_debt AS o, account AS a
		WHERE DATE(o.created_date) >= STR_TO_DATE(_start_date,'%d/%m/%Y') AND DATE(o.created_date) <= STR_TO_DATE(_end_date,'%d/%m/%Y')
			AND o.account_id=a.id AND _organization_ids LIKE CONCAT('%,',a.organization_id,',%')
		UNION ALL
		SELECT o.created_date, 0 AS account_income_amount, IF(a.is_cash=0,o.amount,0) AS account_outcome_amount, IF(a.is_cash=0,o.note,'') AS account_note
			, 0 AS cash_income_amount, IF(a.is_cash=1,o.amount,0) AS cash_outcome_amount, IF(a.is_cash=1,o.note,'') AS cash_note
		FROM shell_import AS o, account AS a
		WHERE DATE(o.created_date) >= STR_TO_DATE(_start_date,'%d/%m/%Y') AND DATE(o.created_date) <= STR_TO_DATE(_end_date,'%d/%m/%Y')
			AND o.account_id=a.id AND _organization_ids LIKE CONCAT('%,',a.organization_id,',%')
		UNION ALL
		SELECT o.created_date, 0 AS account_income_amount, IF(a.is_cash=0,o.paid,0) AS account_outcome_amount, IF(a.is_cash=0,o.note,'') AS account_note
			, 0 AS cash_income_amount, IF(a.is_cash=1,o.paid,0) AS cash_outcome_amount, IF(a.is_cash=1,o.note,'') AS cash_note
		FROM vendor_debt AS o, account AS a
		WHERE DATE(o.created_date) >= STR_TO_DATE(_start_date,'%d/%m/%Y') AND DATE(o.created_date) <= STR_TO_DATE(_end_date,'%d/%m/%Y')
			AND o.account_id=a.id AND _organization_ids LIKE CONCAT('%,',a.organization_id,',%')
		UNION ALL
		SELECT o.created_date, 0 AS account_income_amount, IF(a.is_cash=0,o.total,0) AS account_outcome_amount, IF(a.is_cash=0,o.note,'') AS account_note
			, 0 AS cash_income_amount, IF(a.is_cash=1,o.total,0) AS cash_outcome_amount, IF(a.is_cash=1,o.note,'') AS cash_note
		FROM borrow AS o, account AS a
		WHERE DATE(o.created_date) >= STR_TO_DATE(_start_date,'%d/%m/%Y') AND DATE(o.created_date) <= STR_TO_DATE(_end_date,'%d/%m/%Y')
			AND o.account_id=a.id AND _organization_ids LIKE CONCAT('%,',a.organization_id,',%')
	) AS tbl
	GROUP BY tbl.created_date ORDER BY tbl.created_date;
END */$$
DELIMITER ;

/* Procedure structure for procedure `report_compare` */

/*!50003 DROP PROCEDURE IF EXISTS  `report_compare` */;

DELIMITER $$

/*!50003 CREATE DEFINER=`root`@`localhost` PROCEDURE `report_compare`(IN _start_date VARCHAR(20), IN _end_date VARCHAR(20), IN _organization_ids TEXT, IN _customer_id INT
	, OUT _shell_12_debt INT, OUT _shell_45_debt INT, OUT _amount_debt DOUBLE)
BEGIN
	CALL get_in_stock_customer(_start_date, 3, _customer_id, _amount_debt, @a, _shell_12_debt, _shell_45_debt);
	SELECT created_date, SUM(COALESCE(total_pay,0)) AS total_pay, SUM(COALESCE(paid,0)) AS paid, '' AS note, SUM(COALESCE(gas_return_amount,0)) AS gas_return_amount
		, SUM(COALESCE(quantity_12,0)) AS quantity_12, SUM(IF(quantity_12>0,price_12,0)) AS price_12, SUM(IF(quantity_12>0,1,0)) AS price_12_count
		, SUM(COALESCE(quantity_45,0)) AS quantity_45, SUM(IF(quantity_45>0,price_45,0)) AS price_45, SUM(IF(quantity_45>0,1,0)) AS price_45_count
		, SUM(COALESCE(shell_return_12,0)) AS shell_return_12, SUM(COALESCE(shell_return_12t,0)) AS shell_return_12t, SUM(COALESCE(shell_return_45,0)) AS shell_return_45
	FROM(
		SELECT w.created_date, wholesale_detail_tbl.total_pay, (COALESCE(w.paid,0) + COALESCE(w.paid_old_debt_amount,0)) AS paid, w.note, w.gas_return_amount
			, 0 AS quantity_12, 0 price_12, 0 AS quantity_45, 0 AS price_45
			, 0 AS shell_return_12, 0 AS shell_return_12t, 0 AS shell_return_45
		FROM gas_wholesale AS w left join
		(
			SELECT w.id, SUM(det.price * det.quantity) AS total_pay
			FROM gas_wholesale AS w, gas_wholesale_detail AS det, employee AS eo
			WHERE w.id=det.gas_wholesale_id AND w.created_employee_id=eo.id 
				AND _organization_ids LIKE CONCAT('%,',eo.organization_id,',%')	AND w.customer_id=_customer_id 
				AND DATE(w.created_date) >= STR_TO_DATE(_start_date,'%d/%m/%Y') AND DATE(w.created_date) <= STR_TO_DATE(_end_date,'%d/%m/%Y')
			GROUP BY w.id
		) AS wholesale_detail_tbl on w.id= wholesale_detail_tbl.id
		, employee AS eo
		WHERE DATE(w.created_date) >= STR_TO_DATE(_start_date,'%d/%m/%Y') AND DATE(w.created_date) <= STR_TO_DATE(_end_date,'%d/%m/%Y')
			AND w.created_employee_id=eo.id 
			AND _organization_ids LIKE CONCAT('%,',eo.organization_id,',%')	AND w.customer_id=_customer_id 
		UNION ALL
		SELECT w.created_date, 0 AS total_pay, 0 AS paid, '' AS note, 0 AS gas_return_amount
			, IF(shell_12.id IS NOT NULL, wdet.quantity,0) AS quantity_12, IF(shell_12.id IS NOT NULL, wdet.price,0) AS price_12
			, IF(shell_45.id IS NOT NULL, wdet.quantity,0) AS quantity_45, IF(shell_45.id IS NOT NULL, wdet.price,0) AS price_45
			, 0 AS shell_return_12, 0 AS shell_return_12t, 0 AS shell_return_45
		FROM gas_wholesale AS w, employee AS eo, gas_wholesale_detail AS wdet, shell_vendor AS sv
		LEFT JOIN (SELECT s.id FROM shell AS s, shell_kind AS sk WHERE s.kind_id=sk.id AND sk.weight=12) AS shell_12 ON sv.shell_id=shell_12.id
		LEFT JOIN (SELECT s.id FROM shell AS s, shell_kind AS sk WHERE s.kind_id=sk.id AND sk.weight=45) AS shell_45 ON sv.shell_id=shell_45.id
		WHERE DATE(w.created_date) >= STR_TO_DATE(_start_date,'%d/%m/%Y') AND DATE(w.created_date) <= STR_TO_DATE(_end_date,'%d/%m/%Y')
			AND w.id=wdet.gas_wholesale_id AND wdet.shell_id=sv.id AND w.created_employee_id=eo.id 
			AND _organization_ids LIKE CONCAT('%,',eo.organization_id,',%')	AND w.customer_id=_customer_id 
		UNION ALL
		SELECT w.created_date, 0 AS total_pay, 0 AS paid, '' AS note, 0 AS gas_return_amount
			, 0 AS quantity_12, 0 AS price_12, 0 AS quantity_45, 0 AS price_45
			, IF(shell_12.id IS NOT NULL, wdet.quantity,0) AS shell_return_12
			, IF(shell_12t.id IS NOT NULL, wdet.quantity,0) AS shell_return_12t
			, IF(shell_45.id IS NOT NULL, wdet.quantity,0) AS shell_return_45
		FROM gas_wholesale AS w, employee AS eo, gas_wholesale_return_shell AS wdet
		LEFT JOIN (SELECT s.id FROM shell AS s, shell_kind AS sk WHERE s.kind_id=sk.id AND sk.weight=12 AND s.id IN (SELECT shell_id FROM organization_shell WHERE _organization_ids LIKE CONCAT('%,',organization_id,',%'))) AS shell_12 ON wdet.shell_id=shell_12.id
		LEFT JOIN (SELECT s.id FROM shell AS s, shell_kind AS sk WHERE s.kind_id=sk.id AND sk.weight=12 AND s.id NOT IN (SELECT shell_id FROM organization_shell WHERE _organization_ids LIKE CONCAT('%,',organization_id,',%'))) AS shell_12t ON wdet.shell_id=shell_12t.id
		LEFT JOIN (SELECT s.id FROM shell AS s, shell_kind AS sk WHERE s.kind_id=sk.id AND sk.weight=45) AS shell_45 ON wdet.shell_id=shell_45.id
		WHERE DATE(w.created_date) >= STR_TO_DATE(_start_date,'%d/%m/%Y') AND DATE(w.created_date) <= STR_TO_DATE(_end_date,'%d/%m/%Y')
			AND w.id=wdet.gas_wholesale_id AND w.created_employee_id=eo.id 
			AND _organization_ids LIKE CONCAT('%,',eo.organization_id,',%') AND w.customer_id=_customer_id
		UNION ALL
		SELECT w.created_date, 0 AS total_pay, 0 AS paid, w.note, 0 AS gas_return_amount
			, 0 AS quantity_12, 0 AS price_12, 0 AS quantity_45, 0 AS price_45
			, IF(shell_12.id IS NOT NULL, wdet.quantity,0) AS shell_return_12
			, IF(shell_12t.id IS NOT NULL, wdet.quantity,0) AS shell_return_12t
			, IF(shell_45.id IS NOT NULL, wdet.quantity,0) AS shell_return_45
		FROM shell_return AS w, employee AS eo, shell_return_detail AS wdet
		LEFT JOIN (SELECT s.id FROM shell AS s, shell_kind AS sk WHERE s.kind_id=sk.id AND sk.weight=12 AND s.id IN (SELECT shell_id FROM organization_shell WHERE _organization_ids LIKE CONCAT('%,',organization_id,',%'))) AS shell_12 ON wdet.shell_id=shell_12.id
		LEFT JOIN (SELECT s.id FROM shell AS s, shell_kind AS sk WHERE s.kind_id=sk.id AND sk.weight=12 AND s.id NOT IN (SELECT shell_id FROM organization_shell WHERE _organization_ids LIKE CONCAT('%,',organization_id,',%'))) AS shell_12t ON wdet.shell_id=shell_12t.id
		LEFT JOIN (SELECT s.id FROM shell AS s, shell_kind AS sk WHERE s.kind_id=sk.id AND sk.weight=45) AS shell_45 ON wdet.shell_id=shell_45.id
		WHERE DATE(w.created_date) >= STR_TO_DATE(_start_date,'%d/%m/%Y') AND DATE(w.created_date) <= STR_TO_DATE(_end_date,'%d/%m/%Y')
			AND w.id=wdet.shell_return_id AND w.created_employee_id=eo.id 
			AND _organization_ids LIKE CONCAT('%,',eo.organization_id,',%') AND w.customer_id=_customer_id
		UNION ALL
		SELECT ws.created_date, 0 AS total_pay, fd.amount as paid, fd.note, 0 AS gas_return_amount
			, 0 AS quantity_12, 0 price_12, 0 AS quantity_45, 0 AS price_45
			, 0 AS shell_return_12, 0 AS shell_return_12t, 0 AS shell_return_45
		FROM gas_wholesale AS ws, gas_wholesale_fee_detail AS fd, employee AS eo
		WHERE DATE(ws.created_date) >= STR_TO_DATE(_start_date,'%d/%m/%Y') AND DATE(ws.created_date) <= STR_TO_DATE(_end_date,'%d/%m/%Y')
			and ws.id=fd.gas_wholesale_id AND ws.created_employee_id=eo.id 
			AND _organization_ids LIKE CONCAT('%,',eo.organization_id,',%')	AND ws.customer_id=_customer_id 
	
/*
		UNION ALL
		SELECT w.created_date, w.total_pay, w.paid, w.note, 0 AS gas_return_amount
			, 0 AS quantity_12, 0 price_12, 0 AS quantity_45, 0 AS price_45
			, 0 AS shell_return_12, 0 AS shell_return_12t, 0 AS shell_return_45
		FROM good_sale AS w, employee AS eo
		WHERE DATE(w.created_date) >= STR_TO_DATE(_start_date,'%d/%m/%Y') AND DATE(w.created_date) <= STR_TO_DATE(_end_date,'%d/%m/%Y')
			AND w.created_employee_id=eo.id 
			AND _organization_ids LIKE CONCAT('%,',eo.organization_id,',%')	AND w.customer_id=_customer_id 
		UNION ALL
		SELECT w.created_date, w.total_pay, w.paid, w.note, 0 AS gas_return_amount
			, 0 AS quantity_12, 0 price_12, 0 AS quantity_45, 0 AS price_45
			, 0 AS shell_return_12, 0 AS shell_return_12t, 0 AS shell_return_45
		FROM petro_sale AS w, employee AS eo
		WHERE DATE(w.created_date) >= STR_TO_DATE(_start_date,'%d/%m/%Y') AND DATE(w.created_date) <= STR_TO_DATE(_end_date,'%d/%m/%Y')
			AND w.created_employee_id=eo.id 
			AND _organization_ids LIKE CONCAT('%,',eo.organization_id,',%')	AND w.customer_id=_customer_id 
		UNION ALL
		SELECT w.created_date, w.total_pay, w.paid, w.note, 0 AS gas_return_amount
			, 0 AS quantity_12, 0 price_12, 0 AS quantity_45, 0 AS price_45
			, 0 AS shell_return_12, 0 AS shell_return_12t, 0 AS shell_return_45
		FROM shell_sale AS w, employee AS eo
		WHERE DATE(w.created_date) >= STR_TO_DATE(_start_date,'%d/%m/%Y') AND DATE(w.created_date) <= STR_TO_DATE(_end_date,'%d/%m/%Y')
			AND w.created_employee_id=eo.id 
			AND _organization_ids LIKE CONCAT('%,',eo.organization_id,',%')	AND w.customer_id=_customer_id 
		UNION ALL
		SELECT w.sale_date AS created_date, w.amount AS total_pay, w.paid, w.note, 0 AS gas_return_amount
			, 0 AS quantity_12, 0 price_12, 0 AS quantity_45, 0 AS price_45
			, 0 AS shell_return_12, 0 AS shell_return_12t, 0 AS shell_return_45
		FROM lpg_sale AS w, employee AS eo
		WHERE DATE(w.sale_date) >= STR_TO_DATE(_start_date,'%d/%m/%Y') AND DATE(w.sale_date) <= STR_TO_DATE(_end_date,'%d/%m/%Y')
			AND w.created_employee_id=eo.id 
			AND _organization_ids LIKE CONCAT('%,',eo.organization_id,',%')	AND w.customer_id=_customer_id 
		UNION ALL
		SELECT w.created_date, 0 AS total_pay, w.paid, w.note, 0 AS gas_return_amount
			, 0 AS quantity_12, 0 price_12, 0 AS quantity_45, 0 AS price_45
			, 0 AS shell_return_12, 0 AS shell_return_12t, 0 AS shell_return_45
		FROM wholesale_debt AS w, employee AS eo
		WHERE DATE(w.created_date) >= STR_TO_DATE(_start_date,'%d/%m/%Y') AND DATE(w.created_date) <= STR_TO_DATE(_end_date,'%d/%m/%Y')
			AND w.created_employee_id=eo.id 
			AND _organization_ids LIKE CONCAT('%,',eo.organization_id,',%')	AND w.customer_id=_customer_id 
		UNION ALL
		SELECT w.created_date, w.amount AS total_pay, w.paid, w.note, 0 AS gas_return_amount
			, 0 AS quantity_12, 0 price_12, 0 AS quantity_45, 0 AS price_45
			, 0 AS shell_return_12, 0 AS shell_return_12t, 0 AS shell_return_45
		FROM transport_service AS w, employee AS eo
		WHERE DATE(w.created_date) >= STR_TO_DATE(_start_date,'%d/%m/%Y') AND DATE(w.created_date) <= STR_TO_DATE(_end_date,'%d/%m/%Y')
			AND w.created_employee_id=eo.id 
			AND _organization_ids LIKE CONCAT('%,',eo.organization_id,',%')	AND w.customer_id<>0 AND w.customer_customer_id=_customer_id
		UNION ALL
		SELECT wd.created_date, 0 AS total_pay, wd.amount AS paid, wd.note, 0 AS gas_return_amount
			, 0 AS quantity_12, 0 AS price_12, 0 AS quantity_45, 0 AS price_45
			, 0 AS shell_return_12, 0 AS shell_return_12t, 0 AS shell_return_45
		FROM debt_adjustment AS wd, employee AS eo
		WHERE DATE(wd.created_date) >= STR_TO_DATE(_start_date,'%d/%m/%Y') AND DATE(wd.created_date) <= STR_TO_DATE(_end_date,'%d/%m/%Y')
			AND wd.created_employee_id=eo.id 
			AND _organization_ids LIKE CONCAT('%,',eo.organization_id,',%') AND wd.customer_id=_customer_id
		UNION ALL
		SELECT w.created_date, w.total_pay, w.paid, w.note, 0 AS gas_return_amount
			, 0 AS quantity_12, 0 AS price_12, 0 AS quantity_45, 0 AS price_45
			, 0 AS shell_return_12, 0 AS shell_return_12t, 0 AS shell_return_45
		FROM oil_sale AS w, employee AS eo
		WHERE DATE(w.created_date) >= STR_TO_DATE(_start_date,'%d/%m/%Y') AND DATE(w.created_date) <= STR_TO_DATE(_end_date,'%d/%m/%Y')
			AND w.created_employee_id=eo.id 
			AND _organization_ids LIKE CONCAT('%,',eo.organization_id,',%') AND w.customer_id=_customer_id
		UNION ALL
		SELECT w.created_date, w.total_pay, w.paid, w.note, 0 AS gas_return_amount
			, 0 AS quantity_12, 0 AS price_12, 0 AS quantity_45, 0 AS price_45
			, 0 AS shell_return_12, 0 AS shell_return_12t, 0 AS shell_return_45
		FROM oil_sale_return AS w, employee AS eo
		WHERE DATE(w.created_date) >= STR_TO_DATE(_start_date,'%d/%m/%Y') AND DATE(w.created_date) <= STR_TO_DATE(_end_date,'%d/%m/%Y')
			AND w.created_employee_id=eo.id 
			AND _organization_ids LIKE CONCAT('%,',eo.organization_id,',%') AND w.customer_id=_customer_id
	*/
	) AS tbl
	GROUP BY tbl.created_date;
    END */$$
DELIMITER ;

/* Procedure structure for procedure `report_compare_agency_commission` */

/*!50003 DROP PROCEDURE IF EXISTS  `report_compare_agency_commission` */;

DELIMITER $$

/*!50003 CREATE DEFINER=`root`@`localhost` PROCEDURE `report_compare_agency_commission`(IN _start_date VARCHAR(20), IN _end_date VARCHAR(20), IN _organization_ids TEXT, IN _agency_id INT)
BEGIN
	SELECT c.CODE AS customer_code, c.NAME AS customer_name, o.CODE AS oil_code, o.NAME AS oil_name, u.NAME AS unit_name, COALESCE(oe.CODE,'') AS oil_export_code
		, osdet.quantity, osdet.price_before_commission AS price, osdet.amount - osdet.gap_customer_amount * osdet.quantity AS amount
		, IF(idet.id IS NOT NULL AND idet.paid=1,(osdet.gap_agency_amount * osdet.quantity + IF(os.is_calculate_agency_commission=1,osdet.price_before_commission * osdet.quantity * (IF(aco.commission IS NULL,100,aco.commission)-(osdet.commission_price+osdet.commission)) / 100,0)),0) AS commission
		, IF(idet.id IS NOT NULL AND idet.commissioned=1,1,0) AS is_paid
	FROM oil_sale AS os, oil AS o, unit AS u, customer AS c, employee AS eo, agency_customer AS ac, oil_sale_detail AS osdet
		LEFT JOIN agency_commission AS aco ON aco.agency_id=_agency_id AND (osdet.commission_price + osdet.commission) >= commission_from AND (osdet.commission_price + osdet.commission) < commission_to
		LEFT JOIN invoice_detail AS idet ON idet.oil_sale_detail_id=osdet.id
		LEFT JOIN oil_export_detail AS edet ON edet.oil_sale_detail_id=osdet.id
		LEFT JOIN oil_export AS oe ON edet.oil_export_id=oe.id
	WHERE DATE(os.created_date) >= STR_TO_DATE(_start_date,'%d/%m/%Y') AND DATE(os.created_date) <= STR_TO_DATE(_end_date,'%d/%m/%Y')
		AND os.created_employee_id=eo.id AND _organization_ids LIKE CONCAT('%,',eo.organization_id,',%')
		AND os.customer_id=c.id AND os.customer_id=ac.customer_id AND ac.agency_id=_agency_id
		AND os.id=osdet.oil_sale_id AND osdet.oil_id=o.id AND osdet.unit_id=u.id
	;
    END */$$
DELIMITER ;

/* Procedure structure for procedure `report_compare_customer_commission` */

/*!50003 DROP PROCEDURE IF EXISTS  `report_compare_customer_commission` */;

DELIMITER $$

/*!50003 CREATE DEFINER=`root`@`localhost` PROCEDURE `report_compare_customer_commission`(IN _start_date VARCHAR(20), IN _end_date VARCHAR(20), IN _organization_ids TEXT, IN _customer_id INT)
BEGIN
	SELECT o.CODE AS oil_code, o.NAME AS oil_name, u.NAME AS unit_name, COALESCE(oe.CODE,'') AS oil_export_code, osdet.quantity
, osdet.price_before_commission AS price, osdet.quantity * osdet.price_before_commission AS amount
, IF(idet.id IS NOT NULL AND idet.paid=1, osdet.gap_customer_amount * osdet.quantity, 0) AS commission
, IF(idet.id IS NOT NULL AND idet.commissioned=1,1,0) AS is_paid
FROM oil_sale AS os, oil AS o, unit AS u, employee AS eo, oil_sale_detail AS osdet
LEFT JOIN invoice_detail AS idet ON idet.oil_sale_detail_id=osdet.id
LEFT JOIN oil_export_detail AS edet ON edet.oil_sale_detail_id=osdet.id
LEFT JOIN oil_export AS oe ON edet.oil_export_id=oe.id
WHERE DATE(os.created_date) >= STR_TO_DATE(_start_date,'%d/%m/%Y') AND DATE(os.created_date) <= STR_TO_DATE(_end_date,'%d/%m/%Y')
AND os.created_employee_id=eo.id AND _organization_ids LIKE CONCAT('%,',eo.organization_id,',%')
AND os.customer_id=_customer_id
AND os.id=osdet.oil_sale_id AND osdet.oil_id=o.id AND osdet.unit_id=u.id
;
    END */$$
DELIMITER ;

/* Procedure structure for procedure `report_compare_gas` */

/*!50003 DROP PROCEDURE IF EXISTS  `report_compare_gas` */;

DELIMITER $$

/*!50003 CREATE DEFINER=`root`@`localhost` PROCEDURE `report_compare_gas`(IN _start_date VARCHAR(20), IN _end_date VARCHAR(20), IN _organization_ids TEXT, IN _vendor_id INT
	, OUT _shell12_debt INT, OUT _shell45_debt INT, OUT _amount_debt DOUBLE)
BEGIN
	CALL get_in_stock_vendor(_start_date, 3, _vendor_id, _organization_ids, _amount_debt, @a, _shell12_debt, _shell45_debt);
	
	SELECT tbl.created_date, sum(tbl.paid) as paid
		, SUM(tbl.amount_12) AS amount_12, SUM(tbl.amount_45) AS amount_45
		, SUM(tbl.quantity_12) AS quantity_12, SUM(tbl.quantity_45) AS quantity_45
		, SUM(tbl.shell_return_12) AS shell_return_12, SUM(tbl.shell_return_45) AS shell_return_45
	FROM 
	(
		SELECT w.created_date, w.paid
			, SUM(IF(shell_12.id IS NOT NULL, wdet.amount,0)) AS amount_12, SUM(IF(shell_45.id IS NOT NULL, wdet.amount,0)) AS amount_45
			, SUM(IF(shell_12.id IS NOT NULL, wdet.quantity,0)) AS quantity_12, SUM(IF(shell_45.id IS NOT NULL, wdet.quantity,0)) AS quantity_45
			, 0 AS shell_return_12, 0 AS shell_return_45
		FROM gas_import AS w, employee AS eo, gas_import_detail AS wdet, shell_vendor AS sv
		LEFT JOIN (SELECT s.id FROM shell AS s, shell_kind AS sk WHERE s.kind_id=sk.id AND sk.weight=12) AS shell_12 ON sv.shell_id=shell_12.id
		LEFT JOIN (SELECT s.id FROM shell AS s, shell_kind AS sk WHERE s.kind_id=sk.id AND sk.weight=45) AS shell_45 ON sv.shell_id=shell_45.id
		WHERE DATE(w.created_date) >= STR_TO_DATE(_start_date,'%d/%m/%Y') AND DATE(w.created_date) <= STR_TO_DATE(_end_date,'%d/%m/%Y')
			AND w.id=wdet.gas_import_id AND wdet.shell_id=sv.id AND w.vendor_id=_vendor_id 
			AND w.created_employee_id=eo.id AND _organization_ids LIKE CONCAT('%,',eo.organization_id,',%')	
		GROUP BY w.id
		UNION ALL
		SELECT w.created_date, 0 AS paid, 0 AS amount_12, 0 AS amount_45, 0 AS quantity_12, 0 AS quantity_45
			, SUM(IF(shell_12.id IS NOT NULL, wdet.quantity,0)) AS shell_return_12
			, SUM(IF(shell_45.id IS NOT NULL, wdet.quantity,0)) AS shell_return_45
		FROM shell_return_supplier AS w, employee AS eo, shell_return_supplier_detail AS wdet
		LEFT JOIN (SELECT s.id FROM shell AS s, shell_kind AS sk WHERE s.kind_id=sk.id AND sk.weight=12) AS shell_12 ON wdet.shell_id=shell_12.id
		LEFT JOIN (SELECT s.id FROM shell AS s, shell_kind AS sk WHERE s.kind_id=sk.id AND sk.weight=45) AS shell_45 ON wdet.shell_id=shell_45.id
		WHERE DATE(w.created_date) >= STR_TO_DATE(_start_date,'%d/%m/%Y') AND DATE(w.created_date) <= STR_TO_DATE(_end_date,'%d/%m/%Y')
			AND w.id=wdet.shell_return_supplier_id AND w.vendor_id=_vendor_id
			AND w.created_employee_id=eo.id AND _organization_ids LIKE CONCAT('%,',eo.organization_id,',%')	
		GROUP BY w.id
	) AS tbl
	GROUP BY tbl.created_date
	ORDER BY tbl.created_date;
    END */$$
DELIMITER ;

/* Procedure structure for procedure `report_compare_good` */

/*!50003 DROP PROCEDURE IF EXISTS  `report_compare_good` */;

DELIMITER $$

/*!50003 CREATE DEFINER=`root`@`localhost` PROCEDURE `report_compare_good`(IN _start_date VARCHAR(20), IN _end_date VARCHAR(20), IN _organization_ids TEXT, IN _customer_id INT, OUT _opening_stock INT)
BEGIN
	CALL get_in_stock_customer(_start_date, 3, _customer_id, _opening_stock, @a, @a, @a);
	
	SELECT w.created_date, g.code as goodCode, g.name as goodName, wdet.quantity, wdet.price, wdet.amount, w.paid
	FROM good_sale AS w, good_sale_detail AS wdet, employee AS eo, good as g
	WHERE DATE(w.created_date) >= STR_TO_DATE(_start_date,'%d/%m/%Y') AND DATE(w.created_date) <= STR_TO_DATE(_end_date,'%d/%m/%Y')
		AND w.id=wdet.good_sale_id AND w.customer_id=_customer_id  and wdet.good_id=g.id
		AND w.created_employee_id=eo.id AND _organization_ids LIKE CONCAT('%,',eo.organization_id,',%')	
	order by wdet.id;
    END */$$
DELIMITER ;

/* Procedure structure for procedure `report_compare_lpg` */

/*!50003 DROP PROCEDURE IF EXISTS  `report_compare_lpg` */;

DELIMITER $$

/*!50003 CREATE DEFINER=`root`@`localhost` PROCEDURE `report_compare_lpg`(IN _start_date VARCHAR(20), IN _end_date VARCHAR(20), IN _organization_ids TEXT, IN _customer_id INT, OUT _amount_debt DOUBLE)
BEGIN
	CALL get_in_stock_customer(_start_date, 3, _customer_id, _amount_debt, @a, @a, @a);
	
	select * from(
		select ls.sale_date as created_date, '' as content, ls.quantity, ls.price, ls.price_transport, ls.vat, ls.rate, ls.amount, ls.paid, ls.debt, ls.note
		from lpg_sale as ls, employee as eo
		where DATE(ls.sale_date) >= STR_TO_DATE(_start_date,'%d/%m/%Y') AND DATE(ls.sale_date) <= STR_TO_DATE(_end_date,'%d/%m/%Y')
			and ls.created_employee_id=eo.id AND _organization_ids LIKE CONCAT('%,',eo.organization_id,',%') and ls.customer_id=_customer_id
		union all
		select wd.created_date, '' as content, 0 as quantity, 0 as price, 0 as price_transport, 0 as vat, 0 as rate, 0 as amount, wd.paid, 0 as debt, wd.note
		from wholesale_debt as wd, employee AS eo
		where DATE(wd.created_date) >= STR_TO_DATE(_start_date,'%d/%m/%Y') AND DATE(wd.created_date) <= STR_TO_DATE(_end_date,'%d/%m/%Y')
			AND wd.created_employee_id=eo.id AND _organization_ids LIKE CONCAT('%,',eo.organization_id,',%') AND wd.customer_id=_customer_id
	) as tbl order by created_date
	;
    END */$$
DELIMITER ;

/* Procedure structure for procedure `report_compare_lpg_vendor_customer` */

/*!50003 DROP PROCEDURE IF EXISTS  `report_compare_lpg_vendor_customer` */;

DELIMITER $$

/*!50003 CREATE DEFINER=`root`@`localhost` PROCEDURE `report_compare_lpg_vendor_customer`(IN _start_date VARCHAR(20), IN _end_date VARCHAR(20), IN _organization_ids TEXT
	, IN _vendor_customer_id INT, OUT _opening_stock DOUBLE, out _vendor_name text)
BEGIN
	DECLARE _vendor_id, _customer_id INT DEFAULT 0;
	DECLARE _vendor_debt, _customer_debt, _customer_amount, _customer_transport_amount, _amount_debt, _transport_amount_debt DOUBLE DEFAULT 0;
	
	SELECT vendor_id, customer_id INTO _vendor_id, _customer_id FROM vendor_customer WHERE id=_vendor_customer_id;
	
	select `name` into _vendor_name from vendor where id=_vendor_id;
	
	CALL get_in_stock_customer(_start_date, 3, _customer_id, _customer_amount, _customer_transport_amount, @a, @a);
	
	set _customer_debt = _customer_amount + _customer_transport_amount;
	
	CALL get_in_stock_vendor(_start_date, 3, _vendor_id, _organization_ids, _amount_debt, _transport_amount_debt, @a, @a);
	
	set _vendor_debt = _amount_debt + _transport_amount_debt;
	
	SET _opening_stock = _customer_debt + _vendor_debt;
	
	SELECT * FROM(
		SELECT ls.sale_date AS created_date, 'BAN' AS content_code, 'Bán hàng' AS content, -ls.quantity AS in_quantity, 0 AS out_quantity, 0 AS transport_quantity
			, ls.price, ls.rate, -ls.amount as amount, -ls.paid as paid, -ls.debt as debt, ls.note, 0 AS link_lpg_quantity
		FROM lpg_sale AS ls, employee AS eo
		WHERE DATE(ls.sale_date) >= STR_TO_DATE(_start_date,'%d/%m/%Y') AND DATE(ls.sale_date) <= STR_TO_DATE(_end_date,'%d/%m/%Y')
			AND ls.kind=1 AND ls.created_employee_id=eo.id AND _organization_ids LIKE CONCAT('%,',eo.organization_id,',%') AND ls.customer_id=_customer_id
		UNION ALL
		SELECT ls.sale_date AS created_date, 'TRA' AS content_code, 'Trả hàng/Cho mượn hàng' AS content, -ls.quantity AS in_quantity, 0 AS out_quantity, 0 AS transport_quantity
			, ls.price, ls.rate, 0 AS amount, 0 AS paid, 0 AS debt, ls.note, 0 AS link_lpg_quantity
		FROM lpg_sale AS ls, employee AS eo
		WHERE DATE(ls.sale_date) >= STR_TO_DATE(_start_date,'%d/%m/%Y') AND DATE(ls.sale_date) <= STR_TO_DATE(_end_date,'%d/%m/%Y')
			AND ls.kind<>1 AND ls.created_employee_id=eo.id AND _organization_ids LIKE CONCAT('%,',eo.organization_id,',%') AND ls.customer_id=_customer_id
		UNION ALL
		SELECT ls.import_date AS created_date, 'MUA' AS content_code, 'Mua hàng' AS content, ls.paper_quantity AS in_quantity, 0 AS out_quantity, 0 AS transport_quantity
			, ls.price, ls.rate, ls.amount AS amount, ls.paid AS paid, ls.debt AS debt, ls.note, 0 AS link_lpg_quantity
		FROM lpg_import AS ls, employee AS eo
		WHERE DATE(ls.import_date) >= STR_TO_DATE(_start_date,'%d/%m/%Y') AND DATE(ls.import_date) <= STR_TO_DATE(_end_date,'%d/%m/%Y')
			AND ls.kind=1 AND ls.created_employee_id=eo.id AND _organization_ids LIKE CONCAT('%,',eo.organization_id,',%') AND ls.vendor_id=_vendor_id
		UNION ALL
		SELECT ls.import_date AS created_date, 'MUON' AS content_code, 'Mượn hàng/Nhận trả hàng' AS content, ls.paper_quantity AS in_quantity, 0 AS out_quantity
			, 0 AS transport_quantity, ls.price, ls.rate, 0 AS amount, 0 AS paid, 0 AS debt, ls.note
			, (SELECT SUM(quantity) FROM lpg_sale WHERE CONCAT(',',ls.link_lpg_ids,',') LIKE CONCAT('%,',id,',%')) AS link_lpg_quantity
		FROM lpg_import AS ls, employee AS eo
		WHERE DATE(ls.import_date) >= STR_TO_DATE(_start_date,'%d/%m/%Y') AND DATE(ls.import_date) <= STR_TO_DATE(_end_date,'%d/%m/%Y')
			AND ls.kind<>1 AND ls.created_employee_id=eo.id AND _organization_ids LIKE CONCAT('%,',eo.organization_id,',%') AND ls.vendor_id=_vendor_id
		UNION ALL
		SELECT ls.created_date AS created_date, 'VAN' AS content_code, 'Vận chuyển' AS content, 0 AS in_quantity, 0 AS out_quantity, ls.in_quantity AS transport_quantity
			, ls.price, ls.rate, -(ls.vendor_amount + ls.customer_amount) AS amount, -ls.paid as paid, -ls.debt as debt, ls.note, 0 AS link_lpg_quantity
		FROM transport_service AS ls
		WHERE DATE(ls.created_date) >= STR_TO_DATE(_start_date,'%d/%m/%Y') AND DATE(ls.created_date) <= STR_TO_DATE(_end_date,'%d/%m/%Y')
			AND _organization_ids LIKE CONCAT('%,',ls.money_organization_id,',%') AND (ls.vendor_vendor_id=_vendor_id OR ls.customer_customer_id=_customer_id)
		UNION ALL
		SELECT ls.created_date AS created_date, 'DIEU' AS content_code, 'Điều chỉnh' AS content, 0 AS in_quantity, 0 AS out_quantity, 0 AS transport_quantity
			, 0 AS price, 0 AS rate, -ls.amount AS amount, 0 AS paid, 0 AS debt, ls.note, 0 AS link_lpg_quantity
		FROM debt_adjustment AS ls, employee AS eo
		WHERE DATE(ls.created_date) >= STR_TO_DATE(_start_date,'%d/%m/%Y') AND DATE(ls.created_date) <= STR_TO_DATE(_end_date,'%d/%m/%Y')
			AND ls.created_employee_id=eo.id AND _organization_ids LIKE CONCAT('%,',eo.organization_id,',%') 
			AND (ls.vendor_id=_vendor_id OR ls.customer_id=_customer_id) and ls.kind=1 -- dieu chinh tien hang
		UNION ALL
		SELECT ls.created_date AS created_date, 'DIEU' AS content_code, 'Điều chỉnh' AS content, 0 AS in_quantity, 0 AS out_quantity, 0 AS transport_quantity
			, 0 AS price, 0 AS rate, ls.amount AS amount, 0 AS paid, 0 AS debt, ls.note, 0 AS link_lpg_quantity
		FROM debt_adjustment AS ls, employee AS eo
		WHERE DATE(ls.created_date) >= STR_TO_DATE(_start_date,'%d/%m/%Y') AND DATE(ls.created_date) <= STR_TO_DATE(_end_date,'%d/%m/%Y')
			AND ls.created_employee_id=eo.id AND _organization_ids LIKE CONCAT('%,',eo.organization_id,',%') 
			AND (ls.vendor_id=_vendor_id OR ls.customer_id=_customer_id) and ls.kind=2 -- dieu chinh tien van chuyen
		UNION ALL
		SELECT wd.created_date, 'NO' AS content_code, 'Công nợ' AS content, 0 AS in_quantity, 0 AS out_quantity, 0 AS transport_quantity, 0 AS price, 0 AS rate
			, 0 AS amount, -wd.paid as paid, 0 AS debt, wd.note, 0 AS link_lpg_quantity
		FROM wholesale_debt AS wd, employee AS eo
		WHERE DATE(wd.created_date) >= STR_TO_DATE(_start_date,'%d/%m/%Y') AND DATE(wd.created_date) <= STR_TO_DATE(_end_date,'%d/%m/%Y')
			AND wd.created_employee_id=eo.id AND _organization_ids LIKE CONCAT('%,',eo.organization_id,',%') AND wd.customer_id=_customer_id
		UNION ALL
		SELECT wd.created_date, 'NO' AS content_code, 'Công nợ' AS content, 0 AS in_quantity, 0 AS out_quantity, 0 AS transport_quantity, 0 AS price, 0 AS rate
			, 0 AS amount, wd.paid as paid, 0 AS debt, wd.note, 0 AS link_lpg_quantity
		FROM vendor_debt AS wd, employee AS eo
		WHERE DATE(wd.created_date) >= STR_TO_DATE(_start_date,'%d/%m/%Y') AND DATE(wd.created_date) <= STR_TO_DATE(_end_date,'%d/%m/%Y')
			AND wd.created_employee_id=eo.id AND _organization_ids LIKE CONCAT('%,',eo.organization_id,',%') AND wd.vendor_id=_vendor_id
	) AS tbl ORDER BY created_date
	;
	
    END */$$
DELIMITER ;

/* Procedure structure for procedure `report_compare_vendor` */

/*!50003 DROP PROCEDURE IF EXISTS  `report_compare_vendor` */;

DELIMITER $$

/*!50003 CREATE DEFINER=`root`@`localhost` PROCEDURE `report_compare_vendor`(IN _start_date VARCHAR(20), IN _end_date VARCHAR(20), IN _organization_ids TEXT, IN _vendor_id INT, OUT _opening_debt DOUBLE)
BEGIN
	DECLARE _customer_id INT DEFAULT -1;
	declare _amount_debt, _transport_amount_debt double default 0;
	
	SELECT customer_id INTO _customer_id FROM vendor_customer WHERE vendor_id=_vendor_id AND _organization_ids LIKE CONCAT('%,',organization_id,',%') LIMIT 1;
	
	CALL get_in_stock_vendor(_start_date, 3, _vendor_id, _organization_ids, _amount_debt, _transport_amount_debt, @a, @a);
	
	set _opening_debt = _amount_debt + _transport_amount_debt;
		
	SELECT tbl.* FROM(
		SELECT w.import_date AS created_date, CONCAT('Nhập LPG ', w.CODE) AS content, w.paper_quantity as quantity, w.price, w.rate, w.amount, w.paid
		FROM lpg_import AS w, employee AS eo
		WHERE DATE(w.import_date) >= STR_TO_DATE(_start_date,'%d/%m/%Y') AND DATE(w.import_date) <= STR_TO_DATE(_end_date,'%d/%m/%Y')
			AND w.created_employee_id=eo.id AND _organization_ids LIKE CONCAT('%,',eo.organization_id,',%')	
			AND w.vendor_id=_vendor_id
		UNION ALL
		SELECT w.sale_date AS created_date, CONCAT('Bán LPG ', w.CODE) AS content, w.quantity, w.price, w.rate, -w.amount AS amount, -w.paid AS paid
		FROM lpg_sale AS w, employee AS eo
		WHERE DATE(w.sale_date) >= STR_TO_DATE(_start_date,'%d/%m/%Y') AND DATE(w.sale_date) <= STR_TO_DATE(_end_date,'%d/%m/%Y')
			AND w.created_employee_id=eo.id AND _organization_ids LIKE CONCAT('%,',eo.organization_id,',%')	
			AND w.customer_id=_customer_id
		UNION ALL
		SELECT w.created_date, CONCAT('Nhập gas ', w.CODE) AS content, 0 as quantity, 0 as price, w.rate, w.total AS amount, w.paid
		FROM gas_import AS w, employee AS eo
		WHERE DATE(w.created_date) >= STR_TO_DATE(_start_date,'%d/%m/%Y') AND DATE(w.created_date) <= STR_TO_DATE(_end_date,'%d/%m/%Y')
			AND w.created_employee_id=eo.id AND _organization_ids LIKE CONCAT('%,',eo.organization_id,',%')	
			AND w.vendor_id=_vendor_id
		UNION ALL
		SELECT w.created_date, CONCAT('Nhập xăng ', w.CODE) AS content, 0 AS quantity, 0 AS price, w.rate, w.total AS amount, w.paid
		FROM petro_import AS w, employee AS eo
		WHERE DATE(w.created_date) >= STR_TO_DATE(_start_date,'%d/%m/%Y') AND DATE(w.created_date) <= STR_TO_DATE(_end_date,'%d/%m/%Y')
			AND w.created_employee_id=eo.id AND _organization_ids LIKE CONCAT('%,',eo.organization_id,',%')	
			AND w.vendor_id=_vendor_id
		UNION ALL
		SELECT w.created_date, CONCAT('Nhập hàng hóa ', w.CODE) AS content, 0 AS quantity, 0 AS price, w.rate, w.total AS amount, w.paid
		FROM good_import AS w, employee AS eo
		WHERE DATE(w.created_date) >= STR_TO_DATE(_start_date,'%d/%m/%Y') AND DATE(w.created_date) <= STR_TO_DATE(_end_date,'%d/%m/%Y')
			AND w.created_employee_id=eo.id AND _organization_ids LIKE CONCAT('%,',eo.organization_id,',%')	
			AND w.vendor_id=_vendor_id
		UNION ALL
		SELECT w.created_date, CONCAT('Nhập phụ kiện ', w.CODE) AS content, 0 AS quantity, 0 AS price, 0 as rate, w.total AS amount, w.paid
		FROM accessory_import AS w, employee AS eo
		WHERE DATE(w.created_date) >= STR_TO_DATE(_start_date,'%d/%m/%Y') AND DATE(w.created_date) <= STR_TO_DATE(_end_date,'%d/%m/%Y')
			AND w.created_employee_id=eo.id AND _organization_ids LIKE CONCAT('%,',eo.organization_id,',%')	
			AND w.vendor_id=_vendor_id
		UNION ALL
		SELECT w.created_date, CONCAT('Nhập hàng khuyến mãi ', w.CODE) AS content, 0 AS quantity, 0 AS price, 0 as rate, w.total AS amount, w.paid
		FROM promotion_material_import AS w, employee AS eo
		WHERE DATE(w.created_date) >= STR_TO_DATE(_start_date,'%d/%m/%Y') AND DATE(w.created_date) <= STR_TO_DATE(_end_date,'%d/%m/%Y')
			AND w.created_employee_id=eo.id AND _organization_ids LIKE CONCAT('%,',eo.organization_id,',%')	
			AND w.vendor_id=_vendor_id
		UNION ALL
		SELECT w.created_date, CONCAT('Thanh toán công nợ NCC ', w.CODE) AS content, 0 AS quantity, 0 AS price, 0 as rate, 0 AS amount, w.paid
		FROM vendor_debt AS w, employee AS eo
		WHERE DATE(w.created_date) >= STR_TO_DATE(_start_date,'%d/%m/%Y') AND DATE(w.created_date) <= STR_TO_DATE(_end_date,'%d/%m/%Y')
			AND w.created_employee_id=eo.id AND _organization_ids LIKE CONCAT('%,',eo.organization_id,',%')	
			AND w.vendor_id=_vendor_id
		UNION ALL
		SELECT w.created_date, CONCAT('Thanh toán công nợ KH ', w.CODE) AS content, 0 AS quantity, 0 AS price, 0 AS rate, 0 AS amount, -w.paid AS paid
		FROM wholesale_debt AS w, employee AS eo
		WHERE DATE(w.created_date) >= STR_TO_DATE(_start_date,'%d/%m/%Y') AND DATE(w.created_date) <= STR_TO_DATE(_end_date,'%d/%m/%Y')
			AND w.created_employee_id=eo.id AND _organization_ids LIKE CONCAT('%,',eo.organization_id,',%')	
			AND w.customer_id=_customer_id
		UNION ALL
		SELECT w.created_date, CONCAT('Điều chỉnh công nợ ', w.CODE) AS content, 0 AS quantity, 0 AS price, 0 AS rate, w.amount, 0 AS paid
		FROM debt_adjustment AS w, employee AS eo
		WHERE DATE(w.created_date) >= STR_TO_DATE(_start_date,'%d/%m/%Y') AND DATE(w.created_date) <= STR_TO_DATE(_end_date,'%d/%m/%Y')
			AND w.created_employee_id=eo.id AND _organization_ids LIKE CONCAT('%,',eo.organization_id,',%')	
			AND (w.vendor_id=_vendor_id OR w.customer_id=_customer_id)
	) AS tbl
	where tbl.amount<>0 or tbl.paid<>0
	ORDER BY tbl.created_date
	;
    END */$$
DELIMITER ;

/* Procedure structure for procedure `report_employee_off` */

/*!50003 DROP PROCEDURE IF EXISTS  `report_employee_off` */;

DELIMITER $$

/*!50003 CREATE DEFINER=`root`@`localhost` PROCEDURE `report_employee_off`(IN _year int, IN _organization_ids TEXT)
BEGIN
	declare _total float default 0;
	select `value` into _total from parameter where code='dayoffperyear';
	
	SELECT employee_tbl.id, employee_tbl.fullname as employee_name, _total as total, coalesce(employee_off_increase_total_tbl.dayoff_quantity,0) as dayoff_quantity_total
		, coalesce(employee_off_increase_tbl.dayoff_id,0) as dayoff_id, coalesce(employee_off_increase_tbl.dayoff_quantity,0) as dayoff_quantity, coalesce(employee_off_increase_tbl.dayoff_name,'') as dayoff_name
		, if(employee_off_tbl.off_month='01',COALESCE(employee_off_tbl.quantity,0),0) AS month_01
		, IF(employee_off_tbl.off_month='02',COALESCE(employee_off_tbl.quantity,0),0) AS month_02
		, IF(employee_off_tbl.off_month='03',COALESCE(employee_off_tbl.quantity,0),0) AS month_03
		, IF(employee_off_tbl.off_month='04',COALESCE(employee_off_tbl.quantity,0),0) AS month_04
		, IF(employee_off_tbl.off_month='05',COALESCE(employee_off_tbl.quantity,0),0) AS month_05
		, IF(employee_off_tbl.off_month='06',COALESCE(employee_off_tbl.quantity,0),0) AS month_06
		, IF(employee_off_tbl.off_month='07',COALESCE(employee_off_tbl.quantity,0),0) AS month_07
		, IF(employee_off_tbl.off_month='08',COALESCE(employee_off_tbl.quantity,0),0) AS month_08
		, IF(employee_off_tbl.off_month='09',COALESCE(employee_off_tbl.quantity,0),0) AS month_09
		, IF(employee_off_tbl.off_month='10',COALESCE(employee_off_tbl.quantity,0),0) AS month_10
		, IF(employee_off_tbl.off_month='11',COALESCE(employee_off_tbl.quantity,0),0) AS month_11
		, IF(employee_off_tbl.off_month='12',COALESCE(employee_off_tbl.quantity,0),0) AS month_12
	FROM
	(
		SELECT e.id, e.fullname
		FROM employee as e
		WHERE e.STATUS=1 AND _organization_ids LIKE CONCAT('%,',e.organization_id,',%')
	) AS employee_tbl
	LEFT JOIN
	(
		SELECT employee_id, DATE_FORMAT(created_date, '%m') AS off_month, SUM(quantity) AS quantity FROM
		(
			SELECT eo.employee_id, eo.created_date , eo.actual_off_day as quantity
			FROM employee_off AS eo
			WHERE year(eo.created_date) >= _year and YEAR(eo.created_date) <= _year
		) AS tbl GROUP BY employee_id, year(created_date), month(created_date)
	) AS employee_off_tbl ON employee_off_tbl.employee_id=employee_tbl.id
	LEFT JOIN
	(
		SELECT employee_id, SUM(quantity) AS dayoff_quantity, dayoff_id, dayoff_name FROM
		(
			SELECT ei.employee_id, ei.quantity, o.id as dayoff_id, o.name as dayoff_name
			FROM employee_off_increase AS ei, dayoff as o
			WHERE YEAR(ei.created_date) >= _year AND YEAR(ei.created_date) <= _year
				and ei.dayoff_id=o.id
		) AS tbl GROUP BY employee_id, dayoff_id
	) AS employee_off_increase_tbl ON employee_off_increase_tbl.employee_id=employee_tbl.id
	LEFT JOIN
	(
		SELECT employee_id, SUM(quantity) AS dayoff_quantity FROM
		(
			SELECT ei.employee_id, ei.quantity
			FROM employee_off_increase AS ei
			WHERE YEAR(ei.created_date) >= _year AND YEAR(ei.created_date) <= _year
		) AS tbl GROUP BY employee_id
	) AS employee_off_increase_total_tbl ON employee_off_increase_total_tbl.employee_id=employee_tbl.id
	order by employee_tbl.fullname, employee_off_increase_tbl.dayoff_name
	;
    END */$$
DELIMITER ;

/* Procedure structure for procedure `report_employee_route_fee` */

/*!50003 DROP PROCEDURE IF EXISTS  `report_employee_route_fee` */;

DELIMITER $$

/*!50003 CREATE DEFINER=`root`@`localhost` PROCEDURE `report_employee_route_fee`(IN _start_date VARCHAR(20), IN _end_date VARCHAR(20), in _employee_id int)
BEGIN
	declare _param_100km, _param_1000kg double default 0;
	select `value` into _param_100km from parameter where code='100km';
	SELECT `value` INTO _param_1000kg FROM parameter WHERE CODE='1000kggas';
	
	SELECT i.CODE, i.created_date, r.NAME AS route_name, r.distance, i.in_quantity, i.out_quantity, i.total_quantity, i.price, i.amount, i.note, i.store
		, _param_100km as param_100km, _param_1000kg as param_1000kg
	FROM employee_route_fee AS i, route AS r
	WHERE i.route_id=r.id AND i.employee_id=_employee_id
		AND DATE(i.created_date) >= STR_TO_DATE(_start_date,'%d/%m/%Y') AND DATE(i.created_date) <= STR_TO_DATE(_end_date,'%d/%m/%Y')
	;
    END */$$
DELIMITER ;

/* Procedure structure for procedure `report_employee_salary` */

/*!50003 DROP PROCEDURE IF EXISTS  `report_employee_salary` */;

DELIMITER $$

/*!50003 CREATE DEFINER=`root`@`localhost` PROCEDURE `report_employee_salary`(IN _start_date VARCHAR(20), IN _end_date VARCHAR(20), IN _organization_ids TEXT)
BEGIN
	SELECT e.fullname as employee_name, sum(i.working_day) as working_day, sum(i.basic_salary) as basic_salary, sum(i.real_salary) as real_salary
		, sum(i.field_amount + i.timesheet_amount) as salary_field, sum(i.commission) as commission, sum(i.bonus) as bonus, sum(i.total) as total
		, sum(i.advance) as advance, sum(i.bhxh) as bhxh, sum(i.actual_received) as actual_received, sum(i.panelty) as panelty
	FROM employee_salary AS i, employee AS e
	WHERE DATE(i.created_date) >= STR_TO_DATE(_start_date,'%d/%m/%Y') AND DATE(i.created_date) <= STR_TO_DATE(_end_date,'%d/%m/%Y')
		AND i.employee_id=e.id AND _organization_ids LIKE CONCAT('%,',e.organization_id,',%') and e.status=1
	group by e.id
	;
    END */$$
DELIMITER ;

/* Procedure structure for procedure `report_employee_working_time` */

/*!50003 DROP PROCEDURE IF EXISTS  `report_employee_working_time` */;

DELIMITER $$

/*!50003 CREATE DEFINER=`root`@`localhost` PROCEDURE `report_employee_working_time`(IN _organization_ids TEXT)
BEGIN
	SELECT e.fullname as employee_name, coalesce(e.start_date,'') as start_date, e.salary * 0.02 AS seniority
		, (12 - MONTH(e.start_date) + (YEAR(sysdate()) - YEAR(e.start_date) - 1) * 12 + MONTH(sysdate())) / 12 as year_count
		, ((12 - MONTH(e.start_date) + (YEAR(sysdate()) - YEAR(e.start_date) - 1) * 12 + MONTH(sysdate())) / 12) DIV 2 as enought2
		, ((12 - MONTH(e.start_date) + (YEAR(sysdate()) - YEAR(e.start_date) - 1) * 12 + MONTH(sysdate())) / 12) mod 2 AS not_enought2
	FROM employee AS e
	WHERE e.STATUS=1 AND _organization_ids LIKE CONCAT('%,',e.organization_id,',%')
	;
    END */$$
DELIMITER ;

/* Procedure structure for procedure `report_gas_commission` */

/*!50003 DROP PROCEDURE IF EXISTS  `report_gas_commission` */;

DELIMITER $$

/*!50003 CREATE DEFINER=`root`@`localhost` PROCEDURE `report_gas_commission`(IN _start_date VARCHAR(20), IN _end_date VARCHAR(20), IN _organization_ids TEXT
	, IN _employee_id INT, IN _accessory_kind_id INT, IN _employee_oil_commission_id INT, IN _session_id VARCHAR(255), OUT _employee_ids TEXT
	, OUT _accessory_kind_ids TEXT, OUT _employee_oil_commission_ids TEXT, OUT _commission_12 DOUBLE, OUT _commission_45 DOUBLE, OUT _commission_lovo DOUBLE)
BEGIN
	DECLARE _from_date DATE;
	
	SELECT STR_TO_DATE(_start_date,'%d/%m/%Y') INTO _from_date;
	
	SELECT COALESCE(commission,0) INTO _commission_12 FROM shell_kind WHERE weight=12;
	
	SELECT COALESCE(commission,0) INTO _commission_45 FROM shell_kind WHERE weight=45;
	
	SELECT CAST(`value` AS SIGNED INTEGER) INTO _commission_lovo FROM parameter WHERE `code`='lovo';
	
	IF _employee_id=0 THEN
		DELETE FROM temp_gas_commission WHERE session_id=_session_id;
	
		INSERT INTO temp_gas_commission(session_id, id, created_date, quantity_12, quantity_45, quantity_lovo, accessory_kind_id, quantity_accessory
			, commission_accessory, employee_ids, employee_count, vehicle_plate, kind
			, employee_oil_commission_id, quantity_employee_oil_commission, commission_employee_oil_commission)
		SELECT _session_id, tbl.vehicle_out_id, vo.created_date, COALESCE(tbl.quantity_12,0) AS quantity_12, COALESCE(tbl.quantity_45,0) AS quantity_45
			, 0 AS quantity_lovo, 0 AS accessory_kind_id, 0 AS quantity_accessory, 0 AS commission_accessory
			, GROUP_CONCAT(ve.employee_id) AS employee_ids, COUNT(ve.id) AS employee_count, v.plate, 'out'
			, 0 as employee_oil_commission_id, 0 AS quantity_employee_oil_commission, 0 AS commission_employee_oil_commission
		FROM
		(
			SELECT w.vehicle_out_id
				, SUM(IF(shell_12.id IS NOT NULL, wdet.quantity,0)) AS quantity_12
				, SUM(IF(shell_45.id IS NOT NULL, wdet.quantity,0)) AS quantity_45
			FROM gas_wholesale AS w, gas_wholesale_detail AS wdet, employee AS eo, shell_vendor AS sv
			LEFT JOIN (SELECT s.id FROM shell AS s, shell_kind AS sk WHERE s.kind_id=sk.id AND sk.weight=12) AS shell_12 ON sv.shell_id=shell_12.id
			LEFT JOIN (SELECT s.id FROM shell AS s, shell_kind AS sk WHERE s.kind_id=sk.id AND sk.weight=45) AS shell_45 ON sv.shell_id=shell_45.id
			WHERE DATE(w.created_date) >= STR_TO_DATE(_start_date,'%d/%m/%Y') AND DATE(w.created_date) <= STR_TO_DATE(_end_date,'%d/%m/%Y')
				AND w.id=wdet.gas_wholesale_id AND wdet.shell_id=sv.id
				AND w.created_employee_id=eo.id AND _organization_ids LIKE CONCAT('%,',eo.organization_id,',%')
			GROUP BY w.vehicle_out_id
		) AS tbl
		, vehicle_out_employee_detail AS ve, vehicle_out AS vo, vehicle AS v
		WHERE tbl.vehicle_out_id=ve.vehicle_out_id AND tbl.vehicle_out_id=vo.id AND vo.vehicle_id=v.id
		GROUP BY tbl.vehicle_out_id
		UNION ALL
		SELECT _session_id, lv.id, lv.created_date, 0 AS quantity_12, 0 AS quantity_45, lv.quantity AS quantity_lovo
			, 0 AS accessory_kind_id, 0 AS quantity_accessory, 0 AS commission_accessory
			, GROUP_CONCAT(lve.employee_id) AS employee_ids, COUNT(lve.id) AS employee_count , '' AS plate, 'lovo'
			, 0 AS employee_oil_commission_id, 0 AS quantity_employee_oil_commission, 0 AS commission_employee_oil_commission
		FROM lo_vo AS lv, lo_vo_employee_detail AS lve, employee AS eo
		WHERE DATE(lv.created_date) >= STR_TO_DATE(_start_date,'%d/%m/%Y') AND DATE(lv.created_date) <= STR_TO_DATE(_end_date,'%d/%m/%Y')
			AND lv.id=lve.lo_vo_id AND lv.created_employee_id=eo.id AND _organization_ids LIKE CONCAT('%,',eo.organization_id,',%')
		GROUP BY lv.id
		UNION ALL
		SELECT _session_id, tbl.vehicle_out_id, vo.created_date, 0 AS quantity_12, 0 AS quantity_45, 0 AS quantity_lovo
			, tbl.kind_id, tbl.quantity_accessory, tbl.commission AS commission_accessory
			, GROUP_CONCAT(ve.employee_id) AS employee_ids, COUNT(ve.id) AS employee_count, v.plate, 'acc'
			, 0 AS employee_oil_commission_id, 0 AS quantity_employee_oil_commission, 0 AS commission_employee_oil_commission
		FROM
		(
			SELECT v.vehicle_out_id, SUM(vadet.quantity) AS quantity_accessory, a.kind_id, ak.commission
			FROM vehicle_in AS v, vehicle_in_accessory_detail AS vadet, employee AS eo, accessory AS a, accessory_kind AS ak
			WHERE DATE(v.created_date) >= STR_TO_DATE(_start_date,'%d/%m/%Y') AND DATE(v.created_date) <= STR_TO_DATE(_end_date,'%d/%m/%Y')
				AND v.id=vadet.vehicle_in_id AND vadet.accessory_id=a.id AND a.kind_id=ak.id
				AND v.created_employee_id=eo.id AND _organization_ids LIKE CONCAT('%,',eo.organization_id,',%')
			GROUP BY v.id, a.kind_id
		) AS tbl
		, vehicle_out_employee_detail AS ve, vehicle_out AS vo, vehicle AS v
		WHERE tbl.vehicle_out_id=ve.vehicle_out_id AND tbl.vehicle_out_id=vo.id AND vo.vehicle_id=v.id
		GROUP BY tbl.vehicle_out_id, tbl.kind_id
		union all
		SELECT _session_id, tbl.vehicle_out_id, vo.created_date, 0 AS quantity_12, 0 AS quantity_45, 0 AS quantity_lovo
			, 0 as kind_id, 0 as quantity_accessory, 0 AS commission_accessory
			, GROUP_CONCAT(ve.employee_id) AS employee_ids, COUNT(ve.id) AS employee_count, v.plate, 'oil'
			, tbl.employee_oil_commission_id, tbl.quantity_accessory as quantity_employee_oil_commission, tbl.amount AS commission_employee_oil_commission
		FROM
		(
			SELECT v.vehicle_out_id, SUM(oe.quantity) AS quantity_accessory, eoc.id as employee_oil_commission_id, eoc.amount
			FROM vehicle_in AS v, vehicle_in_oil_export_detail AS vadet, employee AS eo, oil_export_detail AS oe, oil AS o, employee_oil_commission as eoc
			WHERE DATE(v.created_date) >= STR_TO_DATE(_start_date,'%d/%m/%Y') AND DATE(v.created_date) <= STR_TO_DATE(_end_date,'%d/%m/%Y')
				AND v.id=vadet.vehicle_in_id AND vadet.oil_export_id=oe.oil_export_id AND oe.oil_id=o.id and o.employee_commission_id=eoc.id
				AND v.created_employee_id=eo.id AND _organization_ids LIKE CONCAT('%,',eo.organization_id,',%')
			GROUP BY v.id, eoc.id
		) AS tbl
		, vehicle_out_employee_detail AS ve, vehicle_out AS vo, vehicle AS v
		WHERE tbl.vehicle_out_id=ve.vehicle_out_id AND tbl.vehicle_out_id=vo.id AND vo.vehicle_id=v.id
		GROUP BY tbl.vehicle_out_id, tbl.employee_oil_commission_id
		;
	
		SELECT COALESCE(GROUP_CONCAT(DISTINCT employee_ids),'') INTO _employee_ids FROM temp_gas_commission WHERE session_id=_session_id;
	
		SELECT COALESCE(GROUP_CONCAT(DISTINCT accessory_kind_id),'') INTO _accessory_kind_ids FROM temp_gas_commission WHERE session_id=_session_id;
	
		SELECT COALESCE(GROUP_CONCAT(DISTINCT employee_oil_commission_id),'') INTO _employee_oil_commission_ids FROM temp_gas_commission WHERE session_id=_session_id;
	
		SELECT created_date, vehicle_plate, 0 AS employee_id, SUM(quantity_12) AS quantity_12, SUM(quantity_45) AS quantity_45
			, SUM(quantity_lovo) AS quantity_lovo, 0 AS accessory_kind_id, 0 AS quantity_accessory, 0 AS commission_accessory, 0 AS amount
			, 0 AS employee_oil_commission_id, 0 AS quantity_employee_oil_commission, 0 AS commission_employee_oil_commission
		FROM temp_gas_commission
		WHERE session_id=_session_id 
		GROUP BY id ORDER BY created_date, id;
	ELSE
		IF _accessory_kind_id<>0 THEN
			SELECT tbl.created_date, t.vehicle_plate, 0 AS employee_id, 0 AS quantity_12, 0 AS quantity_45, 0 AS quantity_lovo
				, _accessory_kind_id AS accessory_kind_id, SUM(t.quantity_accessory) AS quantity_accessory, 0 AS commission_accessory
				, 0 AS employee_oil_commission_id, 0 AS quantity_employee_oil_commission, 0 AS commission_employee_oil_commission
				, (t.quantity_12*_commission_12 + t.quantity_45*_commission_45 + t.quantity_lovo*_commission_lovo + t.quantity_accessory*t.commission_accessory + t.quantity_employee_oil_commission*t.commission_employee_oil_commission)/t.employee_count AS amount
			FROM (SELECT id, kind, created_date, session_id, accessory_kind_id FROM temp_gas_commission WHERE session_id=_session_id) AS tbl
			LEFT JOIN temp_gas_commission AS t ON t.session_id=tbl.session_id AND t.id=tbl.id AND t.kind=tbl.kind AND t.accessory_kind_id=tbl.accessory_kind_id
			AND t.accessory_kind_id=_accessory_kind_id
			GROUP BY tbl.id ORDER BY tbl.created_date, tbl.id
			;
		ELSE
			if _employee_oil_commission_id<>0 then
				SELECT tbl.created_date, t.vehicle_plate, 0 AS employee_id, 0 AS quantity_12, 0 AS quantity_45, 0 AS quantity_lovo
					, 0 AS accessory_kind_id, 0 AS quantity_accessory, 0 AS commission_accessory
					, _employee_oil_commission_id AS employee_oil_commission_id, SUM(t.quantity_employee_oil_commission) AS quantity_employee_oil_commission, 0 AS commission_employee_oil_commission
					, (t.quantity_12*_commission_12 + t.quantity_45*_commission_45 + t.quantity_lovo*_commission_lovo + t.quantity_accessory*t.commission_accessory + t.quantity_employee_oil_commission*t.commission_employee_oil_commission)/t.employee_count AS amount
				FROM (SELECT id, kind, created_date, session_id, employee_oil_commission_id FROM temp_gas_commission WHERE session_id=_session_id) AS tbl
				LEFT JOIN temp_gas_commission AS t ON t.session_id=tbl.session_id AND t.id=tbl.id AND t.kind=tbl.kind AND t.employee_oil_commission_id=tbl.employee_oil_commission_id AND t.employee_oil_commission_id=_employee_oil_commission_id
				where t.employee_oil_commission_id is not null
				GROUP BY tbl.id ORDER BY tbl.created_date, tbl.id
				;
			else
				SELECT tbl.created_date, CONCAT(COALESCE(ta.vehicle_plate,''),COALESCE(tox.vehicle_plate,'')) as vehicle_plate, _employee_id AS employee_id, 0 AS quantity_12, 0 AS quantity_45, 0 AS quantity_lovo
					, 0 AS accessory_kind_id, 0 AS quantity_accessory, 0 AS commission_accessory
					, 0 AS employee_oil_commission_id, 0 AS quantity_employee_oil_commission, 0 AS commission_employee_oil_commission
					, SUM((COALESCE(ta.quantity_12,0)*_commission_12 + COALESCE(ta.quantity_45,0)*_commission_45 + COALESCE(ta.quantity_lovo,0)*_commission_lovo + COALESCE(ta.quantity_accessory,0)*COALESCE(ta.commission_accessory,0) + COALESCE(tox.quantity_employee_oil_commission,0)*COALESCE(tox.commission_employee_oil_commission,0))/IF(ta.employee_count<>0,ta.employee_count,IF(tox.employee_count<>0,tox.employee_count,1))) AS amount
				FROM (SELECT id, kind, created_date, session_id, accessory_kind_id, employee_oil_commission_id FROM temp_gas_commission WHERE session_id=_session_id) AS tbl
				LEFT JOIN temp_gas_commission AS ta ON ta.session_id=tbl.session_id AND ta.id=tbl.id AND ta.kind=tbl.kind AND ta.kind<>'acc' AND ta.accessory_kind_id=tbl.accessory_kind_id AND CONCAT("0,",ta.employee_ids,",0") LIKE CONCAT('%,',_employee_id,',%')
				LEFT JOIN temp_gas_commission AS tox ON tox.session_id=tbl.session_id AND tox.id=tbl.id AND tox.kind=tbl.kind AND tox.kind='oil' AND tox.employee_oil_commission_id=tbl.employee_oil_commission_id AND CONCAT("0,",tox.employee_ids,",0") LIKE CONCAT('%,',_employee_id,',%')
				GROUP BY tbl.id ORDER BY tbl.created_date, tbl.id
				;
			end if;
		END IF;
	END IF;
    END */$$
DELIMITER ;

/* Procedure structure for procedure `report_gas_employee_commission` */

/*!50003 DROP PROCEDURE IF EXISTS  `report_gas_employee_commission` */;

DELIMITER $$

/*!50003 CREATE DEFINER=`root`@`localhost` PROCEDURE `report_gas_employee_commission`(IN _start_date VARCHAR(20), IN _end_date VARCHAR(20), IN _organization_ids TEXT
	, IN _session_id VARCHAR(255), in _need_delete int)
BEGIN
	DECLARE _from_date DATE;
	declare _commission_12, _commission_45, _commission_lovo double;
	
	SELECT STR_TO_DATE(_start_date,'%d/%m/%Y') INTO _from_date;
	
	select coalesce(commission,0) into _commission_12 from shell_kind where weight=12;
	
	SELECT COALESCE(commission,0) INTO _commission_45 FROM shell_kind WHERE weight=45;
	
	SELECT CAST(`value` AS SIGNED INTEGER) INTO _commission_lovo FROM parameter WHERE `code`='lovo';
	
	DELETE FROM temp_gas_commission WHERE session_id=_session_id;
	
	INSERT INTO temp_gas_commission(session_id, id, created_date, kind, quantity_12, quantity_45, quantity_lovo, accessory_kind_id, quantity_accessory
		, commission_accessory, employee_ids, employee_count
		, employee_oil_commission_id, quantity_employee_oil_commission, commission_employee_oil_commission)
	SELECT _session_id, tbl.vehicle_out_id, vo.created_date, 'out', COALESCE(tbl.quantity_12,0) AS quantity_12, COALESCE(tbl.quantity_45,0) AS quantity_45
		, 0 AS quantity_lovo, 0 AS accessory_kind_id, 0 AS quantity_accessory, 0 AS commission_accessory
		, GROUP_CONCAT(ve.employee_id) AS employee_ids, COUNT(ve.id) AS employee_count 
		, 0 AS employee_oil_commission_id, 0 AS quantity_employee_oil_commission, 0 AS commission_employee_oil_commission
	FROM
	(
		SELECT w.vehicle_out_id
			, SUM(IF(shell_12.id IS NOT NULL, wdet.quantity,0)) AS quantity_12
			, SUM(IF(shell_45.id IS NOT NULL, wdet.quantity,0)) AS quantity_45
		FROM gas_wholesale AS w, gas_wholesale_detail AS wdet, employee AS eo, shell_vendor AS sv
		LEFT JOIN (SELECT s.id FROM shell AS s, shell_kind AS sk WHERE s.kind_id=sk.id AND sk.weight=12) AS shell_12 ON sv.shell_id=shell_12.id
		LEFT JOIN (SELECT s.id FROM shell AS s, shell_kind AS sk WHERE s.kind_id=sk.id AND sk.weight=45) AS shell_45 ON sv.shell_id=shell_45.id
		WHERE DATE(w.created_date) >= STR_TO_DATE(_start_date,'%d/%m/%Y') AND DATE(w.created_date) <= STR_TO_DATE(_end_date,'%d/%m/%Y')
			AND w.id=wdet.gas_wholesale_id AND wdet.shell_id=sv.id
			AND w.created_employee_id=eo.id AND _organization_ids LIKE CONCAT('%,',eo.organization_id,',%')
		GROUP BY w.vehicle_out_id
	) AS tbl
	, vehicle_out_employee_detail AS ve, vehicle_out AS vo
	WHERE tbl.vehicle_out_id=ve.vehicle_out_id AND tbl.vehicle_out_id=vo.id
	GROUP BY tbl.vehicle_out_id
	UNION ALL
	SELECT _session_id, lv.id, lv.created_date, 'lovo', 0 AS quantity_12, 0 AS quantity_45, lv.quantity AS quantity_lovo
		, 0 AS accessory_kind_id, 0 AS quantity_accessory, 0 AS commission_accessory
		, GROUP_CONCAT(lve.employee_id) AS employee_ids, COUNT(lve.id) AS employee_count 
		, 0 AS employee_oil_commission_id, 0 AS quantity_employee_oil_commission, 0 AS commission_employee_oil_commission
	FROM lo_vo AS lv, lo_vo_employee_detail AS lve, employee AS eo
	WHERE DATE(lv.created_date) >= STR_TO_DATE(_start_date,'%d/%m/%Y') AND DATE(lv.created_date) <= STR_TO_DATE(_end_date,'%d/%m/%Y')
		AND lv.id=lve.lo_vo_id AND lv.created_employee_id=eo.id AND _organization_ids LIKE CONCAT('%,',eo.organization_id,',%')
	GROUP BY lv.id
	UNION ALL
	SELECT _session_id, tbl.vehicle_out_id, vo.created_date, 'acc', 0 AS quantity_12, 0 AS quantity_45, 0 AS quantity_lovo
		, tbl.kind_id, tbl.quantity_accessory, tbl.commission AS commission_accessory
		, GROUP_CONCAT(ve.employee_id) AS employee_ids, COUNT(ve.id) AS employee_count 
		, 0 AS employee_oil_commission_id, 0 AS quantity_employee_oil_commission, 0 AS commission_employee_oil_commission
	FROM
	(
		SELECT v.vehicle_out_id, SUM(vadet.quantity) AS quantity_accessory, a.kind_id, ak.commission
		FROM vehicle_in AS v, vehicle_in_accessory_detail AS vadet, employee AS eo, accessory AS a, accessory_kind AS ak
		WHERE DATE(v.created_date) >= STR_TO_DATE(_start_date,'%d/%m/%Y') AND DATE(v.created_date) <= STR_TO_DATE(_end_date,'%d/%m/%Y')
			AND v.id=vadet.vehicle_in_id AND vadet.accessory_id=a.id AND a.kind_id=ak.id
			AND v.created_employee_id=eo.id AND _organization_ids LIKE CONCAT('%,',eo.organization_id,',%')
		GROUP BY v.id, a.kind_id
	) AS tbl
	, vehicle_out_employee_detail AS ve, vehicle_out AS vo
	WHERE tbl.vehicle_out_id=ve.vehicle_out_id AND tbl.vehicle_out_id=vo.id
	GROUP BY tbl.vehicle_out_id, tbl.kind_id
	UNION ALL
	SELECT _session_id, tbl.vehicle_out_id, vo.created_date, 'oil', 0 AS quantity_12, 0 AS quantity_45, 0 AS quantity_lovo
		, 0 as kind_id, 0 as quantity_accessory, 0 AS commission_accessory
		, GROUP_CONCAT(ve.employee_id) AS employee_ids, COUNT(ve.id) AS employee_count
		, tbl.employee_oil_commission_id, tbl.quantity_accessory AS quantity_employee_oil_commission, tbl.amount AS commission_employee_oil_commission
	FROM
	(
		SELECT v.vehicle_out_id, SUM(oe.quantity) AS quantity_accessory, eoc.id AS employee_oil_commission_id, eoc.amount
		FROM vehicle_in AS v, vehicle_in_oil_export_detail AS vadet, employee AS eo, oil_export_detail AS oe, oil AS o, employee_oil_commission AS eoc
		WHERE DATE(v.created_date) >= STR_TO_DATE(_start_date,'%d/%m/%Y') AND DATE(v.created_date) <= STR_TO_DATE(_end_date,'%d/%m/%Y')
			AND v.id=vadet.vehicle_in_id AND vadet.oil_export_id=oe.oil_export_id AND oe.oil_id=o.id AND o.employee_commission_id=eoc.id
			AND v.created_employee_id=eo.id AND _organization_ids LIKE CONCAT('%,',eo.organization_id,',%')
		GROUP BY v.id, eoc.id
	) AS tbl
	, vehicle_out_employee_detail AS ve, vehicle_out AS vo
	WHERE tbl.vehicle_out_id=ve.vehicle_out_id AND tbl.vehicle_out_id=vo.id
	GROUP BY tbl.vehicle_out_id, tbl.employee_oil_commission_id
	;
	
		
	SELECT tbl_employee.id, tbl_employee.fullname as employee_name
		, SUM((COALESCE(ta.quantity_12,0)*0 + COALESCE(ta.quantity_45,0)*0 + COALESCE(ta.quantity_lovo,0)*0 + COALESCE(ta.quantity_accessory,0)*COALESCE(ta.commission_accessory,0) + COALESCE(tox.quantity_employee_oil_commission,0)*COALESCE(tox.commission_employee_oil_commission,0))/IF(ta.employee_count<>0,ta.employee_count,IF(tox.employee_count<>0,tox.employee_count,1))) AS amount
	FROM (SELECT id, fullname FROM employee WHERE STATUS=1) AS tbl_employee
	LEFT JOIN temp_gas_commission AS ta ON ta.session_id=_session_id AND ta.kind='acc' AND CONCAT("0,",ta.employee_ids,",0") LIKE CONCAT('%,',tbl_employee.id,',%')
	LEFT JOIN temp_gas_commission AS tox ON tox.session_id=_session_id AND tox.kind='oil' AND CONCAT("0,",tox.employee_ids,",0") LIKE CONCAT('%,',tbl_employee.id,',%')
	GROUP BY tbl_employee.id
	HAVING amount>0
	;
	
	if _need_delete=1 then
		DELETE FROM temp_gas_commission WHERE session_id=_session_id;
	end if;
	
    END */$$
DELIMITER ;

/* Procedure structure for procedure `report_lpg_import` */

/*!50003 DROP PROCEDURE IF EXISTS  `report_lpg_import` */;

DELIMITER $$

/*!50003 CREATE DEFINER=`root`@`localhost` PROCEDURE `report_lpg_import`(IN _start_date VARCHAR(20), IN _end_date VARCHAR(20), IN _organization_ids TEXT)
BEGIN
	select i.id as import_id, i.import_date, v.name as vendor_name, i.paper_quantity, i.actual_quantity, i.price, i.rate, i.amount, i.paid, i.note
	from lpg_import as i , vendor as v, employee AS e
	where DATE(i.import_date) >= STR_TO_DATE(_start_date,'%d/%m/%Y') AND DATE(i.import_date) <= STR_TO_DATE(_end_date,'%d/%m/%Y')
		and i.vendor_id=v.id AND i.created_employee_id=e.id AND _organization_ids LIKE CONCAT('%,',e.organization_id,',%') and v.status=1
	;
    END */$$
DELIMITER ;

/* Procedure structure for procedure `report_lpg_sale` */

/*!50003 DROP PROCEDURE IF EXISTS  `report_lpg_sale` */;

DELIMITER $$

/*!50003 CREATE DEFINER=`root`@`localhost` PROCEDURE `report_lpg_sale`(IN _start_date VARCHAR(20), IN _end_date VARCHAR(20), IN _organization_ids TEXT)
BEGIN
	SELECT s.sale_date, c.code as customer_code, c.NAME AS customer_name, s.quantity, s.price, s.price_transport, s.vat, s.rate, s.amount, s.paid, concat(a.number,' - ',a.bank) AS account
	FROM lpg_sale AS s, customer AS c, employee as eo, account as a
	WHERE DATE(s.sale_date) >= STR_TO_DATE(_start_date,'%d/%m/%Y') AND DATE(s.sale_date) <= STR_TO_DATE(_end_date,'%d/%m/%Y')
		AND s.customer_id=c.id AND s.created_employee_id=eo.id and _organization_ids LIKE CONCAT('%,',eo.organization_id,',%') AND c.STATUS=1
		and s.account_id=a.id
	ORDER BY sale_date
	;
    END */$$
DELIMITER ;

/* Procedure structure for procedure `report_lpg_stock` */

/*!50003 DROP PROCEDURE IF EXISTS  `report_lpg_stock` */;

DELIMITER $$

/*!50003 CREATE DEFINER=`root`@`localhost` PROCEDURE `report_lpg_stock`(IN _start_date VARCHAR(20), IN _end_date VARCHAR(20), IN _organization_ids TEXT, IN _vendor_ids TEXT, OUT _gas_stock INT)
BEGIN
	CALL get_in_stock_lpg(_start_date, 2, _organization_ids, _vendor_ids, _gas_stock);
	
	SELECT created_date AS content, created_date, coalesce(SUM(lpg_import),0) AS import_quantity, COALESCE(SUM(export_12_quantity),0) AS export_12_quantity
		, COALESCE(SUM(export_45_quantity),0) AS export_45_quantity, COALESCE(SUM(return_quantity),0) AS return_quantity
		, COALESCE(SUM(lpg_sale),0) AS export_quantity, '' AS note
	FROM
	(
		SELECT s.import_date AS created_date, SUM(s.actual_quantity) AS lpg_import, 0 AS export_12_quantity, 0 AS export_45_quantity, 0 return_quantity, 0 AS lpg_sale
		FROM lpg_import AS s, employee AS e
		WHERE DATE(s.import_date) >= STR_TO_DATE(_start_date,'%d/%m/%Y') AND DATE(s.import_date) <= STR_TO_DATE(_end_date,'%d/%m/%Y')
			AND s.created_employee_id=e.id AND _organization_ids LIKE CONCAT('%,',e.organization_id,',%')
		GROUP BY s.import_date
		UNION ALL
		SELECT s.sale_date AS created_date, 0 AS lpg_import, 0 AS export_12_quantity, 0 AS export_45_quantity, 0 return_quantity, SUM(s.quantity) AS lpg_sale
		FROM lpg_sale AS s, employee AS e
		WHERE DATE(s.sale_date) >= STR_TO_DATE(_start_date,'%d/%m/%Y') AND DATE(s.sale_date) <= STR_TO_DATE(_end_date,'%d/%m/%Y')
			AND s.created_employee_id=e.id AND _organization_ids LIKE CONCAT('%,',e.organization_id,',%')
		GROUP BY s.sale_date
		UNION ALL
		SELECT pdet.created_date, 0 AS lpg_import, SUM(IF(shell_12.id IS NOT NULL, det.quantity,0)) AS export_12_quantity
			, SUM(IF(shell_45.id IS NOT NULL, det.quantity,0)) AS export_45_quantity, 0 return_quantity, 0 AS lpg_sale
		FROM fraction_gas AS pdet, fraction_gas_detail AS det, shell_vendor AS sv
		LEFT JOIN (SELECT s.id FROM shell AS s, shell_kind AS sk WHERE s.kind_id=sk.id AND sk.weight=12) AS shell_12 ON sv.shell_id=shell_12.id
		LEFT JOIN (SELECT s.id FROM shell AS s, shell_kind AS sk WHERE s.kind_id=sk.id AND sk.weight=45) AS shell_45 ON sv.shell_id=shell_45.id
		WHERE DATE(pdet.created_date) >= STR_TO_DATE(_start_date,'%d/%m/%Y') AND DATE(pdet.created_date) <= STR_TO_DATE(_end_date,'%d/%m/%Y')
			AND pdet.id=det.fraction_id AND det.shell_id=sv.id AND _vendor_ids LIKE CONCAT('%,',sv.vendor_id,',%')
			AND _organization_ids LIKE CONCAT('%,',sv.organization_id,',%')
		GROUP BY pdet.created_date, det.shell_id
		UNION ALL
		SELECT pdet.created_date, 0 AS lpg_import,  0 AS export_12_quantity, 0 AS export_45_quantity, SUM(pdet.gas_return) return_quantity, 0 AS lpg_sale
		FROM gas_wholesale AS pdet, employee AS eo, gas_return_vendor AS v
		WHERE DATE(pdet.created_date) >= STR_TO_DATE(_start_date,'%d/%m/%Y') AND DATE(pdet.created_date) <= STR_TO_DATE(_end_date,'%d/%m/%Y')
			AND pdet.created_employee_id=eo.id AND eo.organization_id=v.organization_id
			AND _vendor_ids LIKE CONCAT('%,',v.vendor_id,',%')
		GROUP BY pdet.created_date
	)
	AS tbl
	WHERE created_date IS NOT NULL
	GROUP BY created_date
	ORDER BY created_date;
	
    END */$$
DELIMITER ;

/* Procedure structure for procedure `report_lpg_stock_sum` */

/*!50003 DROP PROCEDURE IF EXISTS  `report_lpg_stock_sum` */;

DELIMITER $$

/*!50003 CREATE DEFINER=`root`@`localhost` PROCEDURE `report_lpg_stock_sum`(IN _start_date VARCHAR(20), IN _end_date VARCHAR(20), in _organization_ids text
	, IN _vendor_ids TEXT, OUT _gas_12_stock int, OUT _gas_45_stock int, OUT _gas_stock int, out _final_stock int)
BEGIN
	CALL get_in_stock_shell_gas(_start_date, 0, 1, _organization_ids, _vendor_ids, _gas_12_stock, _gas_45_stock);
	
	CALL get_in_stock_lpg(_start_date, 2, _organization_ids, _vendor_ids, _gas_stock);
	
	CALL get_in_stock_shield(_start_date, 0, 1, _organization_ids, _vendor_ids, _final_stock);
	
	SELECT created_date AS content, created_date, COALESCE(SUM(fraction_12),0) AS fraction_12, COALESCE(SUM(fraction_45),0) AS fraction_45
		, COALESCE(SUM(vehicle_out_12),0) AS vehicle_out_12, COALESCE(SUM(vehicle_out_45),0) AS vehicle_out_45
		, COALESCE(SUM(vehicle_in_12),0) AS vehicle_in_12, COALESCE(SUM(vehicle_in_45),0) AS vehicle_in_45
		, COALESCE(SUM(sale_12),0) AS sale_12, COALESCE(SUM(sale_45),0) AS sale_45
		, COALESCE(SUM(shield_import),0) AS shield_import, COALESCE(SUM(shield_decrease),0) AS shield_decrease
		, COALESCE(SUM(import_quantity),0) AS import_quantity
	FROM
	(
		SELECT pdet.created_date, SUM(IF(shell_12.id IS NOT NULL, det.quantity,0)) AS fraction_12, SUM(IF(shell_45.id IS NOT NULL, det.quantity,0)) AS fraction_45
			, 0 AS vehicle_out_12, 0 AS vehicle_out_45
			, 0 AS vehicle_in_12, 0 AS vehicle_in_45
			, 0 AS sale_12, 0 AS sale_45
			, 0 AS shield_import, 0 AS shield_decrease, 0 AS import_quantity
		FROM fraction_gas AS pdet, fraction_gas_detail AS det, shell_vendor AS sv
		LEFT JOIN (SELECT s.id FROM shell AS s, shell_kind AS sk WHERE s.kind_id=sk.id AND sk.weight=12) AS shell_12 ON sv.shell_id=shell_12.id
		LEFT JOIN (SELECT s.id FROM shell AS s, shell_kind AS sk WHERE s.kind_id=sk.id AND sk.weight=45) AS shell_45 ON sv.shell_id=shell_45.id
		WHERE DATE(pdet.created_date) >= STR_TO_DATE(_start_date,'%d/%m/%Y') AND DATE(pdet.created_date) <= STR_TO_DATE(_end_date,'%d/%m/%Y')
			AND pdet.id=det.fraction_id AND det.shell_id=sv.id AND _vendor_ids LIKE CONCAT('%,',sv.vendor_id,',%')
			AND _organization_ids LIKE CONCAT('%,',sv.organization_id,',%')
		GROUP BY pdet.created_date, sv.shell_id
		UNION ALL
		SELECT pdet.created_date, 0 AS fraction_12, 0 AS fraction_45
			, SUM(IF(shell_12.id IS NOT NULL, det.quantity,0)) AS vehicle_out_12, SUM(IF(shell_45.id IS NOT NULL, det.quantity,0)) AS vehicle_out_45
			, 0 AS vehicle_in_12, 0 AS vehicle_in_45
			, 0 AS sale_12, 0 AS sale_45
			, 0 AS shield_import, 0 AS shield_decrease, 0 AS import_quantity
		FROM vehicle_out AS pdet, vehicle_out_detail AS det, shell_vendor AS sv
		LEFT JOIN (SELECT s.id FROM shell AS s, shell_kind AS sk WHERE s.kind_id=sk.id AND sk.weight=12) AS shell_12 ON sv.shell_id=shell_12.id
		LEFT JOIN (SELECT s.id FROM shell AS s, shell_kind AS sk WHERE s.kind_id=sk.id AND sk.weight=45) AS shell_45 ON sv.shell_id=shell_45.id
		WHERE DATE(pdet.created_date) >= STR_TO_DATE(_start_date,'%d/%m/%Y') AND DATE(pdet.created_date) <= STR_TO_DATE(_end_date,'%d/%m/%Y')
			AND det.vehicle_out_id=pdet.id AND det.shell_id=sv.id AND _vendor_ids LIKE CONCAT('%,',sv.vendor_id,',%')
			AND _organization_ids LIKE CONCAT('%,',sv.organization_id,',%')
		GROUP BY pdet.created_date, sv.shell_id
		UNION ALL
		SELECT pdet.created_date, 0 AS fraction_12, 0 AS fraction_45
			, 0 AS vehicle_out_12, 0 AS vehicle_out_45
			, SUM(IF(shell_12.id IS NOT NULL, det.quantity,0)) AS vehicle_in_12, SUM(IF(shell_45.id IS NOT NULL, det.quantity,0)) AS vehicle_in_45
			, 0 AS sale_12, 0 AS sale_45
			, 0 AS shield_import, 0 AS shield_decrease, 0 AS import_quantity
		FROM vehicle_in AS pdet, vehicle_in_detail AS det, shell_vendor AS sv
		LEFT JOIN (SELECT s.id FROM shell AS s, shell_kind AS sk WHERE s.kind_id=sk.id AND sk.weight=12) AS shell_12 ON sv.shell_id=shell_12.id
		LEFT JOIN (SELECT s.id FROM shell AS s, shell_kind AS sk WHERE s.kind_id=sk.id AND sk.weight=45) AS shell_45 ON sv.shell_id=shell_45.id
		WHERE DATE(pdet.created_date) >= STR_TO_DATE(_start_date,'%d/%m/%Y') AND DATE(pdet.created_date) <= STR_TO_DATE(_end_date,'%d/%m/%Y')
			AND det.vehicle_in_id=pdet.id AND det.shell_id=sv.id AND _vendor_ids LIKE CONCAT('%,',sv.vendor_id,',%')
			AND _organization_ids LIKE CONCAT('%,',sv.organization_id,',%')
		GROUP BY pdet.created_date, sv.shell_id
		-- #########
		UNION ALL
		SELECT s.created_date, 0 AS fraction_12, 0 AS fraction_45
			, 0 AS vehicle_out_12, 0 AS vehicle_out_45
			, 0 AS vehicle_in_12, 0 AS vehicle_in_45
			, 0 AS sale_12, 0 AS sale_45
			, SUM(s.quantity) AS shield_import, 0 AS shield_decrease, 0 AS import_quantity
		FROM shield_import AS s, employee AS eo
		WHERE DATE(s.created_date) >= STR_TO_DATE(_start_date,'%d/%m/%Y') AND DATE(s.created_date) <= STR_TO_DATE(_end_date,'%d/%m/%Y')
			AND _vendor_ids LIKE CONCAT('%,',s.vendor_id,',%')
			AND s.created_employee_id=eo.id AND _organization_ids LIKE CONCAT('%,',eo.organization_id,',%')
		GROUP BY s.created_date, s.vendor_id
		UNION ALL
		SELECT s.created_date, 0 AS fraction_12, 0 AS fraction_45
			, 0 AS vehicle_out_12, 0 AS vehicle_out_45
			, 0 AS vehicle_in_12, 0 AS vehicle_in_45
			, 0 AS sale_12, 0 AS sale_45
			, 0 AS shield_import, SUM(s.quantity) AS shield_decrease, 0 AS import_quantity
		FROM shield_decrease AS s, employee AS eo
		WHERE DATE(s.created_date) >= STR_TO_DATE(_start_date,'%d/%m/%Y') AND DATE(s.created_date) <= STR_TO_DATE(_end_date,'%d/%m/%Y')
			AND _vendor_ids LIKE CONCAT('%,',s.vendor_id,',%')
			AND s.created_employee_id=eo.id AND _organization_ids LIKE CONCAT('%,',eo.organization_id,',%')
		GROUP BY s.created_date, s.vendor_id
		UNION ALL
		SELECT s.import_date AS created_date, 0 AS fraction_12, 0 AS fraction_45
			, 0 AS vehicle_out_12, 0 AS vehicle_out_45
			, 0 AS vehicle_in_12, 0 AS vehicle_in_45
			, 0 AS sale_12, 0 AS sale_45
			, 0 AS shield_import, 0 AS shield_decrease, SUM(s.actual_quantity) AS import_quantity
		FROM lpg_import AS s, employee AS eo
		WHERE DATE(s.import_date) >= STR_TO_DATE(_start_date,'%d/%m/%Y') AND DATE(s.import_date) <= STR_TO_DATE(_end_date,'%d/%m/%Y')
			AND _vendor_ids LIKE CONCAT('%,',s.vendor_id,',%')
			AND s.created_employee_id=eo.id AND _organization_ids LIKE CONCAT('%,',eo.organization_id,',%')
		GROUP BY s.import_date
		-- UNION ALL
		-- SELECT pdet.created_date, 0 AS fraction_12, 0 AS fraction_45
		-- 	, 0 AS vehicle_out_12, 0 AS vehicle_out_45
		-- 	, 0 AS vehicle_in_12, 0 AS vehicle_in_45
		-- 	, SUM(IF(shell_12.id IS NOT NULL, det.quantity,0)) AS sale_12, SUM(IF(shell_45.id IS NOT NULL, det.quantity,0)) AS sale_45
		-- 	, 0 AS shield_import, 0 AS shield_decrease, 0 AS import_quantity
		-- FROM inner_sale AS pdet, inner_sale_detail AS det, shell_vendor AS sv
		-- LEFT JOIN (SELECT s.id FROM shell AS s, shell_kind AS sk WHERE s.kind_id=sk.id AND sk.weight=12) AS shell_12 ON sv.shell_id=shell_12.id
		-- LEFT JOIN (SELECT s.id FROM shell AS s, shell_kind AS sk WHERE s.kind_id=sk.id AND sk.weight=45) AS shell_45 ON sv.shell_id=shell_45.id
		-- WHERE DATE(pdet.created_date) >= STR_TO_DATE(_start_date,'%d/%m/%Y') AND DATE(pdet.created_date) <= STR_TO_DATE(_end_date,'%d/%m/%Y')
		-- 	AND det.inner_sale_id=pdet.id AND det.shell_id=sv.id AND _vendor_ids LIKE CONCAT('%,',sv.vendor_id,',%')
		-- 	AND _organization_ids LIKE CONCAT('%,',sv.organization_id,',%')
		-- GROUP BY pdet.created_date, sv.shell_id
		UNION ALL
		SELECT pdet.created_date, 0 AS fraction_12, 0 AS fraction_45
			, 0 AS vehicle_out_12, 0 AS vehicle_out_45
			, 0 AS vehicle_in_12, 0 AS vehicle_in_45
			, SUM(IF(shell_12.id IS NOT NULL, det.quantity,0)) AS sale_12, SUM(IF(shell_45.id IS NOT NULL, det.quantity,0)) AS sale_45
			, 0 AS shield_import, 0 AS shield_decrease, 0 AS import_quantity
		FROM gas_import AS pdet, gas_import_detail AS det, shell_vendor AS sv
		LEFT JOIN (SELECT s.id FROM shell AS s, shell_kind AS sk WHERE s.kind_id=sk.id AND sk.weight=12) AS shell_12 ON sv.shell_id=shell_12.id
		LEFT JOIN (SELECT s.id FROM shell AS s, shell_kind AS sk WHERE s.kind_id=sk.id AND sk.weight=45) AS shell_45 ON sv.shell_id=shell_45.id
		WHERE DATE(pdet.created_date) >= STR_TO_DATE(_start_date,'%d/%m/%Y') AND DATE(pdet.created_date) <= STR_TO_DATE(_end_date,'%d/%m/%Y')
			AND det.gas_import_id=pdet.id AND det.shell_id=sv.id AND _vendor_ids LIKE CONCAT('%,',sv.vendor_id,',%')
			AND _organization_ids LIKE CONCAT('%,',sv.organization_id,',%')
		GROUP BY pdet.created_date, sv.shell_id
		-- UNION ALL
		-- SELECT pdet.created_date, 0 AS fraction_12, 0 AS fraction_45
		-- 	, 0 AS vehicle_out_12, 0 AS vehicle_out_45
		-- 	, 0 AS vehicle_in_12, 0 AS vehicle_in_45
		-- 	, SUM(IF(shell_12.id IS NOT NULL, det.quantity,0)) AS sale_12, SUM(IF(shell_45.id IS NOT NULL, det.quantity,0)) AS sale_45
		-- 	, 0 AS shield_import, 0 AS shield_decrease, 0 AS import_quantity
		-- FROM gas_wholesale AS pdet, gas_wholesale_detail AS det, shell_vendor AS sv
		-- LEFT JOIN (SELECT s.id FROM shell AS s, shell_kind AS sk WHERE s.kind_id=sk.id AND sk.weight=12) AS shell_12 ON sv.shell_id=shell_12.id
		-- LEFT JOIN (SELECT s.id FROM shell AS s, shell_kind AS sk WHERE s.kind_id=sk.id AND sk.weight=45) AS shell_45 ON sv.shell_id=shell_45.id
		-- WHERE DATE(pdet.created_date) >= STR_TO_DATE(_start_date,'%d/%m/%Y') AND DATE(pdet.created_date) <= STR_TO_DATE(_end_date,'%d/%m/%Y')
		-- 	AND det.gas_wholesale_id=pdet.id AND det.shell_id=sv.id AND _vendor_ids LIKE CONCAT('%,',sv.vendor_id,',%')
		-- 	AND _organization_ids LIKE CONCAT('%,',sv.organization_id,',%')
		-- GROUP BY pdet.created_date, sv.shell_id
		-- union all
		-- SELECT g.created_date, 0 AS fraction_12, 0 AS fraction_45
		-- 	, 0 AS vehicle_out_12, 0 AS vehicle_out_45
		-- 	, 0 AS vehicle_in_12, 0 AS vehicle_in_45
		-- 	, SUM(IF(shell_12.id IS NOT NULL, r.quantity,0)) AS sale_12, SUM(IF(shell_45.id IS NOT NULL, r.quantity,0)) AS sale_45
		-- 	, 0 AS shield_import, 0 AS shield_decrease, 0 AS import_quantity
		-- FROM gas_wholesale AS g, employee AS e, gas_wholesale_return_shell AS r
		-- LEFT JOIN (SELECT s.id FROM shell AS s, shell_kind AS sk WHERE s.kind_id=sk.id AND sk.weight=12) AS shell_12 ON r.shell_id=shell_12.id
		-- LEFT JOIN (SELECT s.id FROM shell AS s, shell_kind AS sk WHERE s.kind_id=sk.id AND sk.weight=45) AS shell_45 ON r.shell_id=shell_45.id
		-- WHERE DATE(g.created_date) >= STR_TO_DATE(_start_date,'%d/%m/%Y') AND DATE(g.created_date) <= STR_TO_DATE(_end_date,'%d/%m/%Y')
		-- 	AND g.created_employee_id=e.id
		-- 	AND g.id=r.gas_wholesale_id AND _organization_ids LIKE CONCAT('%,',e.organization_id,',%')
	) AS tbl
	WHERE created_date IS NOT NULL
	GROUP BY created_date
	ORDER BY created_date
	;
    END */$$
DELIMITER ;

/* Procedure structure for procedure `report_lpg_stock_sum_organization` */

/*!50003 DROP PROCEDURE IF EXISTS  `report_lpg_stock_sum_organization` */;

DELIMITER $$

/*!50003 CREATE DEFINER=`root`@`localhost` PROCEDURE `report_lpg_stock_sum_organization`(IN _start_date VARCHAR(20), IN _end_date VARCHAR(20), IN _organization_ids TEXT
	, IN _vendor_id int, OUT _gas_12_stock INT, OUT _gas_45_stock INT, OUT _gas_stock INT, OUT _final_stock INT)
BEGIN
	CALL get_in_stock_shell_gas(_start_date, 0, 1, _organization_ids, CONCAT('0,',_vendor_id,',0'), _gas_12_stock, _gas_45_stock);
	
	CALL get_in_stock_lpg(_start_date, 2, _organization_ids, concat('0,',_vendor_id,',0'), _gas_stock);
	
	CALL get_in_stock_shield(_start_date, 0, 1, _organization_ids, CONCAT('0,',_vendor_id,',0'), _final_stock);
	
	SELECT created_date AS content, created_date, SUM(fraction_12) AS fraction_12, SUM(fraction_45) AS fraction_45
		, SUM(vehicle_out_12) AS vehicle_out_12, SUM(vehicle_out_45) AS vehicle_out_45
		, SUM(vehicle_in_12) AS vehicle_in_12, SUM(vehicle_in_45) AS vehicle_in_45
		, SUM(sale_12) AS sale_12, SUM(sale_45) AS sale_45
		, SUM(shield_import) AS shield_import, SUM(shield_decrease) AS shield_decrease, SUM(import_quantity) AS import_quantity
	FROM
	(
		SELECT pdet.created_date, SUM(IF(shell_12.id IS NOT NULL, det.quantity,0)) AS fraction_12, SUM(IF(shell_45.id IS NOT NULL, det.quantity,0)) AS fraction_45
			, 0 AS vehicle_out_12, 0 AS vehicle_out_45
			, 0 AS vehicle_in_12, 0 AS vehicle_in_45
			, 0 AS sale_12, 0 AS sale_45
			, 0 AS shield_import, 0 AS shield_decrease, 0 AS import_quantity
		FROM fraction_gas AS pdet, fraction_gas_detail AS det, shell_vendor AS sv
		LEFT JOIN (SELECT s.id FROM shell AS s, shell_kind AS sk WHERE s.kind_id=sk.id AND sk.weight=12) AS shell_12 ON sv.shell_id=shell_12.id
		LEFT JOIN (SELECT s.id FROM shell AS s, shell_kind AS sk WHERE s.kind_id=sk.id AND sk.weight=45) AS shell_45 ON sv.shell_id=shell_45.id
		WHERE DATE(pdet.created_date) >= STR_TO_DATE(_start_date,'%d/%m/%Y') AND DATE(pdet.created_date) <= STR_TO_DATE(_end_date,'%d/%m/%Y')
			AND pdet.id=det.fraction_id AND det.shell_id=sv.id and sv.vendor_id=_vendor_id
			AND _organization_ids LIKE CONCAT('%,',sv.organization_id,',%')
		GROUP BY pdet.created_date, sv.shell_id
		UNION ALL
		SELECT pdet.created_date, 0 AS fraction_12, 0 AS fraction_45
			, SUM(IF(shell_12.id IS NOT NULL, det.quantity,0)) AS vehicle_out_12, SUM(IF(shell_45.id IS NOT NULL, det.quantity,0)) AS vehicle_out_45
			, 0 AS vehicle_in_12, 0 AS vehicle_in_45
			, 0 AS sale_12, 0 AS sale_45
			, 0 AS shield_import, 0 AS shield_decrease, 0 AS import_quantity
		FROM vehicle_out AS pdet, vehicle_out_detail AS det, shell_vendor AS sv
		LEFT JOIN (SELECT s.id FROM shell AS s, shell_kind AS sk WHERE s.kind_id=sk.id AND sk.weight=12) AS shell_12 ON sv.shell_id=shell_12.id
		LEFT JOIN (SELECT s.id FROM shell AS s, shell_kind AS sk WHERE s.kind_id=sk.id AND sk.weight=45) AS shell_45 ON sv.shell_id=shell_45.id
		WHERE DATE(pdet.created_date) >= STR_TO_DATE(_start_date,'%d/%m/%Y') AND DATE(pdet.created_date) <= STR_TO_DATE(_end_date,'%d/%m/%Y')
			AND det.vehicle_out_id=pdet.id AND det.shell_id=sv.id and sv.vendor_id=_vendor_id
			AND _organization_ids LIKE CONCAT('%,',sv.organization_id,',%')
		GROUP BY pdet.created_date, sv.shell_id
		UNION ALL
		SELECT pdet.created_date, 0 AS fraction_12, 0 AS fraction_45
			, 0 AS vehicle_out_12, 0 AS vehicle_out_45
			, SUM(IF(shell_12.id IS NOT NULL, det.quantity,0)) AS vehicle_in_12, SUM(IF(shell_45.id IS NOT NULL, det.quantity,0)) AS vehicle_in_45
			, 0 AS sale_12, 0 AS sale_45
			, 0 AS shield_import, 0 AS shield_decrease, 0 AS import_quantity
		FROM vehicle_in AS pdet, vehicle_in_detail AS det, shell_vendor AS sv
		LEFT JOIN (SELECT s.id FROM shell AS s, shell_kind AS sk WHERE s.kind_id=sk.id AND sk.weight=12) AS shell_12 ON sv.shell_id=shell_12.id
		LEFT JOIN (SELECT s.id FROM shell AS s, shell_kind AS sk WHERE s.kind_id=sk.id AND sk.weight=45) AS shell_45 ON sv.shell_id=shell_45.id
		WHERE DATE(pdet.created_date) >= STR_TO_DATE(_start_date,'%d/%m/%Y') AND DATE(pdet.created_date) <= STR_TO_DATE(_end_date,'%d/%m/%Y')
			AND det.vehicle_in_id=pdet.id AND det.shell_id=sv.id AND sv.vendor_id=_vendor_id
			AND _organization_ids LIKE CONCAT('%,',sv.organization_id,',%')
		GROUP BY pdet.created_date, sv.shell_id
		-- #########
		UNION ALL
		SELECT s.created_date, 0 AS fraction_12, 0 AS fraction_45
			, 0 AS vehicle_out_12, 0 AS vehicle_out_45
			, 0 AS vehicle_in_12, 0 AS vehicle_in_45
			, 0 AS sale_12, 0 AS sale_45
			, SUM(s.quantity) AS shield_import, 0 AS shield_decrease, 0 AS import_quantity
		FROM shield_import AS s, employee AS eo
		WHERE DATE(s.created_date) >= STR_TO_DATE(_start_date,'%d/%m/%Y') AND DATE(s.created_date) <= STR_TO_DATE(_end_date,'%d/%m/%Y')
			AND s.vendor_id=_vendor_id
			AND s.created_employee_id=eo.id AND _organization_ids LIKE CONCAT('%,',eo.organization_id,',%')
		GROUP BY s.created_date, s.vendor_id
		UNION ALL
		SELECT s.created_date, 0 AS fraction_12, 0 AS fraction_45
			, 0 AS vehicle_out_12, 0 AS vehicle_out_45
			, 0 AS vehicle_in_12, 0 AS vehicle_in_45
			, 0 AS sale_12, 0 AS sale_45
			, 0 AS shield_import, SUM(s.quantity) AS shield_decrease, 0 AS import_quantity
		FROM shield_decrease AS s, employee AS eo
		WHERE DATE(s.created_date) >= STR_TO_DATE(_start_date,'%d/%m/%Y') AND DATE(s.created_date) <= STR_TO_DATE(_end_date,'%d/%m/%Y')
			AND s.vendor_id=_vendor_id
			AND s.created_employee_id=eo.id AND _organization_ids LIKE CONCAT('%,',eo.organization_id,',%')
		GROUP BY s.created_date, s.vendor_id
		UNION ALL
		SELECT s.import_date AS created_date, 0 AS fraction_12, 0 AS fraction_45
			, 0 AS vehicle_out_12, 0 AS vehicle_out_45
			, 0 AS vehicle_in_12, 0 AS vehicle_in_45
			, 0 AS sale_12, 0 AS sale_45
			, 0 AS shield_import, 0 AS shield_decrease, SUM(s.actual_quantity) AS import_quantity
		FROM lpg_import AS s, employee AS eo
		WHERE DATE(s.import_date) >= STR_TO_DATE(_start_date,'%d/%m/%Y') AND DATE(s.import_date) <= STR_TO_DATE(_end_date,'%d/%m/%Y')
			AND s.vendor_id=_vendor_id
			AND s.created_employee_id=eo.id AND _organization_ids LIKE CONCAT('%,',eo.organization_id,',%')
		GROUP BY s.import_date
		UNION ALL
		SELECT pdet.created_date, 0 AS fraction_12, 0 AS fraction_45
			, 0 AS vehicle_out_12, 0 AS vehicle_out_45
			, 0 AS vehicle_in_12, 0 AS vehicle_in_45
			, SUM(IF(shell_12.id IS NOT NULL, det.quantity,0)) AS sale_12, SUM(IF(shell_45.id IS NOT NULL, det.quantity,0)) AS sale_45
			, 0 AS shield_import, 0 AS shield_decrease, 0 AS import_quantity
		FROM inner_sale AS pdet, inner_sale_detail AS det, shell_vendor AS sv
		LEFT JOIN (SELECT s.id FROM shell AS s, shell_kind AS sk WHERE s.kind_id=sk.id AND sk.weight=12) AS shell_12 ON sv.shell_id=shell_12.id
		LEFT JOIN (SELECT s.id FROM shell AS s, shell_kind AS sk WHERE s.kind_id=sk.id AND sk.weight=45) AS shell_45 ON sv.shell_id=shell_45.id
		WHERE DATE(pdet.created_date) >= STR_TO_DATE(_start_date,'%d/%m/%Y') AND DATE(pdet.created_date) <= STR_TO_DATE(_end_date,'%d/%m/%Y')
			AND det.inner_sale_id=pdet.id AND det.shell_id=sv.id AND sv.vendor_id=_vendor_id
			AND _organization_ids LIKE CONCAT('%,',sv.organization_id,',%')
		GROUP BY pdet.created_date, sv.shell_id
		UNION all
		SELECT pdet.created_date, 0 AS fraction_12, 0 AS fraction_45
			, 0 AS vehicle_out_12, 0 AS vehicle_out_45
			, 0 AS vehicle_in_12, 0 AS vehicle_in_45
			, SUM(IF(shell_12.id IS NOT NULL, det.quantity,0)) AS sale_12, SUM(IF(shell_45.id IS NOT NULL, det.quantity,0)) AS sale_45
			, 0 AS shield_import, 0 AS shield_decrease, 0 AS import_quantity
		FROM gas_import AS pdet, gas_import_detail AS det, shell_vendor AS sv
		LEFT JOIN (SELECT s.id FROM shell AS s, shell_kind AS sk WHERE s.kind_id=sk.id AND sk.weight=12) AS shell_12 ON sv.shell_id=shell_12.id
		LEFT JOIN (SELECT s.id FROM shell AS s, shell_kind AS sk WHERE s.kind_id=sk.id AND sk.weight=45) AS shell_45 ON sv.shell_id=shell_45.id
		WHERE DATE(pdet.created_date) >= STR_TO_DATE(_start_date,'%d/%m/%Y') AND DATE(pdet.created_date) <= STR_TO_DATE(_end_date,'%d/%m/%Y')
			AND det.gas_import_id=pdet.id AND det.shell_id=sv.id AND sv.vendor_id=_vendor_id
			AND _organization_ids LIKE CONCAT('%,',sv.organization_id,',%')
		GROUP BY pdet.created_date, sv.shell_id
		UNION ALL
		SELECT pdet.created_date, 0 AS fraction_12, 0 AS fraction_45
			, 0 AS vehicle_out_12, 0 AS vehicle_out_45
			, 0 AS vehicle_in_12, 0 AS vehicle_in_45
			, SUM(IF(shell_12.id IS NOT NULL, det.quantity,0)) AS sale_12, SUM(IF(shell_45.id IS NOT NULL, det.quantity,0)) AS sale_45
			, 0 AS shield_import, 0 AS shield_decrease, 0 AS import_quantity
		FROM gas_wholesale AS pdet, gas_wholesale_detail AS det, shell_vendor AS sv
		LEFT JOIN (SELECT s.id FROM shell AS s, shell_kind AS sk WHERE s.kind_id=sk.id AND sk.weight=12) AS shell_12 ON sv.shell_id=shell_12.id
		LEFT JOIN (SELECT s.id FROM shell AS s, shell_kind AS sk WHERE s.kind_id=sk.id AND sk.weight=45) AS shell_45 ON sv.shell_id=shell_45.id
		WHERE DATE(pdet.created_date) >= STR_TO_DATE(_start_date,'%d/%m/%Y') AND DATE(pdet.created_date) <= STR_TO_DATE(_end_date,'%d/%m/%Y')
			AND det.gas_wholesale_id=pdet.id AND det.shell_id=sv.id AND sv.vendor_id=_vendor_id
			AND _organization_ids LIKE CONCAT('%,',sv.organization_id,',%')
		GROUP BY pdet.created_date, sv.shell_id
	)
	AS tbl
	WHERE created_date IS NOT NULL
	GROUP BY created_date
	ORDER BY created_date
	;
    END */$$
DELIMITER ;

/* Procedure structure for procedure `report_oil_compare` */

/*!50003 DROP PROCEDURE IF EXISTS  `report_oil_compare` */;

DELIMITER $$

/*!50003 CREATE DEFINER=`root`@`localhost` PROCEDURE `report_oil_compare`(IN _start_date VARCHAR(20), IN _end_date VARCHAR(20), IN _organization_ids TEXT, IN _customer_id INT
	, OUT _amount_debt DOUBLE, OUT _customer_paid DOUBLE, out _customer_commission float)
BEGIN
	CALL get_in_stock_customer(_start_date, 3, _customer_id, _amount_debt, @a, @a, @a);
	
	select commission_percentage into _customer_commission from customer where id=_customer_id;
	
	SELECT COALESCE(SUM(paid),0) INTO _customer_paid FROM wholesale_debt WHERE customer_id=_customer_id
		AND DATE(created_date) >= STR_TO_DATE(_start_date,'%d/%m/%Y') AND DATE(created_date) <= STR_TO_DATE(_end_date,'%d/%m/%Y');
	
	SELECT os.created_date, o.code as oil_code, o.name as oil_name, osdet.quantity, osdet.price, osdet.amount, os.paid
		, (osdet.first_amount * osdet.commission / 100) as commission
	FROM oil_sale as os, oil_sale_detail as osdet, employee AS eo, oil as o
	WHERE DATE(os.created_date) >= STR_TO_DATE(_start_date,'%d/%m/%Y') AND DATE(os.created_date) <= STR_TO_DATE(_end_date,'%d/%m/%Y')
		AND os.customer_id=_customer_id AND os.created_employee_id=eo.id AND _organization_ids LIKE CONCAT('%,',eo.organization_id,',%')
		AND os.id=osdet.oil_sale_id and osdet.oil_id=o.id
	;
    END */$$
DELIMITER ;

/* Procedure structure for procedure `report_oil_customer_debt` */

/*!50003 DROP PROCEDURE IF EXISTS  `report_oil_customer_debt` */;

DELIMITER $$

/*!50003 CREATE DEFINER=`root`@`localhost` PROCEDURE `report_oil_customer_debt`(IN _start_date VARCHAR(20), IN _end_date VARCHAR(20), IN _organization_ids TEXT, IN _customer_id INT, OUT _opening_debt DOUBLE)
BEGIN
	CALL get_in_stock_customer(_start_date, 3, _customer_id, _opening_debt, @a, @a, @a);
	
	SELECT COALESCE(oe.CODE,'') AS oil_export_code, o.CODE AS oil_code, o.NAME AS oil_name, u.NAME AS unit_name
		, osdet.quantity, osdet.price, osdet.amount, coalesce(idet.paid_amount,0) as paid
	FROM oil_sale AS os, oil AS o, unit AS u, employee AS eo, oil_sale_detail AS osdet
	LEFT JOIN invoice_detail AS idet ON idet.oil_sale_detail_id=osdet.id
	LEFT JOIN oil_export_detail AS edet ON edet.oil_sale_detail_id=osdet.id
	LEFT JOIN oil_export AS oe ON edet.oil_export_id=oe.id
	WHERE DATE(os.created_date) >= STR_TO_DATE(_start_date,'%d/%m/%Y') AND DATE(os.created_date) <= STR_TO_DATE(_end_date,'%d/%m/%Y')
		AND os.created_employee_id=eo.id AND _organization_ids LIKE CONCAT('%,',eo.organization_id,',%')
		AND os.customer_id=_customer_id AND os.id=osdet.oil_sale_id AND osdet.oil_id=o.id AND osdet.unit_id=u.id
	UNION ALL
	SELECT '' AS solar_export_code, '' AS solar_code, CONCAT('Thanh toán công nợ ', d.CODE) AS solar_name, '' AS unit_name
		, 0 AS quantity, 0 AS price, 0 AS amount, COALESCE(d.paid,0) AS paid
	FROM wholesale_debt AS d, employee AS eo
	WHERE DATE(d.created_date) >= STR_TO_DATE(_start_date,'%d/%m/%Y') AND DATE(d.created_date) <= STR_TO_DATE(_end_date,'%d/%m/%Y')
		AND d.created_employee_id=eo.id AND _organization_ids LIKE CONCAT('%,',eo.organization_id,',%')
		AND d.customer_id=_customer_id
	;
    END */$$
DELIMITER ;

/* Procedure structure for procedure `report_oil_export` */

/*!50003 DROP PROCEDURE IF EXISTS  `report_oil_export` */;

DELIMITER $$

/*!50003 CREATE DEFINER=`root`@`localhost` PROCEDURE `report_oil_export`(IN _oil_export_id INT)
BEGIN
	SELECT o.CODE AS oil_code, o.NAME AS oil_name, u.NAME AS unit_name, det.quantity, sdet.price, det.quantity*sdet.price as amount
	FROM oil_export_detail AS det, oil_sale_detail as sdet, oil AS o, unit AS u
	WHERE det.oil_export_id=_oil_export_id and det.oil_sale_detail_id=sdet.id AND det.oil_id=o.id AND sdet.unit_id=u.id
	;
    END */$$
DELIMITER ;

/* Procedure structure for procedure `report_oil_import` */

/*!50003 DROP PROCEDURE IF EXISTS  `report_oil_import` */;

DELIMITER $$

/*!50003 CREATE DEFINER=`root`@`localhost` PROCEDURE `report_oil_import`(IN _start_date VARCHAR(20), IN _end_date VARCHAR(20), IN _organization_ids TEXT)
BEGIN
	SELECT i.created_date, v.NAME AS vendor_name, p.NAME AS oilName, idet.quantity, idet.price, idet.amount, i.paid, i.note, s.name as storeName
	FROM oil_import AS i, oil_import_detail AS idet, oil AS p, vendor AS v, employee AS e, store as s
	WHERE DATE(i.created_date) >= STR_TO_DATE(_start_date,'%d/%m/%Y') AND DATE(i.created_date) <= STR_TO_DATE(_end_date,'%d/%m/%Y')
		AND i.vendor_id=v.id AND i.created_employee_id=e.id AND _organization_ids LIKE CONCAT('%,',e.organization_id,',%') AND v.STATUS=1
		AND i.id=idet.oil_import_id AND idet.oil_id=p.id and i.store_id=s.id
	;
    END */$$
DELIMITER ;

/* Procedure structure for procedure `report_oil_sale` */

/*!50003 DROP PROCEDURE IF EXISTS  `report_oil_sale` */;

DELIMITER $$

/*!50003 CREATE DEFINER=`root`@`localhost` PROCEDURE `report_oil_sale`(IN _start_date VARCHAR(20), IN _end_date VARCHAR(20), IN _organization_ids TEXT)
BEGIN
	SELECT p.created_date, c.CODE AS customerCode, c.NAME AS customerName, pe.CODE AS oilCode, pdet.quantity, pdet.price
		, pdet.first_amount * pdet.commission / 100 as commission, pdet.amount, p.paid, a.number AS account, s.name as storeName
		, 0 as agency_commission, 0 as actual_total
	FROM oil_sale AS p, oil_sale_detail AS pdet, customer AS c, oil AS pe, account AS a, employee AS eo, store as s
	WHERE DATE(p.created_date) >= STR_TO_DATE(_start_date,'%d/%m/%Y') AND DATE(p.created_date) <= STR_TO_DATE(_end_date,'%d/%m/%Y')
		AND p.id=pdet.oil_sale_id AND p.customer_id=c.id AND pdet.oil_id=pe.id AND p.account_id=a.id
		AND c.STATUS=1 AND pe.STATUS=1 AND p.created_employee_id=eo.id
		AND _organization_ids LIKE CONCAT('%,',eo.organization_id,',%') and pdet.store_id=s.id
	;
    END */$$
DELIMITER ;

/* Procedure structure for procedure `report_oil_stock` */

/*!50003 DROP PROCEDURE IF EXISTS  `report_oil_stock` */;

DELIMITER $$

/*!50003 CREATE DEFINER=`root`@`localhost` PROCEDURE `report_oil_stock`(IN _start_date VARCHAR(20), IN _end_date VARCHAR(20), IN _organization_ids TEXT, in _oil_id int
	, in _session_id varchar(255), out _oil_ids text, out _opening_stock int)
BEGIN
	DECLARE _from_date, _to_date DATE;
	
	IF _start_date<>'' THEN
		SET _to_date = STR_TO_DATE(_start_date,'%d/%m/%Y');
	ELSE
		SELECT SYSDATE() INTO _to_date;
	END IF;
	
	SELECT `day` INTO _from_date FROM oil_in_stock WHERE DATEDIFF(`day`, _to_date) <= 0 ORDER BY `day` DESC LIMIT 1;
	IF _from_date is NULL THEN
		SELECT STR_TO_DATE(`value`,'%d/%m/%Y') INTO _from_date FROM parameter WHERE `code`="startdate";
	END IF;
	
	IF _oil_id=0 THEN
		DELETE FROM temp_oil_stock WHERE session_id=_session_id;
	
		INSERT INTO temp_oil_stock(session_id, created_date, oil_id, opening_stock, import_quantity, export_quantity)
		SELECT _session_id, tbl.created_date, tbl.oil_id, COALESCE(opening_stock,0), SUM(import_quantity), SUM(export_quantity) FROM
		(
			SELECT i.created_date, idet.oil_id, SUM(idet.quantity) AS import_quantity, 0 AS export_quantity
			FROM oil_import AS i, oil_import_detail AS idet, employee AS eo, oil AS p
			WHERE DATE(i.created_date) >= STR_TO_DATE(_start_date,'%d/%m/%Y') AND DATE(i.created_date) <= STR_TO_DATE(_end_date,'%d/%m/%Y')
				AND i.id=idet.oil_import_id AND i.created_employee_id=eo.id AND idet.oil_id=p.id AND p.STATUS=1
				AND _organization_ids LIKE CONCAT('%,',eo.organization_id,',%')
			GROUP BY i.created_date, idet.oil_id
			UNION ALL
			SELECT i.created_date, idet.oil_id, 0 AS import_quantity, SUM(idet.quantity) AS export_quantity
			FROM oil_sale AS i, oil_sale_detail AS idet, employee AS eo, oil AS p
			WHERE DATE(i.created_date) >= STR_TO_DATE(_start_date,'%d/%m/%Y') AND DATE(i.created_date) <= STR_TO_DATE(_end_date,'%d/%m/%Y')
				AND i.id=idet.oil_sale_id AND i.created_employee_id=eo.id AND idet.oil_id=p.id AND p.STATUS=1
				AND _organization_ids LIKE CONCAT('%,',eo.organization_id,',%')
			GROUP BY i.created_date, idet.oil_id
		) AS tbl
		LEFT JOIN
		(
			SELECT _from_date AS created_date, o.id as oil_id, sum(COALESCE(tbl.in_stock,0)) AS opening_stock
			FROM oil AS o
			left join
			(
				SELECT oil_id, in_stock
				FROM oil_in_stock
				WHERE DATEDIFF(`day`, _from_date) = 0 AND _organization_ids LIKE CONCAT('%,',organization_id,',%') -- AND DATEDIFF(`day`, _to_date) <= 0 
				union all
				SELECT i_det.oil_id, COALESCE(i_det.base_quantity,0) AS in_stock
				FROM oil_import_detail AS i_det, oil_import AS i, store AS s
				WHERE i_det.oil_import_id=i.id AND DATE(i.created_date) >= _from_date AND DATE(i.created_date) < _to_date
					AND i.store_id=s.id AND _organization_ids LIKE CONCAT('%,',s.organization_id,',%')
				UNION ALL
				SELECT i_det.oil_id, -COALESCE(i_det.base_quantity,0) AS in_stock
				FROM oil_sale_detail AS i_det, oil_sale AS i, store AS s
				WHERE i_det.oil_sale_id=i.id AND DATE(i.created_date) >= _from_date AND DATE(i.created_date) < _to_date
					AND i_det.store_id=s.id AND _organization_ids LIKE CONCAT('%,',s.organization_id,',%')
				UNION ALL
				SELECT i_det.oil_id, -COALESCE(i_det.base_quantity,0) AS in_stock
				FROM oil_sale_promotion AS i_det, oil_sale AS i, store AS s
				WHERE i_det.sale_oil_id=i.id AND DATE(i.created_date) >= _from_date AND DATE(i.created_date) < _to_date
					AND i_det.store_id=s.id AND _organization_ids LIKE CONCAT('%,',s.organization_id,',%')
				UNION ALL
				SELECT i_det.oil_id, COALESCE(i_det.base_quantity,0) AS in_stock
				FROM oil_sale_return_detail AS i_det, oil_sale_return AS i, store AS s
				WHERE i_det.oil_sale_return_id=i.id AND DATE(i.created_date) >= _from_date AND DATE(i.created_date) < _to_date
					AND i_det.store_id=s.id AND _organization_ids LIKE CONCAT('%,',s.organization_id,',%')
			) as tbl on tbl.oil_id=o.id
			WHERE o.STATUS=1 AND _organization_ids LIKE CONCAT('%,',o.organization_id,',%')
			group by o.id
		) AS opening_tbl ON tbl.oil_id=opening_tbl.oil_id
		GROUP BY tbl.created_date, tbl.oil_id;
	
		SELECT COALESCE(GROUP_CONCAT(oil_id),'') INTO _oil_ids FROM temp_oil_stock WHERE session_id=_session_id;
	
		SELECT created_date, 0 AS oil_id, 0 AS opening_stock, 0 AS import_quantity, 0 AS export_quantity 
		FROM temp_oil_stock 
		WHERE session_id=_session_id 
		GROUP BY created_date ORDER BY created_date;
	ELSE
		SELECT max(t.opening_stock) into _opening_stock
		FROM (SELECT created_date, session_id FROM temp_oil_stock WHERE session_id=_session_id GROUP BY created_date) AS tbl
		LEFT JOIN temp_oil_stock AS t ON t.session_id=tbl.session_id AND t.created_date=tbl.created_date AND t.oil_id=_oil_id;
		SELECT tbl.created_date, t.oil_id, t.opening_stock, t.import_quantity, t.export_quantity 
		FROM (SELECT created_date, session_id FROM temp_oil_stock WHERE session_id=_session_id GROUP BY created_date) AS tbl
		LEFT JOIN temp_oil_stock AS t ON t.session_id=tbl.session_id AND t.created_date=tbl.created_date AND t.oil_id=_oil_id
		ORDER BY tbl.created_date;
	END IF;
    END */$$
DELIMITER ;

/* Procedure structure for procedure `report_oil_stock_h` */

/*!50003 DROP PROCEDURE IF EXISTS  `report_oil_stock_h` */;

DELIMITER $$

/*!50003 CREATE DEFINER=`root`@`localhost` PROCEDURE `report_oil_stock_h`(IN _start_date VARCHAR(20), IN _end_date VARCHAR(20), IN _organization_ids TEXT)
BEGIN
	DECLARE _from_date, _to_date DATE;
	
	IF _start_date<>'' THEN
		SET _to_date = STR_TO_DATE(_start_date,'%d/%m/%Y');
	ELSE
		SELECT SYSDATE() INTO _to_date;
	END IF;
	
	SELECT `day` INTO _from_date FROM oil_in_stock WHERE DATEDIFF(`day`, _to_date) <= 0 ORDER BY `day` DESC LIMIT 1;
	IF _from_date is NULL THEN
		SELECT STR_TO_DATE(`value`,'%d/%m/%Y') INTO _from_date FROM parameter WHERE `code`="startdate";
	END IF;
	
	SELECT o.CODE, o.NAME, COALESCE(opening_stock,0) AS opening_stock, SUM(COALESCE(import_quantity,0)) AS import_quantity, SUM(COALESCE(export_quantity,0)) AS export_quantity 
	FROM oil AS o
	LEFT JOIN
	(
		SELECT idet.oil_id, SUM(idet.quantity) AS import_quantity, 0 AS export_quantity
		FROM oil_import AS i, oil_import_detail AS idet, employee AS eo, oil AS p
		WHERE DATE(i.created_date) >= STR_TO_DATE(_start_date,'%d/%m/%Y') AND DATE(i.created_date) <= STR_TO_DATE(_end_date,'%d/%m/%Y')
			AND i.id=idet.oil_import_id AND i.created_employee_id=eo.id AND idet.oil_id=p.id AND p.STATUS=1
			AND _organization_ids LIKE CONCAT('%,',eo.organization_id,',%')
		GROUP BY i.created_date, idet.oil_id
		UNION ALL
		SELECT idet.oil_id, 0 AS import_quantity, SUM(idet.quantity) AS export_quantity
		FROM oil_sale AS i, oil_sale_detail AS idet, employee AS eo, oil AS p
		WHERE DATE(i.created_date) >= STR_TO_DATE(_start_date,'%d/%m/%Y') AND DATE(i.created_date) <= STR_TO_DATE(_end_date,'%d/%m/%Y')
			AND i.id=idet.oil_sale_id AND i.created_employee_id=eo.id AND idet.oil_id=p.id AND p.STATUS=1
			AND _organization_ids LIKE CONCAT('%,',eo.organization_id,',%')
		GROUP BY i.created_date, idet.oil_id
	) AS tbl ON o.id=tbl.oil_id
	LEFT JOIN
	(
		SELECT o.id AS oil_id, SUM(COALESCE(in_stock,0)) AS opening_stock
		FROM oil AS o
		LEFT JOIN (
			SELECT oil_id, in_stock
			FROM oil_in_stock
			WHERE DATEDIFF(`day`, _from_date) = 0 -- AND DATEDIFF(`day`, _to_date) <= 0 
				AND _organization_ids LIKE CONCAT('%,',organization_id,',%')
			UNION ALL
			SELECT i_det.oil_id, COALESCE(i_det.base_quantity,0) AS in_stock
			FROM oil_import_detail AS i_det, oil_import AS i, store AS s
			WHERE i_det.oil_import_id=i.id AND DATE(i.created_date) >= _from_date AND DATE(i.created_date) < _to_date
				AND i.store_id=s.id AND _organization_ids LIKE CONCAT('%,',s.organization_id,',%')
			UNION ALL
			SELECT i_det.oil_id, -COALESCE(i_det.base_quantity,0) AS in_stock
			FROM oil_sale_detail AS i_det, oil_sale AS i, store AS s
			WHERE i_det.oil_sale_id=i.id AND DATE(i.created_date) >= _from_date AND DATE(i.created_date) < _to_date
				AND i_det.store_id=s.id AND _organization_ids LIKE CONCAT('%,',s.organization_id,',%')
			UNION ALL
			SELECT i_det.oil_id, -COALESCE(i_det.base_quantity,0) AS in_stock
			FROM oil_sale_promotion AS i_det, oil_sale AS i, store AS s
			WHERE i_det.sale_oil_id=i.id AND DATE(i.created_date) >= _from_date AND DATE(i.created_date) < _to_date
				AND i_det.store_id=s.id AND _organization_ids LIKE CONCAT('%,',s.organization_id,',%')
			UNION ALL
			SELECT i_det.oil_id, COALESCE(i_det.base_quantity,0) AS in_stock
			FROM oil_sale_return_detail AS i_det, oil_sale_return AS i, store AS s
			WHERE i_det.oil_sale_return_id=i.id AND DATE(i.created_date) >= _from_date AND DATE(i.created_date) < _to_date
				AND i_det.store_id=s.id AND _organization_ids LIKE CONCAT('%,',s.organization_id,',%')
		) AS tbl_old_stock ON tbl_old_stock.oil_id=o.id
		WHERE o.STATUS=1 AND _organization_ids LIKE CONCAT('%,',o.organization_id,',%')
		GROUP BY o.id
	) AS opening_tbl ON tbl.oil_id=opening_tbl.oil_id
	WHERE o.STATUS=1 AND _organization_ids LIKE CONCAT('%,',o.organization_id,',%')
	GROUP BY o.id;
    END */$$
DELIMITER ;

/* Procedure structure for procedure `report_oil_stock_store` */

/*!50003 DROP PROCEDURE IF EXISTS  `report_oil_stock_store` */;

DELIMITER $$

/*!50003 CREATE DEFINER=`root`@`localhost` PROCEDURE `report_oil_stock_store`(IN _start_date VARCHAR(20), IN _end_date VARCHAR(20), IN _organization_ids TEXT, IN _store_id INT
	, IN _oil_id INT, IN _session_id VARCHAR(255), OUT _oil_ids TEXT, OUT _opening_stock INT)
BEGIN
	DECLARE _from_date, _to_date DATE;
	
	IF _start_date<>'' THEN
		SET _to_date = STR_TO_DATE(_start_date,'%d/%m/%Y');
	ELSE
		SELECT SYSDATE() INTO _to_date;
	END IF;
	
	SELECT `day` INTO _from_date FROM oil_in_stock WHERE DATEDIFF(`day`, _to_date) <= 0 ORDER BY `day` DESC LIMIT 1;
	IF _from_date is NULL THEN
		SELECT STR_TO_DATE(`value`,'%d/%m/%Y') INTO _from_date FROM parameter WHERE `code`="startdate";
	END IF;
	
	IF _oil_id=0 THEN
		DELETE FROM temp_oil_stock WHERE session_id=_session_id;
	
		INSERT INTO temp_oil_stock(session_id, created_date, oil_id, opening_stock, import_quantity, export_quantity)
		SELECT _session_id, tbl.created_date, tbl.oil_id, COALESCE(opening_stock,0), SUM(COALESCE(import_quantity,0)), SUM(COALESCE(export_quantity,0)) FROM
		(
			SELECT i.created_date, idet.oil_id, SUM(idet.quantity) AS import_quantity, 0 AS export_quantity
			FROM oil_import AS i, oil_import_detail AS idet, employee AS eo, oil AS p
			WHERE DATE(i.created_date) >= STR_TO_DATE(_start_date,'%d/%m/%Y') AND DATE(i.created_date) <= STR_TO_DATE(_end_date,'%d/%m/%Y')
				AND i.id=idet.oil_import_id AND i.created_employee_id=eo.id AND idet.oil_id=p.id AND p.STATUS=1
				AND _organization_ids LIKE CONCAT('%,',eo.organization_id,',%') and i.store_id=_store_id
			GROUP BY i.created_date, idet.oil_id
			UNION ALL
			SELECT i.created_date, idet.oil_id, 0 AS import_quantity, SUM(idet.quantity) AS export_quantity
			FROM oil_sale AS i, oil_sale_detail AS idet, employee AS eo, oil AS p
			WHERE DATE(i.created_date) >= STR_TO_DATE(_start_date,'%d/%m/%Y') AND DATE(i.created_date) <= STR_TO_DATE(_end_date,'%d/%m/%Y')
				AND i.id=idet.oil_sale_id AND i.created_employee_id=eo.id AND idet.oil_id=p.id AND p.STATUS=1
				AND _organization_ids LIKE CONCAT('%,',eo.organization_id,',%') and idet.store_id=_store_id
			GROUP BY i.created_date, idet.oil_id
		) AS tbl
		LEFT JOIN
		(
			SELECT _from_date AS created_date, o.id as oil_id, sum(COALESCE(in_stock,0)) AS opening_stock
			FROM oil AS o
			LEFT JOIN (
				SELECT oil_id, in_stock
				FROM oil_in_stock
				WHERE DATEDIFF(`day`, _from_date) = 0 -- AND DATEDIFF(`day`, _to_date) <= 0 
					AND _organization_ids LIKE CONCAT('%,',organization_id,',%') and store_id=_store_id	
				union all
				SELECT i_det.oil_id, COALESCE(i_det.base_quantity,0) AS in_stock
				FROM oil_import_detail AS i_det, oil_import AS i, store AS s
				WHERE i_det.oil_import_id=i.id AND DATE(i.created_date) >= _from_date AND DATE(i.created_date) < _to_date
					AND i.store_id=s.id AND _organization_ids LIKE CONCAT('%,',s.organization_id,',%') AND s.id=_store_id
				UNION ALL
				SELECT i_det.oil_id, -COALESCE(i_det.base_quantity,0) AS in_stock
				FROM oil_sale_detail AS i_det, oil_sale AS i, store AS s
				WHERE i_det.oil_sale_id=i.id AND DATE(i.created_date) >= _from_date AND DATE(i.created_date) < _to_date
					AND i_det.store_id=s.id AND _organization_ids LIKE CONCAT('%,',s.organization_id,',%') AND s.id=_store_id
				UNION ALL
				SELECT i_det.oil_id, -COALESCE(i_det.base_quantity,0) AS in_stock
				FROM oil_sale_promotion AS i_det, oil_sale AS i, store AS s
				WHERE i_det.sale_oil_id=i.id AND DATE(i.created_date) >= _from_date AND DATE(i.created_date) < _to_date
					AND i_det.store_id=s.id AND _organization_ids LIKE CONCAT('%,',s.organization_id,',%') AND s.id=_store_id
				UNION ALL
				SELECT i_det.oil_id, COALESCE(i_det.base_quantity,0) AS in_stock
				FROM oil_sale_return_detail AS i_det, oil_sale_return AS i, store AS s
				WHERE i_det.oil_sale_return_id=i.id AND DATE(i.created_date) >= _from_date AND DATE(i.created_date) < _to_date
					AND i_det.store_id=s.id AND _organization_ids LIKE CONCAT('%,',s.organization_id,',%') AND s.id=_store_id
			) AS tbl_old_stock ON tbl_old_stock.oil_id=o.id
			WHERE o.STATUS=1 and _organization_ids LIKE CONCAT('%,',o.organization_id,',%')
			group by o.id
		) AS opening_tbl ON tbl.oil_id=opening_tbl.oil_id
		GROUP BY tbl.created_date, tbl.oil_id;
	
		SELECT COALESCE(GROUP_CONCAT(oil_id),'') INTO _oil_ids FROM temp_oil_stock WHERE session_id=_session_id;
	
		SELECT created_date, 0 AS oil_id, 0 AS opening_stock, 0 AS import_quantity, 0 AS export_quantity 
		FROM temp_oil_stock 
		WHERE session_id=_session_id 
		GROUP BY created_date ORDER BY created_date;
	ELSE
		SELECT max(t.opening_stock) into _opening_stock
		FROM (SELECT created_date, session_id FROM temp_oil_stock WHERE session_id=_session_id GROUP BY created_date) AS tbl
		LEFT JOIN temp_oil_stock AS t ON t.session_id=tbl.session_id AND t.created_date=tbl.created_date AND t.oil_id=_oil_id
		ORDER BY tbl.created_date;
	
		SELECT tbl.created_date, t.oil_id, t.opening_stock, t.import_quantity, t.export_quantity 
		FROM (SELECT created_date, session_id FROM temp_oil_stock WHERE session_id=_session_id GROUP BY created_date) AS tbl
		LEFT JOIN temp_oil_stock AS t ON t.session_id=tbl.session_id AND t.created_date=tbl.created_date AND t.oil_id=_oil_id
		ORDER BY tbl.created_date;
	END IF;
    END */$$
DELIMITER ;

/* Procedure structure for procedure `report_oil_stock_store_h` */

/*!50003 DROP PROCEDURE IF EXISTS  `report_oil_stock_store_h` */;

DELIMITER $$

/*!50003 CREATE DEFINER=`root`@`localhost` PROCEDURE `report_oil_stock_store_h`(IN _start_date VARCHAR(20), IN _end_date VARCHAR(20), IN _organization_ids TEXT, IN _store_id INT)
BEGIN
	DECLARE _from_date, _to_date DATE;
	
	IF _start_date<>'' THEN
		SET _to_date = STR_TO_DATE(_start_date,'%d/%m/%Y');
	ELSE
		SELECT SYSDATE() INTO _to_date;
	END IF;
	
	SELECT `day` INTO _from_date FROM oil_in_stock WHERE DATEDIFF(`day`, _to_date) <= 0 ORDER BY `day` DESC LIMIT 1;
	IF _from_date is NULL THEN
		SELECT STR_TO_DATE(`value`,'%d/%m/%Y') INTO _from_date FROM parameter WHERE `code`="startdate";
	END IF;
	
	SELECT o.code, o.name, COALESCE(opening_stock,0) as opening_stock, SUM(COALESCE(import_quantity,0)) as import_quantity, SUM(COALESCE(export_quantity,0)) as export_quantity 
	FROM oil as o
	left join
	(
		SELECT idet.oil_id, SUM(idet.quantity) AS import_quantity, 0 AS export_quantity
		FROM oil_import AS i, oil_import_detail AS idet, employee AS eo, oil AS p
		WHERE DATE(i.created_date) >= STR_TO_DATE(_start_date,'%d/%m/%Y') AND DATE(i.created_date) <= STR_TO_DATE(_end_date,'%d/%m/%Y')
			AND i.id=idet.oil_import_id AND i.created_employee_id=eo.id AND idet.oil_id=p.id AND p.STATUS=1
			AND _organization_ids LIKE CONCAT('%,',eo.organization_id,',%') AND i.store_id=_store_id
		GROUP BY i.created_date, idet.oil_id
		UNION ALL
		SELECT idet.oil_id, 0 AS import_quantity, SUM(idet.quantity) AS export_quantity
		FROM oil_sale AS i, oil_sale_detail AS idet, employee AS eo, oil AS p
		WHERE DATE(i.created_date) >= STR_TO_DATE(_start_date,'%d/%m/%Y') AND DATE(i.created_date) <= STR_TO_DATE(_end_date,'%d/%m/%Y')
			AND i.id=idet.oil_sale_id AND i.created_employee_id=eo.id AND idet.oil_id=p.id AND p.STATUS=1
			AND _organization_ids LIKE CONCAT('%,',eo.organization_id,',%') AND idet.store_id=_store_id
		GROUP BY i.created_date, idet.oil_id
	) AS tbl on o.id=tbl.oil_id
	LEFT JOIN
	(
		SELECT o.id AS oil_id, SUM(COALESCE(in_stock,0)) AS opening_stock
		FROM oil AS o
		LEFT JOIN (
			SELECT oil_id, in_stock
			FROM oil_in_stock
			WHERE DATEDIFF(`day`, _from_date) = 0 -- AND DATEDIFF(`day`, _to_date) <= 0 
				AND _organization_ids LIKE CONCAT('%,',organization_id,',%') AND store_id=_store_id	
			UNION ALL
			SELECT i_det.oil_id, COALESCE(i_det.base_quantity,0) AS in_stock
			FROM oil_import_detail AS i_det, oil_import AS i, store AS s
			WHERE i_det.oil_import_id=i.id AND DATE(i.created_date) >= _from_date AND DATE(i.created_date) < _to_date
				AND i.store_id=s.id AND _organization_ids LIKE CONCAT('%,',s.organization_id,',%') AND s.id=_store_id
			UNION ALL
			SELECT i_det.oil_id, -COALESCE(i_det.base_quantity,0) AS in_stock
			FROM oil_sale_detail AS i_det, oil_sale AS i, store AS s
			WHERE i_det.oil_sale_id=i.id AND DATE(i.created_date) >= _from_date AND DATE(i.created_date) < _to_date
				AND i_det.store_id=s.id AND _organization_ids LIKE CONCAT('%,',s.organization_id,',%') AND s.id=_store_id
			UNION ALL
			SELECT i_det.oil_id, -COALESCE(i_det.base_quantity,0) AS in_stock
			FROM oil_sale_promotion AS i_det, oil_sale AS i, store AS s
			WHERE i_det.sale_oil_id=i.id AND DATE(i.created_date) >= _from_date AND DATE(i.created_date) < _to_date
				AND i_det.store_id=s.id AND _organization_ids LIKE CONCAT('%,',s.organization_id,',%') AND s.id=_store_id
			UNION ALL
			SELECT i_det.oil_id, COALESCE(i_det.base_quantity,0) AS in_stock
			FROM oil_sale_return_detail AS i_det, oil_sale_return AS i, store AS s
			WHERE i_det.oil_sale_return_id=i.id AND DATE(i.created_date) >= _from_date AND DATE(i.created_date) < _to_date
				AND i_det.store_id=s.id AND _organization_ids LIKE CONCAT('%,',s.organization_id,',%') AND s.id=_store_id
		) AS tbl_old_stock ON tbl_old_stock.oil_id=o.id
		WHERE o.STATUS=1 AND _organization_ids LIKE CONCAT('%,',o.organization_id,',%')
		GROUP BY o.id
	) AS opening_tbl ON o.id=opening_tbl.oil_id
	WHERE o.STATUS=1 AND _organization_ids LIKE CONCAT('%,',o.organization_id,',%')
	GROUP BY o.id;
    END */$$
DELIMITER ;

/* Procedure structure for procedure `report_oil_vendor_debt` */

/*!50003 DROP PROCEDURE IF EXISTS  `report_oil_vendor_debt` */;

DELIMITER $$

/*!50003 CREATE DEFINER=`root`@`localhost` PROCEDURE `report_oil_vendor_debt`(IN _start_date VARCHAR(20), IN _end_date VARCHAR(20), IN _organization_ids TEXT)
BEGIN
	DECLARE _from_date, _to_date DATE;
	
	IF _start_date<>'' THEN
		SELECT STR_TO_DATE(_start_date,'%d/%m/%Y') INTO _to_date;
	ELSE
		SELECT SYSDATE() INTO _to_date;
	END IF;
	
	SELECT `day` INTO _from_date FROM vendor_in_stock WHERE DATEDIFF(`day`, _to_date) <= 0 ORDER BY `day` DESC LIMIT 1;
	IF _from_date IS NULL THEN
		-- SELECT DATE_ADD(_to_date, INTERVAL -1 DAY) INTO _from_date;
		SELECT STR_TO_DATE(`value`,'%d/%m/%Y')  INTO _from_date from parameter where `code`="startdate";
	END IF;
	
	SELECT v.CODE AS vendor_code, v.NAME AS vendor_name, tbl_vendor_stock.amount AS opening_stock
		, SUM(COALESCE(tbl_oil_import.amount,0)) AS amount
		, SUM(COALESCE(tbl_vendor_debt.amount,0) + COALESCE(tbl_oil_import.paid,0)) AS paid
	FROM vendor AS v, organization AS o, vendor_organization AS vo
	LEFT JOIN (
		SELECT vo.organization_id, vo.vendor_id, sum(COALESCE(stock.debt,0)) AS amount
		FROM organization AS o, vendor AS v, vendor_organization AS vo
		left join
		(
			SELECT vendor_id, organization_id, amount as debt
			FROM vendor_in_stock
			WHERE DATEDIFF(`day`, _from_date) = 0 AND _organization_ids LIKE CONCAT('%,',organization_id,',%') -- AND DATEDIFF(`day`, _to_date) <= 0  
			union all
			SELECT i.vendor_id, eo.organization_id, COALESCE(i.debt,0) AS debt
			FROM lpg_import AS i, employee AS eo
			WHERE DATE(i.import_date) >= _from_date AND DATE(i.import_date) < _to_date
				AND i.created_employee_id=eo.id AND _organization_ids LIKE CONCAT('%,',eo.organization_id,',%')
			UNION ALL
			SELECT i.vendor_id, eo.organization_id, COALESCE(i.debt,0) AS debt
			FROM gas_import AS i, employee AS eo
			WHERE DATE(i.created_date) >= _from_date AND DATE(i.created_date) < _to_date
				AND i.created_employee_id=eo.id AND _organization_ids LIKE CONCAT('%,',eo.organization_id,',%')
			UNION ALL
			SELECT i.vendor_id, eo.organization_id, COALESCE(i.debt,0) AS debt
			FROM oil_import AS i, employee AS eo
			WHERE DATE(i.created_date) >= _from_date AND DATE(i.created_date) < _to_date
				AND i.created_employee_id=eo.id AND _organization_ids LIKE CONCAT('%,',eo.organization_id,',%')
			UNION ALL
			SELECT i.vendor_id, eo.organization_id, - COALESCE(IF(i.kind=1,i.paid,0),0) AS debt
			FROM vendor_debt AS i, employee AS eo
			WHERE DATE(i.created_date) >= _from_date AND DATE(i.created_date) < _to_date
				AND i.created_employee_id=eo.id AND _organization_ids LIKE CONCAT('%,',eo.organization_id,',%')
			UNION ALL
			SELECT i.vendor_id, eo.organization_id, COALESCE(i.debt,0) AS debt
			FROM promotion_material_import AS i, employee AS eo
			WHERE DATE(i.created_date) >= _from_date AND DATE(i.created_date) < _to_date
				AND i.created_employee_id=eo.id AND _organization_ids LIKE CONCAT('%,',eo.organization_id,',%')
			UNION ALL
			SELECT i.vendor_id, eo.organization_id, COALESCE(i.debt,0) AS debt
			FROM accessory_import AS i, employee AS eo
			WHERE DATE(i.created_date) >= _from_date AND DATE(i.created_date) < _to_date
				AND i.created_employee_id=eo.id AND _organization_ids LIKE CONCAT('%,',eo.organization_id,',%')
			UNION ALL
			SELECT i.vendor_id, eo.organization_id, COALESCE(i.amount,0) AS debt
			FROM debt_adjustment AS i, employee AS eo
			WHERE DATE(i.created_date) >= _from_date AND DATE(i.created_date) < _to_date
				AND i.created_employee_id=eo.id AND i.vendor_id<>0 AND i.kind=1
				 AND _organization_ids LIKE CONCAT('%,',eo.organization_id,',%')
			UNION ALL
			SELECT i.vendor_id, eo.organization_id, COALESCE(i.debt,0) AS debt
			FROM good_import AS i, employee AS eo
			WHERE DATE(i.created_date) >= _from_date AND DATE(i.created_date) < _to_date
				AND i.created_employee_id=eo.id AND _organization_ids LIKE CONCAT('%,',eo.organization_id,',%')
			UNION ALL
			SELECT i.vendor_id, eo.organization_id, COALESCE(i.debt,0) AS debt
			FROM petro_import AS i, employee AS eo
			WHERE DATE(i.created_date) >= _from_date AND DATE(i.created_date) < _to_date
				AND i.created_employee_id=eo.id AND _organization_ids LIKE CONCAT('%,',eo.organization_id,',%')
			UNION ALL
			SELECT idet.vendor_id, eo.organization_id, -COALESCE(idet.quantity*idet.price_before_commission,0) AS debt
			FROM oil_sale_detail AS idet, oil_sale AS i, employee AS eo
			WHERE DATE(i.created_date) >= _from_date AND DATE(i.created_date) < _to_date
				AND i.created_employee_id=eo.id AND i.id=idet.oil_sale_id
					 AND _organization_ids LIKE CONCAT('%,',eo.organization_id,',%')
		) AS stock ON stock.organization_id=vo.organization_id AND stock.vendor_id=vo.vendor_id
		WHERE vo.organization_id=o.id AND vo.vendor_id=v.id AND v.STATUS=1 AND o.STATUS=1 AND _organization_ids LIKE CONCAT('%,',vo.organization_id,',%')
		GROUP BY vo.organization_id, vo.vendor_id
		ORDER BY o.NAME, v.NAME
	) AS tbl_vendor_stock ON vo.vendor_id=tbl_vendor_stock.vendor_id AND vo.organization_id=tbl_vendor_stock.organization_id
	LEFT JOIN (
		SELECT vd.vendor_id, eo.organization_id, SUM(vd.paid) AS amount
		FROM vendor_debt as vd, employee as eo
		WHERE DATE(vd.created_date) >= STR_TO_DATE(_start_date,'%d/%m/%Y') AND DATE(vd.created_date) <= STR_TO_DATE(_end_date,'%d/%m/%Y') 
			AND vd.created_employee_id=eo.id AND _organization_ids LIKE CONCAT('%,',eo.organization_id,',%') 
		GROUP BY vd.vendor_id, eo.organization_id
	) AS tbl_vendor_debt ON vo.vendor_id=tbl_vendor_debt.vendor_id AND vo.organization_id=tbl_vendor_debt.organization_id
	LEFT JOIN (
		SELECT oi.vendor_id, eo.organization_id, SUM(oi.total) AS amount, SUM(oi.paid) AS paid
		FROM oil_import AS oi, employee AS eo
		WHERE DATE(oi.created_date) >= STR_TO_DATE(_start_date,'%d/%m/%Y') AND DATE(oi.created_date) <= STR_TO_DATE(_end_date,'%d/%m/%Y') 
			AND oi.created_employee_id=eo.id AND _organization_ids LIKE CONCAT('%,',eo.organization_id,',%') 
		GROUP BY oi.vendor_id, eo.organization_id
	) AS tbl_oil_import ON vo.vendor_id=tbl_oil_import.vendor_id AND vo.organization_id=tbl_oil_import.organization_id
	WHERE vo.vendor_id=v.id AND vo.organization_id=o.id AND v.STATUS=1 AND o.STATUS=1 and v.is_oil=1
	GROUP BY v.id	
	;
    END */$$
DELIMITER ;

/* Procedure structure for procedure `report_oil_vendor_stock` */

/*!50003 DROP PROCEDURE IF EXISTS  `report_oil_vendor_stock` */;

DELIMITER $$

/*!50003 CREATE DEFINER=`root`@`localhost` PROCEDURE `report_oil_vendor_stock`(IN _start_date VARCHAR(20), IN _end_date VARCHAR(20), IN _organization_ids TEXT, IN _vendor_id INT)
BEGIN
	DECLARE _from_date, _to_date DATE;
	
	IF _start_date<>'' THEN
		SET _to_date = STR_TO_DATE(_start_date,'%d/%m/%Y');
	ELSE
		SELECT SYSDATE() INTO _to_date;
	END IF;
	
	SELECT `day` INTO _from_date FROM oil_in_stock WHERE DATEDIFF(`day`, _to_date) <= 0 ORDER BY `day` DESC LIMIT 1;
	IF _from_date is NULL THEN
		SELECT STR_TO_DATE(`value`,'%d/%m/%Y') INTO _from_date FROM parameter WHERE `code`="startdate";
	END IF;
	
	select o.code as oil_code, o.name as oil_name, coalesce(opening_stock,0) as opening_stock
		, SUM(import_tbl.quantity) AS import_quantity, sum(export_tbl.quantity) AS export_quantity 
		, import_tbl.price AS import_price, sum(import_tbl.amount) AS import_amount, import_tbl.note
	from oil as o
	LEFT JOIN
	(
		SELECT o.id as oil_id, sum(COALESCE(in_stock,0)) AS opening_stock
		FROM oil AS o
		LEFT JOIN (
			SELECT oil_id, in_stock
			FROM oil_in_stock
			WHERE DATEDIFF(`day`, _from_date) = 0 AND _organization_ids LIKE CONCAT('%,',organization_id,',%') -- AND DATEDIFF(`day`, _to_date) <= 0 
			union all
			SELECT i_det.oil_id, COALESCE(i_det.base_quantity,0) AS in_stock
			FROM oil_import_detail AS i_det, oil_import AS i, store AS s
			WHERE i_det.oil_import_id=i.id AND DATE(i.created_date) >= _from_date AND DATE(i.created_date) < _to_date
				AND i.store_id=s.id AND _organization_ids LIKE CONCAT('%,',s.organization_id,',%')
			UNION ALL
			SELECT i_det.oil_id, -COALESCE(i_det.base_quantity,0) AS in_stock
			FROM oil_sale_detail AS i_det, oil_sale AS i, store AS s
			WHERE i_det.oil_sale_id=i.id AND DATE(i.created_date) >= _from_date AND DATE(i.created_date) < _to_date
				AND i_det.store_id=s.id AND _organization_ids LIKE CONCAT('%,',s.organization_id,',%')
			UNION ALL
			SELECT i_det.oil_id, -COALESCE(i_det.base_quantity,0) AS in_stock
			FROM oil_sale_promotion AS i_det, oil_sale AS i, store AS s
			WHERE i_det.sale_oil_id=i.id AND DATE(i.created_date) >= _from_date AND DATE(i.created_date) < _to_date
				AND i_det.store_id=s.id AND _organization_ids LIKE CONCAT('%,',s.organization_id,',%')
			UNION ALL
			SELECT i_det.oil_id, COALESCE(i_det.base_quantity,0) AS in_stock
			FROM oil_sale_return_detail AS i_det, oil_sale_return AS i, store AS s
			WHERE i_det.oil_sale_return_id=i.id AND DATE(i.created_date) >= _from_date AND DATE(i.created_date) < _to_date
				AND i_det.store_id=s.id AND _organization_ids LIKE CONCAT('%,',s.organization_id,',%')
		) AS tbl_old_stock ON tbl_old_stock.oil_id=o.id
		WHERE o.STATUS=1 AND _organization_ids LIKE CONCAT('%,',o.organization_id,',%')
		group by o.id
	) AS opening_tbl ON o.id=opening_tbl.oil_id
	left join
	(
		SELECT oil_id, SUM(base_quantity) AS quantity, SUM(amount) AS amount, GROUP_CONCAT(CONCAT(price,'(',quantity,')')) AS note, avg(price) as price
		FROM(
			SELECT idet.oil_id, SUM(idet.base_quantity) AS base_quantity, SUM(idet.quantity) AS quantity, idet.price, sum(idet.amount) as amount
			FROM oil_import AS i, oil_import_detail AS idet, employee AS eo
			WHERE DATE(i.created_date) >= STR_TO_DATE(_start_date,'%d/%m/%Y') AND DATE(i.created_date) <= STR_TO_DATE(_end_date,'%d/%m/%Y')
				AND i.id=idet.oil_import_id AND i.created_employee_id=eo.id
				AND _organization_ids LIKE CONCAT('%,',eo.organization_id,',%')
			GROUP BY idet.oil_id, idet.price
		) as tbl
		group by oil_id
	) as import_tbl on o.id=import_tbl.oil_id
	LEFT JOIN
	(
		SELECT idet.oil_id, SUM(idet.base_quantity) AS quantity
		FROM oil_sale AS i, oil_sale_detail AS idet, employee AS eo
		WHERE DATE(i.created_date) >= STR_TO_DATE(_start_date,'%d/%m/%Y') AND DATE(i.created_date) <= STR_TO_DATE(_end_date,'%d/%m/%Y')
			AND i.id=idet.oil_sale_id AND i.created_employee_id=eo.id
			AND _organization_ids LIKE CONCAT('%,',eo.organization_id,',%')
		GROUP BY idet.oil_id
		union all
		SELECT idet.oil_id, SUM(idet.base_quantity) AS quantity
		FROM oil_sale AS i, oil_sale_promotion AS idet, employee AS eo
		WHERE DATE(i.created_date) >= STR_TO_DATE(_start_date,'%d/%m/%Y') AND DATE(i.created_date) <= STR_TO_DATE(_end_date,'%d/%m/%Y')
			AND i.id=idet.sale_oil_id AND i.created_employee_id=eo.id
			AND _organization_ids LIKE CONCAT('%,',eo.organization_id,',%')
		GROUP BY idet.oil_id
		union all
		SELECT i_det.oil_id, -SUM(i_det.base_quantity) AS quantity
		FROM oil_sale_return_detail AS i_det, oil_sale_return AS i, store AS s
		WHERE DATE(i.created_date) >= STR_TO_DATE(_start_date,'%d/%m/%Y') AND DATE(i.created_date) <= STR_TO_DATE(_end_date,'%d/%m/%Y')
			AND i_det.oil_sale_return_id=i.id AND i_det.store_id=s.id
			AND _organization_ids LIKE CONCAT('%,',s.organization_id,',%')
		GROUP BY i_det.oil_id
	) AS export_tbl ON o.id=export_tbl.oil_id
	where o.status=1
	group by o.id
	;
    END */$$
DELIMITER ;

/* Procedure structure for procedure `report_petro_import` */

/*!50003 DROP PROCEDURE IF EXISTS  `report_petro_import` */;

DELIMITER $$

/*!50003 CREATE DEFINER=`root`@`localhost` PROCEDURE `report_petro_import`(IN _start_date VARCHAR(20), IN _end_date VARCHAR(20), IN _organization_ids TEXT)
BEGIN
	SET _organization_ids = CONCAT(',',_organization_ids,',');
	SELECT i.created_date, v.NAME AS vendor_name, p.name as petroName, s.name as storeName, idet.quantity, idet.price, idet.amount, i.paid, i.note
	FROM petro_import AS i, petro_import_detail as idet, petro as p, vendor AS v, employee AS e, store as s
	WHERE DATE(i.created_date) >= STR_TO_DATE(_start_date,'%d/%m/%Y') AND DATE(i.created_date) <= STR_TO_DATE(_end_date,'%d/%m/%Y')
		AND i.vendor_id=v.id AND i.created_employee_id=e.id AND _organization_ids LIKE CONCAT('%,',e.organization_id,',%') AND v.STATUS=1
		and i.id=idet.petro_import_id and idet.petro_id=p.id and i.store_id=s.id
	;
    END */$$
DELIMITER ;

/* Procedure structure for procedure `report_petro_sale` */

/*!50003 DROP PROCEDURE IF EXISTS  `report_petro_sale` */;

DELIMITER $$

/*!50003 CREATE DEFINER=`root`@`localhost` PROCEDURE `report_petro_sale`(IN _start_date VARCHAR(20), IN _end_date VARCHAR(20), IN _organization_ids TEXT)
BEGIN
	SELECT p.id, p.created_date, c.CODE AS customerCode, c.NAME AS customerName, s.NAME AS storeName, pe.code AS petroCode, pdet.quantity, pdet.price, pdet.amount, p.paid, a.number AS account
	FROM petro_sale AS p, petro_sale_detail AS pdet, customer AS c, store AS s, petro AS pe, account AS a, employee as eo
	WHERE DATE(p.created_date) >= STR_TO_DATE(_start_date,'%d/%m/%Y') AND DATE(p.created_date) <= STR_TO_DATE(_end_date,'%d/%m/%Y')
		AND p.id=pdet.petro_sale_id AND p.customer_id=c.id AND p.store_id=s.id  AND pdet.petro_id=pe.id AND p.account_id=a.id
		AND c.STATUS=1 AND s.STATUS=1 AND pe.STATUS=1 and p.created_employee_id=eo.id
		AND _organization_ids LIKE CONCAT('%,',eo.organization_id,',%')
	order by p.id
	;
    END */$$
DELIMITER ;

/* Procedure structure for procedure `report_petro_stock` */

/*!50003 DROP PROCEDURE IF EXISTS  `report_petro_stock` */;

DELIMITER $$

/*!50003 CREATE DEFINER=`root`@`localhost` PROCEDURE `report_petro_stock`(IN _start_date VARCHAR(20), IN _end_date VARCHAR(20), IN _organization_ids TEXT, in _petro_id int
	, in _session_id varchar(255), out _petro_ids text)
BEGIN
	DECLARE _from_date, _to_date DATE;
	
	IF _start_date<>'' THEN
		select STR_TO_DATE(_start_date,'%d/%m/%Y') into _to_date;
	ELSE
		SELECT SYSDATE() INTO _to_date;
	END IF;
	
	SELECT `day` INTO _from_date FROM petro_in_stock WHERE DATEDIFF(`day`, _to_date) <= 0 ORDER BY `day` DESC LIMIT 1;
	IF _from_date is NULL THEN
		-- SELECT DATE_ADD(_to_date, INTERVAL -1 DAY) INTO _from_date;
		SELECT STR_TO_DATE(`value`,'%d/%m/%Y')  INTO _from_date from parameter where `code`="startdate";
	END IF;
	if _petro_id=0 then
		delete from temp_petro_stock where session_id=_session_id;
		insert into temp_petro_stock(session_id, created_date, petro_id, opening_stock, import_quantity, export_quantity)
		select _session_id, tbl.created_date, tbl.petro_id, coalesce(sum(opening_stock),0) as opening_stock
			, coalesce(sum(import_quantity),0) as import_quantity, coalesce(sum(export_quantity),0) as export_quantity
		from petro as p left join
		(
			select i.created_date, idet.petro_id, 0 as opening_stock, coalesce(idet.quantity,0) as import_quantity, 0 as export_quantity
			from petro_import as i, petro_import_detail as idet, employee as eo
			where DATE(i.created_date) >= STR_TO_DATE(_start_date,'%d/%m/%Y') AND DATE(i.created_date) <= STR_TO_DATE(_end_date,'%d/%m/%Y')
				and i.id=idet.petro_import_id and i.created_employee_id=eo.id
				AND _organization_ids LIKE CONCAT('%,',eo.organization_id,',%')
			UNION ALL
			SELECT i.created_date, idet.petro_id, 0 as opening_stock, 0 AS import_quantity, coalesce(idet.quantity,0) AS export_quantity
			FROM petro_sale AS i, petro_sale_detail AS idet, employee AS eo
			WHERE DATE(i.created_date) >= STR_TO_DATE(_start_date,'%d/%m/%Y') AND DATE(i.created_date) <= STR_TO_DATE(_end_date,'%d/%m/%Y')
				AND i.id=idet.petro_sale_id AND i.created_employee_id=eo.id 
				AND _organization_ids LIKE CONCAT('%,',eo.organization_id,',%')
			union all
			SELECT _from_date as created_date, petro_id, coalesce(in_stock,0) as opening_stock, 0 as import_quantity, 0 as export_quantity
			FROM petro_in_stock
			WHERE DATEDIFF(`day`, _from_date) = 0 AND _organization_ids LIKE CONCAT('%,',organization_id,',%') -- AND DATEDIFF(`day`, _to_date) <= 0 
			union all
			SELECT _from_date as created_date, i_det.petro_id, COALESCE(i_det.quantity,0) AS opening_stock, 0 as import_quantity, 0 as export_quantity
			FROM petro_import_detail AS i_det, petro_import AS i, store AS s
			WHERE i_det.petro_import_id=i.id AND DATE(i.created_date) >= _from_date AND DATE(i.created_date) < _to_date 
				AND i.store_id=s.id AND _organization_ids LIKE CONCAT('%,',s.organization_id,',%')
			UNION ALL
			SELECT _from_date as created_date, i_det.petro_id, -COALESCE(i_det.quantity,0) AS opening_stock, 0 as import_quantity, 0 as export_quantity
			FROM petro_sale_detail AS i_det, petro_sale AS i, store as s
			WHERE i_det.petro_sale_id=i.id AND DATE(i.created_date) >= _from_date AND DATE(i.created_date) < _to_date 
				AND i.store_id=s.id AND _organization_ids LIKE CONCAT('%,',s.organization_id,',%')
		) as tbl on tbl.petro_id=p.id
		where p.status=1
		group by tbl.created_date, p.id
		having opening_stock>0 or import_quantity>0 or export_quantity>0;
	
		select COALESCE(GROUP_CONCAT(distinct petro_id),'') into _petro_ids from temp_petro_stock where session_id=_session_id;
	
		select created_date, 0 as petro_id, 0 as opening_stock, 0 as import_quantity, 0 as export_quantity 
		from temp_petro_stock 
		where session_id=_session_id 
		group by created_date ORDER BY created_date;
	else
		SELECT tbl.created_date, t.petro_id, t.opening_stock, t.import_quantity, t.export_quantity 
		FROM (select created_date, session_id from temp_petro_stock where session_id=_session_id group by created_date) as tbl
		left join temp_petro_stock as t on t.session_id=tbl.session_id and t.created_date=tbl.created_date and t.petro_id=_petro_id
		ORDER BY tbl.created_date;
	end if;
    END */$$
DELIMITER ;

/* Procedure structure for procedure `report_petro_stock_store` */

/*!50003 DROP PROCEDURE IF EXISTS  `report_petro_stock_store` */;

DELIMITER $$

/*!50003 CREATE DEFINER=`root`@`localhost` PROCEDURE `report_petro_stock_store`(IN _start_date VARCHAR(20), IN _end_date VARCHAR(20), IN _organization_ids TEXT, in _store_id int
	, IN _petro_id INT, IN _session_id VARCHAR(255), OUT _petro_ids TEXT)
BEGIN
	DECLARE _from_date, _to_date DATE;
	
	IF _start_date<>'' THEN
		SELECT STR_TO_DATE(_start_date,'%d/%m/%Y') INTO _to_date;
	ELSE
		SELECT SYSDATE() INTO _to_date;
	END IF;
	
	SELECT `day` INTO _from_date FROM petro_in_stock WHERE DATEDIFF(`day`, _to_date) <= 0 ORDER BY `day` DESC LIMIT 1;
	IF _from_date IS NULL THEN
		-- SELECT DATE_ADD(_to_date, INTERVAL -1 DAY) INTO _from_date;
		SELECT STR_TO_DATE(`value`,'%d/%m/%Y')  INTO _from_date from parameter where `code`="startdate";
	END IF;
	
	IF _petro_id=0 THEN
		DELETE FROM temp_petro_stock WHERE session_id=_session_id;
	
		INSERT INTO temp_petro_stock(session_id, created_date, petro_id, opening_stock, import_quantity, export_quantity)
		SELECT _session_id, tbl.created_date, tbl.petro_id, COALESCE(SUM(opening_stock),0) as opening_stock
			, COALESCE(SUM(import_quantity),0) as import_quantity, coalesce(SUM(export_quantity),0) as export_quantity 
		FROM petro as p left join
		(
			SELECT i.created_date, idet.petro_id, 0 as opening_stock, COALESCE(idet.quantity,0) AS import_quantity, 0 AS export_quantity
			FROM petro_import AS i, petro_import_detail AS idet, employee AS eo
			WHERE DATE(i.created_date) >= STR_TO_DATE(_start_date,'%d/%m/%Y') AND DATE(i.created_date) <= STR_TO_DATE(_end_date,'%d/%m/%Y')
				AND i.id=idet.petro_import_id AND i.created_employee_id=eo.id 
				AND _organization_ids LIKE CONCAT('%,',eo.organization_id,',%') AND i.store_id=_store_id
			UNION ALL
			SELECT i.created_date, idet.petro_id, 0 as opening_stock, 0 AS import_quantity, COALESCE(idet.quantity,0) AS export_quantity
			FROM petro_sale AS i, petro_sale_detail AS idet, employee AS eo
			WHERE DATE(i.created_date) >= STR_TO_DATE(_start_date,'%d/%m/%Y') AND DATE(i.created_date) <= STR_TO_DATE(_end_date,'%d/%m/%Y')
				AND i.id=idet.petro_sale_id AND i.created_employee_id=eo.id
				AND _organization_ids LIKE CONCAT('%,',eo.organization_id,',%') AND i.store_id=_store_id
			union all
			SELECT _from_date AS created_date, petro_id, coalesce(in_stock,0) as opening_stock, 0 as import_quantity, 0 as export_quantity
			FROM petro_in_stock
			WHERE DATEDIFF(`day`, _from_date) = 0 -- AND DATEDIFF(`day`, _to_date) <= 0 
				AND _organization_ids LIKE CONCAT('%,',organization_id,',%') AND store_id=_store_id
			union all
			SELECT _from_date AS created_date, i_det.petro_id, COALESCE(i_det.quantity,0) as opening_stock, 0 as import_quantity, 0 as export_quantity
			FROM petro_import_detail AS i_det, petro_import AS i, store AS s
			WHERE i_det.petro_import_id=i.id AND DATE(i.created_date) >= _from_date AND DATE(i.created_date) < _to_date 
				AND i.store_id=s.id AND _organization_ids LIKE CONCAT('%,',s.organization_id,',%') AND s.id=_store_id
			UNION ALL
			SELECT _from_date AS created_date, i_det.petro_id, -COALESCE(i_det.quantity,0) as opening_stock, 0 as import_quantity, 0 as export_quantity
			FROM petro_sale_detail AS i_det, petro_sale AS i, store AS s
			WHERE i_det.petro_sale_id=i.id AND DATE(i.created_date) >= _from_date AND DATE(i.created_date) < _to_date 
				AND i.store_id=s.id AND _organization_ids LIKE CONCAT('%,',s.organization_id,',%') AND s.id=_store_id
		) AS tbl ON tbl.petro_id=p.id
		WHERE p.STATUS=1
		GROUP BY tbl.created_date, p.id
		HAVING opening_stock>0 OR import_quantity>0 OR export_quantity>0;
	
		SELECT COALESCE(GROUP_CONCAT(petro_id),'') INTO _petro_ids FROM temp_petro_stock WHERE session_id=_session_id;
	
		SELECT created_date, 0 AS petro_id, 0 AS opening_stock, 0 AS import_quantity, 0 AS export_quantity 
		FROM temp_petro_stock 
		WHERE session_id=_session_id 
		GROUP BY created_date ORDER BY created_date;
	ELSE
		SELECT tbl.created_date, t.petro_id, t.opening_stock, t.import_quantity, t.export_quantity 
		FROM (SELECT created_date, session_id FROM temp_petro_stock WHERE session_id=_session_id GROUP BY created_date) AS tbl
		LEFT JOIN temp_petro_stock AS t ON t.session_id=tbl.session_id AND t.created_date=tbl.created_date AND t.petro_id=_petro_id
		ORDER BY tbl.created_date;
	END IF;
    END */$$
DELIMITER ;

/* Procedure structure for procedure `report_sale` */

/*!50003 DROP PROCEDURE IF EXISTS  `report_sale` */;

DELIMITER $$

/*!50003 CREATE DEFINER=`root`@`localhost` PROCEDURE `report_sale`(IN _start_date VARCHAR(20), IN _end_date VARCHAR(20), IN _organization_ids TEXT, IN _vendor_ids TEXT)
BEGIN
	SELECT ws.id, ws.created_date, c.CODE AS customer_code, c.NAME AS customer_name, SUM(tbl.quantity_12) AS quantity_12, SUM(tbl.quantity_45) AS quantity_45
		, SUM(tbl.shell_return_12) AS shell_return_12, SUM(tbl.shell_return_12t) AS shell_return_12t
		, SUM(tbl.shell_return_45) AS shell_return_45, SUM(tbl.price_12/tbl.price_12_count) AS price_12, SUM(tbl.price_45/tbl.price_45_count) AS price_45
		, COALESCE(SUM(tbl.total),0) AS total, (COALESCE(ws.paid,0) + COALESCE(ws.paid_old_debt_amount,0)) AS paid, a.number AS account, ws.note, 0 as other_fee
	FROM gas_wholesale AS ws left join
	(
		SELECT w.id, SUM(IF(shell_12.id IS NOT NULL, wdet.quantity,0)) AS quantity_12, SUM(IF(shell_45.id IS NOT NULL, wdet.quantity,0)) AS quantity_45
			, 0 AS shell_return_12, 0 AS shell_return_12t, 0 AS shell_return_45
			, SUM(IF(shell_12.id IS NOT NULL, wdet.price,0)) AS price_12, SUM(IF(shell_12.id IS NOT NULL, 1,0)) AS price_12_count
			, SUM(IF(shell_45.id IS NOT NULL, wdet.price,0)) AS price_45, SUM(IF(shell_45.id IS NOT NULL, 1,0)) AS price_45_count
			, SUM(wdet.quantity * wdet.price) AS total
		FROM gas_wholesale AS w, gas_wholesale_detail AS wdet, shell_vendor AS sv
		LEFT JOIN (SELECT s.id FROM shell AS s, shell_kind AS sk WHERE s.kind_id=sk.id AND sk.weight=12) AS shell_12 ON sv.shell_id=shell_12.id
		LEFT JOIN (SELECT s.id FROM shell AS s, shell_kind AS sk WHERE s.kind_id=sk.id AND sk.weight=45) AS shell_45 ON sv.shell_id=shell_45.id
		WHERE DATE(w.created_date) >= STR_TO_DATE(_start_date,'%d/%m/%Y') AND DATE(w.created_date) <= STR_TO_DATE(_end_date,'%d/%m/%Y')
			AND w.id=wdet.gas_wholesale_id AND wdet.shell_id=sv.id AND _vendor_ids LIKE CONCAT('%,',sv.vendor_id,',%')
		GROUP BY w.id
		UNION ALL
		SELECT w.id, 0 AS quantity_12, 0 AS quantity_45
			, SUM(IF(shell_12.id IS NOT NULL, wdet.quantity,0)) AS shell_return_12
			, SUM(IF(shell_12t.id IS NOT NULL, wdet.quantity,0)) AS shell_return_12t
			, SUM(IF(shell_45.id IS NOT NULL, wdet.quantity,0)) AS shell_return_45
			, 0 AS price_12, 0 AS price_45, 0 AS price_12_count, 0 AS price_45_count
			, 0 AS total
		FROM gas_wholesale AS w, gas_wholesale_return_shell AS wdet
		LEFT JOIN (SELECT s.id FROM shell AS s, shell_kind AS sk, organization_shell AS os WHERE s.kind_id=sk.id AND sk.weight=12 AND s.id=os.shell_id AND _organization_ids LIKE CONCAT('%,',os.organization_id,',%') ) AS shell_12 ON wdet.shell_id=shell_12.id
		LEFT JOIN (SELECT s.id FROM shell AS s, shell_kind AS sk WHERE s.kind_id=sk.id AND sk.weight=12 AND s.id NOT IN (SELECT shell_id FROM organization_shell WHERE _organization_ids LIKE CONCAT('%,',organization_id,',%'))) AS shell_12t ON wdet.shell_id=shell_12t.id
		LEFT JOIN (SELECT s.id FROM shell AS s, shell_kind AS sk WHERE s.kind_id=sk.id AND sk.weight=45) AS shell_45 ON wdet.shell_id=shell_45.id
		WHERE DATE(w.created_date) >= STR_TO_DATE(_start_date,'%d/%m/%Y') AND DATE(w.created_date) <= STR_TO_DATE(_end_date,'%d/%m/%Y')
			AND w.id=wdet.gas_wholesale_id 
		GROUP BY w.id
	) AS tbl on tbl.id=ws.id, customer AS c, account AS a
	WHERE DATE(ws.created_date) >= STR_TO_DATE(_start_date,'%d/%m/%Y') AND DATE(ws.created_date) <= STR_TO_DATE(_end_date,'%d/%m/%Y')
		AND ws.customer_id=c.id AND _organization_ids LIKE CONCAT('%,',c.organization_id,',%') AND ws.account_id=a.id
	GROUP BY ws.id
	union all
	SELECT tbl_fee.id, tbl_fee.created_date, tbl_fee.customer_code, tbl_fee.customer_name, 0 AS quantity_12, 0 AS quantity_45
		, 0 shell_return_12, 0 shell_return_12t
		, 0 AS shell_return_45, 0 AS price_12, 0 AS price_45
		, 0 AS total, 0 AS paid, '' AS account, tbl_fee.note, tbl_fee.fee_amount as other_fee
	FROM
	(
		select ws.id, ws.created_date, c.code as customer_code, c.name as customer_name, coalesce(fd.amount) as fee_amount, coalesce(f.name) as note
		FROM customer AS c, gas_wholesale AS ws, gas_wholesale_fee_detail AS fd, gas_wholesale_fee AS f 
		WHERE DATE(ws.created_date) >= STR_TO_DATE(_start_date,'%d/%m/%Y') AND DATE(ws.created_date) <= STR_TO_DATE(_end_date,'%d/%m/%Y')
			AND ws.customer_id=c.id AND _organization_ids LIKE CONCAT('%,',c.organization_id,',%')
			AND fd.gas_wholesale_id=ws.id AND fd.fee_id=f.id
	) AS tbl_fee
	union all
	SELECT tbl_gas_turn.id, tbl_gas_turn.created_date, tbl_gas_turn.customer_code, tbl_gas_turn.customer_name, 0 AS quantity_12, 0 AS quantity_45
		, 0 shell_return_12, 0 shell_return_12t
		, 0 AS shell_return_45, 0 AS price_12, 0 AS price_45
		, 0 AS total, 0 AS paid, '' AS account, tbl_gas_turn.note, tbl_gas_turn.fee_amount as other_fee
	FROM
	(
		select ws.id, ws.created_date, c.code as customer_code, c.name as customer_name, coalesce(ws.gas_return_amount) as fee_amount, "Gas dư" as note
		FROM customer AS c, gas_wholesale AS ws
		WHERE DATE(ws.created_date) >= STR_TO_DATE(_start_date,'%d/%m/%Y') AND DATE(ws.created_date) <= STR_TO_DATE(_end_date,'%d/%m/%Y')
			AND ws.customer_id=c.id AND _organization_ids LIKE CONCAT('%,',c.organization_id,',%')
			and ws.gas_return<>0
	) AS tbl_gas_turn
	ORDER BY id, created_date;
    END */$$
DELIMITER ;

/* Procedure structure for procedure `report_sale_customer` */

/*!50003 DROP PROCEDURE IF EXISTS  `report_sale_customer` */;

DELIMITER $$

/*!50003 CREATE DEFINER=`root`@`localhost` PROCEDURE `report_sale_customer`(IN _start_date VARCHAR(20), IN _end_date VARCHAR(20), IN _organization_ids TEXT, IN _vendor_ids TEXT)
BEGIN
	DECLARE _from_date, _to_date DATE;
	
	IF _start_date<>'' THEN
		SELECT STR_TO_DATE(_start_date,'%d/%m/%Y') INTO _to_date;
	ELSE
		SELECT SYSDATE() INTO _to_date;
	END IF;
	
	SELECT `day` INTO _from_date FROM customer_in_stock WHERE DATEDIFF(`day`, _to_date) <= 0 ORDER BY `day` DESC LIMIT 1;
	IF _from_date IS NULL THEN
		-- SELECT DATE_ADD(_to_date, INTERVAL -1 DAY) INTO _from_date;
		SELECT STR_TO_DATE(`value`,'%d/%m/%Y')  INTO _from_date from parameter where `code`="startdate";
	END IF;
	
	SELECT c.CODE AS customer_code, c.NAME AS customer_name, SUM(coalesce(tbl.quantity_12,0)) AS quantity_12, SUM(coalesce(tbl.quantity_45,0)) AS quantity_45
		, SUM(coalesce(tbl_return12.shell_return_12,0)) AS shell_return_12, SUM(coalesce(tbl_return45.shell_return_45,0)) AS shell_return_45
		, SUM(coalesce(tbl.total,0)) AS amount, SUM(coalesce(tbl.debt,0)) AS debt
		, tbl_debt.shell_12 AS opening_debt_12, tbl_debt.shell_45 AS opening_debt_45, tbl_debt.amount AS opening_debt
	FROM customer AS c 
	LEFT JOIN
	(
		SELECT w.id, w.customer_id, SUM(IF(shell_12.id IS NOT NULL, wdet.quantity,0)) AS quantity_12, SUM(IF(shell_45.id IS NOT NULL, wdet.quantity,0)) AS quantity_45
			, w.total, w.debt
		FROM gas_wholesale AS w, gas_wholesale_detail AS wdet
		LEFT JOIN shell_vendor AS sv ON wdet.shell_id=sv.id
		LEFT JOIN (SELECT s.id FROM shell AS s, shell_kind AS sk WHERE s.kind_id=sk.id AND sk.weight=12) AS shell_12 ON sv.shell_id=shell_12.id
		LEFT JOIN (SELECT s.id FROM shell AS s, shell_kind AS sk WHERE s.kind_id=sk.id AND sk.weight=45) AS shell_45 ON sv.shell_id=shell_45.id
		LEFT JOIN gas_wholesale_return_shell AS return_shell_12 ON return_shell_12.gas_wholesale_id=wdet.gas_wholesale_id AND return_shell_12.shell_id=shell_12.id
		LEFT JOIN gas_wholesale_return_shell AS return_shell_45 ON return_shell_45.gas_wholesale_id=wdet.gas_wholesale_id AND return_shell_45.shell_id=shell_45.id
		WHERE DATE(w.created_date) >= STR_TO_DATE(_start_date,'%d/%m/%Y') AND DATE(w.created_date) <= STR_TO_DATE(_end_date,'%d/%m/%Y')
			AND w.id=wdet.gas_wholesale_id AND _vendor_ids LIKE CONCAT('%,',sv.vendor_id,',%')
		GROUP BY w.id
	) AS tbl ON c.id=tbl.customer_id
	LEFT JOIN
	(
		SELECT c.id AS customer_id, sum(COALESCE(tbl.amount,0)) AS amount, sum(COALESCE(tbl.shell_12,0)) AS shell_12, sum(COALESCE(tbl.shell_45,0)) AS shell_45
		FROM customer AS c
		left join
		(
			SELECT customer_id, shell_12, shell_45, amount
			FROM customer_in_stock
			WHERE DATEDIFF(`day`, _from_date) = 0 -- AND DATEDIFF(`day`, _to_date) <= 0
			union all
			SELECT i.customer_id, COALESCE(IF(shell_12.id IS NOT NULL, idet.quantity,0),0) AS quantity_12
				, COALESCE(IF(shell_45.id IS NOT NULL, idet.quantity,0),0) AS quantity_45
				, 0 AS amount
			FROM gas_wholesale AS i, gas_wholesale_detail AS idet, shell_vendor AS sv
			LEFT JOIN (SELECT s.id FROM shell AS s, shell_kind AS sk WHERE s.kind_id=sk.id AND sk.weight=12) AS shell_12 ON sv.shell_id=shell_12.id
			LEFT JOIN (SELECT s.id FROM shell AS s, shell_kind AS sk WHERE s.kind_id=sk.id AND sk.weight=45) AS shell_45 ON sv.shell_id=shell_45.id
			WHERE DATE(i.created_date) >= _from_date AND DATE(i.created_date) < _to_date
				AND i.id=idet.gas_wholesale_id AND idet.shell_id=sv.id
			UNION ALL
			SELECT i.customer_id, -COALESCE(IF(shell_12.id IS NOT NULL, idet.quantity,0),0) AS quantity_12
				, -COALESCE(IF(shell_45.id IS NOT NULL, idet.quantity,0),0) AS quantity_45
				, 0 AS amount
			FROM gas_wholesale AS i, gas_wholesale_return_shell AS idet
			LEFT JOIN (SELECT s.id FROM shell AS s, shell_kind AS sk WHERE s.kind_id=sk.id AND sk.weight=12) AS shell_12 ON idet.shell_id=shell_12.id
			LEFT JOIN (SELECT s.id FROM shell AS s, shell_kind AS sk WHERE s.kind_id=sk.id AND sk.weight=45) AS shell_45 ON idet.shell_id=shell_45.id
			WHERE DATE(i.created_date) >= _from_date AND DATE(i.created_date) < _to_date
				AND i.id=idet.gas_wholesale_id
			UNION ALL
			SELECT i.customer_id, COALESCE(IF(shell_12.id IS NOT NULL, idet.quantity,0),0) AS quantity_12
				, COALESCE(IF(shell_45.id IS NOT NULL, idet.quantity,0),0) AS quantity_45
				, 0 AS amount
			FROM shell_return AS i, shell_return_detail AS idet
			LEFT JOIN (SELECT s.id FROM shell AS s, shell_kind AS sk WHERE s.kind_id=sk.id AND sk.weight=12) AS shell_12 ON idet.shell_id=shell_12.id
			LEFT JOIN (SELECT s.id FROM shell AS s, shell_kind AS sk WHERE s.kind_id=sk.id AND sk.weight=45) AS shell_45 ON idet.shell_id=shell_45.id
			WHERE DATE(i.created_date) >= _from_date AND DATE(i.created_date) < _to_date
				AND i.id=idet.shell_return_id
			UNION ALL
			SELECT i.customer_id, 0 AS quantity_12, 0 AS quantity_45, COALESCE(i.debt,0) AS amount
			FROM gas_wholesale AS i
			WHERE DATE(i.created_date) >= _from_date AND DATE(i.created_date) < _to_date
			UNION ALL
			SELECT i.customer_id, 0 AS quantity_12, 0 AS quantity_45, COALESCE(i.debt,0) AS amount
			FROM gas_export_wholesale AS i
			WHERE DATE(i.created_date) >= _from_date AND DATE(i.created_date) < _to_date
			UNION ALL
			SELECT i.customer_id, 0 AS quantity_12, 0 AS quantity_45, COALESCE(i.debt,0) AS amount
			FROM good_sale AS i
			WHERE DATE(i.created_date) >= _from_date AND DATE(i.created_date) < _to_date
			UNION ALL
			SELECT i.customer_id, 0 AS quantity_12, 0 AS quantity_45, COALESCE(i.debt,0) AS amount
			FROM petro_sale AS i
			WHERE DATE(i.created_date) >= _from_date AND DATE(i.created_date) < _to_date
			UNION ALL
			SELECT i.customer_id, 0 AS quantity_12, 0 AS quantity_45, COALESCE(i.debt,0) AS amount
			FROM shell_sale AS i
			WHERE DATE(i.created_date) >= _from_date AND DATE(i.created_date) < _to_date
			UNION ALL
			SELECT i.customer_id, 0 AS quantity_12, 0 AS quantity_45, COALESCE(i.debt,0) AS amount
			FROM lpg_sale AS i
			WHERE DATE(i.sale_date) >= _from_date AND DATE(i.sale_date) < _to_date
			UNION ALL
			SELECT i.customer_id, 0 AS quantity_12, 0 AS quantity_45, -COALESCE(i.paid,0) AS amount
			FROM wholesale_debt AS i
			WHERE DATE(i.created_date) >= _from_date AND DATE(i.created_date) < _to_date
			UNION ALL
			SELECT i.customer_customer_id AS customer_id, 0 AS quantity_12, 0 AS quantity_45, COALESCE(i.customer_amount,0) AS amount
			FROM transport_service AS i
			WHERE DATE(i.created_date) >= _from_date AND DATE(i.created_date) < _to_date AND i.customer_id<>0
			UNION ALL
			SELECT i.customer_id AS customer_id, 0 AS quantity_12, 0 AS quantity_45, COALESCE(i.amount,0) AS amount
			FROM debt_adjustment AS i
			WHERE DATE(i.created_date) >= _from_date AND DATE(i.created_date) < _to_date AND i.customer_id<>0
			UNION ALL
			SELECT i.customer_id, 0 AS quantity_12, 0 AS quantity_45, COALESCE(i.debt,0) AS amount
			FROM oil_sale AS i
			WHERE DATE(i.created_date) >= _from_date AND DATE(i.created_date) < _to_date
			UNION ALL
			SELECT i.customer_id, 0 AS quantity_12, 0 AS quantity_45, -COALESCE(i.debt,0) AS amount
			FROM oil_sale_return AS i
			WHERE DATE(i.created_date) >= _from_date AND DATE(i.created_date) < _to_date
		) as tbl on tbl.customer_id=c.id
		WHERE c.STATUS=1
		GROUP BY c.id
		ORDER BY c.NAME
	) AS tbl_debt ON tbl_debt.customer_id=c.id
	LEFT JOIN
	(
		SELECT w.id, SUM(IF(shell_12.id IS NOT NULL, return_shell_12.quantity,0)) AS shell_return_12
		FROM gas_wholesale AS w
		LEFT JOIN gas_wholesale_return_shell AS return_shell_12 ON return_shell_12.gas_wholesale_id=w.id
		LEFT JOIN (SELECT s.id FROM shell AS s, shell_kind AS sk WHERE s.kind_id=sk.id AND sk.weight=12) AS shell_12 ON return_shell_12.shell_id=shell_12.id
		WHERE DATE(w.created_date) >= STR_TO_DATE(_start_date,'%d/%m/%Y') AND DATE(w.created_date) <= STR_TO_DATE(_end_date,'%d/%m/%Y')
		GROUP BY w.id
	) AS tbl_return12 ON tbl_return12.id=tbl.id
	LEFT JOIN
	(
		SELECT w.id, SUM(IF(shell_45.id IS NOT NULL, return_shell_45.quantity,0)) AS shell_return_45
		FROM gas_wholesale AS w
		LEFT JOIN gas_wholesale_return_shell AS return_shell_45 ON return_shell_45.gas_wholesale_id=w.id
		LEFT JOIN (SELECT s.id FROM shell AS s, shell_kind AS sk WHERE s.kind_id=sk.id AND sk.weight=45) AS shell_45 ON return_shell_45.shell_id=shell_45.id
		WHERE DATE(w.created_date) >= STR_TO_DATE(_start_date,'%d/%m/%Y') AND DATE(w.created_date) <= STR_TO_DATE(_end_date,'%d/%m/%Y')
		GROUP BY w.id
	) AS tbl_return45 ON tbl_return45.id=tbl.id
	WHERE  _organization_ids LIKE CONCAT('%,',c.organization_id,',%') AND c.STATUS=1 and c.is_gas=1
	GROUP BY c.id
	ORDER BY c.NAME;
    END */$$
DELIMITER ;

/* Procedure structure for procedure `report_sale_oil` */

/*!50003 DROP PROCEDURE IF EXISTS  `report_sale_oil` */;

DELIMITER $$

/*!50003 CREATE DEFINER=`root`@`localhost` PROCEDURE `report_sale_oil`(in _sale_oil_id int)
BEGIN
	select o.code as oil_code, o.name as oil_name, u.name as unit_name, det.quantity, det.price, det.amount
	from oil_sale_detail as det, oil as o, unit as u
	where det.oil_sale_id=_sale_oil_id AND det.oil_id=o.id and det.unit_id=u.id
	;
    END */$$
DELIMITER ;

/* Procedure structure for procedure `report_shell` */

/*!50003 DROP PROCEDURE IF EXISTS  `report_shell` */;

DELIMITER $$

/*!50003 CREATE DEFINER=`root`@`localhost` PROCEDURE `report_shell`(IN _start_date VARCHAR(20), IN _end_date VARCHAR(20), IN _organization_ids TEXT)
BEGIN
	DECLARE _from_date, _to_date DATE;
	
	IF _start_date<>'' THEN
		SELECT STR_TO_DATE(_start_date,'%d/%m/%Y') INTO _to_date;
	ELSE
		SELECT SYSDATE() INTO _to_date;
	END IF;
	
	SELECT `day` INTO _from_date FROM shell_in_stock WHERE DATEDIFF(`day`, _to_date) <= 0 ORDER BY `day` DESC LIMIT 1;
	IF _from_date IS NULL THEN
		-- SELECT DATE_ADD(_to_date, INTERVAL -1 DAY) INTO _from_date;
		SELECT STR_TO_DATE(`value`,'%d/%m/%Y')  INTO _from_date from parameter where `code`="startdate";
	END IF;
	SELECT shell_tbl.shell_vendor_id, shell_tbl.shell_name, opening_stock_tbl.in_stock AS opening_stock, operation_tbl.created_date, operation_tbl.quantity
		, change_tbl.created_date AS change_created_date, change_tbl.quantity AS change_quantity
	FROM
	(
		SELECT sv.id AS shell_vendor_id, s.NAME AS shell_name
		FROM shell_vendor AS sv, shell AS s, vendor AS v
		WHERE sv.shell_id=s.id AND s.STATUS=1 AND sv.vendor_id=v.id AND v.STATUS=1 AND _organization_ids LIKE CONCAT('%,',v.organization_id,',%')
	) AS shell_tbl
	LEFT JOIN
	(
		SELECT shell_vendor_id, SUM(in_stock) AS in_stock FROM
		(
			SELECT sv.id AS shell_vendor_id, sum(tbl_stock.in_stock) as in_stock
			FROM shell_vendor AS sv
			left join(
			SELECT tbl_shell.organization_id, tbl_shell.shell_id, COALESCE(tbl_shell.in_stock,0) AS in_stock
				FROM 
				(
					SELECT shell_id, organization_id, in_stock
					FROM shell_in_stock
					WHERE DATEDIFF(`day`, _from_date) = 0 -- AND DATEDIFF(`day`, _to_date) <= 0
					union all
					SELECT i.shell_id, eo.organization_id, COALESCE(i.quantity,0) AS in_stock
					FROM shell_import AS i, employee AS eo
					WHERE DATE(i.created_date) >= _from_date AND DATE(i.created_date) < _to_date
						AND i.created_employee_id=eo.id
					UNION ALL
					SELECT i_det.shell_id, eo.organization_id, COALESCE(i_det.quantity,0) AS in_stock
					FROM gas_wholesale_return_shell AS i_det, gas_wholesale AS i, employee AS eo
					WHERE DATE(i.created_date) >= _from_date AND DATE(i.created_date) < _to_date
						AND i_det.gas_wholesale_id=i.id AND i.created_employee_id=eo.id
					UNION ALL
					SELECT i_det.shell_id, eo.organization_id, -COALESCE(i_det.quantity,0) AS in_stock
					FROM shell_sale_detail AS i_det, shell_sale AS i, employee AS eo
					WHERE DATE(i.created_date) >= _from_date AND DATE(i.created_date) < _to_date
					AND i_det.shell_sale_id=i.id AND i.created_employee_id=eo.id
					UNION ALL
					SELECT i.shell_id, eo.organization_id, COALESCE(i.quantity,0) AS in_stock
					FROM old_shell AS i, employee AS eo
					WHERE DATE(i.created_date) >= _from_date AND DATE(i.created_date) < _to_date
						AND i.created_employee_id=eo.id
					UNION ALL
					SELECT sv.shell_id, sv.organization_id, COALESCE(f_det.quantity,0) AS in_stock
					FROM shell_return_detail AS f_det, shell_return AS f, shell_vendor AS sv
					WHERE DATE(f.created_date) >= _from_date AND DATE(f.created_date) < _to_date 
						AND f_det.shell_return_id=f.id AND f_det.shell_id=sv.id
					UNION ALL
					SELECT sv.shell_id, sv.organization_id, -COALESCE(f_det.quantity,0) AS in_stock
					FROM shell_return_supplier_detail AS f_det, shell_return_supplier AS f, shell_vendor AS sv
					WHERE DATE(f.created_date) >= _from_date AND DATE(f.created_date) < _to_date 
						AND f_det.shell_return_supplier_id=f.id AND f_det.shell_id=sv.id
					UNION ALL
					SELECT f_det.shell_id, eo.organization_id, COALESCE(f_det.quantity,0) AS in_stock
					FROM gas_export_wholesale_shell_detail AS f_det, gas_export_wholesale AS f, employee AS eo
					WHERE  DATE(f.created_date) >= _from_date AND DATE(f.created_date) < _to_date 
						AND f_det.gas_export_wholesale_id=f.id AND f.created_employee_id=eo.id
					union all
					SELECT sv.shell_id, sv.organization_id, -COALESCE(i_det.quantity,0) AS in_stock
					FROM gas_wholesale_detail AS i_det, gas_wholesale AS i, shell_vendor AS sv
					WHERE DATE(i.created_date) >= _from_date AND DATE(i.created_date) < _to_date
						AND i_det.gas_wholesale_id=i.id AND i_det.shell_id=sv.id
					UNION ALL
					SELECT sv.shell_id, sv.organization_id, -COALESCE(f_det.quantity,0) AS in_stock
					FROM gas_export_wholesale_detail AS f_det, gas_export_wholesale AS f, shell_vendor AS sv
					WHERE DATE(f.created_date) >= _from_date AND DATE(f.created_date) < _to_date
						AND f_det.gas_export_wholesale_id=f.id AND f_det.shell_id=sv.id
					UNION ALL
					SELECT sv.shell_id, sv.organization_id, -COALESCE(i_det.quantity,0) AS in_stock
					FROM inner_sale_detail AS i_det, inner_sale AS i, shell_vendor AS sv
					WHERE DATE(i.created_date) >= _from_date AND DATE(i.created_date) < _to_date
						AND i_det.inner_sale_id=i.id  AND i_det.shell_id=sv.id
				) AS tbl_shell 
			) as tbl_stock on tbl_stock.organization_id=sv.organization_id AND tbl_stock.shell_id=sv.shell_id
			group by sv.id
		) AS tbl GROUP BY shell_vendor_id
	) AS opening_stock_tbl ON shell_tbl.shell_vendor_id=opening_stock_tbl.shell_vendor_id
	LEFT JOIN
	(
		SELECT shell_vendor_id, created_date, SUM(quantity) AS quantity FROM
		(
			SELECT i_det.shell_id AS shell_vendor_id, i.created_date, -SUM(i_det.quantity) AS quantity
			FROM gas_wholesale_detail AS i_det, gas_wholesale AS i
			WHERE DATE(i.created_date) >= STR_TO_DATE(_start_date,'%d/%m/%Y') AND DATE(i.created_date) <= STR_TO_DATE(_end_date,'%d/%m/%Y')
				AND i_det.gas_wholesale_id=i.id 
			GROUP BY i_det.shell_id, i.created_date
			UNION ALL
			SELECT f_det.shell_id AS shell_vendor_id, f.created_date, -SUM(f_det.quantity) AS quantity
			FROM gas_export_wholesale_detail AS f_det, gas_export_wholesale AS f
			WHERE DATE(f.created_date) >= STR_TO_DATE(_start_date,'%d/%m/%Y') AND DATE(f.created_date) <= STR_TO_DATE(_end_date,'%d/%m/%Y')
				AND f_det.gas_export_wholesale_id=f.id
			GROUP BY f_det.shell_id, f.created_date
			UNION ALL
			SELECT i_det.shell_id AS shell_vendor_id, i.created_date, -SUM(i_det.quantity) AS quantity
			FROM inner_sale_detail AS i_det, inner_sale AS i
			WHERE DATE(i.created_date) >= STR_TO_DATE(_start_date,'%d/%m/%Y') AND DATE(i.created_date) <= STR_TO_DATE(_end_date,'%d/%m/%Y')
				AND i_det.inner_sale_id=i.id
			GROUP BY i_det.shell_id, i.created_date
			UNION ALL
			SELECT sv.id AS shell_vendor_id, i.created_date, SUM(i_det.quantity) AS quantity
			FROM gas_wholesale_return_shell AS i_det, gas_wholesale AS i, employee AS eo, shell_vendor AS sv
			WHERE DATE(i.created_date) >= STR_TO_DATE(_start_date,'%d/%m/%Y') AND DATE(i.created_date) <= STR_TO_DATE(_end_date,'%d/%m/%Y')
				AND i_det.gas_wholesale_id=i.id AND i.created_employee_id=eo.id AND i_det.shell_id=sv.shell_id AND eo.organization_id=sv.organization_id
			GROUP BY sv.id, i.created_date
			UNION ALL
			SELECT sv.id AS shell_vendor_id, f.created_date,  SUM(f_det.quantity) AS quantity
			FROM gas_export_wholesale_shell_detail AS f_det, gas_export_wholesale AS f, employee AS eo, shell_vendor AS sv
			WHERE DATE(f.created_date) >= STR_TO_DATE(_start_date,'%d/%m/%Y') AND DATE(f.created_date) <= STR_TO_DATE(_end_date,'%d/%m/%Y')
				AND f_det.gas_export_wholesale_id=f.id AND f.created_employee_id=eo.id AND f_det.shell_id=sv.shell_id AND eo.organization_id=sv.organization_id
			GROUP BY sv.id, f.created_date
		) AS tbl GROUP BY shell_vendor_id, created_date
	) AS operation_tbl ON shell_tbl.shell_vendor_id=operation_tbl.shell_vendor_id
	LEFT JOIN
	(
		SELECT shell_vendor_id, created_date, SUM(quantity) AS quantity FROM
		(
			SELECT sv.id AS shell_vendor_id, i.created_date, COALESCE(SUM(i.quantity),0) AS quantity
			FROM shell_import AS i, employee AS eo, shell_vendor AS sv
			WHERE DATE(i.created_date) >= STR_TO_DATE(_start_date,'%d/%m/%Y') AND DATE(i.created_date) <= STR_TO_DATE(_end_date,'%d/%m/%Y')
				AND i.created_employee_id=eo.id AND i.shell_id=sv.shell_id AND eo.organization_id=sv.organization_id
			GROUP BY sv.id, i.created_date
			UNION ALL
			SELECT sv.id AS shell_vendor_id, i.created_date, -SUM(i_det.quantity) AS quantity
			FROM shell_sale_detail AS i_det, shell_sale AS i, employee AS eo, shell_vendor AS sv
			WHERE DATE(i.created_date) >= STR_TO_DATE(_start_date,'%d/%m/%Y') AND DATE(i.created_date) <= STR_TO_DATE(_end_date,'%d/%m/%Y')
				AND i_det.shell_sale_id=i.id AND i.created_employee_id=eo.id AND i_det.shell_id=sv.shell_id AND eo.organization_id=sv.organization_id
			GROUP BY sv.id, i.created_date
			UNION ALL
			SELECT sv.id AS shell_vendor_id, i.created_date, SUM(i.quantity) AS quantity
			FROM old_shell AS i, employee AS eo, shell_vendor AS sv
			WHERE DATE(i.created_date) >= STR_TO_DATE(_start_date,'%d/%m/%Y') AND DATE(i.created_date) <= STR_TO_DATE(_end_date,'%d/%m/%Y')
				AND i.created_employee_id=eo.id AND i.shell_id=sv.shell_id AND eo.organization_id=sv.organization_id
			GROUP BY sv.id, i.created_date
			UNION ALL
			SELECT sv.id AS shell_vendor_id, f.created_date, SUM(f_det.quantity) AS quantity
			FROM shell_return_detail AS f_det, shell_return AS f, shell_vendor AS sv
			WHERE DATE(f.created_date) >= STR_TO_DATE(_start_date,'%d/%m/%Y') AND DATE(f.created_date) <= STR_TO_DATE(_end_date,'%d/%m/%Y')
				AND f_det.shell_return_id=f.id AND f_det.shell_id=sv.id
			GROUP BY sv.id, f.created_date
			UNION ALL
			SELECT sv.id AS shell_vendor_id, f.created_date, -SUM(f_det.quantity) AS quantity
			FROM shell_return_supplier_detail AS f_det, shell_return_supplier AS f, shell_vendor AS sv
			WHERE DATE(f.created_date) >= STR_TO_DATE(_start_date,'%d/%m/%Y') AND DATE(f.created_date) <= STR_TO_DATE(_end_date,'%d/%m/%Y')
				AND f_det.shell_return_supplier_id=f.id AND f_det.shell_id=sv.id
			GROUP BY sv.id, f.created_date
		) AS tbl GROUP BY shell_vendor_id, created_date
	) AS change_tbl ON shell_tbl.shell_vendor_id=change_tbl.shell_vendor_id
	ORDER BY shell_tbl.shell_vendor_id, operation_tbl.created_date
	;
    END */$$
DELIMITER ;

/* Procedure structure for procedure `report_solar_compare` */

/*!50003 DROP PROCEDURE IF EXISTS  `report_solar_compare` */;

DELIMITER $$

/*!50003 CREATE DEFINER=`root`@`localhost` PROCEDURE `report_solar_compare`(IN _start_date VARCHAR(20), IN _end_date VARCHAR(20), IN _organization_ids TEXT, IN _customer_id INT
	, OUT _amount_debt DOUBLE, OUT _customer_paid DOUBLE, OUT _customer_commission FLOAT)
BEGIN
	CALL get_in_stock_customer(_start_date, 3, _customer_id, _amount_debt, @a, @a, @a);
	
	SELECT commission_percentage INTO _customer_commission FROM customer WHERE id=_customer_id;
	
	SELECT coalesce(sum(paid),0) INTO _customer_paid FROM wholesale_debt WHERE customer_id=_customer_id
		and DATE(created_date) >= STR_TO_DATE(_start_date,'%d/%m/%Y') AND DATE(created_date) <= STR_TO_DATE(_end_date,'%d/%m/%Y');
	
	SELECT os.created_date, o.CODE AS solar_code, o.NAME AS solar_name, osdet.quantity, osdet.price, osdet.amount, os.paid
		, (osdet.first_amount * osdet.commission / 100) AS commission
	FROM solar_sale AS os, solar_sale_detail AS osdet, employee AS eo, solar AS o
	WHERE DATE(os.created_date) >= STR_TO_DATE(_start_date,'%d/%m/%Y') AND DATE(os.created_date) <= STR_TO_DATE(_end_date,'%d/%m/%Y')
		AND os.customer_id=_customer_id AND os.created_employee_id=eo.id AND _organization_ids LIKE CONCAT('%,',eo.organization_id,',%')
		AND os.id=osdet.solar_sale_id AND osdet.solar_id=o.id
	;
    END */$$
DELIMITER ;

/* Procedure structure for procedure `report_solar_customer_debt` */

/*!50003 DROP PROCEDURE IF EXISTS  `report_solar_customer_debt` */;

DELIMITER $$

/*!50003 CREATE DEFINER=`root`@`localhost` PROCEDURE `report_solar_customer_debt`(IN _start_date VARCHAR(20), IN _end_date VARCHAR(20), IN _organization_ids TEXT, IN _customer_id INT, OUT _opening_debt DOUBLE)
BEGIN
	CALL get_in_stock_customer(_start_date, 3, _customer_id, _opening_debt, @a, @a, @a);
	
	SELECT COALESCE(oe.CODE,'') AS solar_export_code, o.CODE AS solar_code, o.NAME AS solar_name, u.NAME AS unit_name
		, osdet.quantity, osdet.price, osdet.amount, COALESCE(idet.paid_amount,0) AS paid
	FROM solar_sale AS os, solar AS o, unit AS u, employee AS eo, solar_sale_detail AS osdet
	LEFT JOIN invoice_solar_detail AS idet ON idet.solar_sale_detail_id=osdet.id
	LEFT JOIN solar_export_detail AS edet ON edet.solar_sale_detail_id=osdet.id
	LEFT JOIN solar_export AS oe ON edet.solar_export_id=oe.id
	WHERE DATE(os.created_date) >= STR_TO_DATE(_start_date,'%d/%m/%Y') AND DATE(os.created_date) <= STR_TO_DATE(_end_date,'%d/%m/%Y')
		AND os.created_employee_id=eo.id AND _organization_ids LIKE CONCAT('%,',eo.organization_id,',%')
		AND os.customer_id=_customer_id AND os.id=osdet.solar_sale_id AND osdet.solar_id=o.id AND osdet.unit_id=u.id
	union all
	SELECT '' AS solar_export_code, '' as solar_code, concat('Thanh toán công nợ ', d.code) AS solar_name, '' AS unit_name
		, 0 as quantity, 0 as price, 0 as amount, COALESCE(d.paid,0) AS paid
	FROM wholesale_debt AS d, employee AS eo
	WHERE DATE(d.created_date) >= STR_TO_DATE(_start_date,'%d/%m/%Y') AND DATE(d.created_date) <= STR_TO_DATE(_end_date,'%d/%m/%Y')
		AND d.created_employee_id=eo.id AND _organization_ids LIKE CONCAT('%,',eo.organization_id,',%')
		AND d.customer_id=_customer_id
	;
    END */$$
DELIMITER ;

/* Procedure structure for procedure `report_solar_export` */

/*!50003 DROP PROCEDURE IF EXISTS  `report_solar_export` */;

DELIMITER $$

/*!50003 CREATE DEFINER=`root`@`localhost` PROCEDURE `report_solar_export`(IN _solar_export_id INT)
BEGIN
	SELECT o.CODE AS solar_code, o.NAME AS solar_name, u.NAME AS unit_name, det.quantity, sdet.price, det.quantity*sdet.price AS amount
	FROM solar_export_detail AS det, solar_sale_detail AS sdet, solar AS o, unit AS u
	WHERE det.solar_export_id=_solar_export_id AND det.solar_sale_detail_id=sdet.id AND det.solar_id=o.id AND sdet.unit_id=u.id
	;
    END */$$
DELIMITER ;

/* Procedure structure for procedure `report_solar_import` */

/*!50003 DROP PROCEDURE IF EXISTS  `report_solar_import` */;

DELIMITER $$

/*!50003 CREATE DEFINER=`root`@`localhost` PROCEDURE `report_solar_import`(IN _start_date VARCHAR(20), IN _end_date VARCHAR(20), IN _organization_ids TEXT)
BEGIN
	SELECT i.created_date, v.NAME AS vendor_name, p.NAME AS solarName, idet.quantity, idet.price, idet.amount, i.paid, i.note, s.NAME AS storeName
	FROM solar_import AS i, solar_import_detail AS idet, solar AS p, vendor AS v, employee AS e, store AS s
	WHERE DATE(i.created_date) >= STR_TO_DATE(_start_date,'%d/%m/%Y') AND DATE(i.created_date) <= STR_TO_DATE(_end_date,'%d/%m/%Y')
		AND i.vendor_id=v.id AND i.created_employee_id=e.id AND _organization_ids LIKE CONCAT('%,',e.organization_id,',%') AND v.STATUS=1
		AND i.id=idet.solar_import_id AND idet.solar_id=p.id AND i.store_id=s.id
	;
    END */$$
DELIMITER ;

/* Procedure structure for procedure `report_solar_sale` */

/*!50003 DROP PROCEDURE IF EXISTS  `report_solar_sale` */;

DELIMITER $$

/*!50003 CREATE DEFINER=`root`@`localhost` PROCEDURE `report_solar_sale`(IN _start_date VARCHAR(20), IN _end_date VARCHAR(20), IN _organization_ids TEXT)
BEGIN
	SELECT p.created_date, c.CODE AS customerCode, c.NAME AS customerName, pe.CODE AS solarCode, pdet.quantity, pdet.price
		, pdet.first_amount * pdet.commission / 100 AS commission, pdet.amount, p.paid, a.number AS account, s.NAME AS storeName
		, 0 AS agency_commission, 0 AS actual_total
	FROM solar_sale AS p, solar_sale_detail AS pdet, customer AS c, solar AS pe, account AS a, employee AS eo, store AS s
	WHERE DATE(p.created_date) >= STR_TO_DATE(_start_date,'%d/%m/%Y') AND DATE(p.created_date) <= STR_TO_DATE(_end_date,'%d/%m/%Y')
		AND p.id=pdet.solar_sale_id AND p.customer_id=c.id AND pdet.solar_id=pe.id AND p.account_id=a.id
		AND c.STATUS=1 AND pe.STATUS=1 AND p.created_employee_id=eo.id
		AND _organization_ids LIKE CONCAT('%,',eo.organization_id,',%') AND pdet.store_id=s.id
	;
    END */$$
DELIMITER ;

/* Procedure structure for procedure `report_solar_stock` */

/*!50003 DROP PROCEDURE IF EXISTS  `report_solar_stock` */;

DELIMITER $$

/*!50003 CREATE DEFINER=`root`@`localhost` PROCEDURE `report_solar_stock`(IN _start_date VARCHAR(20), IN _end_date VARCHAR(20), IN _organization_ids TEXT, IN _solar_id INT
	, IN _session_id VARCHAR(255), OUT _solar_ids TEXT, OUT _opening_stock INT)
BEGIN
	DECLARE _from_date, _to_date DATE;
	
	IF _start_date<>'' THEN
		SET _to_date = STR_TO_DATE(_start_date,'%d/%m/%Y');
	ELSE
		SELECT SYSDATE() INTO _to_date;
	END IF;
	
	SELECT `day` INTO _from_date FROM solar_in_stock WHERE DATEDIFF(`day`, _to_date) <= 0 ORDER BY `day` DESC LIMIT 1;
	IF _from_date is NULL THEN
		SELECT STR_TO_DATE(`value`,'%d/%m/%Y') INTO _from_date FROM parameter WHERE `code`="startdate";
	END IF;
	
	IF _solar_id=0 THEN
		DELETE FROM temp_solar_stock WHERE session_id=_session_id;
	
		INSERT INTO temp_solar_stock(session_id, created_date, solar_id, opening_stock, import_quantity, export_quantity)
		SELECT _session_id, tbl.created_date, tbl.solar_id, COALESCE(opening_stock,0), SUM(import_quantity), SUM(export_quantity) FROM
		(
			SELECT i.created_date, idet.solar_id, SUM(idet.quantity) AS import_quantity, 0 AS export_quantity
			FROM solar_import AS i, solar_import_detail AS idet, employee AS eo, solar AS p
			WHERE DATE(i.created_date) >= STR_TO_DATE(_start_date,'%d/%m/%Y') AND DATE(i.created_date) <= STR_TO_DATE(_end_date,'%d/%m/%Y')
				AND i.id=idet.solar_import_id AND i.created_employee_id=eo.id AND idet.solar_id=p.id AND p.STATUS=1
				AND _organization_ids LIKE CONCAT('%,',eo.organization_id,',%')
			GROUP BY i.created_date, idet.solar_id
			UNION ALL
			SELECT i.created_date, idet.solar_id, 0 AS import_quantity, SUM(idet.quantity) AS export_quantity
			FROM solar_sale AS i, solar_sale_detail AS idet, employee AS eo, solar AS p
			WHERE DATE(i.created_date) >= STR_TO_DATE(_start_date,'%d/%m/%Y') AND DATE(i.created_date) <= STR_TO_DATE(_end_date,'%d/%m/%Y')
				AND i.id=idet.solar_sale_id AND i.created_employee_id=eo.id AND idet.solar_id=p.id AND p.STATUS=1
				AND _organization_ids LIKE CONCAT('%,',eo.organization_id,',%')
			GROUP BY i.created_date, idet.solar_id
		) AS tbl
		LEFT JOIN
		(
			SELECT _from_date AS created_date, o.id AS solar_id, SUM(COALESCE(tbl.in_stock,0)) AS opening_stock
			FROM solar AS o
			LEFT JOIN
			(
				SELECT solar_id, in_stock
				FROM solar_in_stock
				WHERE DATEDIFF(`day`, _from_date) = 0 AND _organization_ids LIKE CONCAT('%,',organization_id,',%') -- AND DATEDIFF(`day`, _to_date) <= 0 
				UNION ALL
				SELECT i_det.solar_id, COALESCE(i_det.base_quantity,0) AS in_stock
				FROM solar_import_detail AS i_det, solar_import AS i, store AS s
				WHERE i_det.solar_import_id=i.id AND DATE(i.created_date) >= _from_date AND DATE(i.created_date) < _to_date
					AND i.store_id=s.id AND _organization_ids LIKE CONCAT('%,',s.organization_id,',%')
				UNION ALL
				SELECT i_det.solar_id, -COALESCE(i_det.base_quantity,0) AS in_stock
				FROM solar_sale_detail AS i_det, solar_sale AS i, store AS s
				WHERE i_det.solar_sale_id=i.id AND DATE(i.created_date) >= _from_date AND DATE(i.created_date) < _to_date
					AND i_det.store_id=s.id AND _organization_ids LIKE CONCAT('%,',s.organization_id,',%')
				UNION ALL
				SELECT i_det.solar_id, -COALESCE(i_det.base_quantity,0) AS in_stock
				FROM solar_sale_promotion AS i_det, solar_sale AS i, store AS s
				WHERE i_det.sale_solar_id=i.id AND DATE(i.created_date) >= _from_date AND DATE(i.created_date) < _to_date
					AND i_det.store_id=s.id AND _organization_ids LIKE CONCAT('%,',s.organization_id,',%')
				UNION ALL
				SELECT i_det.solar_id, COALESCE(i_det.base_quantity,0) AS in_stock
				FROM solar_sale_return_detail AS i_det, solar_sale_return AS i, store AS s
				WHERE i_det.solar_sale_return_id=i.id AND DATE(i.created_date) >= _from_date AND DATE(i.created_date) < _to_date
					AND i_det.store_id=s.id AND _organization_ids LIKE CONCAT('%,',s.organization_id,',%')
			) AS tbl ON tbl.solar_id=o.id
			WHERE o.STATUS=1 AND _organization_ids LIKE CONCAT('%,',o.organization_id,',%')
			GROUP BY o.id
		) AS opening_tbl ON tbl.solar_id=opening_tbl.solar_id
		GROUP BY tbl.created_date, tbl.solar_id;
	
		SELECT COALESCE(GROUP_CONCAT(solar_id),'') INTO _solar_ids FROM temp_solar_stock WHERE session_id=_session_id;
	
		SELECT created_date, 0 AS solar_id, 0 AS opening_stock, 0 AS import_quantity, 0 AS export_quantity 
		FROM temp_solar_stock 
		WHERE session_id=_session_id 
		GROUP BY created_date ORDER BY created_date;
	ELSE
		SELECT MAX(t.opening_stock) INTO _opening_stock
		FROM (SELECT created_date, session_id FROM temp_solar_stock WHERE session_id=_session_id GROUP BY created_date) AS tbl
		LEFT JOIN temp_solar_stock AS t ON t.session_id=tbl.session_id AND t.created_date=tbl.created_date AND t.solar_id=_solar_id;
		SELECT tbl.created_date, t.solar_id, t.opening_stock, t.import_quantity, t.export_quantity 
		FROM (SELECT created_date, session_id FROM temp_solar_stock WHERE session_id=_session_id GROUP BY created_date) AS tbl
		LEFT JOIN temp_solar_stock AS t ON t.session_id=tbl.session_id AND t.created_date=tbl.created_date AND t.solar_id=_solar_id
		ORDER BY tbl.created_date;
	END IF;
    END */$$
DELIMITER ;

/* Procedure structure for procedure `report_solar_stock_h` */

/*!50003 DROP PROCEDURE IF EXISTS  `report_solar_stock_h` */;

DELIMITER $$

/*!50003 CREATE DEFINER=`root`@`localhost` PROCEDURE `report_solar_stock_h`(IN _start_date VARCHAR(20), IN _end_date VARCHAR(20), IN _organization_ids TEXT)
BEGIN
	DECLARE _from_date, _to_date DATE;
	
	IF _start_date<>'' THEN
		SET _to_date = STR_TO_DATE(_start_date,'%d/%m/%Y');
	ELSE
		SELECT SYSDATE() INTO _to_date;
	END IF;
	
	SELECT `day` INTO _from_date FROM solar_in_stock WHERE DATEDIFF(`day`, _to_date) <= 0 ORDER BY `day` DESC LIMIT 1;
	IF _from_date is NULL THEN
		SELECT STR_TO_DATE(`value`,'%d/%m/%Y') INTO _from_date FROM parameter WHERE `code`="startdate";
	END IF;
	
	SELECT o.CODE, o.NAME, COALESCE(opening_stock,0) AS opening_stock, SUM(COALESCE(import_quantity,0)) AS import_quantity, SUM(COALESCE(export_quantity,0)) AS export_quantity 
	FROM solar AS o
	LEFT JOIN
	(
		SELECT idet.solar_id, SUM(idet.quantity) AS import_quantity, 0 AS export_quantity
		FROM solar_import AS i, solar_import_detail AS idet, employee AS eo, solar AS p
		WHERE DATE(i.created_date) >= STR_TO_DATE(_start_date,'%d/%m/%Y') AND DATE(i.created_date) <= STR_TO_DATE(_end_date,'%d/%m/%Y')
			AND i.id=idet.solar_import_id AND i.created_employee_id=eo.id AND idet.solar_id=p.id AND p.STATUS=1
			AND _organization_ids LIKE CONCAT('%,',eo.organization_id,',%')
		GROUP BY i.created_date, idet.solar_id
		UNION ALL
		SELECT idet.solar_id, 0 AS import_quantity, SUM(idet.quantity) AS export_quantity
		FROM solar_sale AS i, solar_sale_detail AS idet, employee AS eo, solar AS p
		WHERE DATE(i.created_date) >= STR_TO_DATE(_start_date,'%d/%m/%Y') AND DATE(i.created_date) <= STR_TO_DATE(_end_date,'%d/%m/%Y')
			AND i.id=idet.solar_sale_id AND i.created_employee_id=eo.id AND idet.solar_id=p.id AND p.STATUS=1
			AND _organization_ids LIKE CONCAT('%,',eo.organization_id,',%')
		GROUP BY i.created_date, idet.solar_id
	) AS tbl ON o.id=tbl.solar_id
	LEFT JOIN
	(
		SELECT o.id AS solar_id, SUM(COALESCE(in_stock,0)) AS opening_stock
		FROM solar AS o
		LEFT JOIN (
			SELECT solar_id, in_stock
			FROM solar_in_stock
			WHERE DATEDIFF(`day`, _from_date) = 0 -- AND DATEDIFF(`day`, _to_date) <= 0 
				AND _organization_ids LIKE CONCAT('%,',organization_id,',%')
			UNION ALL
			SELECT i_det.solar_id, COALESCE(i_det.base_quantity,0) AS in_stock
			FROM solar_import_detail AS i_det, solar_import AS i, store AS s
			WHERE i_det.solar_import_id=i.id AND DATE(i.created_date) >= _from_date AND DATE(i.created_date) < _to_date
				AND i.store_id=s.id AND _organization_ids LIKE CONCAT('%,',s.organization_id,',%')
			UNION ALL
			SELECT i_det.solar_id, -COALESCE(i_det.base_quantity,0) AS in_stock
			FROM solar_sale_detail AS i_det, solar_sale AS i, store AS s
			WHERE i_det.solar_sale_id=i.id AND DATE(i.created_date) >= _from_date AND DATE(i.created_date) < _to_date
				AND i_det.store_id=s.id AND _organization_ids LIKE CONCAT('%,',s.organization_id,',%')
			UNION ALL
			SELECT i_det.solar_id, -COALESCE(i_det.base_quantity,0) AS in_stock
			FROM solar_sale_promotion AS i_det, solar_sale AS i, store AS s
			WHERE i_det.sale_solar_id=i.id AND DATE(i.created_date) >= _from_date AND DATE(i.created_date) < _to_date
				AND i_det.store_id=s.id AND _organization_ids LIKE CONCAT('%,',s.organization_id,',%')
			UNION ALL
			SELECT i_det.solar_id, COALESCE(i_det.base_quantity,0) AS in_stock
			FROM solar_sale_return_detail AS i_det, solar_sale_return AS i, store AS s
			WHERE i_det.solar_sale_return_id=i.id AND DATE(i.created_date) >= _from_date AND DATE(i.created_date) < _to_date
				AND i_det.store_id=s.id AND _organization_ids LIKE CONCAT('%,',s.organization_id,',%')
		) AS tbl_old_stock ON tbl_old_stock.solar_id=o.id
		WHERE o.STATUS=1 AND _organization_ids LIKE CONCAT('%,',o.organization_id,',%')
		GROUP BY o.id
	) AS opening_tbl ON tbl.solar_id=opening_tbl.solar_id
	WHERE o.STATUS=1 AND _organization_ids LIKE CONCAT('%,',o.organization_id,',%')
	GROUP BY o.id;
    END */$$
DELIMITER ;

/* Procedure structure for procedure `report_solar_stock_store` */

/*!50003 DROP PROCEDURE IF EXISTS  `report_solar_stock_store` */;

DELIMITER $$

/*!50003 CREATE DEFINER=`root`@`localhost` PROCEDURE `report_solar_stock_store`(IN _start_date VARCHAR(20), IN _end_date VARCHAR(20), IN _organization_ids TEXT, IN _store_id INT
	, IN _solar_id INT, IN _session_id VARCHAR(255), OUT _solar_ids TEXT, OUT _opening_stock INT)
BEGIN
	DECLARE _from_date, _to_date DATE;
	
	IF _start_date<>'' THEN
		SET _to_date = STR_TO_DATE(_start_date,'%d/%m/%Y');
	ELSE
		SELECT SYSDATE() INTO _to_date;
	END IF;
	
	SELECT `day` INTO _from_date FROM solar_in_stock WHERE DATEDIFF(`day`, _to_date) <= 0 ORDER BY `day` DESC LIMIT 1;
	IF _from_date is NULL THEN
		SELECT STR_TO_DATE(`value`,'%d/%m/%Y') INTO _from_date FROM parameter WHERE `code`="startdate";
	END IF;
	IF _solar_id=0 THEN
		DELETE FROM temp_solar_stock WHERE session_id=_session_id;
	
		INSERT INTO temp_solar_stock(session_id, created_date, solar_id, opening_stock, import_quantity, export_quantity)
		SELECT _session_id, tbl.created_date, tbl.solar_id, COALESCE(opening_stock,0), SUM(COALESCE(import_quantity,0)), SUM(COALESCE(export_quantity,0)) FROM
		(
			SELECT i.created_date, idet.solar_id, SUM(idet.quantity) AS import_quantity, 0 AS export_quantity
			FROM solar_import AS i, solar_import_detail AS idet, employee AS eo, solar AS p
			WHERE DATE(i.created_date) >= STR_TO_DATE(_start_date,'%d/%m/%Y') AND DATE(i.created_date) <= STR_TO_DATE(_end_date,'%d/%m/%Y')
				AND i.id=idet.solar_import_id AND i.created_employee_id=eo.id AND idet.solar_id=p.id AND p.STATUS=1
				AND _organization_ids LIKE CONCAT('%,',eo.organization_id,',%') AND i.store_id=_store_id
			GROUP BY i.created_date, idet.solar_id
			UNION ALL
			SELECT i.created_date, idet.solar_id, 0 AS import_quantity, SUM(idet.quantity) AS export_quantity
			FROM solar_sale AS i, solar_sale_detail AS idet, employee AS eo, solar AS p
			WHERE DATE(i.created_date) >= STR_TO_DATE(_start_date,'%d/%m/%Y') AND DATE(i.created_date) <= STR_TO_DATE(_end_date,'%d/%m/%Y')
				AND i.id=idet.solar_sale_id AND i.created_employee_id=eo.id AND idet.solar_id=p.id AND p.STATUS=1
				AND _organization_ids LIKE CONCAT('%,',eo.organization_id,',%') AND idet.store_id=_store_id
			GROUP BY i.created_date, idet.solar_id
		) AS tbl
		LEFT JOIN
		(
			SELECT _from_date AS created_date, o.id AS solar_id, SUM(COALESCE(in_stock,0)) AS opening_stock
			FROM solar AS o
			LEFT JOIN (
				SELECT solar_id, in_stock
				FROM solar_in_stock
				WHERE DATEDIFF(`day`, _from_date) = 0 -- AND DATEDIFF(`day`, _to_date) <= 0 
					AND _organization_ids LIKE CONCAT('%,',organization_id,',%') AND store_id=_store_id	
				UNION ALL
				SELECT i_det.solar_id, COALESCE(i_det.base_quantity,0) AS in_stock
				FROM solar_import_detail AS i_det, solar_import AS i, store AS s
				WHERE i_det.solar_import_id=i.id AND DATE(i.created_date) >= _from_date AND DATE(i.created_date) < _to_date
					AND i.store_id=s.id AND _organization_ids LIKE CONCAT('%,',s.organization_id,',%') AND s.id=_store_id
				UNION ALL
				SELECT i_det.solar_id, -COALESCE(i_det.base_quantity,0) AS in_stock
				FROM solar_sale_detail AS i_det, solar_sale AS i, store AS s
				WHERE i_det.solar_sale_id=i.id AND DATE(i.created_date) >= _from_date AND DATE(i.created_date) < _to_date
					AND i_det.store_id=s.id AND _organization_ids LIKE CONCAT('%,',s.organization_id,',%') AND s.id=_store_id
				UNION ALL
				SELECT i_det.solar_id, -COALESCE(i_det.base_quantity,0) AS in_stock
				FROM solar_sale_promotion AS i_det, solar_sale AS i, store AS s
				WHERE i_det.sale_solar_id=i.id AND DATE(i.created_date) >= _from_date AND DATE(i.created_date) < _to_date
					AND i_det.store_id=s.id AND _organization_ids LIKE CONCAT('%,',s.organization_id,',%') AND s.id=_store_id
				UNION ALL
				SELECT i_det.solar_id, COALESCE(i_det.base_quantity,0) AS in_stock
				FROM solar_sale_return_detail AS i_det, solar_sale_return AS i, store AS s
				WHERE i_det.solar_sale_return_id=i.id AND DATE(i.created_date) >= _from_date AND DATE(i.created_date) < _to_date
					AND i_det.store_id=s.id AND _organization_ids LIKE CONCAT('%,',s.organization_id,',%') AND s.id=_store_id
			) AS tbl_old_stock ON tbl_old_stock.solar_id=o.id
			WHERE o.STATUS=1 AND _organization_ids LIKE CONCAT('%,',o.organization_id,',%')
			GROUP BY o.id
		) AS opening_tbl ON tbl.solar_id=opening_tbl.solar_id
		GROUP BY tbl.created_date, tbl.solar_id;
	
		SELECT COALESCE(GROUP_CONCAT(solar_id),'') INTO _solar_ids FROM temp_solar_stock WHERE session_id=_session_id;
	
		SELECT created_date, 0 AS solar_id, 0 AS opening_stock, 0 AS import_quantity, 0 AS export_quantity 
		FROM temp_solar_stock 
		WHERE session_id=_session_id 
		GROUP BY created_date ORDER BY created_date;
	ELSE
		SELECT MAX(t.opening_stock) INTO _opening_stock
		FROM (SELECT created_date, session_id FROM temp_solar_stock WHERE session_id=_session_id GROUP BY created_date) AS tbl
		LEFT JOIN temp_solar_stock AS t ON t.session_id=tbl.session_id AND t.created_date=tbl.created_date AND t.solar_id=_solar_id
		ORDER BY tbl.created_date;
	
		SELECT tbl.created_date, t.solar_id, t.opening_stock, t.import_quantity, t.export_quantity 
		FROM (SELECT created_date, session_id FROM temp_solar_stock WHERE session_id=_session_id GROUP BY created_date) AS tbl
		LEFT JOIN temp_solar_stock AS t ON t.session_id=tbl.session_id AND t.created_date=tbl.created_date AND t.solar_id=_solar_id
		ORDER BY tbl.created_date;
	END IF;
    END */$$
DELIMITER ;

/* Procedure structure for procedure `report_solar_stock_store_h` */

/*!50003 DROP PROCEDURE IF EXISTS  `report_solar_stock_store_h` */;

DELIMITER $$

/*!50003 CREATE DEFINER=`root`@`localhost` PROCEDURE `report_solar_stock_store_h`(IN _start_date VARCHAR(20), IN _end_date VARCHAR(20), IN _organization_ids TEXT, IN _store_id INT)
BEGIN
	DECLARE _from_date, _to_date DATE;
	
	IF _start_date<>'' THEN
		SET _to_date = STR_TO_DATE(_start_date,'%d/%m/%Y');
	ELSE
		SELECT SYSDATE() INTO _to_date;
	END IF;
	
	SELECT `day` INTO _from_date FROM solar_in_stock WHERE DATEDIFF(`day`, _to_date) <= 0 ORDER BY `day` DESC LIMIT 1;
	IF _from_date is NULL THEN
		SELECT STR_TO_DATE(`value`,'%d/%m/%Y') INTO _from_date FROM parameter WHERE `code`="startdate";
	END IF;
	
	SELECT o.CODE, o.NAME, COALESCE(opening_stock,0) AS opening_stock, SUM(COALESCE(import_quantity,0)) AS import_quantity, SUM(COALESCE(export_quantity,0)) AS export_quantity 
	FROM solar AS o
	LEFT JOIN
	(
		SELECT idet.solar_id, SUM(idet.quantity) AS import_quantity, 0 AS export_quantity
		FROM solar_import AS i, solar_import_detail AS idet, employee AS eo, solar AS p
		WHERE DATE(i.created_date) >= STR_TO_DATE(_start_date,'%d/%m/%Y') AND DATE(i.created_date) <= STR_TO_DATE(_end_date,'%d/%m/%Y')
			AND i.id=idet.solar_import_id AND i.created_employee_id=eo.id AND idet.solar_id=p.id AND p.STATUS=1
			AND _organization_ids LIKE CONCAT('%,',eo.organization_id,',%') AND i.store_id=_store_id
		GROUP BY i.created_date, idet.solar_id
		UNION ALL
		SELECT idet.solar_id, 0 AS import_quantity, SUM(idet.quantity) AS export_quantity
		FROM solar_sale AS i, solar_sale_detail AS idet, employee AS eo, solar AS p
		WHERE DATE(i.created_date) >= STR_TO_DATE(_start_date,'%d/%m/%Y') AND DATE(i.created_date) <= STR_TO_DATE(_end_date,'%d/%m/%Y')
			AND i.id=idet.solar_sale_id AND i.created_employee_id=eo.id AND idet.solar_id=p.id AND p.STATUS=1
			AND _organization_ids LIKE CONCAT('%,',eo.organization_id,',%') AND idet.store_id=_store_id
		GROUP BY i.created_date, idet.solar_id
	) AS tbl ON o.id=tbl.solar_id
	LEFT JOIN
	(
		SELECT o.id AS solar_id, SUM(COALESCE(in_stock,0)) AS opening_stock
		FROM solar AS o
		LEFT JOIN (
			SELECT solar_id, in_stock
			FROM solar_in_stock
			WHERE DATEDIFF(`day`, _from_date) = 0 -- AND DATEDIFF(`day`, _to_date) <= 0 
				AND _organization_ids LIKE CONCAT('%,',organization_id,',%') AND store_id=_store_id	
			UNION ALL
			SELECT i_det.solar_id, COALESCE(i_det.base_quantity,0) AS in_stock
			FROM solar_import_detail AS i_det, solar_import AS i, store AS s
			WHERE i_det.solar_import_id=i.id AND DATE(i.created_date) >= _from_date AND DATE(i.created_date) < _to_date
				AND i.store_id=s.id AND _organization_ids LIKE CONCAT('%,',s.organization_id,',%') AND s.id=_store_id
			UNION ALL
			SELECT i_det.solar_id, -COALESCE(i_det.base_quantity,0) AS in_stock
			FROM solar_sale_detail AS i_det, solar_sale AS i, store AS s
			WHERE i_det.solar_sale_id=i.id AND DATE(i.created_date) >= _from_date AND DATE(i.created_date) < _to_date
				AND i_det.store_id=s.id AND _organization_ids LIKE CONCAT('%,',s.organization_id,',%') AND s.id=_store_id
			UNION ALL
			SELECT i_det.solar_id, -COALESCE(i_det.base_quantity,0) AS in_stock
			FROM solar_sale_promotion AS i_det, solar_sale AS i, store AS s
			WHERE i_det.sale_solar_id=i.id AND DATE(i.created_date) >= _from_date AND DATE(i.created_date) < _to_date
				AND i_det.store_id=s.id AND _organization_ids LIKE CONCAT('%,',s.organization_id,',%') AND s.id=_store_id
			UNION ALL
			SELECT i_det.solar_id, COALESCE(i_det.base_quantity,0) AS in_stock
			FROM solar_sale_return_detail AS i_det, solar_sale_return AS i, store AS s
			WHERE i_det.solar_sale_return_id=i.id AND DATE(i.created_date) >= _from_date AND DATE(i.created_date) < _to_date
				AND i_det.store_id=s.id AND _organization_ids LIKE CONCAT('%,',s.organization_id,',%') AND s.id=_store_id
		) AS tbl_old_stock ON tbl_old_stock.solar_id=o.id
		WHERE o.STATUS=1 AND _organization_ids LIKE CONCAT('%,',o.organization_id,',%')
		GROUP BY o.id
	) AS opening_tbl ON o.id=opening_tbl.solar_id
	WHERE o.STATUS=1 AND _organization_ids LIKE CONCAT('%,',o.organization_id,',%')
	GROUP BY o.id;
    END */$$
DELIMITER ;

/* Procedure structure for procedure `report_solar_vendor_debt` */

/*!50003 DROP PROCEDURE IF EXISTS  `report_solar_vendor_debt` */;

DELIMITER $$

/*!50003 CREATE DEFINER=`root`@`localhost` PROCEDURE `report_solar_vendor_debt`(IN _start_date VARCHAR(20), IN _end_date VARCHAR(20), IN _organization_ids TEXT)
BEGIN
	DECLARE _from_date, _to_date DATE;
	
	IF _start_date<>'' THEN
		SELECT STR_TO_DATE(_start_date,'%d/%m/%Y') INTO _to_date;
	ELSE
		SELECT SYSDATE() INTO _to_date;
	END IF;
	
	SELECT `day` INTO _from_date FROM vendor_in_stock WHERE DATEDIFF(`day`, _to_date) <= 0 ORDER BY `day` DESC LIMIT 1;
	IF _from_date IS NULL THEN
		-- SELECT DATE_ADD(_to_date, INTERVAL -1 DAY) INTO _from_date;
		SELECT STR_TO_DATE(`value`,'%d/%m/%Y')  INTO _from_date FROM parameter WHERE `code`="startdate";
	END IF;
	
	SELECT v.CODE AS vendor_code, v.NAME AS vendor_name, tbl_vendor_stock.amount AS opening_stock
		, SUM(COALESCE(tbl_solar_import.amount,0)) AS amount
		, SUM(COALESCE(tbl_vendor_debt.amount,0) + COALESCE(tbl_solar_import.paid,0)) AS paid
	FROM vendor AS v, organization AS o, vendor_organization AS vo
	LEFT JOIN (
		SELECT vo.organization_id, vo.vendor_id, SUM(COALESCE(stock.debt,0)) AS amount
		FROM organization AS o, vendor AS v, vendor_organization AS vo
		LEFT JOIN
		(
			SELECT vendor_id, organization_id, amount AS debt
			FROM vendor_in_stock
			WHERE DATEDIFF(`day`, _from_date) = 0 AND _organization_ids LIKE CONCAT('%,',organization_id,',%') -- AND DATEDIFF(`day`, _to_date) <= 0  
			UNION ALL
			SELECT i.vendor_id, eo.organization_id, COALESCE(i.debt,0) AS debt
			FROM lpg_import AS i, employee AS eo
			WHERE DATE(i.import_date) >= _from_date AND DATE(i.import_date) < _to_date
				AND i.created_employee_id=eo.id AND _organization_ids LIKE CONCAT('%,',eo.organization_id,',%')
			UNION ALL
			SELECT i.vendor_id, eo.organization_id, COALESCE(i.debt,0) AS debt
			FROM gas_import AS i, employee AS eo
			WHERE DATE(i.created_date) >= _from_date AND DATE(i.created_date) < _to_date
				AND i.created_employee_id=eo.id AND _organization_ids LIKE CONCAT('%,',eo.organization_id,',%')
			UNION ALL
			SELECT i.vendor_id, eo.organization_id, COALESCE(i.debt,0) AS debt
			FROM solar_import AS i, employee AS eo
			WHERE DATE(i.created_date) >= _from_date AND DATE(i.created_date) < _to_date
				AND i.created_employee_id=eo.id AND _organization_ids LIKE CONCAT('%,',eo.organization_id,',%')
			UNION ALL
			SELECT i.vendor_id, eo.organization_id, - COALESCE(IF(i.kind=1,i.paid,0),0) AS debt
			FROM vendor_debt AS i, employee AS eo
			WHERE DATE(i.created_date) >= _from_date AND DATE(i.created_date) < _to_date
				AND i.created_employee_id=eo.id AND _organization_ids LIKE CONCAT('%,',eo.organization_id,',%')
			UNION ALL
			SELECT i.vendor_id, eo.organization_id, COALESCE(i.debt,0) AS debt
			FROM promotion_material_import AS i, employee AS eo
			WHERE DATE(i.created_date) >= _from_date AND DATE(i.created_date) < _to_date
				AND i.created_employee_id=eo.id AND _organization_ids LIKE CONCAT('%,',eo.organization_id,',%')
			UNION ALL
			SELECT i.vendor_id, eo.organization_id, COALESCE(i.debt,0) AS debt
			FROM accessory_import AS i, employee AS eo
			WHERE DATE(i.created_date) >= _from_date AND DATE(i.created_date) < _to_date
				AND i.created_employee_id=eo.id AND _organization_ids LIKE CONCAT('%,',eo.organization_id,',%')
			UNION ALL
			SELECT i.vendor_id, eo.organization_id, COALESCE(i.amount,0) AS debt
			FROM debt_adjustment AS i, employee AS eo
			WHERE DATE(i.created_date) >= _from_date AND DATE(i.created_date) < _to_date
				AND i.created_employee_id=eo.id AND i.vendor_id<>0 AND i.kind=1
				 AND _organization_ids LIKE CONCAT('%,',eo.organization_id,',%')
			UNION ALL
			SELECT i.vendor_id, eo.organization_id, COALESCE(i.debt,0) AS debt
			FROM good_import AS i, employee AS eo
			WHERE DATE(i.created_date) >= _from_date AND DATE(i.created_date) < _to_date
				AND i.created_employee_id=eo.id AND _organization_ids LIKE CONCAT('%,',eo.organization_id,',%')
			UNION ALL
			SELECT i.vendor_id, eo.organization_id, COALESCE(i.debt,0) AS debt
			FROM petro_import AS i, employee AS eo
			WHERE DATE(i.created_date) >= _from_date AND DATE(i.created_date) < _to_date
				AND i.created_employee_id=eo.id AND _organization_ids LIKE CONCAT('%,',eo.organization_id,',%')
			UNION ALL
			SELECT idet.vendor_id, eo.organization_id, -COALESCE(idet.quantity*idet.price_before_commission,0) AS debt
			FROM solar_sale_detail AS idet, solar_sale AS i, employee AS eo
			WHERE DATE(i.created_date) >= _from_date AND DATE(i.created_date) < _to_date
				AND i.created_employee_id=eo.id AND i.id=idet.solar_sale_id
					 AND _organization_ids LIKE CONCAT('%,',eo.organization_id,',%')
		) AS stock ON stock.organization_id=vo.organization_id AND stock.vendor_id=vo.vendor_id
		WHERE vo.organization_id=o.id AND vo.vendor_id=v.id AND v.STATUS=1 AND o.STATUS=1 AND _organization_ids LIKE CONCAT('%,',vo.organization_id,',%')
		GROUP BY vo.organization_id, vo.vendor_id
		ORDER BY o.NAME, v.NAME
	) AS tbl_vendor_stock ON vo.vendor_id=tbl_vendor_stock.vendor_id AND vo.organization_id=tbl_vendor_stock.organization_id
	LEFT JOIN (
		SELECT vd.vendor_id, eo.organization_id, SUM(vd.paid) AS amount
		FROM vendor_debt AS vd, employee AS eo
		WHERE DATE(vd.created_date) >= STR_TO_DATE(_start_date,'%d/%m/%Y') AND DATE(vd.created_date) <= STR_TO_DATE(_end_date,'%d/%m/%Y') 
			AND vd.created_employee_id=eo.id AND _organization_ids LIKE CONCAT('%,',eo.organization_id,',%') 
		GROUP BY vd.vendor_id, eo.organization_id
	) AS tbl_vendor_debt ON vo.vendor_id=tbl_vendor_debt.vendor_id AND vo.organization_id=tbl_vendor_debt.organization_id
	LEFT JOIN (
		SELECT oi.vendor_id, eo.organization_id, SUM(oi.total) AS amount, SUM(oi.paid) AS paid
		FROM solar_import AS oi, employee AS eo
		WHERE DATE(oi.created_date) >= STR_TO_DATE(_start_date,'%d/%m/%Y') AND DATE(oi.created_date) <= STR_TO_DATE(_end_date,'%d/%m/%Y') 
			AND oi.created_employee_id=eo.id AND _organization_ids LIKE CONCAT('%,',eo.organization_id,',%') 
		GROUP BY oi.vendor_id, eo.organization_id
	) AS tbl_solar_import ON vo.vendor_id=tbl_solar_import.vendor_id AND vo.organization_id=tbl_solar_import.organization_id
	WHERE vo.vendor_id=v.id AND vo.organization_id=o.id AND v.STATUS=1 AND o.STATUS=1 AND v.is_solar=1
	GROUP BY v.id	
	;
    END */$$
DELIMITER ;

/* Procedure structure for procedure `report_solar_vendor_stock` */

/*!50003 DROP PROCEDURE IF EXISTS  `report_solar_vendor_stock` */;

DELIMITER $$

/*!50003 CREATE DEFINER=`root`@`localhost` PROCEDURE `report_solar_vendor_stock`(IN _start_date VARCHAR(20), IN _end_date VARCHAR(20), IN _organization_ids TEXT, IN _vendor_id INT)
BEGIN
	DECLARE _from_date, _to_date DATE;
	
	IF _start_date<>'' THEN
		SET _to_date = STR_TO_DATE(_start_date,'%d/%m/%Y');
	ELSE
		SELECT SYSDATE() INTO _to_date;
	END IF;
	
	SELECT `day` INTO _from_date FROM solar_in_stock WHERE DATEDIFF(`day`, _to_date) <= 0 ORDER BY `day` DESC LIMIT 1;
	IF _from_date is NULL THEN
		SELECT STR_TO_DATE(`value`,'%d/%m/%Y') INTO _from_date FROM parameter WHERE `code`="startdate";
	END IF;
	
	SELECT o.CODE AS solar_code, o.NAME AS solar_name, COALESCE(opening_stock,0) AS opening_stock
		, SUM(import_tbl.quantity) AS import_quantity, SUM(export_tbl.quantity) AS export_quantity 
		, import_tbl.price AS import_price, SUM(import_tbl.amount) AS import_amount, import_tbl.note
	FROM solar AS o
	LEFT JOIN
	(
		SELECT o.id AS solar_id, SUM(COALESCE(in_stock,0)) AS opening_stock
		FROM solar AS o
		LEFT JOIN (
			SELECT solar_id, in_stock
			FROM solar_in_stock
			WHERE DATEDIFF(`day`, _from_date) = 0 AND _organization_ids LIKE CONCAT('%,',organization_id,',%') -- AND DATEDIFF(`day`, _to_date) <= 0 
			UNION ALL
			SELECT i_det.solar_id, COALESCE(i_det.base_quantity,0) AS in_stock
			FROM solar_import_detail AS i_det, solar_import AS i, store AS s
			WHERE i_det.solar_import_id=i.id AND DATE(i.created_date) >= _from_date AND DATE(i.created_date) < _to_date
				AND i.store_id=s.id AND _organization_ids LIKE CONCAT('%,',s.organization_id,',%')
			UNION ALL
			SELECT i_det.solar_id, -COALESCE(i_det.base_quantity,0) AS in_stock
			FROM solar_sale_detail AS i_det, solar_sale AS i, store AS s
			WHERE i_det.solar_sale_id=i.id AND DATE(i.created_date) >= _from_date AND DATE(i.created_date) < _to_date
				AND i_det.store_id=s.id AND _organization_ids LIKE CONCAT('%,',s.organization_id,',%')
			UNION ALL
			SELECT i_det.solar_id, -COALESCE(i_det.base_quantity,0) AS in_stock
			FROM solar_sale_promotion AS i_det, solar_sale AS i, store AS s
			WHERE i_det.sale_solar_id=i.id AND DATE(i.created_date) >= _from_date AND DATE(i.created_date) < _to_date
				AND i_det.store_id=s.id AND _organization_ids LIKE CONCAT('%,',s.organization_id,',%')
			UNION ALL
			SELECT i_det.solar_id, COALESCE(i_det.base_quantity,0) AS in_stock
			FROM solar_sale_return_detail AS i_det, solar_sale_return AS i, store AS s
			WHERE i_det.solar_sale_return_id=i.id AND DATE(i.created_date) >= _from_date AND DATE(i.created_date) < _to_date
				AND i_det.store_id=s.id AND _organization_ids LIKE CONCAT('%,',s.organization_id,',%')
		) AS tbl_old_stock ON tbl_old_stock.solar_id=o.id
		WHERE o.STATUS=1 AND _organization_ids LIKE CONCAT('%,',o.organization_id,',%')
		GROUP BY o.id
	) AS opening_tbl ON o.id=opening_tbl.solar_id
	LEFT JOIN
	(
		SELECT solar_id, SUM(base_quantity) AS quantity, SUM(amount) AS amount, GROUP_CONCAT(CONCAT(price,'(',quantity,')')) AS note, AVG(price) AS price
		FROM(
			SELECT idet.solar_id, SUM(idet.base_quantity) AS base_quantity, SUM(idet.quantity) AS quantity, idet.price, SUM(idet.amount) AS amount
			FROM solar_import AS i, solar_import_detail AS idet, employee AS eo
			WHERE DATE(i.created_date) >= STR_TO_DATE(_start_date,'%d/%m/%Y') AND DATE(i.created_date) <= STR_TO_DATE(_end_date,'%d/%m/%Y')
				AND i.id=idet.solar_import_id AND i.created_employee_id=eo.id
				AND _organization_ids LIKE CONCAT('%,',eo.organization_id,',%')
			GROUP BY idet.solar_id, idet.price
		) AS tbl
		GROUP BY solar_id
	) AS import_tbl ON o.id=import_tbl.solar_id
	LEFT JOIN
	(
		SELECT idet.solar_id, SUM(idet.base_quantity) AS quantity
		FROM solar_sale AS i, solar_sale_detail AS idet, employee AS eo
		WHERE DATE(i.created_date) >= STR_TO_DATE(_start_date,'%d/%m/%Y') AND DATE(i.created_date) <= STR_TO_DATE(_end_date,'%d/%m/%Y')
			AND i.id=idet.solar_sale_id AND i.created_employee_id=eo.id
			AND _organization_ids LIKE CONCAT('%,',eo.organization_id,',%')
		GROUP BY idet.solar_id
		UNION ALL
		SELECT idet.solar_id, SUM(idet.base_quantity) AS quantity
		FROM solar_sale AS i, solar_sale_promotion AS idet, employee AS eo
		WHERE DATE(i.created_date) >= STR_TO_DATE(_start_date,'%d/%m/%Y') AND DATE(i.created_date) <= STR_TO_DATE(_end_date,'%d/%m/%Y')
			AND i.id=idet.sale_solar_id AND i.created_employee_id=eo.id
			AND _organization_ids LIKE CONCAT('%,',eo.organization_id,',%')
		GROUP BY idet.solar_id
		UNION ALL
		SELECT i_det.solar_id, -SUM(i_det.base_quantity) AS quantity
		FROM solar_sale_return_detail AS i_det, solar_sale_return AS i, store AS s
		WHERE DATE(i.created_date) >= STR_TO_DATE(_start_date,'%d/%m/%Y') AND DATE(i.created_date) <= STR_TO_DATE(_end_date,'%d/%m/%Y')
			AND i_det.solar_sale_return_id=i.id AND i_det.store_id=s.id
			AND _organization_ids LIKE CONCAT('%,',s.organization_id,',%')
		GROUP BY i_det.solar_id
	) AS export_tbl ON o.id=export_tbl.solar_id
	WHERE o.STATUS=1
	GROUP BY o.id
	;
    END */$$
DELIMITER ;

/* Procedure structure for procedure `report_sum` */

/*!50003 DROP PROCEDURE IF EXISTS  `report_sum` */;

DELIMITER $$

/*!50003 CREATE DEFINER=`root`@`localhost` PROCEDURE `report_sum`(IN _start_date VARCHAR(20), IN _end_date VARCHAR(20), IN _organization_ids TEXT, IN _vendor_ids TEXT
	, OUT _gas_12_stock int, OUT _gas_45_stock int)
BEGIN	
	CALL get_in_stock_shell_gas(_start_date, 0, 1, _organization_ids, _vendor_ids, _gas_12_stock, _gas_45_stock);
	
	SELECT created_date AS content, created_date, SUM(fraction_12) AS fraction_12, SUM(fraction_45) AS fraction_45
		, SUM(vehicle_out_12) AS vehicle_out_12, SUM(vehicle_out_45) AS vehicle_out_45
		, SUM(vehicle_in_12) AS vehicle_in_12, SUM(vehicle_in_45) AS vehicle_in_45
		, SUM(shell_12_return) AS shell_12_return, SUM(shell_45_return) AS shell_45_return
	FROM
	(
		SELECT pdet.created_date, SUM(IF(shell_12.id IS NOT NULL, det.quantity,0)) AS fraction_12, SUM(IF(shell_45.id IS NOT NULL, det.quantity,0)) AS fraction_45
			, 0 AS vehicle_out_12, 0 AS vehicle_out_45
			, 0 AS vehicle_in_12, 0 AS vehicle_in_45
			, 0 AS shell_12_return, 0 AS shell_45_return
		FROM fraction_gas AS pdet, fraction_gas_detail AS det, shell_vendor AS sv
		LEFT JOIN (SELECT s.id FROM shell AS s, shell_kind AS sk WHERE s.kind_id=sk.id AND sk.weight=12) AS shell_12 ON sv.shell_id=shell_12.id
		LEFT JOIN (SELECT s.id FROM shell AS s, shell_kind AS sk WHERE s.kind_id=sk.id AND sk.weight=45) AS shell_45 ON sv.shell_id=shell_45.id
		WHERE DATE(pdet.created_date) >= STR_TO_DATE(_start_date,'%d/%m/%Y') AND DATE(pdet.created_date) <= STR_TO_DATE(_end_date,'%d/%m/%Y')
			and pdet.id=det.fraction_id AND det.shell_id=sv.id AND _vendor_ids LIKE CONCAT('%,',sv.vendor_id,',%')
			AND _organization_ids LIKE CONCAT('%,',sv.organization_id,',%')	
		GROUP BY pdet.created_date, det.shell_id
		UNION ALL
		SELECT pdet.created_date, 0 AS fraction_12, 0 AS fraction_45
			, SUM(IF(shell_12.id IS NOT NULL, det.quantity,0)) AS vehicle_out_12, SUM(IF(shell_45.id IS NOT NULL, det.quantity,0)) AS vehicle_out_45
			, 0 AS vehicle_in_12, 0 AS vehicle_in_45
			, 0 AS shell_12_return, 0 AS shell_45_return
		FROM vehicle_out AS pdet, vehicle_out_detail AS det, shell_vendor AS sv
		LEFT JOIN (SELECT s.id FROM shell AS s, shell_kind AS sk WHERE s.kind_id=sk.id AND sk.weight=12) AS shell_12 ON sv.shell_id=shell_12.id
		LEFT JOIN (SELECT s.id FROM shell AS s, shell_kind AS sk WHERE s.kind_id=sk.id AND sk.weight=45) AS shell_45 ON sv.shell_id=shell_45.id
		WHERE DATE(pdet.created_date) >= STR_TO_DATE(_start_date,'%d/%m/%Y') AND DATE(pdet.created_date) <= STR_TO_DATE(_end_date,'%d/%m/%Y')
			AND det.vehicle_out_id=pdet.id AND det.shell_id=sv.id AND _vendor_ids LIKE CONCAT('%,',sv.vendor_id,',%')
			AND _organization_ids LIKE CONCAT('%,',sv.organization_id,',%')
		GROUP BY pdet.created_date, det.shell_id
		UNION ALL
		SELECT pdet.created_date, 0 AS fraction_12, 0 AS fraction_45
			, 0 AS vehicle_out_12, 0 AS vehicle_out_45
			, SUM(IF(shell_12.id IS NOT NULL, det.quantity,0)) AS vehicle_in_12, SUM(IF(shell_45.id IS NOT NULL, det.quantity,0)) AS vehicle_in_45
			, 0 AS shell_12_return, 0 AS shell_45_return
		FROM vehicle_in AS pdet, vehicle_in_detail AS det, shell_vendor AS sv
		LEFT JOIN (SELECT s.id FROM shell AS s, shell_kind AS sk WHERE s.kind_id=sk.id AND sk.weight=12) AS shell_12 ON sv.shell_id=shell_12.id
		LEFT JOIN (SELECT s.id FROM shell AS s, shell_kind AS sk WHERE s.kind_id=sk.id AND sk.weight=45) AS shell_45 ON sv.shell_id=shell_45.id
		WHERE DATE(pdet.created_date) >= STR_TO_DATE(_start_date,'%d/%m/%Y') AND DATE(pdet.created_date) <= STR_TO_DATE(_end_date,'%d/%m/%Y')
			AND det.vehicle_in_id=pdet.id AND det.shell_id=sv.id AND _vendor_ids LIKE CONCAT('%,',sv.vendor_id,',%')
			AND _organization_ids LIKE CONCAT('%,',sv.organization_id,',%')
		GROUP BY pdet.created_date, det.shell_id
		UNION ALL
		SELECT pdet.created_date, 0 AS fraction_12, 0 AS fraction_45
			, 0 AS vehicle_out_12, 0 AS vehicle_out_45
			, 0 AS vehicle_in_12, 0 AS vehicle_in_45
			, SUM(IF(shell_12.id IS NOT NULL, det.quantity,0)) AS shell_12_return, SUM(IF(shell_45.id IS NOT NULL, det.quantity,0)) AS shell_45_return
		FROM gas_wholesale AS pdet, employee AS eo, gas_wholesale_return_shell AS det
		LEFT JOIN (SELECT s.id FROM shell AS s, shell_kind AS sk WHERE s.kind_id=sk.id AND sk.weight=12) AS shell_12 ON det.shell_id=shell_12.id
		LEFT JOIN (SELECT s.id FROM shell AS s, shell_kind AS sk WHERE s.kind_id=sk.id AND sk.weight=45) AS shell_45 ON det.shell_id=shell_45.id
		WHERE DATE(pdet.created_date) >= STR_TO_DATE(_start_date,'%d/%m/%Y') AND DATE(pdet.created_date) <= STR_TO_DATE(_end_date,'%d/%m/%Y')
			AND det.gas_wholesale_id=pdet.id and pdet.created_employee_id=eo.id AND _organization_ids LIKE CONCAT('%,',eo.organization_id,',%')
		GROUP BY pdet.created_date, det.shell_id
	)
	AS tbl
	WHERE created_date IS NOT NULL
	GROUP BY created_date
	ORDER BY created_date
	;
    END */$$
DELIMITER ;

/* Procedure structure for procedure `report_transport_fee` */

/*!50003 DROP PROCEDURE IF EXISTS  `report_transport_fee` */;

DELIMITER $$

/*!50003 CREATE DEFINER=`root`@`localhost` PROCEDURE `report_transport_fee`(IN _start_date VARCHAR(20), IN _end_date VARCHAR(20), IN _organization_ids TEXT
	, out _p100_km float, out _p1000_kg float)
BEGIN
	SELECT CAST(`value` AS SIGNED INTEGER) INTO _p100_km FROM parameter WHERE `code`='100km';
	
	SELECT CAST(`value` AS SIGNED INTEGER) INTO _p1000_kg FROM parameter WHERE `code`='1000kggas';
	
	select i.import_date as created_date, r.name as route_name, r.distance, i.paper_quantity, i.actual_quantity, i.price, i.note, '' as store_name
	from lpg_import as i, route as r, employee as eo
	where DATE(i.import_date) >= STR_TO_DATE(_start_date,'%d/%m/%Y') AND DATE(i.import_date) <= STR_TO_DATE(_end_date,'%d/%m/%Y')
		and i.route_id=r.id AND i.created_employee_id=eo.id AND _organization_ids LIKE CONCAT('%,',eo.organization_id,',%')
	union all
	select i.sale_date as create_date, r.name as route_name, r.distance, i.quantity as papre_quantity, i.quantity as actual_quantity, i.price, i.note, '' AS store_name
	from lpg_sale as i, route as r, employee AS eo
	where DATE(i.sale_date) >= STR_TO_DATE(_start_date,'%d/%m/%Y') AND DATE(i.sale_date) <= STR_TO_DATE(_end_date,'%d/%m/%Y')
		and i.route_id=r.id AND i.created_employee_id=eo.id AND _organization_ids LIKE CONCAT('%,',eo.organization_id,',%')
	;
    END */$$
DELIMITER ;

/* Procedure structure for procedure `report_transport_sale` */

/*!50003 DROP PROCEDURE IF EXISTS  `report_transport_sale` */;

DELIMITER $$

/*!50003 CREATE DEFINER=`root`@`localhost` PROCEDURE `report_transport_sale`(IN _start_date VARCHAR(20), IN _end_date VARCHAR(20), IN _organization_ids TEXT, in _vendor_ids text)
BEGIN
	SELECT vo.id, vo.created_date, v.plate, vehicle_out_employee_tbl.employee_names
		, SUM(tbl.quantity_12) AS quantity_12, SUM(tbl.quantity_45) AS quantity_45
		, SUM(tbl.shell_return_12) AS shell_return_12, SUM(tbl.shell_return_12t) AS shell_return_12t
		, SUM(tbl.shell_return_45) AS shell_return_45, gas_wholesale_tbl.total, gas_wholesale_tbl.paid
	FROM vehicle AS v, vehicle_out AS vo, employee AS eo,
	(
		SELECT vehicle_out_id, SUM(quantity_12) AS quantity_12, SUM(quantity_45) AS quantity_45
			, SUM(shell_return_12) AS shell_return_12, SUM(shell_return_12t) AS shell_return_12t, SUM(shell_return_45) AS shell_return_45 
		FROM(
			SELECT w.vehicle_out_id, SUM(IF(shell_12.id IS NOT NULL, wdet.quantity,0)) AS quantity_12
				, SUM(IF(shell_45.id IS NOT NULL, wdet.quantity,0)) AS quantity_45, 0 AS shell_return_12, 0 AS shell_return_12t
				, 0 AS shell_return_45
			FROM gas_wholesale AS w, gas_wholesale_detail AS wdet, shell_vendor AS sv
			LEFT JOIN (SELECT s.id FROM shell AS s, shell_kind AS sk WHERE s.kind_id=sk.id AND sk.weight=12) AS shell_12 ON sv.shell_id=shell_12.id
			LEFT JOIN (SELECT s.id FROM shell AS s, shell_kind AS sk WHERE s.kind_id=sk.id AND sk.weight=45) AS shell_45 ON sv.shell_id=shell_45.id
			WHERE DATE(w.created_date) >= STR_TO_DATE(_start_date,'%d/%m/%Y') AND DATE(w.created_date) <= STR_TO_DATE(_end_date,'%d/%m/%Y')
				AND w.id=wdet.gas_wholesale_id AND wdet.shell_id=sv.id AND _vendor_ids LIKE CONCAT('%,',sv.vendor_id,',%') AND w.vehicle_out_id<>0
			GROUP BY w.vehicle_out_id
			UNION ALL
			SELECT w.vehicle_out_id, 0 AS quantity_12, 0 AS quantity_45
				, SUM(IF(shell_12.id IS NOT NULL, wdet.quantity,0)) AS shell_return_12
				, SUM(IF(shell_12t.id IS NOT NULL, wdet.quantity,0)) AS shell_return_12t
				, SUM(IF(shell_45.id IS NOT NULL, wdet.quantity,0)) AS shell_return_45
			FROM gas_wholesale AS w, gas_wholesale_return_shell AS wdet
			LEFT JOIN (SELECT s.id FROM shell AS s, shell_kind AS sk, organization_shell AS os WHERE s.kind_id=sk.id AND sk.weight=12 AND s.id=os.shell_id AND _organization_ids LIKE CONCAT('%,',os.organization_id,',%') ) AS shell_12 ON wdet.shell_id=shell_12.id
			LEFT JOIN (SELECT s.id FROM shell AS s, shell_kind AS sk WHERE s.kind_id=sk.id AND sk.weight=12 AND s.id NOT IN (SELECT shell_id FROM organization_shell WHERE _organization_ids LIKE CONCAT('%,',organization_id,',%'))) AS shell_12t ON wdet.shell_id=shell_12t.id
			LEFT JOIN (SELECT s.id FROM shell AS s, shell_kind AS sk WHERE s.kind_id=sk.id AND sk.weight=45) AS shell_45 ON wdet.shell_id=shell_45.id
			WHERE DATE(w.created_date) >= STR_TO_DATE(_start_date,'%d/%m/%Y') AND DATE(w.created_date) <= STR_TO_DATE(_end_date,'%d/%m/%Y')
				AND w.id=wdet.gas_wholesale_id AND w.vehicle_out_id<>0
			GROUP BY w.vehicle_out_id
		) AS tbl GROUP BY vehicle_out_id ) AS tbl,
		(
			SELECT tbl.vehicle_out_id, SUM(tbl.total) AS total, SUM(tbl.paid) AS paid 
			FROM(
				SELECT ws.vehicle_out_id, SUM(wholesale_detail_tbl.total) AS total, SUM(ws.paid) AS paid 
				FROM gas_wholesale AS ws,
				(
					SELECT w.id, SUM(det.price * det.quantity) AS total
					FROM gas_wholesale AS w, gas_wholesale_detail AS det
					WHERE w.id=det.gas_wholesale_id AND w.vehicle_out_id<>0
						AND DATE(w.created_date) >= STR_TO_DATE(_start_date,'%d/%m/%Y') AND DATE(w.created_date) <= STR_TO_DATE(_end_date,'%d/%m/%Y')
					GROUP BY w.id
				) AS wholesale_detail_tbl 
				WHERE DATE(ws.created_date) >= STR_TO_DATE(_start_date,'%d/%m/%Y') AND DATE(ws.created_date) <= STR_TO_DATE(_end_date,'%d/%m/%Y') 
					AND ws.vehicle_out_id<>0 AND wholesale_detail_tbl.id=ws.id
				GROUP BY ws.vehicle_out_id
				UNION ALL
				SELECT gw.vehicle_out_id, 0 AS total, SUM(wd.paid) AS paid 
				FROM wholesale_debt AS wd, gas_wholesale AS gw
				WHERE DATE(wd.created_date) >= STR_TO_DATE(_start_date,'%d/%m/%Y') AND DATE(wd.created_date) <= STR_TO_DATE(_end_date,'%d/%m/%Y') 
					AND wd.gas_wholesale_id=gw.id AND gw.vehicle_out_id<>0
				GROUP BY gw.vehicle_out_id
			) AS tbl GROUP BY tbl.vehicle_out_id 
	) AS gas_wholesale_tbl,
	(
		SELECT vo.id, GROUP_CONCAT(voede.fullname) AS employee_names
		FROM vehicle_out AS vo, vehicle_out_employee_detail AS voed, employee AS voede
		WHERE DATE(vo.created_date) >= STR_TO_DATE(_start_date,'%d/%m/%Y') AND DATE(vo.created_date) <= STR_TO_DATE(_end_date,'%d/%m/%Y')
			AND voed.vehicle_out_id=vo.id AND voed.employee_id=voede.id
		GROUP BY vo.id
	) AS vehicle_out_employee_tbl
	WHERE DATE(vo.created_date) >= STR_TO_DATE(_start_date,'%d/%m/%Y') AND DATE(vo.created_date) <= STR_TO_DATE(_end_date,'%d/%m/%Y')
		AND vo.vehicle_id=v.id
		AND tbl.vehicle_out_id=vo.id AND vo.created_employee_id=eo.id AND _organization_ids LIKE CONCAT('%,',eo.organization_id,',%') 
		AND tbl.vehicle_out_id=gas_wholesale_tbl.vehicle_out_id
		AND vo.id=vehicle_out_employee_tbl.id
	GROUP BY vo.id
	ORDER BY vo.created_date;
    END */$$
DELIMITER ;

/* Procedure structure for procedure `report_transport_service` */

/*!50003 DROP PROCEDURE IF EXISTS  `report_transport_service` */;

DELIMITER $$

/*!50003 CREATE DEFINER=`root`@`localhost` PROCEDURE `report_transport_service`(IN _start_date VARCHAR(20), IN _end_date VARCHAR(20), IN _organization_ids TEXT
	, IN _vendor_id INT, IN _customer_id INT, IN _transporter_id INT, in _organization_id_log int, OUT _amount_debt DOUBLE
	, OUT _customer_name varchar(255), OUT _customer_address VARCHAR(255), OUT _customer_tax VARCHAR(255), OUT _customer_phone VARCHAR(255), OUT _customer_fax VARCHAR(255))
BEGIN
	declare _is_transported_by int default 0;
	
	if _transporter_id<>0 then
		SELECT EXISTS (SELECT id FROM vendor WHERE id=_transporter_id AND equal_organization_id=_organization_id_log) into _is_transported_by;
	end if;
	
	if _is_transported_by=1 then 	-- cong ty van chuyen
		IF _vendor_id<>0 THEN
			SELECT `name`, address, tax, phone, fax INTO _customer_name, _customer_address, _customer_tax, _customer_phone, _customer_fax 
			FROM vendor WHERE id=_vendor_id;
		
			CALL get_in_stock_vendor(_start_date, 3, _vendor_id, _organization_ids, @a, _amount_debt, @a, @a);
		
			SELECT t.created_date, '' AS customer, '' AS content, t.in_quantity, t.out_quantity, t.price, t.price_diff, t.rate, t.rate_diff, t.amount, t.paid, t.debt, t.note
			FROM transport_service AS t, employee AS eo
			WHERE DATE(t.created_date) >= STR_TO_DATE(_start_date,'%d/%m/%Y') AND DATE(t.created_date) <= STR_TO_DATE(_end_date,'%d/%m/%Y')
				AND t.created_employee_id=eo.id AND _organization_ids LIKE CONCAT('%,',eo.organization_id,',%')
				AND t.vendor_id=_vendor_id AND t.charge_for_vendor=1
			UNION ALL
			SELECT t.created_date,'' AS customer, '' AS content, 0 AS in_quantity, 0 AS out_quantity, 0 AS price, 0 AS price_diff, 0 AS rate, 0 AS rate_diff, 0 AS amount, t.paid, 0 AS debt, t.note
			FROM vendor_debt AS t, employee AS eo
			WHERE DATE(t.created_date) >= STR_TO_DATE(_start_date,'%d/%m/%Y') AND DATE(t.created_date) <= STR_TO_DATE(_end_date,'%d/%m/%Y')
				AND t.created_employee_id=eo.id AND _organization_ids LIKE CONCAT('%,',eo.organization_id,',%')
				AND t.vendor_id=_vendor_id AND t.kind=2
			ORDER BY created_date
			;
		ELSEIF _customer_id<>0 THEN
			SELECT `name`, address, tax, phone, '' AS fax INTO _customer_name, _customer_address, _customer_tax, _customer_phone, _customer_fax 
			FROM customer WHERE id=_customer_id;
		
			CALL get_in_stock_customer(_start_date, 3, _customer_id, @a, _amount_debt, @a, @a);
	
			SELECT t.created_date, '' AS customer, '' AS content, t.in_quantity, t.out_quantity, t.price, t.price_diff, t.rate, t.rate_diff, t.amount, t.paid, t.debt, t.note
			FROM transport_service AS t, employee AS eo
			WHERE DATE(t.created_date) >= STR_TO_DATE(_start_date,'%d/%m/%Y') AND DATE(t.created_date) <= STR_TO_DATE(_end_date,'%d/%m/%Y')
				AND t.created_employee_id=eo.id AND _organization_ids LIKE CONCAT('%,',eo.organization_id,',%')
				AND t.customer_id=_customer_id AND t.charge_for_customer=1
			UNION ALL
			SELECT t.created_date,'' AS customer, '' AS content, 0 AS in_quantity, 0 AS out_quantity, 0 AS price, 0 AS price_diff, 0 AS rate, 0 AS rate_diff, 0 AS amount, t.paid, 0 AS debt, t.note
			FROM vendor_debt AS t, employee AS eo
			WHERE DATE(t.created_date) >= STR_TO_DATE(_start_date,'%d/%m/%Y') AND DATE(t.created_date) <= STR_TO_DATE(_end_date,'%d/%m/%Y')
				AND t.created_employee_id=eo.id AND _organization_ids LIKE CONCAT('%,',eo.organization_id,',%')
				AND t.vendor_id=_vendor_id AND t.kind=2
			ORDER BY created_date
			;
		END IF;
	else 				-- cong ty khac van chuyen
		IF _transporter_id<>0 THEN
			SELECT `name`, address, tax, phone, fax INTO _customer_name, _customer_address, _customer_tax, _customer_phone, _customer_fax 
			FROM vendor WHERE id=_transporter_id;
		
			CALL get_in_stock_vendor(_start_date, 3, _transporter_id, _organization_ids, @a, _amount_debt, @a, @a);
		
			SELECT t.created_date, '' AS customer, '' AS content, t.in_quantity, t.out_quantity, t.price, t.price_diff, t.rate, t.rate_diff, t.amount, t.paid, t.debt, t.note
			FROM transport_service AS t, employee AS eo
			WHERE DATE(t.created_date) >= STR_TO_DATE(_start_date,'%d/%m/%Y') AND DATE(t.created_date) <= STR_TO_DATE(_end_date,'%d/%m/%Y')
				AND t.created_employee_id=eo.id AND _organization_ids LIKE CONCAT('%,',eo.organization_id,',%')
				AND t.transporter_id=_transporter_id AND t.charge_for_vendor=1
			UNION ALL
			SELECT t.created_date,'' AS customer, '' AS content, 0 AS in_quantity, 0 AS out_quantity, 0 AS price, 0 AS price_diff, 0 AS rate, 0 AS rate_diff, 0 AS amount, t.paid, 0 AS debt, t.note
			FROM vendor_debt AS t, employee AS eo
			WHERE DATE(t.created_date) >= STR_TO_DATE(_start_date,'%d/%m/%Y') AND DATE(t.created_date) <= STR_TO_DATE(_end_date,'%d/%m/%Y')
				AND t.created_employee_id=eo.id AND _organization_ids LIKE CONCAT('%,',eo.organization_id,',%')
				AND t.vendor_id=_transporter_id AND t.kind=2
			ORDER BY created_date
			;
		END IF;
	end if;
	
    END */$$
DELIMITER ;

/* Procedure structure for procedure `report_trip_fee` */

/*!50003 DROP PROCEDURE IF EXISTS  `report_trip_fee` */;

DELIMITER $$

/*!50003 CREATE DEFINER=`root`@`localhost` PROCEDURE `report_trip_fee`(IN _start_date VARCHAR(20), IN _end_date VARCHAR(20), IN _employee_id INT)
BEGIN
	SELECT t.fee, t.quantity, t.price, t.amount, t.note
	FROM trip_fee AS t
	WHERE t.employee_id=_employee_id 
		AND DATE(t.created_date) >= STR_TO_DATE(_start_date,'%d/%m/%Y') AND DATE(t.created_date) <= STR_TO_DATE(_end_date,'%d/%m/%Y')
	;
    END */$$
DELIMITER ;

/* Procedure structure for procedure `report_trip_oil` */

/*!50003 DROP PROCEDURE IF EXISTS  `report_trip_oil` */;

DELIMITER $$

/*!50003 CREATE DEFINER=`root`@`localhost` PROCEDURE `report_trip_oil`(IN _start_date VARCHAR(20), IN _end_date VARCHAR(20), IN _employee_id int)
BEGIN
	SELECT t.created_date, t.quantity, t.price, t.amount, t.note
	FROM trip_oil AS t
	WHERE t.employee_id=_employee_id
		AND DATE(t.created_date) >= STR_TO_DATE(_start_date,'%d/%m/%Y') AND DATE(t.created_date) <= STR_TO_DATE(_end_date,'%d/%m/%Y')
	;
    END */$$
DELIMITER ;

/* Procedure structure for procedure `report_vehicle_fee` */

/*!50003 DROP PROCEDURE IF EXISTS  `report_vehicle_fee` */;

DELIMITER $$

/*!50003 CREATE DEFINER=`root`@`localhost` PROCEDURE `report_vehicle_fee`(IN _start_date VARCHAR(20), IN _end_date VARCHAR(20), IN _organization_ids TEXT, in _vehicle_id int)
BEGIN
	select f.fee as content, sum(f.quantity) as quantity, avg(price) as price, group_concat(distinct f.note) as note
	from trip_fee as f, employee as eo
	where DATE(f.created_date) >= STR_TO_DATE(_start_date,'%d/%m/%Y') AND DATE(f.created_date) <= STR_TO_DATE(_end_date,'%d/%m/%Y')
		and f.vehicle_id=_vehicle_id AND f.created_employee_id=eo.id AND _organization_ids LIKE CONCAT('%,',eo.organization_id,',%')
	group by f.fee
	;
    END */$$
DELIMITER ;

/* Procedure structure for procedure `report_vendor_debt` */

/*!50003 DROP PROCEDURE IF EXISTS  `report_vendor_debt` */;

DELIMITER $$

/*!50003 CREATE DEFINER=`root`@`localhost` PROCEDURE `report_vendor_debt`(IN _start_date VARCHAR(20), IN _end_date VARCHAR(20), IN _organization_ids TEXT)
BEGIN
	DECLARE _from_date, _to_date DATE;
	
	IF _start_date<>'' THEN
		SELECT STR_TO_DATE(_start_date,'%d/%m/%Y') INTO _to_date;
	ELSE
		SELECT SYSDATE() INTO _to_date;
	END IF;
	
	SELECT `day` INTO _from_date FROM vendor_in_stock WHERE DATEDIFF(`day`, _to_date) <= 0 ORDER BY `day` DESC LIMIT 1;
	IF _from_date IS NULL THEN
		-- SELECT DATE_ADD(_to_date, INTERVAL -1 DAY) INTO _from_date;
		SELECT STR_TO_DATE(`value`,'%d/%m/%Y')  INTO _from_date from parameter where `code`="startdate";
	END IF;
	
	SELECT v.CODE AS vendor_code, v.NAME AS vendor_name, tbl_vendor_stock.amount AS opening_stock, SUM(i.amount) AS amount, SUM(i.paid) AS paid
	FROM vendor AS v, organization AS o, vendor_organization AS vo
	LEFT JOIN (
		SELECT vo.organization_id, vo.vendor_id, SUM(COALESCE(stock.debt,0)) AS amount
		FROM organization AS o, vendor AS v, vendor_organization AS vo
		left join
		(
			SELECT vendor_id, organization_id, amount as debt
			FROM vendor_in_stock
			WHERE DATEDIFF(`day`, _from_date) = 0 AND _organization_ids LIKE CONCAT('%,',organization_id,',%') -- AND DATEDIFF(`day`, _to_date) <= 0  
			union all
			SELECT i.vendor_id, eo.organization_id, COALESCE(i.debt,0) AS debt
			FROM lpg_import AS i, employee AS eo
			WHERE DATE(i.import_date) >= _from_date AND DATE(i.import_date) < _to_date
				AND i.created_employee_id=eo.id AND _organization_ids LIKE CONCAT('%,',eo.organization_id,',%')
			UNION ALL
			SELECT i.vendor_id, eo.organization_id, COALESCE(i.debt,0) AS debt
			FROM gas_import AS i, employee AS eo
			WHERE DATE(i.created_date) >= _from_date AND DATE(i.created_date) < _to_date
				AND i.created_employee_id=eo.id AND _organization_ids LIKE CONCAT('%,',eo.organization_id,',%')
			UNION ALL
			SELECT i.vendor_id, eo.organization_id, COALESCE(i.debt,0) AS debt
			FROM oil_import AS i, employee AS eo
			WHERE DATE(i.created_date) >= _from_date AND DATE(i.created_date) < _to_date
				AND i.created_employee_id=eo.id AND _organization_ids LIKE CONCAT('%,',eo.organization_id,',%')
			UNION ALL
			SELECT i.vendor_id, eo.organization_id, - COALESCE(IF(i.kind=1,i.paid,0),0) AS debt
			FROM vendor_debt AS i, employee AS eo
			WHERE DATE(i.created_date) >= _from_date AND DATE(i.created_date) < _to_date
				AND i.created_employee_id=eo.id AND _organization_ids LIKE CONCAT('%,',eo.organization_id,',%')
			UNION ALL
			SELECT i.vendor_id, eo.organization_id, COALESCE(i.debt,0) AS debt
			FROM promotion_material_import AS i, employee AS eo
			WHERE DATE(i.created_date) >= _from_date AND DATE(i.created_date) < _to_date
				AND i.created_employee_id=eo.id AND _organization_ids LIKE CONCAT('%,',eo.organization_id,',%')
			UNION ALL
			SELECT i.vendor_id, eo.organization_id, COALESCE(i.debt,0) AS debt
			FROM accessory_import AS i, employee AS eo
			WHERE DATE(i.created_date) >= _from_date AND DATE(i.created_date) < _to_date
				AND i.created_employee_id=eo.id AND _organization_ids LIKE CONCAT('%,',eo.organization_id,',%')
			UNION ALL
			SELECT i.vendor_id, eo.organization_id, COALESCE(i.amount,0) AS debt
			FROM debt_adjustment AS i, employee AS eo
			WHERE DATE(i.created_date) >= _from_date AND DATE(i.created_date) < _to_date
				AND i.created_employee_id=eo.id AND i.vendor_id<>0 AND i.kind=1
				 AND _organization_ids LIKE CONCAT('%,',eo.organization_id,',%')
			UNION ALL
			SELECT i.vendor_id, eo.organization_id, COALESCE(i.debt,0) AS debt
			FROM good_import AS i, employee AS eo
			WHERE DATE(i.created_date) >= _from_date AND DATE(i.created_date) < _to_date
				AND i.created_employee_id=eo.id AND _organization_ids LIKE CONCAT('%,',eo.organization_id,',%')
			UNION ALL
			SELECT i.vendor_id, eo.organization_id, COALESCE(i.debt,0) AS debt
			FROM petro_import AS i, employee AS eo
			WHERE DATE(i.created_date) >= _from_date AND DATE(i.created_date) < _to_date
				AND i.created_employee_id=eo.id AND _organization_ids LIKE CONCAT('%,',eo.organization_id,',%')
			UNION ALL
			SELECT idet.vendor_id, eo.organization_id, -COALESCE(idet.quantity*idet.price_before_commission,0) AS debt
			FROM oil_sale_detail AS idet, oil_sale AS i, employee AS eo
			WHERE DATE(i.created_date) >= _from_date AND DATE(i.created_date) < _to_date
				AND i.created_employee_id=eo.id AND i.id=idet.oil_sale_id
				 AND _organization_ids LIKE CONCAT('%,',eo.organization_id,',%')
		) AS stock ON stock.organization_id=vo.organization_id AND stock.vendor_id=vo.vendor_id
		WHERE vo.organization_id=o.id AND vo.vendor_id=v.id AND v.STATUS=1 AND o.STATUS=1 AND _organization_ids LIKE CONCAT('%,',vo.organization_id,',%')
		GROUP BY vo.vendor_id, vo.organization_id
		ORDER BY o.NAME, v.NAME
	) AS tbl_vendor_stock ON vo.vendor_id=tbl_vendor_stock.vendor_id AND vo.organization_id=tbl_vendor_stock.organization_id
	, lpg_import AS i, employee AS eo
	WHERE vo.vendor_id=v.id AND vo.organization_id=o.id AND v.STATUS=1 AND o.STATUS=1
		AND DATE(i.import_date) >= STR_TO_DATE(_start_date,'%d/%m/%Y') AND DATE(i.import_date) <= STR_TO_DATE(_end_date,'%d/%m/%Y')
		AND vo.vendor_id=i.vendor_id AND i.created_employee_id=eo.id AND _organization_ids LIKE CONCAT('%,',eo.organization_id,',%') 
		AND eo.organization_id=vo.organization_id
	GROUP BY v.id	
	;
    END */$$
DELIMITER ;

/* Procedure structure for procedure `searchAccessoryImport` */

/*!50003 DROP PROCEDURE IF EXISTS  `searchAccessoryImport` */;

DELIMITER $$

/*!50003 CREATE DEFINER=`root`@`localhost` PROCEDURE `searchAccessoryImport`(IN _start_date VARCHAR(20), IN _end_date VARCHAR(20), IN _organization_ids TEXT)
BEGIN
	SELECT i.*, v.NAME AS vendor_name
	FROM accessory_import AS i, vendor AS v, employee AS eo
	WHERE DATE(i.created_date) >= STR_TO_DATE(_start_date,'%d/%m/%Y') AND DATE(i.created_date) <= STR_TO_DATE(_end_date,'%d/%m/%Y')
		AND i.vendor_id=v.id AND i.created_employee_id=eo.id and _organization_ids LIKE CONCAT('%,',eo.organization_id,',%')
	;
    END */$$
DELIMITER ;

/* Procedure structure for procedure `searchBorrow` */

/*!50003 DROP PROCEDURE IF EXISTS  `searchBorrow` */;

DELIMITER $$

/*!50003 CREATE DEFINER=`root`@`localhost` PROCEDURE `searchBorrow`(IN _start_date VARCHAR(20), IN _end_date VARCHAR(20), IN _organization_ids TEXT)
BEGIN
	SELECT i.id, i.code, i.created_date, e.fullname as employee_name, i.total, i.note
	FROM borrow AS i, employee as e, employee AS eo
	WHERE DATE(i.created_date) >= STR_TO_DATE(_start_date,'%d/%m/%Y') AND DATE(i.created_date) <= STR_TO_DATE(_end_date,'%d/%m/%Y')
		and i.employee_id=e.id AND i.created_employee_id=eo.id AND _organization_ids LIKE CONCAT('%,',eo.organization_id,',%')
	;
    END */$$
DELIMITER ;

/* Procedure structure for procedure `searchContract` */

/*!50003 DROP PROCEDURE IF EXISTS  `searchContract` */;

DELIMITER $$

/*!50003 CREATE DEFINER=`root`@`localhost` PROCEDURE `searchContract`(IN _start_date VARCHAR(20), IN _end_date VARCHAR(20), IN _organization_ids TEXT)
BEGIN
	SELECT con.*, cus.NAME AS customer_name
	FROM contract AS con, customer AS cus, employee AS eo
	WHERE con.customer_id=cus.id AND con.created_employee_id=eo.id
		AND DATE(con.created_date) >= STR_TO_DATE(_start_date,'%d/%m/%Y') AND DATE(con.created_date) <= STR_TO_DATE(_end_date,'%d/%m/%Y')
		AND _organization_ids LIKE CONCAT('%,',eo.organization_id,',%')
	;
    END */$$
DELIMITER ;

/* Procedure structure for procedure `searchDebtAdjustment` */

/*!50003 DROP PROCEDURE IF EXISTS  `searchDebtAdjustment` */;

DELIMITER $$

/*!50003 CREATE DEFINER=`root`@`localhost` PROCEDURE `searchDebtAdjustment`(IN _start_date VARCHAR(20), IN _end_date VARCHAR(20), IN _organization_ids TEXT)
BEGIN
	SELECT a.*, coalesce(if(a.vendor_id<>0, v.name,''),'') as vendorName, COALESCE(IF(a.customer_id<>0, c.NAME,''),'') AS customerName
	FROM employee AS eo, debt_adjustment AS a
		left join vendor as v on a.vendor_id=v.id
		left join customer as c on a.customer_id=c.id
	WHERE DATE(a.created_date) >= STR_TO_DATE(_start_date,'%d/%m/%Y') AND DATE(a.created_date) <= STR_TO_DATE(_end_date,'%d/%m/%Y')
		 AND a.created_employee_id=eo.id AND _organization_ids LIKE CONCAT('%,',eo.organization_id,',%')
	;
    END */$$
DELIMITER ;

/* Procedure structure for procedure `searchDebtRetail` */

/*!50003 DROP PROCEDURE IF EXISTS  `searchDebtRetail` */;

DELIMITER $$

/*!50003 CREATE DEFINER=`root`@`localhost` PROCEDURE `searchDebtRetail`(IN _start_date VARCHAR(20), IN _end_date VARCHAR(20), IN _organization_ids TEXT)
BEGIN
	SELECT a.*, e.NAME AS customer_name
	FROM retail_debt AS a, customer AS e, employee AS eo
	WHERE a.customer_id=e.id AND a.created_employee_id=eo.id
		AND DATE(a.created_date) >= STR_TO_DATE(_start_date,'%d/%m/%Y') AND DATE(a.created_date) <= STR_TO_DATE(_end_date,'%d/%m/%Y')
		AND _organization_ids LIKE CONCAT('%,',eo.organization_id,',%')
	;
    END */$$
DELIMITER ;

/* Procedure structure for procedure `searchDebtVendor` */

/*!50003 DROP PROCEDURE IF EXISTS  `searchDebtVendor` */;

DELIMITER $$

/*!50003 CREATE DEFINER=`root`@`localhost` PROCEDURE `searchDebtVendor`(IN _start_date VARCHAR(20), IN _end_date VARCHAR(20), IN _organization_ids TEXT)
BEGIN
	SELECT a.*, e.name AS vendor_name
	FROM vendor_debt AS a, vendor AS e, employee AS eo
	WHERE a.vendor_id=e.id AND a.created_employee_id=eo.id
		AND DATE(a.created_date) >= STR_TO_DATE(_start_date,'%d/%m/%Y') AND DATE(a.created_date) <= STR_TO_DATE(_end_date,'%d/%m/%Y')
		AND _organization_ids LIKE CONCAT('%,',eo.organization_id,',%')
	;
    END */$$
DELIMITER ;

/* Procedure structure for procedure `searchDebtWholesale` */

/*!50003 DROP PROCEDURE IF EXISTS  `searchDebtWholesale` */;

DELIMITER $$

/*!50003 CREATE DEFINER=`root`@`localhost` PROCEDURE `searchDebtWholesale`(IN _start_date VARCHAR(20), IN _end_date VARCHAR(20), IN _organization_ids TEXT)
BEGIN
	SELECT a.*, e.NAME AS customer_name
	FROM wholesale_debt AS a, customer AS e, employee AS eo
	WHERE a.customer_id=e.id AND a.created_employee_id=eo.id
		AND DATE(a.created_date) >= STR_TO_DATE(_start_date,'%d/%m/%Y') AND DATE(a.created_date) <= STR_TO_DATE(_end_date,'%d/%m/%Y')
		AND _organization_ids LIKE CONCAT('%,',eo.organization_id,',%')
	;
    END */$$
DELIMITER ;

/* Procedure structure for procedure `searchEmployeeAdvance` */

/*!50003 DROP PROCEDURE IF EXISTS  `searchEmployeeAdvance` */;

DELIMITER $$

/*!50003 CREATE DEFINER=`root`@`localhost` PROCEDURE `searchEmployeeAdvance`(IN _start_date VARCHAR(20), IN _end_date VARCHAR(20), IN _organization_ids text)
BEGIN
	set _organization_ids = concat(',',_organization_ids,',');
	select a.id, a.code, a.advance_date, e.fullname as employee_name, a.amount, a.note
	from employee_advance as a, employee as e, employee as eo
	WHERE a.employee_id=e.id and a.created_employee_id=eo.id
		and DATE(a.advance_date) >= STR_TO_DATE(_start_date,'%d/%m/%Y') AND DATE(a.advance_date) <= STR_TO_DATE(_end_date,'%d/%m/%Y')
		and _organization_ids LIKE CONCAT('%,',eo.organization_id,',%')
	;
    END */$$
DELIMITER ;

/* Procedure structure for procedure `searchEmployeeOff` */

/*!50003 DROP PROCEDURE IF EXISTS  `searchEmployeeOff` */;

DELIMITER $$

/*!50003 CREATE DEFINER=`root`@`localhost` PROCEDURE `searchEmployeeOff`(IN _start_date VARCHAR(20), IN _end_date VARCHAR(20), IN _organization_ids TEXT)
BEGIN
	SET _organization_ids = CONCAT(',',_organization_ids,',');
	SELECT a.id, a.CODE, a.created_date, e.fullname AS employee_name, a.from_date, a.to_date, a.note
	FROM employee_off AS a, employee AS e, employee AS eo
	WHERE a.employee_id=e.id AND a.created_employee_id=eo.id
		AND DATE(a.created_date) >= STR_TO_DATE(_start_date,'%d/%m/%Y') AND DATE(a.created_date) <= STR_TO_DATE(_end_date,'%d/%m/%Y')
		AND _organization_ids LIKE CONCAT('%,',eo.organization_id,',%')
	;
    END */$$
DELIMITER ;

/* Procedure structure for procedure `searchEmployeeOffIncrease` */

/*!50003 DROP PROCEDURE IF EXISTS  `searchEmployeeOffIncrease` */;

DELIMITER $$

/*!50003 CREATE DEFINER=`root`@`localhost` PROCEDURE `searchEmployeeOffIncrease`(IN _start_date VARCHAR(20), IN _end_date VARCHAR(20), IN _organization_ids TEXT)
BEGIN
	SET _organization_ids = CONCAT(',',_organization_ids,',');
	SELECT a.id, a.CODE, a.created_date, e.fullname AS employee_name, a.quantity, a.note
	FROM employee_off_increase AS a, employee AS e, employee AS eo
	WHERE a.employee_id=e.id AND a.created_employee_id=eo.id
		AND DATE(a.created_date) >= STR_TO_DATE(_start_date,'%d/%m/%Y') AND DATE(a.created_date) <= STR_TO_DATE(_end_date,'%d/%m/%Y')
		AND _organization_ids LIKE CONCAT('%,',eo.organization_id,',%')
	;
    END */$$
DELIMITER ;

/* Procedure structure for procedure `searchEmployeeOffMoney` */

/*!50003 DROP PROCEDURE IF EXISTS  `searchEmployeeOffMoney` */;

DELIMITER $$

/*!50003 CREATE DEFINER=`root`@`localhost` PROCEDURE `searchEmployeeOffMoney`(IN _start_date VARCHAR(20), IN _end_date VARCHAR(20), IN _organization_ids TEXT)
BEGIN
	SET _organization_ids = CONCAT(',',_organization_ids,',');
	SELECT a.id, a.CODE, a.created_date, e.fullname AS employee_name, a.quantity, a.price, a.amount, a.note
	FROM employee_off_money AS a, employee AS e, employee AS eo
	WHERE a.employee_id=e.id AND a.created_employee_id=eo.id
		AND DATE(a.created_date) >= STR_TO_DATE(_start_date,'%d/%m/%Y') AND DATE(a.created_date) <= STR_TO_DATE(_end_date,'%d/%m/%Y')
		AND _organization_ids LIKE CONCAT('%,',eo.organization_id,',%')
	;
    END */$$
DELIMITER ;

/* Procedure structure for procedure `searchEmployeeOtherBonus` */

/*!50003 DROP PROCEDURE IF EXISTS  `searchEmployeeOtherBonus` */;

DELIMITER $$

/*!50003 CREATE DEFINER=`root`@`localhost` PROCEDURE `searchEmployeeOtherBonus`(IN _start_date VARCHAR(20), IN _end_date VARCHAR(20), IN _organization_ids TEXT)
BEGIN
	SET _organization_ids = CONCAT(',',_organization_ids,',');
	SELECT a.id, a.CODE, a.created_date, e.fullname AS employee_name, a.amount, a.note
	FROM employee_other_bonus AS a, employee AS e, employee AS eo
	WHERE a.employee_id=e.id AND a.created_employee_id=eo.id
		AND DATE(a.created_date) >= STR_TO_DATE(_start_date,'%d/%m/%Y') AND DATE(a.created_date) <= STR_TO_DATE(_end_date,'%d/%m/%Y')
		AND _organization_ids LIKE CONCAT('%,',eo.organization_id,',%')
	;
    END */$$
DELIMITER ;

/* Procedure structure for procedure `searchEmployeePanelty` */

/*!50003 DROP PROCEDURE IF EXISTS  `searchEmployeePanelty` */;

DELIMITER $$

/*!50003 CREATE DEFINER=`root`@`localhost` PROCEDURE `searchEmployeePanelty`(IN _start_date VARCHAR(20), IN _end_date VARCHAR(20), IN _organization_ids TEXT)
BEGIN
	SET _organization_ids = CONCAT(',',_organization_ids,',');
	SELECT a.id, a.CODE, a.created_date, e.fullname AS employee_name, a.amount, a.note
	FROM employee_panelty AS a, employee AS e, employee AS eo
	WHERE a.employee_id=e.id AND a.created_employee_id=eo.id
		AND DATE(a.created_date) >= STR_TO_DATE(_start_date,'%d/%m/%Y') AND DATE(a.created_date) <= STR_TO_DATE(_end_date,'%d/%m/%Y')
		AND _organization_ids LIKE CONCAT('%,',eo.organization_id,',%')
	;
    END */$$
DELIMITER ;

/* Procedure structure for procedure `searchEmployeeRouteFee` */

/*!50003 DROP PROCEDURE IF EXISTS  `searchEmployeeRouteFee` */;

DELIMITER $$

/*!50003 CREATE DEFINER=`root`@`localhost` PROCEDURE `searchEmployeeRouteFee`(IN _start_date VARCHAR(20), IN _end_date VARCHAR(20), IN _organization_ids TEXT)
BEGIN
	SELECT i.id, i.CODE, i.created_date, r.NAME AS route_name, r.distance, i.in_quantity, i.out_quantity, i.total_quantity, i.price, i.amount, i.note
	FROM employee_route_fee AS i, route as r, employee AS eo
	WHERE i.route_id=r.id AND i.created_employee_id=eo.id
		AND DATE(i.created_date) >= STR_TO_DATE(_start_date,'%d/%m/%Y') AND DATE(i.created_date) <= STR_TO_DATE(_end_date,'%d/%m/%Y')
		AND _organization_ids LIKE CONCAT('%,',eo.organization_id,',%')
	;
    END */$$
DELIMITER ;

/* Procedure structure for procedure `searchEmployeeTimesheet` */

/*!50003 DROP PROCEDURE IF EXISTS  `searchEmployeeTimesheet` */;

DELIMITER $$

/*!50003 CREATE DEFINER=`root`@`localhost` PROCEDURE `searchEmployeeTimesheet`(IN _start_date VARCHAR(20), IN _end_date VARCHAR(20), IN _organization_ids TEXT)
BEGIN
	SET _organization_ids = CONCAT(',',_organization_ids,',');
	SELECT t.id, t.CODE, t.timesheet_date, e.fullname AS employee_name, t.quantity, t.note, d.name as field_name
	FROM timesheet AS t, employee AS e, dynamic_field as d, employee AS eo
	WHERE t.employee_id=e.id and t.field_id=d.id AND t.created_employee_id=eo.id
		AND DATE(t.timesheet_date) >= STR_TO_DATE(_start_date,'%d/%m/%Y') AND DATE(t.timesheet_date) <= STR_TO_DATE(_end_date,'%d/%m/%Y')
		AND _organization_ids LIKE CONCAT('%,',eo.organization_id,',%')
	;
    END */$$
DELIMITER ;

/* Procedure structure for procedure `searchExpense` */

/*!50003 DROP PROCEDURE IF EXISTS  `searchExpense` */;

DELIMITER $$

/*!50003 CREATE DEFINER=`root`@`localhost` PROCEDURE `searchExpense`(IN _start_date VARCHAR(20), IN _end_date VARCHAR(20), IN _organization_ids TEXT)
BEGIN
	SELECT a.*
	FROM expense AS a, employee AS eo
	WHERE DATE(a.created_date) >= STR_TO_DATE(_start_date,'%d/%m/%Y') AND DATE(a.created_date) <= STR_TO_DATE(_end_date,'%d/%m/%Y')
		 AND a.created_employee_id=eo.id AND _organization_ids LIKE CONCAT('%,',eo.organization_id,',%')
	;
    END */$$
DELIMITER ;

/* Procedure structure for procedure `searchExportWholesale` */

/*!50003 DROP PROCEDURE IF EXISTS  `searchExportWholesale` */;

DELIMITER $$

/*!50003 CREATE DEFINER=`root`@`localhost` PROCEDURE `searchExportWholesale`(IN _start_date VARCHAR(20), IN _end_date VARCHAR(20), IN _organization_ids TEXT)
BEGIN
	SELECT s.*, c.NAME AS customer_name
	FROM gas_export_wholesale AS s, customer AS c, employee AS eo
	WHERE DATE(s.created_date) >= STR_TO_DATE(_start_date,'%d/%m/%Y') AND DATE(s.created_date) <= STR_TO_DATE(_end_date,'%d/%m/%Y')
		AND s.customer_id=c.id AND s.created_employee_id=eo.id
		AND _organization_ids LIKE CONCAT('%,',eo.organization_id,',%')
	;
    END */$$
DELIMITER ;

/* Procedure structure for procedure `searchFixedAssetDepreciation` */

/*!50003 DROP PROCEDURE IF EXISTS  `searchFixedAssetDepreciation` */;

DELIMITER $$

/*!50003 CREATE DEFINER=`root`@`localhost` PROCEDURE `searchFixedAssetDepreciation`(IN _start_date VARCHAR(20), IN _end_date VARCHAR(20))
BEGIN
	SELECT d.*
	FROM fixed_asset_depreciation AS d
	WHERE DATE(d.created_date) >= STR_TO_DATE(_start_date,'%d/%m/%Y') AND DATE(d.created_date) <= STR_TO_DATE(_end_date,'%d/%m/%Y');
    END */$$
DELIMITER ;

/* Procedure structure for procedure `searchFraction` */

/*!50003 DROP PROCEDURE IF EXISTS  `searchFraction` */;

DELIMITER $$

/*!50003 CREATE DEFINER=`root`@`localhost` PROCEDURE `searchFraction`(IN _start_date VARCHAR(20), IN _end_date VARCHAR(20), IN _organization_ids TEXT)
BEGIN
	SELECT f.id, f.CODE, f.created_date, f.note
	FROM fraction_gas as f, employee AS eo
	WHERE f.created_employee_id=eo.id AND _organization_ids LIKE CONCAT('%,',eo.organization_id,',%') 
		and DATE(f.created_date) >= STR_TO_DATE(_start_date,'%d/%m/%Y') AND DATE(f.created_date) <= STR_TO_DATE(_end_date,'%d/%m/%Y')
	;
    END */$$
DELIMITER ;

/* Procedure structure for procedure `searchGasImport` */

/*!50003 DROP PROCEDURE IF EXISTS  `searchGasImport` */;

DELIMITER $$

/*!50003 CREATE DEFINER=`root`@`localhost` PROCEDURE `searchGasImport`(IN _start_date VARCHAR(20), IN _end_date VARCHAR(20), IN _organization_ids TEXT)
BEGIN
	SELECT i.*, v.name as vendor_name
	FROM gas_import as i, vendor as v, employee AS eo
	WHERE DATE(i.created_date) >= STR_TO_DATE(_start_date,'%d/%m/%Y') AND DATE(i.created_date) <= STR_TO_DATE(_end_date,'%d/%m/%Y')
		and i.vendor_id=v.id AND i.created_employee_id=eo.id
		AND _organization_ids LIKE CONCAT('%,',eo.organization_id,',%')
	;
    END */$$
DELIMITER ;

/* Procedure structure for procedure `searchGasPrice` */

/*!50003 DROP PROCEDURE IF EXISTS  `searchGasPrice` */;

DELIMITER $$

/*!50003 CREATE DEFINER=`root`@`localhost` PROCEDURE `searchGasPrice`(IN _start_date VARCHAR(20), IN _end_date VARCHAR(20))
BEGIN
	SELECT gp.*, c.NAME AS customer_name
	FROM gas_price_list AS gp, customer AS c
	WHERE ((DATE(gp.from_date) >= STR_TO_DATE(_start_date,'%d/%m/%Y') AND DATE(gp.from_date) <= STR_TO_DATE(_end_date,'%d/%m/%Y'))
	OR (DATE(gp.to_date) >= STR_TO_DATE(_start_date,'%d/%m/%Y') AND DATE(gp.to_date) <= STR_TO_DATE(_end_date,'%d/%m/%Y')))
	AND gp.customer_id=c.id
	;
    END */$$
DELIMITER ;

/* Procedure structure for procedure `searchGasRetail` */

/*!50003 DROP PROCEDURE IF EXISTS  `searchGasRetail` */;

DELIMITER $$

/*!50003 CREATE DEFINER=`root`@`localhost` PROCEDURE `searchGasRetail`(IN _start_date VARCHAR(20), IN _end_date VARCHAR(20))
BEGIN
	SELECT s.*, c.NAME AS customer_name
	FROM gas_retail AS s, customer AS c
	WHERE DATE(s.created_date) >= STR_TO_DATE(_start_date,'%d/%m/%Y') AND DATE(s.created_date) <= STR_TO_DATE(_end_date,'%d/%m/%Y')
		AND s.customer_id=c.id
	;
    END */$$
DELIMITER ;

/* Procedure structure for procedure `searchGasReturn` */

/*!50003 DROP PROCEDURE IF EXISTS  `searchGasReturn` */;

DELIMITER $$

/*!50003 CREATE DEFINER=`root`@`localhost` PROCEDURE `searchGasReturn`(IN _start_date VARCHAR(20), IN _end_date VARCHAR(20), IN _organization_ids TEXT)
BEGIN
	SELECT s.*
	FROM gas_return AS s, employee AS eo
	WHERE DATE(s.created_date) >= STR_TO_DATE(_start_date,'%d/%m/%Y') AND DATE(s.created_date) <= STR_TO_DATE(_end_date,'%d/%m/%Y')
		AND s.created_employee_id=eo.id AND _organization_ids LIKE CONCAT('%,',eo.organization_id,',%');
    END */$$
DELIMITER ;

/* Procedure structure for procedure `searchGasWholesale` */

/*!50003 DROP PROCEDURE IF EXISTS  `searchGasWholesale` */;

DELIMITER $$

/*!50003 CREATE DEFINER=`root`@`localhost` PROCEDURE `searchGasWholesale`(IN _start_date VARCHAR(20), IN _end_date VARCHAR(20), IN _organization_ids TEXT)
BEGIN
	SELECT s.*, c.NAME AS customer_name
	FROM gas_wholesale AS s, customer AS c, employee AS eo
	WHERE DATE(s.created_date) >= STR_TO_DATE(_start_date,'%d/%m/%Y') AND DATE(s.created_date) <= STR_TO_DATE(_end_date,'%d/%m/%Y')
		AND s.customer_id=c.id AND s.created_employee_id=eo.id
		AND _organization_ids LIKE CONCAT('%,',eo.organization_id,',%')
	;
    END */$$
DELIMITER ;

/* Procedure structure for procedure `searchGoodImport` */

/*!50003 DROP PROCEDURE IF EXISTS  `searchGoodImport` */;

DELIMITER $$

/*!50003 CREATE DEFINER=`root`@`localhost` PROCEDURE `searchGoodImport`(IN _start_date VARCHAR(20), IN _end_date VARCHAR(20))
BEGIN
	SELECT i.*, v.NAME AS vendor_name, s.NAME AS store_name
	FROM good_import AS i, vendor AS v, store AS s
	WHERE DATE(i.created_date) >= STR_TO_DATE(_start_date,'%d/%m/%Y') AND DATE(i.created_date) <= STR_TO_DATE(_end_date,'%d/%m/%Y')
		AND i.vendor_id=v.id AND i.store_id=s.id
	;
    END */$$
DELIMITER ;

/* Procedure structure for procedure `searchIncome` */

/*!50003 DROP PROCEDURE IF EXISTS  `searchIncome` */;

DELIMITER $$

/*!50003 CREATE DEFINER=`root`@`localhost` PROCEDURE `searchIncome`(IN _start_date VARCHAR(20), IN _end_date VARCHAR(20), IN _organization_ids TEXT)
BEGIN
	SELECT a.*
	FROM income AS a, employee AS eo
	WHERE DATE(a.created_date) >= STR_TO_DATE(_start_date,'%d/%m/%Y') AND DATE(a.created_date) <= STR_TO_DATE(_end_date,'%d/%m/%Y')
		 AND a.created_employee_id=eo.id AND _organization_ids LIKE CONCAT('%,',eo.organization_id,',%')
	;
    END */$$
DELIMITER ;

/* Procedure structure for procedure `searchInvoice` */

/*!50003 DROP PROCEDURE IF EXISTS  `searchInvoice` */;

DELIMITER $$

/*!50003 CREATE DEFINER=`root`@`localhost` PROCEDURE `searchInvoice`(IN _start_date VARCHAR(20), IN _end_date VARCHAR(20), IN _organization_ids TEXT)
BEGIN
	SELECT a.*, coalesce(c.name,'') as customer_name
	FROM employee AS eo, invoice AS a left join customer as c on a.customer_id=c.id
	WHERE DATE(a.created_date) >= STR_TO_DATE(_start_date,'%d/%m/%Y') AND DATE(a.created_date) <= STR_TO_DATE(_end_date,'%d/%m/%Y')
		AND a.created_employee_id=eo.id AND _organization_ids LIKE CONCAT('%,',eo.organization_id,',%')
	;
    END */$$
DELIMITER ;

/* Procedure structure for procedure `searchInvoiceSolar` */

/*!50003 DROP PROCEDURE IF EXISTS  `searchInvoiceSolar` */;

DELIMITER $$

/*!50003 CREATE DEFINER=`root`@`localhost` PROCEDURE `searchInvoiceSolar`(IN _start_date VARCHAR(20), IN _end_date VARCHAR(20), IN _organization_ids TEXT)
BEGIN
	SELECT a.*, COALESCE(c.NAME,'') AS customer_name
	FROM employee AS eo, invoice_solar AS a LEFT JOIN customer AS c ON a.customer_id=c.id
	WHERE DATE(a.created_date) >= STR_TO_DATE(_start_date,'%d/%m/%Y') AND DATE(a.created_date) <= STR_TO_DATE(_end_date,'%d/%m/%Y')
		AND a.created_employee_id=eo.id AND _organization_ids LIKE CONCAT('%,',eo.organization_id,',%')
	;
    END */$$
DELIMITER ;

/* Procedure structure for procedure `searchLoVo` */

/*!50003 DROP PROCEDURE IF EXISTS  `searchLoVo` */;

DELIMITER $$

/*!50003 CREATE DEFINER=`root`@`localhost` PROCEDURE `searchLoVo`(IN _start_date VARCHAR(20), IN _end_date VARCHAR(20), IN _organization_ids TEXT)
BEGIN
	SELECT s.*
	FROM lo_vo AS s, employee AS eo
	WHERE DATE(s.created_date) >= STR_TO_DATE(_start_date,'%d/%m/%Y') AND DATE(s.created_date) <= STR_TO_DATE(_end_date,'%d/%m/%Y')
		AND s.created_employee_id=eo.id
		AND _organization_ids LIKE CONCAT('%,',eo.organization_id,',%')
	;
    END */$$
DELIMITER ;

/* Procedure structure for procedure `searchLpgImport` */

/*!50003 DROP PROCEDURE IF EXISTS  `searchLpgImport` */;

DELIMITER $$

/*!50003 CREATE DEFINER=`root`@`localhost` PROCEDURE `searchLpgImport`(IN _start_date VARCHAR(20), IN _end_date VARCHAR(20), IN _organization_ids TEXT)
BEGIN
	SET _organization_ids = CONCAT(',',_organization_ids,',');
	SELECT i.id, i.CODE, v.name AS vendor_name, i.actual_quantity, i.price, i.amount, i.rate, i.note, i.import_date
	FROM lpg_import AS i, vendor as v, employee as e
	WHERE i.vendor_id=v.id 
		AND DATE(i.import_date) >= STR_TO_DATE(_start_date,'%d/%m/%Y') AND DATE(i.import_date) <= STR_TO_DATE(_end_date,'%d/%m/%Y')
		AND i.created_employee_id=e.id AND _organization_ids LIKE CONCAT('%,',e.organization_id,',%')
	;
    END */$$
DELIMITER ;

/* Procedure structure for procedure `searchLpgSale` */

/*!50003 DROP PROCEDURE IF EXISTS  `searchLpgSale` */;

DELIMITER $$

/*!50003 CREATE DEFINER=`root`@`localhost` PROCEDURE `searchLpgSale`(IN _start_date VARCHAR(20), IN _end_date VARCHAR(20), IN _organization_ids TEXT)
BEGIN
	SET _organization_ids = CONCAT(',',_organization_ids,',');
	SELECT i.id, i.CODE, c.NAME AS customer_name, i.quantity, i.price, i.price_transport, i.amount, i.note
	FROM lpg_sale AS i, customer AS c, employee AS eo
	WHERE i.customer_id=c.id AND i.created_employee_id=eo.id
		AND DATE(i.sale_date) >= STR_TO_DATE(_start_date,'%d/%m/%Y') AND DATE(i.sale_date) <= STR_TO_DATE(_end_date,'%d/%m/%Y')
		AND _organization_ids LIKE CONCAT('%,',eo.organization_id,',%')
	UNION ALL
	SELECT i.id, i.CODE, c.NAME AS customer_name, i.quantity, i.price, i.price_transport, i.amount, i.note
	FROM lpg_sale AS i, customer AS c, vendor_customer AS vc, vendor AS v
	WHERE i.customer_id=c.id AND i.customer_id=vc.customer_id AND vc.vendor_id=v.id
		AND DATE(i.sale_date) >= STR_TO_DATE(_start_date,'%d/%m/%Y') AND DATE(i.sale_date) <= STR_TO_DATE(_end_date,'%d/%m/%Y')
		AND _organization_ids LIKE CONCAT('%,',v.equal_organization_id,',%')
	;
    END */$$
DELIMITER ;

/* Procedure structure for procedure `searchOilExport` */

/*!50003 DROP PROCEDURE IF EXISTS  `searchOilExport` */;

DELIMITER $$

/*!50003 CREATE DEFINER=`root`@`localhost` PROCEDURE `searchOilExport`(IN _start_date VARCHAR(20), IN _end_date VARCHAR(20), IN _organization_ids TEXT)
BEGIN
	SELECT i.*, c.NAME AS customer_name
	FROM oil_export AS i, customer AS c, employee as eo
	WHERE DATE(i.created_date) >= STR_TO_DATE(_start_date,'%d/%m/%Y') AND DATE(i.created_date) <= STR_TO_DATE(_end_date,'%d/%m/%Y')
		AND i.customer_id=c.id and i.created_employee_id=eo.id AND _organization_ids LIKE CONCAT('%,',eo.organization_id,',%')
	;
    END */$$
DELIMITER ;

/* Procedure structure for procedure `searchOilImport` */

/*!50003 DROP PROCEDURE IF EXISTS  `searchOilImport` */;

DELIMITER $$

/*!50003 CREATE DEFINER=`root`@`localhost` PROCEDURE `searchOilImport`(IN _start_date VARCHAR(20), IN _end_date VARCHAR(20))
BEGIN
	SELECT i.*, v.NAME AS vendor_name
	FROM oil_import AS i, vendor AS v
	WHERE DATE(i.created_date) >= STR_TO_DATE(_start_date,'%d/%m/%Y') AND DATE(i.created_date) <= STR_TO_DATE(_end_date,'%d/%m/%Y')
		AND i.vendor_id=v.id
	;
    END */$$
DELIMITER ;

/* Procedure structure for procedure `searchOldShell` */

/*!50003 DROP PROCEDURE IF EXISTS  `searchOldShell` */;

DELIMITER $$

/*!50003 CREATE DEFINER=`root`@`localhost` PROCEDURE `searchOldShell`(IN _start_date VARCHAR(20), IN _end_date VARCHAR(20), IN _organization_ids TEXT)
BEGIN
	SELECT t.*, v.name as shell_name
	FROM old_shell AS t, shell AS v, employee AS eo
	WHERE t.shell_id=v.id
		AND DATE(t.created_date) >= STR_TO_DATE(_start_date,'%d/%m/%Y') AND DATE(t.created_date) <= STR_TO_DATE(_end_date,'%d/%m/%Y')
		 AND t.created_employee_id=eo.id AND _organization_ids LIKE CONCAT('%,',eo.organization_id,',%')
	;
    END */$$
DELIMITER ;

/* Procedure structure for procedure `searchPetroImport` */

/*!50003 DROP PROCEDURE IF EXISTS  `searchPetroImport` */;

DELIMITER $$

/*!50003 CREATE DEFINER=`root`@`localhost` PROCEDURE `searchPetroImport`(IN _start_date VARCHAR(20), IN _end_date VARCHAR(20))
BEGIN
	SELECT i.*, v.NAME AS vendor_name, s.NAME AS store_name
	FROM petro_import AS i, vendor AS v, store AS s
	WHERE DATE(i.created_date) >= STR_TO_DATE(_start_date,'%d/%m/%Y') AND DATE(i.created_date) <= STR_TO_DATE(_end_date,'%d/%m/%Y')
		AND i.vendor_id=v.id AND i.store_id=s.id
	;
    END */$$
DELIMITER ;

/* Procedure structure for procedure `searchPromotionMaterialImport` */

/*!50003 DROP PROCEDURE IF EXISTS  `searchPromotionMaterialImport` */;

DELIMITER $$

/*!50003 CREATE DEFINER=`root`@`localhost` PROCEDURE `searchPromotionMaterialImport`(IN _start_date VARCHAR(20), IN _end_date VARCHAR(20), IN _organization_ids TEXT)
BEGIN
	SELECT i.*, v.NAME AS vendor_name
	FROM promotion_material_import AS i, vendor AS v, employee AS eo
	WHERE DATE(i.created_date) >= STR_TO_DATE(_start_date,'%d/%m/%Y') AND DATE(i.created_date) <= STR_TO_DATE(_end_date,'%d/%m/%Y')
		AND i.vendor_id=v.id AND i.created_employee_id=eo.id AND _organization_ids LIKE CONCAT('%,',eo.organization_id,',%')
	;
    END */$$
DELIMITER ;

/* Procedure structure for procedure `searchSalary` */

/*!50003 DROP PROCEDURE IF EXISTS  `searchSalary` */;

DELIMITER $$

/*!50003 CREATE DEFINER=`root`@`localhost` PROCEDURE `searchSalary`(IN _start_date VARCHAR(20), IN _organization_ids TEXT)
BEGIN
	declare _date date;
	
	SET _organization_ids = CONCAT(',',_organization_ids,',');
	
	select STR_TO_DATE(_start_date,'%m/%Y') into _date;
	
	SELECT s.id, s.CODE, s.created_date, e.fullname AS employee_name, s.total
	FROM employee_salary AS s, employee AS e
	WHERE s.employee_id=e.id
		AND month(s.created_date) = month(_date) AND year(s.created_date) = year(_date)
		AND _organization_ids LIKE CONCAT('%,',e.organization_id,',%')
	;
    END */$$
DELIMITER ;

/* Procedure structure for procedure `searchSaleAccessory` */

/*!50003 DROP PROCEDURE IF EXISTS  `searchSaleAccessory` */;

DELIMITER $$

/*!50003 CREATE DEFINER=`root`@`localhost` PROCEDURE `searchSaleAccessory`(IN _start_date VARCHAR(20), IN _end_date VARCHAR(20))
BEGIN
	SELECT s.*
	FROM accessory_sale AS s
	WHERE DATE(s.created_date) >= STR_TO_DATE(_start_date,'%d/%m/%Y') AND DATE(s.created_date) <= STR_TO_DATE(_end_date,'%d/%m/%Y')
	;
    END */$$
DELIMITER ;

/* Procedure structure for procedure `searchSaleGood` */

/*!50003 DROP PROCEDURE IF EXISTS  `searchSaleGood` */;

DELIMITER $$

/*!50003 CREATE DEFINER=`root`@`localhost` PROCEDURE `searchSaleGood`(IN _start_date VARCHAR(20), IN _end_date VARCHAR(20), IN _organization_ids TEXT)
BEGIN
	SELECT s.*
	FROM good_sale AS s, employee AS eo
	WHERE DATE(s.created_date) >= STR_TO_DATE(_start_date,'%d/%m/%Y') AND DATE(s.created_date) <= STR_TO_DATE(_end_date,'%d/%m/%Y')
		AND s.created_employee_id=eo.id AND _organization_ids LIKE CONCAT('%,',eo.organization_id,',%')
	;
    END */$$
DELIMITER ;

/* Procedure structure for procedure `searchSaleInner` */

/*!50003 DROP PROCEDURE IF EXISTS  `searchSaleInner` */;

DELIMITER $$

/*!50003 CREATE DEFINER=`root`@`localhost` PROCEDURE `searchSaleInner`(IN _start_date VARCHAR(20), IN _end_date VARCHAR(20), IN _organization_ids TEXT)
BEGIN
	SELECT s.*
	FROM inner_sale AS s, employee AS eo
	WHERE DATE(s.created_date) >= STR_TO_DATE(_start_date,'%d/%m/%Y') AND DATE(s.created_date) <= STR_TO_DATE(_end_date,'%d/%m/%Y')
		 AND s.created_employee_id=eo.id
		AND _organization_ids LIKE CONCAT('%,',eo.organization_id,',%')
	;
    END */$$
DELIMITER ;

/* Procedure structure for procedure `searchSaleOil` */

/*!50003 DROP PROCEDURE IF EXISTS  `searchSaleOil` */;

DELIMITER $$

/*!50003 CREATE DEFINER=`root`@`localhost` PROCEDURE `searchSaleOil`(IN _start_date VARCHAR(20), IN _end_date VARCHAR(20), IN _organization_ids TEXT)
BEGIN
	SELECT s.*, c.name as customer_name, coalesce(oe.code) as oil_export_code
	FROM employee AS eo, customer as c, oil_sale AS s
	left join oil_export as oe on s.id=oe.oil_sale_id
	WHERE DATE(s.created_date) >= STR_TO_DATE(_start_date,'%d/%m/%Y') AND DATE(s.created_date) <= STR_TO_DATE(_end_date,'%d/%m/%Y')
		AND s.created_employee_id=eo.id AND _organization_ids LIKE CONCAT('%,',eo.organization_id,',%')
		and s.customer_id=c.id
	;
    END */$$
DELIMITER ;

/* Procedure structure for procedure `searchSaleOilDetail` */

/*!50003 DROP PROCEDURE IF EXISTS  `searchSaleOilDetail` */;

DELIMITER $$

/*!50003 CREATE DEFINER=`root`@`localhost` PROCEDURE `searchSaleOilDetail`(IN _start_date VARCHAR(20), IN _end_date VARCHAR(20), in _code text, in _oil_name text, in _customer_id int)
BEGIN
	SELECT sdet.id, s.code as oil_sale_code, s.created_date as oil_sale_date, o.name as oil_name, sdet.amount
	FROM oil_sale as s, oil as o, oil_sale_detail AS sdet
	left join invoice_detail AS idet on idet.oil_sale_detail_id=sdet.id
	WHERE sdet.oil_sale_id=s.id and sdet.oil_id=o.id
		and DATE(s.created_date) >= STR_TO_DATE(_start_date,'%d/%m/%Y') AND DATE(s.created_date) <= STR_TO_DATE(_end_date,'%d/%m/%Y')
		AND ((_customer_id=0 AND 1) OR (_customer_id<> 0 AND s.customer_id=_customer_id))
		and ((_oil_name='' AND 1) OR (_oil_name<> '' AND o.`name` LIKE CONCAT('%',_oil_name,'%')))
		AND ((_code='' AND 1) OR (_code<> '' AND s.code LIKE CONCAT('%',_code,'%')))
		and (idet.id is null or(idet.id is not null and idet.paid_amount<>sdet.amount))
	order by s.created_date, sdet.id
	;
    END */$$
DELIMITER ;

/* Procedure structure for procedure `searchSaleOilReturn` */

/*!50003 DROP PROCEDURE IF EXISTS  `searchSaleOilReturn` */;

DELIMITER $$

/*!50003 CREATE DEFINER=`root`@`localhost` PROCEDURE `searchSaleOilReturn`(IN _start_date VARCHAR(20), IN _end_date VARCHAR(20), IN _organization_ids TEXT)
BEGIN
	SELECT s.*
	FROM oil_sale_return AS s, employee AS eo
	WHERE DATE(s.created_date) >= STR_TO_DATE(_start_date,'%d/%m/%Y') AND DATE(s.created_date) <= STR_TO_DATE(_end_date,'%d/%m/%Y')
		AND s.created_employee_id=eo.id AND _organization_ids LIKE CONCAT('%,',eo.organization_id,',%')
	;
    END */$$
DELIMITER ;

/* Procedure structure for procedure `searchSalePetro` */

/*!50003 DROP PROCEDURE IF EXISTS  `searchSalePetro` */;

DELIMITER $$

/*!50003 CREATE DEFINER=`root`@`localhost` PROCEDURE `searchSalePetro`(IN _start_date VARCHAR(20), IN _end_date VARCHAR(20), IN _organization_ids TEXT)
BEGIN
	SELECT s.*
	FROM petro_sale AS s, employee AS eo
	WHERE DATE(s.created_date) >= STR_TO_DATE(_start_date,'%d/%m/%Y') AND DATE(s.created_date) <= STR_TO_DATE(_end_date,'%d/%m/%Y')
		AND s.created_employee_id=eo.id AND _organization_ids LIKE CONCAT('%,',eo.organization_id,',%')
	;
    END */$$
DELIMITER ;

/* Procedure structure for procedure `searchSaleShell` */

/*!50003 DROP PROCEDURE IF EXISTS  `searchSaleShell` */;

DELIMITER $$

/*!50003 CREATE DEFINER=`root`@`localhost` PROCEDURE `searchSaleShell`(IN _start_date VARCHAR(20), IN _end_date VARCHAR(20), IN _organization_ids TEXT)
BEGIN
	SELECT s.*
	FROM shell_sale AS s, employee AS eo
	WHERE DATE(s.created_date) >= STR_TO_DATE(_start_date,'%d/%m/%Y') AND DATE(s.created_date) <= STR_TO_DATE(_end_date,'%d/%m/%Y')
		 AND s.created_employee_id=eo.id
		AND _organization_ids LIKE CONCAT('%,',eo.organization_id,',%')
	;
    END */$$
DELIMITER ;

/* Procedure structure for procedure `searchSaleSolar` */

/*!50003 DROP PROCEDURE IF EXISTS  `searchSaleSolar` */;

DELIMITER $$

/*!50003 CREATE DEFINER=`root`@`localhost` PROCEDURE `searchSaleSolar`(IN _start_date VARCHAR(20), IN _end_date VARCHAR(20), IN _organization_ids TEXT)
BEGIN
	SELECT s.*, c.NAME AS customer_name, COALESCE(oe.CODE) AS solar_export_code
	FROM employee AS eo, customer AS c, solar_sale AS s
	LEFT JOIN solar_export AS oe ON s.id=oe.solar_sale_id
	WHERE DATE(s.created_date) >= STR_TO_DATE(_start_date,'%d/%m/%Y') AND DATE(s.created_date) <= STR_TO_DATE(_end_date,'%d/%m/%Y')
		AND s.created_employee_id=eo.id AND _organization_ids LIKE CONCAT('%,',eo.organization_id,',%')
		AND s.customer_id=c.id
	;
    END */$$
DELIMITER ;

/* Procedure structure for procedure `searchSaleSolarDetail` */

/*!50003 DROP PROCEDURE IF EXISTS  `searchSaleSolarDetail` */;

DELIMITER $$

/*!50003 CREATE DEFINER=`root`@`localhost` PROCEDURE `searchSaleSolarDetail`(IN _start_date VARCHAR(20), IN _end_date VARCHAR(20), IN _code TEXT, IN _solar_name TEXT, IN _customer_id INT)
BEGIN
	SELECT sdet.id, s.CODE AS solar_sale_code, s.created_date AS solar_sale_date, o.NAME AS solar_name, sdet.amount
	FROM solar_sale AS s, solar AS o, solar_sale_detail AS sdet
	LEFT JOIN invoice_solar_detail AS idet ON idet.solar_sale_detail_id=sdet.id
	WHERE sdet.solar_sale_id=s.id AND sdet.solar_id=o.id
		AND DATE(s.created_date) >= STR_TO_DATE(_start_date,'%d/%m/%Y') AND DATE(s.created_date) <= STR_TO_DATE(_end_date,'%d/%m/%Y')
		AND ((_customer_id=0 AND 1) OR (_customer_id<> 0 AND s.customer_id=_customer_id))
		AND ((_solar_name='' AND 1) OR (_solar_name<> '' AND o.`name` LIKE CONCAT('%',_solar_name,'%')))
		AND ((_code='' AND 1) OR (_code<> '' AND s.CODE LIKE CONCAT('%',_code,'%')))
		AND (idet.id IS NULL OR(idet.id IS NOT NULL AND idet.paid_amount<>sdet.amount))
	ORDER BY s.created_date, sdet.id
	;
    END */$$
DELIMITER ;

/* Procedure structure for procedure `searchSaleSolarReturn` */

/*!50003 DROP PROCEDURE IF EXISTS  `searchSaleSolarReturn` */;

DELIMITER $$

/*!50003 CREATE DEFINER=`root`@`localhost` PROCEDURE `searchSaleSolarReturn`(IN _start_date VARCHAR(20), IN _end_date VARCHAR(20), IN _organization_ids TEXT)
BEGIN
	SELECT s.*
	FROM solar_sale_return AS s, employee AS eo
	WHERE DATE(s.created_date) >= STR_TO_DATE(_start_date,'%d/%m/%Y') AND DATE(s.created_date) <= STR_TO_DATE(_end_date,'%d/%m/%Y')
		AND s.created_employee_id=eo.id AND _organization_ids LIKE CONCAT('%,',eo.organization_id,',%')
	;
    END */$$
DELIMITER ;

/* Procedure structure for procedure `searchShellImport` */

/*!50003 DROP PROCEDURE IF EXISTS  `searchShellImport` */;

DELIMITER $$

/*!50003 CREATE DEFINER=`root`@`localhost` PROCEDURE `searchShellImport`(IN _start_date VARCHAR(20), IN _end_date VARCHAR(20), IN _organization_ids TEXT)
BEGIN
	SELECT i.id, i.CODE, s.name as shell_name, i.created_date, i.quantity, i.price, i.note
	FROM shell_import AS i, shell AS s, employee AS eo
	WHERE i.shell_id=s.id AND i.created_employee_id=eo.id
		AND DATE(i.created_date) >= STR_TO_DATE(_start_date,'%d/%m/%Y') AND DATE(i.created_date) <= STR_TO_DATE(_end_date,'%d/%m/%Y')
		AND _organization_ids LIKE CONCAT('%,',eo.organization_id,',%')
	;
    END */$$
DELIMITER ;

/* Procedure structure for procedure `searchShellReturn` */

/*!50003 DROP PROCEDURE IF EXISTS  `searchShellReturn` */;

DELIMITER $$

/*!50003 CREATE DEFINER=`root`@`localhost` PROCEDURE `searchShellReturn`(IN _start_date VARCHAR(20), IN _end_date VARCHAR(20), IN _organization_ids TEXT)
BEGIN
	SELECT i.*, v.NAME AS customer_name
	FROM shell_return AS i, customer AS v, employee AS eo
	WHERE DATE(i.created_date) >= STR_TO_DATE(_start_date,'%d/%m/%Y') AND DATE(i.created_date) <= STR_TO_DATE(_end_date,'%d/%m/%Y')
		AND i.customer_id=v.id AND i.created_employee_id=eo.id
		AND _organization_ids LIKE CONCAT('%,',eo.organization_id,',%')
	;
    END */$$
DELIMITER ;

/* Procedure structure for procedure `searchShellReturnSupplier` */

/*!50003 DROP PROCEDURE IF EXISTS  `searchShellReturnSupplier` */;

DELIMITER $$

/*!50003 CREATE DEFINER=`root`@`localhost` PROCEDURE `searchShellReturnSupplier`(IN _start_date VARCHAR(20), IN _end_date VARCHAR(20), IN _organization_ids TEXT)
BEGIN
	SELECT i.*, v.NAME AS vendor_name
	FROM shell_return_supplier AS i, vendor AS v, employee AS eo
	WHERE DATE(i.created_date) >= STR_TO_DATE(_start_date,'%d/%m/%Y') AND DATE(i.created_date) <= STR_TO_DATE(_end_date,'%d/%m/%Y')
		AND i.vendor_id=v.id  AND i.created_employee_id=eo.id
		AND _organization_ids LIKE CONCAT('%,',eo.organization_id,',%')
	;
    END */$$
DELIMITER ;

/* Procedure structure for procedure `searchShieldDecrease` */

/*!50003 DROP PROCEDURE IF EXISTS  `searchShieldDecrease` */;

DELIMITER $$

/*!50003 CREATE DEFINER=`root`@`localhost` PROCEDURE `searchShieldDecrease`(IN _start_date VARCHAR(20), IN _end_date VARCHAR(20), IN _organization_ids TEXT)
BEGIN
	SELECT t.*, v.name as vendor_name
	FROM shield_decrease AS t, vendor as v, employee AS eo
	WHERE t.vendor_id=v.id and DATE(t.created_date) >= STR_TO_DATE(_start_date,'%d/%m/%Y') AND DATE(t.created_date) <= STR_TO_DATE(_end_date,'%d/%m/%Y')
		AND t.created_employee_id=eo.id AND _organization_ids LIKE CONCAT('%,',eo.organization_id,',%') AND v.STATUS=1
	;
    END */$$
DELIMITER ;

/* Procedure structure for procedure `searchShieldImport` */

/*!50003 DROP PROCEDURE IF EXISTS  `searchShieldImport` */;

DELIMITER $$

/*!50003 CREATE DEFINER=`root`@`localhost` PROCEDURE `searchShieldImport`(IN _start_date VARCHAR(20), IN _end_date VARCHAR(20), IN _organization_ids TEXT)
BEGIN
	SELECT t.*, v.name as vendor_name
	FROM shield_import AS t, vendor as v, employee as eo
	WHERE t.vendor_id=v.id and DATE(t.created_date) >= STR_TO_DATE(_start_date,'%d/%m/%Y') AND DATE(t.created_date) <= STR_TO_DATE(_end_date,'%d/%m/%Y')
		 AND t.created_employee_id=eo.id
		AND _organization_ids LIKE CONCAT('%,',eo.organization_id,',%') AND v.STATUS=1
	;
    END */$$
DELIMITER ;

/* Procedure structure for procedure `searchSolarExport` */

/*!50003 DROP PROCEDURE IF EXISTS  `searchSolarExport` */;

DELIMITER $$

/*!50003 CREATE DEFINER=`root`@`localhost` PROCEDURE `searchSolarExport`(IN _start_date VARCHAR(20), IN _end_date VARCHAR(20), IN _organization_ids TEXT)
BEGIN
	SELECT i.*, c.NAME AS customer_name
	FROM solar_export AS i, customer AS c, employee AS eo
	WHERE DATE(i.created_date) >= STR_TO_DATE(_start_date,'%d/%m/%Y') AND DATE(i.created_date) <= STR_TO_DATE(_end_date,'%d/%m/%Y')
		AND i.customer_id=c.id AND i.created_employee_id=eo.id AND _organization_ids LIKE CONCAT('%,',eo.organization_id,',%')
	;
    END */$$
DELIMITER ;

/* Procedure structure for procedure `searchSolarImport` */

/*!50003 DROP PROCEDURE IF EXISTS  `searchSolarImport` */;

DELIMITER $$

/*!50003 CREATE DEFINER=`root`@`localhost` PROCEDURE `searchSolarImport`(IN _start_date VARCHAR(20), IN _end_date VARCHAR(20))
BEGIN
	SELECT i.*, v.NAME AS vendor_name
	FROM solar_import AS i, vendor AS v
	WHERE DATE(i.created_date) >= STR_TO_DATE(_start_date,'%d/%m/%Y') AND DATE(i.created_date) <= STR_TO_DATE(_end_date,'%d/%m/%Y')
		AND i.vendor_id=v.id
	;
    END */$$
DELIMITER ;

/* Procedure structure for procedure `searchTransportService` */

/*!50003 DROP PROCEDURE IF EXISTS  `searchTransportService` */;

DELIMITER $$

/*!50003 CREATE DEFINER=`root`@`localhost` PROCEDURE `searchTransportService`(IN _start_date VARCHAR(20), IN _end_date VARCHAR(20), IN _organization_ids TEXT)
BEGIN
	SELECT i.id, i.CODE, v.NAME AS vendor_name, i.out_quantity, i.price, i.amount, i.paid, i.debt, i.note
	FROM transport_service AS i, vendor AS v, employee AS e
	WHERE DATE(i.created_date) >= STR_TO_DATE(_start_date,'%d/%m/%Y') AND DATE(i.created_date) <= STR_TO_DATE(_end_date,'%d/%m/%Y')
		AND i.created_employee_id=e.id AND _organization_ids LIKE CONCAT('%,',e.organization_id,',%') and i.vendor_id=v.id 
	;
    END */$$
DELIMITER ;

/* Procedure structure for procedure `searchTripFee` */

/*!50003 DROP PROCEDURE IF EXISTS  `searchTripFee` */;

DELIMITER $$

/*!50003 CREATE DEFINER=`root`@`localhost` PROCEDURE `searchTripFee`(IN _start_date VARCHAR(20), IN _end_date VARCHAR(20), IN _organization_ids TEXT)
BEGIN
	select t.id, t.code, v.plate, t.created_date, t.fee, t.amount, t.note
	from trip_fee as t, vehicle as v, employee as eo
	WHERE t.vehicle_id=v.id AND t.created_employee_id=eo.id
		and DATE(t.created_date) >= STR_TO_DATE(_start_date,'%d/%m/%Y') AND DATE(t.created_date) <= STR_TO_DATE(_end_date,'%d/%m/%Y')
		AND _organization_ids LIKE CONCAT('%,',eo.organization_id,',%')
	;
    END */$$
DELIMITER ;

/* Procedure structure for procedure `searchTripOil` */

/*!50003 DROP PROCEDURE IF EXISTS  `searchTripOil` */;

DELIMITER $$

/*!50003 CREATE DEFINER=`root`@`localhost` PROCEDURE `searchTripOil`(IN _start_date VARCHAR(20), IN _end_date VARCHAR(20), IN _organization_ids TEXT)
BEGIN
	select t.id, t.code, v.plate, t.created_date, t.amount, t.note
	from trip_oil as t, vehicle as v, employee as eo
	WHERE t.vehicle_id=v.id AND t.created_employee_id=eo.id
		and DATE(t.created_date) >= STR_TO_DATE(_start_date,'%d/%m/%Y') AND DATE(t.created_date) <= STR_TO_DATE(_end_date,'%d/%m/%Y')
		AND _organization_ids LIKE CONCAT('%,',eo.organization_id,',%')
	;
    END */$$
DELIMITER ;

/* Procedure structure for procedure `searchVehicleIn` */

/*!50003 DROP PROCEDURE IF EXISTS  `searchVehicleIn` */;

DELIMITER $$

/*!50003 CREATE DEFINER=`root`@`localhost` PROCEDURE `searchVehicleIn`(IN _start_date VARCHAR(20), IN _end_date VARCHAR(20), IN _organization_ids TEXT)
BEGIN
	SELECT s.*
	FROM vehicle_in AS s, employee AS eo
	WHERE DATE(s.created_date) >= STR_TO_DATE(_start_date,'%d/%m/%Y') AND DATE(s.created_date) <= STR_TO_DATE(_end_date,'%d/%m/%Y')
		AND s.created_employee_id=eo.id AND _organization_ids LIKE CONCAT('%,',eo.organization_id,',%')
	;
    END */$$
DELIMITER ;

/* Procedure structure for procedure `searchVehicleOut` */

/*!50003 DROP PROCEDURE IF EXISTS  `searchVehicleOut` */;

DELIMITER $$

/*!50003 CREATE DEFINER=`root`@`localhost` PROCEDURE `searchVehicleOut`(IN _start_date VARCHAR(20), IN _end_date VARCHAR(20), IN _organization_ids TEXT)
BEGIN
	SELECT s.*, v.plate as vehicle_plate
	FROM vehicle_out AS s, vehicle as v, employee AS eo
	WHERE DATE(s.created_date) >= STR_TO_DATE(_start_date,'%d/%m/%Y') AND DATE(s.created_date) <= STR_TO_DATE(_end_date,'%d/%m/%Y')
		and s.vehicle_id=v.id  AND s.created_employee_id=eo.id
		AND _organization_ids LIKE CONCAT('%,',eo.organization_id,',%')
	;
    END */$$
DELIMITER ;

/* Procedure structure for procedure `updateAccessoryImport` */

/*!50003 DROP PROCEDURE IF EXISTS  `updateAccessoryImport` */;

DELIMITER $$

/*!50003 CREATE DEFINER=`root`@`localhost` PROCEDURE `updateAccessoryImport`(IN _id INT, IN _created_date VARCHAR(20), IN _vendor_id INT, IN _total DOUBLE
	, IN _paid DOUBLE, IN _debt DOUBLE, IN _account_id INT, IN _note TEXT)
BEGIN
	UPDATE accessory_import SET total=_total
		, paid=_paid
		, debt=_debt
		, account_id=_account_id
		, note=_note 
		, created_date=STR_TO_DATE(_created_date,'%d/%m/%Y')
		, vendor_id=_vendor_id
	WHERE id=_id;
    END */$$
DELIMITER ;

/* Procedure structure for procedure `updateAccessoryImportDetail` */

/*!50003 DROP PROCEDURE IF EXISTS  `updateAccessoryImportDetail` */;

DELIMITER $$

/*!50003 CREATE DEFINER=`root`@`localhost` PROCEDURE `updateAccessoryImportDetail`(IN _id INT, IN _quantity INT, IN _price DOUBLE, IN _amount DOUBLE)
BEGIN
	UPDATE accessory_import_detail SET quantity=_quantity, price=_price, amount=_amount WHERE id=_id;
    END */$$
DELIMITER ;

/* Procedure structure for procedure `updateAgencyCommissionDetail` */

/*!50003 DROP PROCEDURE IF EXISTS  `updateAgencyCommissionDetail` */;

DELIMITER $$

/*!50003 CREATE DEFINER=`root`@`localhost` PROCEDURE `updateAgencyCommissionDetail`(IN _id INT, IN _commission_from FLOAT, IN _commission_to FLOAT, IN _commission FLOAT)
BEGIN
	UPDATE agency_commission SET commission_from=_commission_from, commission_to=_commission_to, commission=_commission WHERE id=_id;
    END */$$
DELIMITER ;

/* Procedure structure for procedure `updateAgencyCustomerDetail` */

/*!50003 DROP PROCEDURE IF EXISTS  `updateAgencyCustomerDetail` */;

DELIMITER $$

/*!50003 CREATE DEFINER=`root`@`localhost` PROCEDURE `updateAgencyCustomerDetail`(IN _id INT, IN _commission_from FLOAT, IN _commission_to FLOAT, IN _commission FLOAT)
BEGIN
	UPDATE agency_customer_commission SET commission_from=_commission_from, commission_to=_commission_to, commission=_commission WHERE id=_id;
    END */$$
DELIMITER ;

/* Procedure structure for procedure `updateBorrow` */

/*!50003 DROP PROCEDURE IF EXISTS  `updateBorrow` */;

DELIMITER $$

/*!50003 CREATE DEFINER=`root`@`localhost` PROCEDURE `updateBorrow`(IN _id INT, IN _created_date VARCHAR(20), IN _employee_id INT, IN _total DOUBLE, IN _account_id INT, IN _note TEXT)
BEGIN
	UPDATE borrow SET employee_id=_employee_id
		, created_date=STR_TO_DATE(_created_date,'%d/%m/%Y')
		, total=_total
		, account_id=_account_id
		, note=_note
	WHERE id=_id;
    END */$$
DELIMITER ;

/* Procedure structure for procedure `updateBorrowDetail` */

/*!50003 DROP PROCEDURE IF EXISTS  `updateBorrowDetail` */;

DELIMITER $$

/*!50003 CREATE DEFINER=`root`@`localhost` PROCEDURE `updateBorrowDetail`(IN _id INT, IN _pay_date VARCHAR(20), IN _amount DOUBLE)
BEGIN
	update borrow_detail set pay_date=STR_TO_DATE(_pay_date,'%m/%Y'), amount=_amount where id=_id;
    END */$$
DELIMITER ;

/* Procedure structure for procedure `updateContract` */

/*!50003 DROP PROCEDURE IF EXISTS  `updateContract` */;

DELIMITER $$

/*!50003 CREATE DEFINER=`root`@`localhost` PROCEDURE `updateContract`(IN _id INT, IN _customer_id INT, IN _shell_12_price DOUBLE
	, IN _shell_45_price DOUBLE, IN _credit_date INT, IN _credit_amount DOUBLE, IN _note TEXT)
BEGIN
	UPDATE contract SET customer_id=_customer_id
		, shell_12_price=_shell_12_price
		, shell_45_price=_shell_45_price
		, credit_date=_credit_date
		, credit_amount=_credit_amount
		, note=_note
	WHERE id=_id;
    END */$$
DELIMITER ;

/* Procedure structure for procedure `updateCustomer` */

/*!50003 DROP PROCEDURE IF EXISTS  `updateCustomer` */;

DELIMITER $$

/*!50003 CREATE DEFINER=`root`@`localhost` PROCEDURE `updateCustomer`(in _id int, IN _name VARCHAR(255), IN _code VARCHAR(20), IN _organization_id INT, IN _status INT, IN _phone VARCHAR(30)
	, IN _bank_account TEXT, IN _tax VARCHAR(30), IN _presenter VARCHAR(255), IN _presenter_position VARCHAR(255), IN _address TEXT, IN _is_gas INT
	, IN _is_petro INT, IN _is_good INT, IN _is_oil INT, IN _is_solar INT, IN _commission_kind INT, IN _commission_percentage FLOAT, IN _note TEXT)
BEGIN
	Update customer Set name=_name
		, code=_code
                , organization_id=_organization_id
		, STATUS=_status
		, phone=_phone
		, bank_account=_bank_account
		, tax=_tax
                , presenter=_presenter
                , presenter_position=_presenter_position
		, address=_address
		, is_gas=_is_gas
                , is_petro=_is_petro
                , is_good=_is_good
                , is_oil=_is_oil
		, is_solar=_is_solar
		, commission_kind=_commission_kind
                , commission_percentage=_commission_percentage
                , note =_note
	Where id=_id;
    END */$$
DELIMITER ;

/* Procedure structure for procedure `updateDebtAdjustment` */

/*!50003 DROP PROCEDURE IF EXISTS  `updateDebtAdjustment` */;

DELIMITER $$

/*!50003 CREATE DEFINER=`root`@`localhost` PROCEDURE `updateDebtAdjustment`(IN _id INT, IN _created_date VARCHAR(20), IN _amount DOUBLE, IN _vendor_id INT, IN _customer_id INT, in _kind int, IN _note TEXT)
BEGIN
	UPDATE debt_adjustment SET amount=_amount
		, vendor_id=_vendor_id
		, customer_id=_customer_id
		, note=_note
		, created_date=STR_TO_DATE(_created_date,'%d/%m/%Y')
		, kind=_kind
	WHERE id=_id;
    END */$$
DELIMITER ;

/* Procedure structure for procedure `updateDebtRetail` */

/*!50003 DROP PROCEDURE IF EXISTS  `updateDebtRetail` */;

DELIMITER $$

/*!50003 CREATE DEFINER=`root`@`localhost` PROCEDURE `updateDebtRetail`(iN _id INT, IN _customer_id INT, IN _created_date VARCHAR(20), IN _paid DOUBLE
	, IN _account_id INT, IN _note TEXT)
BEGIN
	UPDATE retail_debt SET customer_id=_customer_id
		, created_date=STR_TO_DATE(_created_date,'%d/%m/%Y')
		, paid=_paid
		, account_id=_account_id
		, note=_note
	WHERE id=_id;
    END */$$
DELIMITER ;

/* Procedure structure for procedure `updateDebtVendor` */

/*!50003 DROP PROCEDURE IF EXISTS  `updateDebtVendor` */;

DELIMITER $$

/*!50003 CREATE DEFINER=`root`@`localhost` PROCEDURE `updateDebtVendor`(IN _id INT, IN _vendor_id INT, IN _created_date VARCHAR(20), IN _paid DOUBLE, IN _account_id INT, IN _note TEXT, IN _kind INT)
BEGIN
	UPDATE vendor_debt SET vendor_id=_vendor_id, paid=_paid, account_id=_account_id, note=_note, created_date=STR_TO_DATE(_created_date,'%d/%m/%Y'), kind=_kind WHERE id=_id;
    END */$$
DELIMITER ;

/* Procedure structure for procedure `updateDebtWholesale` */

/*!50003 DROP PROCEDURE IF EXISTS  `updateDebtWholesale` */;

DELIMITER $$

/*!50003 CREATE DEFINER=`root`@`localhost` PROCEDURE `updateDebtWholesale`(IN _id INT, IN _customer_id INT, IN _created_date VARCHAR(20), IN _paid DOUBLE
	, IN _account_id INT, IN _note TEXT, in _kind int)
BEGIN
	UPDATE wholesale_debt SET customer_id=_customer_id
		, paid=_paid
		, account_id=_account_id
		, note=_note
		, created_date=STR_TO_DATE(_created_date,'%d/%m/%Y') 
		, kind=_kind
	WHERE id=_id;
    END */$$
DELIMITER ;

/* Procedure structure for procedure `updateDiscountCommissionDetail` */

/*!50003 DROP PROCEDURE IF EXISTS  `updateDiscountCommissionDetail` */;

DELIMITER $$

/*!50003 CREATE DEFINER=`root`@`localhost` PROCEDURE `updateDiscountCommissionDetail`(IN _id INT, IN _commission_from double, IN _commission_to double, IN _commission double)
BEGIN
	UPDATE discount_oil_detail SET commission_from=_commission_from, commission_to=_commission_to, commission=_commission WHERE id=_id;
    END */$$
DELIMITER ;

/* Procedure structure for procedure `updateEmployeeAdvance` */

/*!50003 DROP PROCEDURE IF EXISTS  `updateEmployeeAdvance` */;

DELIMITER $$

/*!50003 CREATE DEFINER=`root`@`localhost` PROCEDURE `updateEmployeeAdvance`(IN _id INT, IN _employee_id INT, in _advance_date VARCHAR(20), IN _amount DOUBLE
	, IN _account_id INT, IN _note TEXT)
BEGIN
	update employee_advance set employee_id=_employee_id
		, amount=_amount
		, account_id=_account_id
		, note=_note
		, advance_date=STR_TO_DATE(_advance_date,'%d/%m/%Y') 
	where id=_id;
    END */$$
DELIMITER ;

/* Procedure structure for procedure `updateEmployeeOff` */

/*!50003 DROP PROCEDURE IF EXISTS  `updateEmployeeOff` */;

DELIMITER $$

/*!50003 CREATE DEFINER=`root`@`localhost` PROCEDURE `updateEmployeeOff`(IN _id INT, IN _employee_id INT, IN _from_date VARCHAR(20), IN _to_date VARCHAR(20)
	, IN _note TEXT, IN _actual_off_day float)
BEGIN
	UPDATE employee_off SET employee_id=_employee_id
		, from_date=STR_TO_DATE(_from_date,'%d/%m/%Y')
		, to_date=STR_TO_DATE(_to_date,'%d/%m/%Y')
		, note=_note
		, actual_off_day=_actual_off_day
	WHERE id=_id;
    END */$$
DELIMITER ;

/* Procedure structure for procedure `updateEmployeeOffIncrease` */

/*!50003 DROP PROCEDURE IF EXISTS  `updateEmployeeOffIncrease` */;

DELIMITER $$

/*!50003 CREATE DEFINER=`root`@`localhost` PROCEDURE `updateEmployeeOffIncrease`(IN _id INT, IN _created_date VARCHAR(20), IN _employee_id INT, IN _quantity int, IN _note TEXT, IN _dayoff_id INT)
BEGIN
	UPDATE employee_off_increase SET employee_id=_employee_id
		, created_date=STR_TO_DATE(_created_date,'%d/%m/%Y')
		, quantity=_quantity
		, note=_note
		, dayoff_id=_dayoff_id
	WHERE id=_id;
    END */$$
DELIMITER ;

/* Procedure structure for procedure `updateEmployeeOffMoney` */

/*!50003 DROP PROCEDURE IF EXISTS  `updateEmployeeOffMoney` */;

DELIMITER $$

/*!50003 CREATE DEFINER=`root`@`localhost` PROCEDURE `updateEmployeeOffMoney`(IN _id INT, IN _created_date VARCHAR(20), IN _employee_id INT, IN _quantity int, IN _price DOUBLE
	, IN _amount DOUBLE, IN _account_id INT, IN _note TEXT)
BEGIN
	UPDATE employee_off_money SET employee_id=_employee_id
		, quantity=_quantity
		, price=_price
		, amount=_amount
		, account_id=_account_id
		, note=_note
		, created_date=STR_TO_DATE(_created_date,'%d/%m/%Y') 
	WHERE id=_id;
    END */$$
DELIMITER ;

/* Procedure structure for procedure `updateEmployeeOtherBonus` */

/*!50003 DROP PROCEDURE IF EXISTS  `updateEmployeeOtherBonus` */;

DELIMITER $$

/*!50003 CREATE DEFINER=`root`@`localhost` PROCEDURE `updateEmployeeOtherBonus`(IN _id INT, in _created_date varchar(20), IN _employee_id INT, IN _amount double, IN _note TEXT, IN _other_bonus_id INT)
BEGIN
	UPDATE employee_other_bonus SET employee_id=_employee_id
		, created_date=STR_TO_DATE(_created_date,'%d/%m/%Y')
		, amount=_amount
		, note=_note
		, other_bonus_id=_other_bonus_id
	WHERE id=_id;
    END */$$
DELIMITER ;

/* Procedure structure for procedure `updateEmployeePanelty` */

/*!50003 DROP PROCEDURE IF EXISTS  `updateEmployeePanelty` */;

DELIMITER $$

/*!50003 CREATE DEFINER=`root`@`localhost` PROCEDURE `updateEmployeePanelty`(IN _id INT, IN _created_date VARCHAR(20), IN _employee_id INT, IN _amount DOUBLE, IN _note TEXT, IN _panelty_id INT)
BEGIN
	UPDATE employee_panelty SET employee_id=_employee_id
		, created_date=STR_TO_DATE(_created_date,'%d/%m/%Y')
		, amount=_amount
		, note=_note
		, panelty_id=_panelty_id
	WHERE id=_id;
    END */$$
DELIMITER ;

/* Procedure structure for procedure `updateEmployeeRouteFee` */

/*!50003 DROP PROCEDURE IF EXISTS  `updateEmployeeRouteFee` */;

DELIMITER $$

/*!50003 CREATE DEFINER=`root`@`localhost` PROCEDURE `updateEmployeeRouteFee`(in _id int, IN _created_date VARCHAR(20), IN _employee_id INT, IN _vehicle_id INT, IN _route_id INT
	, IN _in_quantity int, IN _out_quantity INT, IN _price DOUBLE, IN _store TEXT, IN _note TEXT)
BEGIN
	DECLARE _total_quantity, _param100km, _param1000kg, _distance INT DEFAULT 0;
	DECLARE _amount DOUBLE DEFAULT 0;
	
	SELECT `value` INTO _param100km FROM parameter WHERE CODE='100km';
	SELECT `value` INTO _param1000kg FROM parameter WHERE CODE='1000kggas';
	SELECT distance INTO _distance FROM route WHERE id=_route_id;
	
	SET _total_quantity = _distance * _param100km / 100 + _in_quantity * _param1000kg / 1000;
	SET _amount = _total_quantity * _price;
	
	update employee_route_fee set created_date=STR_TO_DATE(_created_date,'%d/%m/%Y')
		, employee_id=_employee_id
		, vehicle_id=_vehicle_id
		, route_id=_route_id
		, in_quantity=_in_quantity
		, out_quantity=_out_quantity
		, param_100km=_param100km
		, param_1000kg=_param1000kg
		, total_quantity=_total_quantity
		, price=_price
		, amount=_amount
		, store=_store
		, note=_note
	where id=_id;
    END */$$
DELIMITER ;

/* Procedure structure for procedure `updateEmployeeTimesheet` */

/*!50003 DROP PROCEDURE IF EXISTS  `updateEmployeeTimesheet` */;

DELIMITER $$

/*!50003 CREATE DEFINER=`root`@`localhost` PROCEDURE `updateEmployeeTimesheet`(IN _id INT, IN _employee_id INT, IN _timesheet_date VARCHAR(20), IN _field_id int
	, IN _quantity INT, IN _note TEXT)
BEGIN
	declare _field_name varchar(255) default '';
	select name into _field_name from dynamic_field where id=_field_id;
	UPDATE timesheet SET employee_id=_employee_id
		, timesheet_date=STR_TO_DATE(_timesheet_date,'%d/%m/%Y')
		, field_id=_field_id
		, field_name=_field_name
		, quantity=_quantity
		, note=_note
	WHERE id=_id;
    END */$$
DELIMITER ;

/* Procedure structure for procedure `updateExpense` */

/*!50003 DROP PROCEDURE IF EXISTS  `updateExpense` */;

DELIMITER $$

/*!50003 CREATE DEFINER=`root`@`localhost` PROCEDURE `updateExpense`(IN _id INT, IN _created_date VARCHAR(20), IN _from_date VARCHAR(20), IN _to_date VARCHAR(20)
	, IN _amount DOUBLE, IN _account_id INT, IN _note TEXT, IN _content TEXT, in _is_usually int, in _type int)
BEGIN
	declare _f_date, _t_date date;
	declare _y, _m int;
		
	set _f_date = STR_TO_DATE(_from_date,'%d/%m/%Y');
	SET _t_date = STR_TO_DATE(_to_date,'%d/%m/%Y');
	
	set _y = 12 * (year(_t_date) - year(_f_date));
	set _m = _y + month(_t_date) - month(_f_date);
	
	UPDATE expense SET from_date=_f_date
		, to_date=_t_date
		, month_count=_m
		, amount=_amount
		, account_id=_account_id
		, note=_note
		, content=_content
		, is_usually=_is_usually
		, `type`=_type
		, created_date=STR_TO_DATE(_created_date,'%d/%m/%Y')
	WHERE id=_id;
    END */$$
DELIMITER ;

/* Procedure structure for procedure `updateExportWholesale` */

/*!50003 DROP PROCEDURE IF EXISTS  `updateExportWholesale` */;

DELIMITER $$

/*!50003 CREATE DEFINER=`root`@`localhost` PROCEDURE `updateExportWholesale`(IN _id INT, IN _created_date VARCHAR(20), IN _total DOUBLE, IN _paid DOUBLE
	, IN _debt DOUBLE, IN _discount DOUBLE, IN _total_pay DOUBLE, IN _account_id INT, in _customer_id int, IN _note TEXT)
BEGIN
	UPDATE gas_export_wholesale SET total=_total
		, created_date=STR_TO_DATE(_created_date,'%d/%m/%Y')
		, paid=_paid
		, debt=_debt
		, discount=_discount
		, total_pay=_total_pay
		, account_id=_account_id
		, customer_id=_customer_id
		, note=_note 
	WHERE id=_id;
    END */$$
DELIMITER ;

/* Procedure structure for procedure `updateExportWholesaleDetail` */

/*!50003 DROP PROCEDURE IF EXISTS  `updateExportWholesaleDetail` */;

DELIMITER $$

/*!50003 CREATE DEFINER=`root`@`localhost` PROCEDURE `updateExportWholesaleDetail`(IN _id INT, IN _quantity INT, IN _price DOUBLE, IN _amount DOUBLE)
BEGIN
	UPDATE gas_export_wholesale_detail SET quantity=_quantity, price=_price, amount=_amount WHERE id=_id;
    END */$$
DELIMITER ;

/* Procedure structure for procedure `updateExportWholesaleReturnShellDetail` */

/*!50003 DROP PROCEDURE IF EXISTS  `updateExportWholesaleReturnShellDetail` */;

DELIMITER $$

/*!50003 CREATE DEFINER=`root`@`localhost` PROCEDURE `updateExportWholesaleReturnShellDetail`(IN _id INT, IN _quantity INT)
BEGIN
	UPDATE gas_export_wholesale_shell_detail SET quantity=_quantity WHERE id=_id;
    END */$$
DELIMITER ;

/* Procedure structure for procedure `updateFixedAssetDepreciation` */

/*!50003 DROP PROCEDURE IF EXISTS  `updateFixedAssetDepreciation` */;

DELIMITER $$

/*!50003 CREATE DEFINER=`root`@`localhost` PROCEDURE `updateFixedAssetDepreciation`(IN _id INT, IN _note TEXT)
BEGIN
	UPDATE fixed_asset_depreciation SET note=_note WHERE id=_id;
    END */$$
DELIMITER ;

/* Procedure structure for procedure `updateFixedAssetDepreciationDetail` */

/*!50003 DROP PROCEDURE IF EXISTS  `updateFixedAssetDepreciationDetail` */;

DELIMITER $$

/*!50003 CREATE DEFINER=`root`@`localhost` PROCEDURE `updateFixedAssetDepreciationDetail`(IN _id INT, IN _is_calculate INT)
BEGIN
	UPDATE fixed_asset_depreciation_detail SET is_calculate=_is_calculate WHERE id=_id;
    END */$$
DELIMITER ;

/* Procedure structure for procedure `updateFraction` */

/*!50003 DROP PROCEDURE IF EXISTS  `updateFraction` */;

DELIMITER $$

/*!50003 CREATE DEFINER=`root`@`localhost` PROCEDURE `updateFraction`(IN _id INT, IN _created_date VARCHAR(20), IN _note TEXT)
BEGIN
	UPDATE fraction_gas SET note=_note, created_date=STR_TO_DATE(_created_date,'%d/%m/%Y') WHERE id=_id;
    END */$$
DELIMITER ;

/* Procedure structure for procedure `updateFractionDetail` */

/*!50003 DROP PROCEDURE IF EXISTS  `updateFractionDetail` */;

DELIMITER $$

/*!50003 CREATE DEFINER=`root`@`localhost` PROCEDURE `updateFractionDetail`(in _id int, in _quantity int)
BEGIN
	update fraction_gas_detail set quantity=_quantity where id=_id;
    END */$$
DELIMITER ;

/* Procedure structure for procedure `updateGasImport` */

/*!50003 DROP PROCEDURE IF EXISTS  `updateGasImport` */;

DELIMITER $$

/*!50003 CREATE DEFINER=`root`@`localhost` PROCEDURE `updateGasImport`(IN _id INT, IN _created_date VARCHAR(20), IN _vendor_id INT, IN _store_id INT
	, IN _rate DOUBLE, IN _total DOUBLE, IN _paid DOUBLE, IN _debt DOUBLE, IN _account_id INT, IN _note TEXT)
BEGIN
	UPDATE gas_import SET vendor_id=_vendor_id
		, created_date=STR_TO_DATE(_created_date,'%d/%m/%Y')
		, store_id=_store_id
		, rate=_rate
		, total=_total
		, paid=_paid
		, debt=_debt
		, account_id=_account_id
		, note=_note
	WHERE id=_id;
    END */$$
DELIMITER ;

/* Procedure structure for procedure `updateGasImportDetail` */

/*!50003 DROP PROCEDURE IF EXISTS  `updateGasImportDetail` */;

DELIMITER $$

/*!50003 CREATE DEFINER=`root`@`localhost` PROCEDURE `updateGasImportDetail`(IN _id INT, IN _quantity INT, IN _price DOUBLE, IN _amount DOUBLE
	, in _vendor_id int)
BEGIN
	DECLARE _date_diff, _in_stock_id, _organization_id, _old_vendor_id, _shell_id, _old_quantity INT DEFAULT 0;
	DECLARE _date, _old_date DATE;
	
	SELECT f.created_date, eo.organization_id, f.vendor_id, fdet.shell_id, fdet.quantity
	INTO _old_date, _organization_id, _old_vendor_id, _shell_id, _old_quantity
	FROM gas_import_detail fdet, gas_import AS f, employee AS eo
	WHERE fdet.id=_id and f.id=fdet.gas_import_id AND f.created_employee_id=eo.id;
	
	SET _in_stock_id=0;
	SELECT id INTO _in_stock_id FROM shell_vendor WHERE organization_id=_organization_id AND vendor_id=_old_vendor_id AND shell_id=_shell_id;
	IF _in_stock_id<>0 THEN
		UPDATE shell_vendor SET quantity=quantity - _old_quantity WHERE id=_in_stock_id;
	END IF;
	
	SET _in_stock_id=0;
	SELECT id INTO _in_stock_id FROM shell_vendor WHERE organization_id=_organization_id AND vendor_id=_vendor_id AND shell_id=_shell_id;
	IF _in_stock_id<>0 THEN
		UPDATE shell_vendor SET quantity=quantity + _quantity WHERE id=_in_stock_id;
	END IF;
	
	UPDATE gas_import_detail SET quantity=_quantity, price=_price, amount=_amount WHERE id=_id;
    END */$$
DELIMITER ;

/* Procedure structure for procedure `updateGasPrice` */

/*!50003 DROP PROCEDURE IF EXISTS  `updateGasPrice` */;

DELIMITER $$

/*!50003 CREATE DEFINER=`root`@`localhost` PROCEDURE `updateGasPrice`(IN _id INT, IN _from_date VARCHAR(20), IN _to_date VARCHAR(20), IN _price DOUBLE, IN _customer_id INT, IN _note TEXT)
BEGIN
	UPDATE gas_price_list SET from_date=STR_TO_DATE(_from_date,'%d/%m/%Y')
		, to_date=STR_TO_DATE(_to_date,'%d/%m/%Y')
		, price=_price	
		, customer_id=_customer_id
		, note=_note
	WHERE id=_id;
    END */$$
DELIMITER ;

/* Procedure structure for procedure `updateGasRetail` */

/*!50003 DROP PROCEDURE IF EXISTS  `updateGasRetail` */;

DELIMITER $$

/*!50003 CREATE DEFINER=`root`@`localhost` PROCEDURE `updateGasRetail`(IN _id INT, IN _customer_id INT, IN _vehicle_id INT, IN _total DOUBLE, IN _paid DOUBLE
	, IN _debt DOUBLE, IN _discount DOUBLE, IN _total_pay DOUBLE, IN _account_id INT, IN _note TEXT)
BEGIN
	UPDATE gas_retail SET customer_id=_customer_id
		, vehicle_id=_vehicle_id
		, total=_total
		, paid=_paid
		, debt=_debt
		, discount=_discount
		, total_pay=_total_pay
		, account_id=_account_id
		, note=_note
	WHERE id=_id;
    END */$$
DELIMITER ;

/* Procedure structure for procedure `updateGasRetailDetail` */

/*!50003 DROP PROCEDURE IF EXISTS  `updateGasRetailDetail` */;

DELIMITER $$

/*!50003 CREATE DEFINER=`root`@`localhost` PROCEDURE `updateGasRetailDetail`(IN _id INT, IN _quantity INT, IN _price DOUBLE, IN _amount DOUBLE)
BEGIN
	UPDATE gas_retail_detail SET quantity=_quantity, price=_price, amount=_amount WHERE id=_id;
    END */$$
DELIMITER ;

/* Procedure structure for procedure `updateGasRetailPromotionMaterialDetail` */

/*!50003 DROP PROCEDURE IF EXISTS  `updateGasRetailPromotionMaterialDetail` */;

DELIMITER $$

/*!50003 CREATE DEFINER=`root`@`localhost` PROCEDURE `updateGasRetailPromotionMaterialDetail`(IN _id INT, IN _quantity INT)
BEGIN
	UPDATE gas_retail_promotion SET quantity=_quantity WHERE id=_id;
    END */$$
DELIMITER ;

/* Procedure structure for procedure `updateGasRetailReturnShellDetail` */

/*!50003 DROP PROCEDURE IF EXISTS  `updateGasRetailReturnShellDetail` */;

DELIMITER $$

/*!50003 CREATE DEFINER=`root`@`localhost` PROCEDURE `updateGasRetailReturnShellDetail`(IN _id INT, IN _quantity INT)
BEGIN
	UPDATE gas_retail_return_shell SET quantity=_quantity WHERE id=_id;
    END */$$
DELIMITER ;

/* Procedure structure for procedure `updateGasReturn` */

/*!50003 DROP PROCEDURE IF EXISTS  `updateGasReturn` */;

DELIMITER $$

/*!50003 CREATE DEFINER=`root`@`localhost` PROCEDURE `updateGasReturn`(IN _id INT, IN _customer_id INT, IN _total DOUBLE, IN _paid DOUBLE, IN _debt DOUBLE
	, IN _discount DOUBLE, IN _total_pay DOUBLE, IN _account_id INT, IN _note TEXT)
BEGIN
	UPDATE gas_return SET total=_total
		, customer_id=_customer_id
		, paid=_paid
		, debt=_debt
		, discount=_discount
		, total_pay=_total_pay
		, account_id=_account_id
		, note=_note
	WHERE id=_id;
    END */$$
DELIMITER ;

/* Procedure structure for procedure `updateGasReturnDetail` */

/*!50003 DROP PROCEDURE IF EXISTS  `updateGasReturnDetail` */;

DELIMITER $$

/*!50003 CREATE DEFINER=`root`@`localhost` PROCEDURE `updateGasReturnDetail`(IN _id INT, IN _quantity INT, IN _price DOUBLE, IN _amount DOUBLE)
BEGIN
	UPDATE gas_return_detail SET quantity=_quantity, price=_price, amount=_amount WHERE id=_id;
    END */$$
DELIMITER ;

/* Procedure structure for procedure `updateGasWholesale` */

/*!50003 DROP PROCEDURE IF EXISTS  `updateGasWholesale` */;

DELIMITER $$

/*!50003 CREATE DEFINER=`root`@`localhost` PROCEDURE `updateGasWholesale`(IN _id INT, IN _created_date VARCHAR(20), IN _vehicle_out_id INT, IN _total DOUBLE, IN _paid DOUBLE
	, IN _debt DOUBLE, IN _discount DOUBLE, IN _total_pay DOUBLE, IN _account_id INT, IN _note TEXT, IN _gas_return INT, IN _gas_return_price DOUBLE
	, IN _gas_return_amount DOUBLE, IN _customer_id INT, IN _old_paid_debt DOUBLE)
BEGIN
	DECLARE _organization_id, _vendor_id, _old_wholesale_debt_id INT DEFAULT 0;
	declare _old_paid, _old_debt, _old_old_paid_debt double default 0;
	
	UPDATE gas_wholesale SET vehicle_out_id=_vehicle_out_id
		, created_date=STR_TO_DATE(_created_date,'%d/%m/%Y')
		, total=_total
		, paid=_paid
		, debt=_debt
		, discount=_discount
		, total_pay=_total_pay
		, account_id=_account_id
		, note=_note
		, gas_return=_gas_return
		, gas_return_price=_gas_return_price
		, gas_return_amount=_gas_return_amount
		, customer_id=_customer_id
		, paid_old_debt_amount=_old_paid_debt
	WHERE id=_id;
	IF _old_paid_debt<>_old_old_paid_debt or _old_paid_debt<>0 or _old_old_paid_debt<>0 THEN
		select id into _old_wholesale_debt_id from wholesale_debt where gas_wholesale_id=_id limit 1;
		if _old_wholesale_debt_id=0 then
			CALL insertDebtWholesale(CONCAT(_code,'_auto'), _customer_id, _created_date, _old_paid_debt, _account_id, '', _created_employee_id, 1, _id, @auto_id);
		else
			update wholesale_debt set paid=_old_paid_debt 
				, customer_id=_customer_id
				, paid=_old_paid_debt
				, account_id=_account_id
			where id=_old_wholesale_debt_id;
		end if;
	END IF;
	
    END */$$
DELIMITER ;

/* Procedure structure for procedure `updateGasWholesaleDetail` */

/*!50003 DROP PROCEDURE IF EXISTS  `updateGasWholesaleDetail` */;

DELIMITER $$

/*!50003 CREATE DEFINER=`root`@`localhost` PROCEDURE `updateGasWholesaleDetail`(IN _id INT, IN _quantity INT, IN _price DOUBLE, IN _amount DOUBLE)
BEGIN
	UPDATE gas_wholesale_detail SET quantity=_quantity, price=_price, amount=_amount WHERE id=_id;
    END */$$
DELIMITER ;

/* Procedure structure for procedure `updateGasWholesaleFeeDetail` */

/*!50003 DROP PROCEDURE IF EXISTS  `updateGasWholesaleFeeDetail` */;

DELIMITER $$

/*!50003 CREATE DEFINER=`root`@`localhost` PROCEDURE `updateGasWholesaleFeeDetail`(IN _id INT, IN _amount INT, IN _note TEXT)
BEGIN
	update gas_wholesale_fee_detail set amount=_amount, note=_note where id=_id;
    END */$$
DELIMITER ;

/* Procedure structure for procedure `updateGasWholesalePromotionMaterialDetail` */

/*!50003 DROP PROCEDURE IF EXISTS  `updateGasWholesalePromotionMaterialDetail` */;

DELIMITER $$

/*!50003 CREATE DEFINER=`root`@`localhost` PROCEDURE `updateGasWholesalePromotionMaterialDetail`(IN _id INT, IN _quantity INT)
BEGIN
	UPDATE gas_wholesale_promotion SET quantity=_quantity WHERE id=_id;
    END */$$
DELIMITER ;

/* Procedure structure for procedure `updateGasWholesaleReturnShellDetail` */

/*!50003 DROP PROCEDURE IF EXISTS  `updateGasWholesaleReturnShellDetail` */;

DELIMITER $$

/*!50003 CREATE DEFINER=`root`@`localhost` PROCEDURE `updateGasWholesaleReturnShellDetail`(IN _id INT, IN _quantity INT)
BEGIN
	UPDATE gas_wholesale_return_shell SET quantity=_quantity WHERE id=_id;
    END */$$
DELIMITER ;

/* Procedure structure for procedure `updateGoodImport` */

/*!50003 DROP PROCEDURE IF EXISTS  `updateGoodImport` */;

DELIMITER $$

/*!50003 CREATE DEFINER=`root`@`localhost` PROCEDURE `updateGoodImport`(IN _id INT, IN _created_date VARCHAR(20), IN _rate DOUBLE, IN _total DOUBLE, IN _paid DOUBLE
	, IN _debt DOUBLE, IN _account_id INT, IN _note TEXT, IN _vendor_id INT, IN _store_id INT)
BEGIN
	UPDATE good_import SET rate=_rate
		, total=_total
		, paid=_paid
		, debt=_debt
		, account_id=_account_id
		, note=_note
		, vendor_id=_vendor_id
		, store_id=_store_id 
		, created_date=STR_TO_DATE(_created_date,'%d/%m/%Y')
	WHERE id=_id;
    END */$$
DELIMITER ;

/* Procedure structure for procedure `updateGoodImportDetail` */

/*!50003 DROP PROCEDURE IF EXISTS  `updateGoodImportDetail` */;

DELIMITER $$

/*!50003 CREATE DEFINER=`root`@`localhost` PROCEDURE `updateGoodImportDetail`(IN _id INT, IN _quantity INT, IN _price DOUBLE, IN _amount DOUBLE)
BEGIN
	UPDATE good_import_detail SET quantity=_quantity, price=_price, amount=_amount WHERE id=_id;
    END */$$
DELIMITER ;

/* Procedure structure for procedure `updateIncome` */

/*!50003 DROP PROCEDURE IF EXISTS  `updateIncome` */;

DELIMITER $$

/*!50003 CREATE DEFINER=`root`@`localhost` PROCEDURE `updateIncome`(IN _id INT, IN _created_date VARCHAR(20), IN _amount DOUBLE, IN _account_id INT, IN _note TEXT, IN _content TEXT, in _type int)
BEGIN
	UPDATE income SET amount=_amount, account_id=_account_id, note=_note, content=_content, `type`=_type, created_date=STR_TO_DATE(_created_date,'%d/%m/%Y') WHERE id=_id;
    END */$$
DELIMITER ;

/* Procedure structure for procedure `updateInvoice` */

/*!50003 DROP PROCEDURE IF EXISTS  `updateInvoice` */;

DELIMITER $$

/*!50003 CREATE DEFINER=`root`@`localhost` PROCEDURE `updateInvoice`(in _id int, IN _number TEXT, IN _created_date VARCHAR(20)
	, IN _amount DOUBLE, IN _amount_paid DOUBLE, IN _note TEXT)
BEGIN
	update invoice set number=_number
		, created_date=STR_TO_DATE(_created_date,'%d/%m/%Y')
		, amount=_amount
		, amount_paid=_amount_paid
		, note=_note
	where id=_id;
    END */$$
DELIMITER ;

/* Procedure structure for procedure `updateInvoiceDetail` */

/*!50003 DROP PROCEDURE IF EXISTS  `updateInvoiceDetail` */;

DELIMITER $$

/*!50003 CREATE DEFINER=`root`@`localhost` PROCEDURE `updateInvoiceDetail`(in _id int, IN _paid INT, in _commissioned int, IN _paid_amount DOUBLE)
BEGIN
	update invoice_detail set paid=_paid, commissioned=_commissioned, paid_amount=_paid_amount where id=_id;
    END */$$
DELIMITER ;

/* Procedure structure for procedure `updateInvoicePaidDetail` */

/*!50003 DROP PROCEDURE IF EXISTS  `updateInvoicePaidDetail` */;

DELIMITER $$

/*!50003 CREATE DEFINER=`root`@`localhost` PROCEDURE `updateInvoicePaidDetail`(IN _id INT, IN _amount DOUBLE)
BEGIN
	update invoice_paid_detail set amount=_amount where id=_id;
    END */$$
DELIMITER ;

/* Procedure structure for procedure `updateInvoiceSolar` */

/*!50003 DROP PROCEDURE IF EXISTS  `updateInvoiceSolar` */;

DELIMITER $$

/*!50003 CREATE DEFINER=`root`@`localhost` PROCEDURE `updateInvoiceSolar`(IN _id INT, IN _number TEXT, IN _created_date VARCHAR(20)
	, IN _amount DOUBLE, IN _amount_paid DOUBLE, IN _note TEXT)
BEGIN
	UPDATE invoice_solar SET number=_number
		, created_date=STR_TO_DATE(_created_date,'%d/%m/%Y')
		, amount=_amount
		, amount_paid=_amount_paid
		, note=_note
	WHERE id=_id;
    END */$$
DELIMITER ;

/* Procedure structure for procedure `updateInvoiceSolarDetail` */

/*!50003 DROP PROCEDURE IF EXISTS  `updateInvoiceSolarDetail` */;

DELIMITER $$

/*!50003 CREATE DEFINER=`root`@`localhost` PROCEDURE `updateInvoiceSolarDetail`(IN _id INT, IN _paid INT, IN _commissioned INT, IN _paid_amount DOUBLE)
BEGIN
	UPDATE invoice_solar_detail SET paid=_paid, commissioned=_commissioned, paid_amount=_paid_amount WHERE id=_id;
    END */$$
DELIMITER ;

/* Procedure structure for procedure `updateInvoiceSolarPaidDetail` */

/*!50003 DROP PROCEDURE IF EXISTS  `updateInvoiceSolarPaidDetail` */;

DELIMITER $$

/*!50003 CREATE DEFINER=`root`@`localhost` PROCEDURE `updateInvoiceSolarPaidDetail`(IN _id INT, IN _amount DOUBLE)
BEGIN
	UPDATE invoice_solar_paid_detail SET amount=_amount WHERE id=_id;
    END */$$
DELIMITER ;

/* Procedure structure for procedure `updateLoVo` */

/*!50003 DROP PROCEDURE IF EXISTS  `updateLoVo` */;

DELIMITER $$

/*!50003 CREATE DEFINER=`root`@`localhost` PROCEDURE `updateLoVo`(IN _id INT, IN _quantity INT, IN _note TEXT)
BEGIN
	UPDATE lo_vo SET quantity=_quantity
		, note=_note
	WHERE id=_id;
    END */$$
DELIMITER ;

/* Procedure structure for procedure `updateLoVoEmployeeDetail` */

/*!50003 DROP PROCEDURE IF EXISTS  `updateLoVoEmployeeDetail` */;

DELIMITER $$

/*!50003 CREATE DEFINER=`root`@`localhost` PROCEDURE `updateLoVoEmployeeDetail`(IN _id INT, IN _employee_id INT, IN _note TEXT)
BEGIN
	UPDATE lo_vo_employee_detail SET employee_id=_employee_id, note=_note WHERE id=_id;
    END */$$
DELIMITER ;

/* Procedure structure for procedure `updateLpgImport` */

/*!50003 DROP PROCEDURE IF EXISTS  `updateLpgImport` */;

DELIMITER $$

/*!50003 CREATE DEFINER=`root`@`localhost` PROCEDURE `updateLpgImport`(IN _id INT, IN _import_date VARCHAR(20), IN _vendor_id INT, in _kind int
	, IN _paper_quantity FLOAT, IN _actual_quantity FLOAT, IN _price DOUBLE, IN _vat DOUBLE, IN _invoice_amount DOUBLE, IN _amount DOUBLE
	, IN _paid DOUBLE, IN _debt DOUBLE, IN _rate DOUBLE, IN _account_id INT, IN _route_id INT, IN _note TEXT, IN _link_lpg_codes TEXT)
BEGIN
	DECLARE _link_lpg_ids TEXT DEFAULT '';
		
	SELECT GROUP_CONCAT(id) INTO _link_lpg_ids FROM lpg_sale WHERE CONCAT('%,',_link_lpg_codes,',%') LIKE CONCAT('%,',CODE,',%');
	
	UPDATE lpg_import SET vendor_id=_vendor_id
		, kind=_kind
		, import_date=STR_TO_DATE(_import_date,'%d/%m/%Y')
		, paper_quantity=_paper_quantity
		, actual_quantity=_actual_quantity
		, price=_price
		, vat=_vat
		, invoice_amount=_invoice_amount
		, amount=_amount
		, paid=_paid
		, debt=_debt
		, rate=_rate
		, account_id=_account_id
		, route_id=_route_id
		, note=_note
		, link_lpg_codes=_link_lpg_codes
		, link_lpg_ids=_link_lpg_ids
	WHERE id=_id;
    END */$$
DELIMITER ;

/* Procedure structure for procedure `updateLpgSale` */

/*!50003 DROP PROCEDURE IF EXISTS  `updateLpgSale` */;

DELIMITER $$

/*!50003 CREATE DEFINER=`root`@`localhost` PROCEDURE `updateLpgSale`(IN _id INT, IN _kind INT, IN _customer_id INT, IN _sale_date VARCHAR(20), IN _quantity FLOAT
	, IN _price DOUBLE, IN _price_transport DOUBLE, IN _vat DOUBLE, IN _rate DOUBLE, IN _amount DOUBLE, IN _paid DOUBLE, IN _debt DOUBLE, IN _account_id INT, IN _route_id INT, IN _note TEXT)
BEGIN
	UPDATE lpg_sale SET customer_id=_customer_id
		, sale_date=STR_TO_DATE(_sale_date,'%d/%m/%Y')
		, quantity=_quantity
		, price=_price
		, price_transport=_price_transport
		, vat=_vat
		, rate=_rate
		, amount=_amount
		, paid=_paid
		, debt=_debt
		, account_id=_account_id
		, route_id=_route_id
		, note=_note
		, kind=_kind
	WHERE id=_id;
    END */$$
DELIMITER ;

/* Procedure structure for procedure `updateOilExport` */

/*!50003 DROP PROCEDURE IF EXISTS  `updateOilExport` */;

DELIMITER $$

/*!50003 CREATE DEFINER=`root`@`localhost` PROCEDURE `updateOilExport`(IN _id INT, IN _created_date VARCHAR(20), IN _total DOUBLE, IN _note TEXT)
BEGIN
	UPDATE oil_export SET total=_total, note=_note, created_date=STR_TO_DATE(_created_date,'%d/%m/%Y') WHERE id=_id;
    END */$$
DELIMITER ;

/* Procedure structure for procedure `updateOilExportDetail` */

/*!50003 DROP PROCEDURE IF EXISTS  `updateOilExportDetail` */;

DELIMITER $$

/*!50003 CREATE DEFINER=`root`@`localhost` PROCEDURE `updateOilExportDetail`(IN _id INT, IN _quantity INT)
BEGIN
	update oil_export_detail set quantity=_quantity where id=_id;
    END */$$
DELIMITER ;

/* Procedure structure for procedure `updateOilImport` */

/*!50003 DROP PROCEDURE IF EXISTS  `updateOilImport` */;

DELIMITER $$

/*!50003 CREATE DEFINER=`root`@`localhost` PROCEDURE `updateOilImport`(IN _id INT, IN _created_date VARCHAR(20), IN _commission FLOAT, IN _rate DOUBLE
	, IN _total_before_commission DOUBLE, IN _total DOUBLE, IN _paid DOUBLE, IN _debt DOUBLE, IN _account_id INT, IN _note TEXT, IN _store_id INT, IN _vendor_id INT)
BEGIN
	UPDATE oil_import SET rate=_rate
		, total_before_commission=_total_before_commission
		, total=_total
		, paid=_paid
		, debt=_debt
		, account_id=_account_id
		, note=_note
		, store_id=_store_id
		, vendor_id=_vendor_id
		, commission=_commission
		, created_date=STR_TO_DATE(_created_date,'%d/%m/%Y')
	WHERE id=_id;
    END */$$
DELIMITER ;

/* Procedure structure for procedure `updateOilImportDetail` */

/*!50003 DROP PROCEDURE IF EXISTS  `updateOilImportDetail` */;

DELIMITER $$

/*!50003 CREATE DEFINER=`root`@`localhost` PROCEDURE `updateOilImportDetail`(IN _id INT, IN _quantity INT, IN _price DOUBLE, IN _amount DOUBLE)
BEGIN
	DECLARE _oil_id, _unit_id, _base_unit_id, _rate_quantity INT DEFAULT 0;
	
	SELECT fdet.oil_id, fdet.unit_id
	INTO _oil_id, _unit_id
	FROM oil_import_detail AS fdet
	WHERE fdet.id=_id;
	
	SELECT base_unit_id INTO _base_unit_id FROM oil WHERE id=_oil_id;
	IF _base_unit_id<>_unit_id THEN
		SELECT rate INTO _rate_quantity FROM unit_rate WHERE parent_unit_id=_unit_id AND base_unit_id=_base_unit_id;
		IF _rate_quantity=0 THEN
			SET _rate_quantity = _quantity;
		ELSE
			SET _rate_quantity = _rate_quantity * _quantity;
		END IF;
	ELSE
		SET _rate_quantity=_quantity;
	END IF;
	
	UPDATE oil_import_detail SET quantity=_quantity, base_quantity=_rate_quantity, price=_price, amount=_amount WHERE id=_id;
    END */$$
DELIMITER ;

/* Procedure structure for procedure `updateOldShell` */

/*!50003 DROP PROCEDURE IF EXISTS  `updateOldShell` */;

DELIMITER $$

/*!50003 CREATE DEFINER=`root`@`localhost` PROCEDURE `updateOldShell`(IN _id INT, IN _created_date VARCHAR(20), IN _quantity INT, IN _shell_id int, IN _note TEXT)
BEGIN
	UPDATE old_shell SET created_date=STR_TO_DATE(_created_date,'%d/%m/%Y'), quantity=_quantity, shell_id=_shell_id, note=_note WHERE id=_id;
    END */$$
DELIMITER ;

/* Procedure structure for procedure `updatePetroImport` */

/*!50003 DROP PROCEDURE IF EXISTS  `updatePetroImport` */;

DELIMITER $$

/*!50003 CREATE DEFINER=`root`@`localhost` PROCEDURE `updatePetroImport`(IN _id INT, IN _created_date VARCHAR(20), IN _rate DOUBLE, IN _total DOUBLE, IN _paid DOUBLE
	, IN _debt DOUBLE, IN _account_id INT, IN _note TEXT, in _vendor_id int, in _store_id int)
BEGIN
	UPDATE petro_import SET rate=_rate
		, created_date=STR_TO_DATE(_created_date,'%d/%m/%Y')
		, total=_total
		, paid=_paid
		, debt=_debt
		, account_id=_account_id
		, note=_note 
		, vendor_id=_vendor_id
		, store_id=_store_id
	WHERE id=_id;
    END */$$
DELIMITER ;

/* Procedure structure for procedure `updatePetroImportDetail` */

/*!50003 DROP PROCEDURE IF EXISTS  `updatePetroImportDetail` */;

DELIMITER $$

/*!50003 CREATE DEFINER=`root`@`localhost` PROCEDURE `updatePetroImportDetail`(IN _id INT, IN _quantity INT, IN _price DOUBLE, IN _amount DOUBLE)
BEGIN
	UPDATE petro_import_detail SET quantity=_quantity, price=_price, amount=_amount WHERE id=_id;
    END */$$
DELIMITER ;

/* Procedure structure for procedure `updatePromotionMaterialImport` */

/*!50003 DROP PROCEDURE IF EXISTS  `updatePromotionMaterialImport` */;

DELIMITER $$

/*!50003 CREATE DEFINER=`root`@`localhost` PROCEDURE `updatePromotionMaterialImport`(IN _id INT, IN _created_date VARCHAR(20), IN _vendor_id INT, IN _total DOUBLE
	, IN _paid DOUBLE, IN _debt DOUBLE, IN _account_id INT, IN _note TEXT)
BEGIN
	UPDATE promotion_material_import SET total=_total
		, paid=_paid
		, debt=_debt
		, account_id=_account_id
		, note=_note 
		, vendor_id=_vendor_id
		, created_date=STR_TO_DATE(_created_date,'%d/%m/%Y')
	WHERE id=_id;
    END */$$
DELIMITER ;

/* Procedure structure for procedure `updatePromotionMaterialImportDetail` */

/*!50003 DROP PROCEDURE IF EXISTS  `updatePromotionMaterialImportDetail` */;

DELIMITER $$

/*!50003 CREATE DEFINER=`root`@`localhost` PROCEDURE `updatePromotionMaterialImportDetail`(IN _id INT, IN _quantity INT, IN _price DOUBLE, IN _amount DOUBLE)
BEGIN
	UPDATE promotion_material_import_detail SET quantity=_quantity, price=_price, amount=_amount WHERE id=_id;
    END */$$
DELIMITER ;

/* Procedure structure for procedure `updateSalary` */

/*!50003 DROP PROCEDURE IF EXISTS  `updateSalary` */;

DELIMITER $$

/*!50003 CREATE DEFINER=`root`@`localhost` PROCEDURE `updateSalary`(in _id int, in _total double)
BEGIN
	update employee_salary set total=_total where id=_id;
    END */$$
DELIMITER ;

/* Procedure structure for procedure `updateSalaryField` */

/*!50003 DROP PROCEDURE IF EXISTS  `updateSalaryField` */;

DELIMITER $$

/*!50003 CREATE DEFINER=`root`@`localhost` PROCEDURE `updateSalaryField`(in _id int, in _amount double, in _note text)
BEGIN
	update employee_salary_field_detail set amount=_amount, note=_note where id=_id;
    END */$$
DELIMITER ;

/* Procedure structure for procedure `updateSaleAccessory` */

/*!50003 DROP PROCEDURE IF EXISTS  `updateSaleAccessory` */;

DELIMITER $$

/*!50003 CREATE DEFINER=`root`@`localhost` PROCEDURE `updateSaleAccessory`(IN _id INT, IN _created_date VARCHAR(20), IN _total DOUBLE, IN _paid DOUBLE, IN _debt DOUBLE
	, IN _discount DOUBLE, IN _total_pay DOUBLE, IN _account_id INT, IN _note TEXT)
BEGIN
	UPDATE accessory_sale SET total=_total
		, paid=_paid
		, debt=_debt
		, discount=_discount
		, total_pay=_total_pay
		, account_id=_account_id
		, note=_note
		, created_date=STR_TO_DATE(_created_date,'%d/%m/%Y')
	WHERE id=_id;
    END */$$
DELIMITER ;

/* Procedure structure for procedure `updateSaleAccessoryChnageDetail` */

/*!50003 DROP PROCEDURE IF EXISTS  `updateSaleAccessoryChnageDetail` */;

DELIMITER $$

/*!50003 CREATE DEFINER=`root`@`localhost` PROCEDURE `updateSaleAccessoryChnageDetail`(IN _id INT, IN _quantity INT, IN _price DOUBLE, IN _amount DOUBLE)
BEGIN
	UPDATE accessory_sale_change_detail SET quantity=_quantity, price=_price, amount=_amount WHERE id=_id;
    END */$$
DELIMITER ;

/* Procedure structure for procedure `updateSaleAccessoryDetail` */

/*!50003 DROP PROCEDURE IF EXISTS  `updateSaleAccessoryDetail` */;

DELIMITER $$

/*!50003 CREATE DEFINER=`root`@`localhost` PROCEDURE `updateSaleAccessoryDetail`(IN _id INT, IN _quantity INT, IN _price DOUBLE, IN _amount DOUBLE)
BEGIN
	UPDATE accessory_sale_detail SET quantity=_quantity, price=_price, amount=_amount WHERE id=_id;
    END */$$
DELIMITER ;

/* Procedure structure for procedure `updateSaleGood` */

/*!50003 DROP PROCEDURE IF EXISTS  `updateSaleGood` */;

DELIMITER $$

/*!50003 CREATE DEFINER=`root`@`localhost` PROCEDURE `updateSaleGood`(IN _id INT, IN _created_date VARCHAR(20), IN _customer_id INT, IN _store_id INT, IN _total DOUBLE
	, IN _paid DOUBLE, IN _debt DOUBLE, IN _discount DOUBLE, IN _total_pay DOUBLE, IN _account_id INT, IN _note TEXT)
BEGIN
	UPDATE good_sale SET total=_total
		, customer_id=_customer_id
		, store_id=_store_id
		, paid=_paid
		, debt=_debt
		, discount=_discount
		, total_pay=_total_pay
		, account_id=_account_id
		, note=_note
		, created_date=STR_TO_DATE(_created_date,'%d/%m/%Y')
	WHERE id=_id;
    END */$$
DELIMITER ;

/* Procedure structure for procedure `updateSaleGoodDetail` */

/*!50003 DROP PROCEDURE IF EXISTS  `updateSaleGoodDetail` */;

DELIMITER $$

/*!50003 CREATE DEFINER=`root`@`localhost` PROCEDURE `updateSaleGoodDetail`(IN _id INT, IN _quantity INT, IN _price DOUBLE, IN _amount DOUBLE)
BEGIN
	UPDATE good_sale_detail SET quantity=_quantity, price=_price, amount=_amount WHERE id=_id;
    END */$$
DELIMITER ;

/* Procedure structure for procedure `updateSaleInner` */

/*!50003 DROP PROCEDURE IF EXISTS  `updateSaleInner` */;

DELIMITER $$

/*!50003 CREATE DEFINER=`root`@`localhost` PROCEDURE `updateSaleInner`(IN _id INT, IN _created_date VARCHAR(20), IN _total DOUBLE, IN _paid DOUBLE, IN _debt DOUBLE
	, IN _discount DOUBLE, IN _total_pay DOUBLE, IN _account_id INT, IN _note TEXT, IN _employee_id INT)
BEGIN
	DECLARE _old_employee_advance_id, _created_employee_id INT DEFAULT 0;
	
	SELECT f.created_employee_id
	INTO _created_employee_id
	FROM inner_sale AS f, employee AS eo 
	WHERE f.id=_id AND f.created_employee_id=eo.id;
	
	UPDATE inner_sale SET total=_total
		, created_date=STR_TO_DATE(_created_date,'%d/%m/%Y')
		, paid=_paid
		, debt=_debt
		, discount=_discount
		, total_pay=_total_pay
		, account_id=_account_id
		, note=_note 
		, employee_id=_employee_id
	WHERE id=_id;
	
	SELECT id INTO _old_employee_advance_id FROM employee_advance WHERE inner_sale_id=_id LIMIT 1;
	IF _old_employee_advance_id=0 THEN
		CALL insertEmployeeAdvance(CONCAT(_code,'_auto'), _employee_id, _created_date, _debt, _account_id, _note, _created_employee_id, _id, @auto_id);
	ELSE
		UPDATE employee_advance SET amount=_debt 
			, employee_id=_employee_id
			, advance_date=STR_TO_DATE(_created_date,'%d/%m/%Y')
			, account_id=_account_id
		WHERE id=_old_employee_advance_id;
	END IF;
    END */$$
DELIMITER ;

/* Procedure structure for procedure `updateSaleInnerDetail` */

/*!50003 DROP PROCEDURE IF EXISTS  `updateSaleInnerDetail` */;

DELIMITER $$

/*!50003 CREATE DEFINER=`root`@`localhost` PROCEDURE `updateSaleInnerDetail`(IN _id INT, IN _quantity INT, IN _price DOUBLE, IN _amount DOUBLE)
BEGIN
	UPDATE inner_sale_detail SET quantity=_quantity, price=_price, amount=_amount WHERE id=_id;
    END */$$
DELIMITER ;

/* Procedure structure for procedure `updateSaleOil` */

/*!50003 DROP PROCEDURE IF EXISTS  `updateSaleOil` */;

DELIMITER $$

/*!50003 CREATE DEFINER=`root`@`localhost` PROCEDURE `updateSaleOil`(IN _id INT, IN _created_date VARCHAR(20), IN _customer_id INT, IN _total DOUBLE
	, IN _paid DOUBLE, IN _debt DOUBLE, IN _discount DOUBLE, IN _total_pay DOUBLE, IN _account_id INT, IN _commission FLOAT, IN _commission_kind INT
	, IN _commission_amount DOUBLE, IN _gap_agency_amount DOUBLE, IN _gap_customer_amount DOUBLE, IN _total_before_commission DOUBLE, IN _note TEXT
	, IN _is_calculate_agency_commission INT)
BEGIN
	UPDATE oil_sale SET total=_total
		, customer_id=_customer_id
		, paid=_paid
		, debt=_debt
		, discount=_discount
		, total_pay=_total_pay
		, account_id=_account_id
		, note=_note
		, created_date=STR_TO_DATE(_created_date,'%d/%m/%Y')
		, commission=_commission
		, commission_kind=_commission_kind
		, commission_amount=_commission_amount
		, gap_agency_amount=_gap_agency_amount
		, gap_customer_amount=_gap_customer_amount
		, total_before_commission=_total_before_commission
		, is_calculate_agency_commission=_is_calculate_agency_commission
	WHERE id=_id;
    END */$$
DELIMITER ;

/* Procedure structure for procedure `updateSaleOilDetail` */

/*!50003 DROP PROCEDURE IF EXISTS  `updateSaleOilDetail` */;

DELIMITER $$

/*!50003 CREATE DEFINER=`root`@`localhost` PROCEDURE `updateSaleOilDetail`(IN _id INT, IN _quantity INT, IN _price DOUBLE, IN _amount DOUBLE
	, IN _price_before_commission DOUBLE, IN _commssion_price FLOAT, IN _first_amount DOUBLE, IN _commission FLOAT, IN _gap_agency_amount DOUBLE
	, IN _gap_customer_amount DOUBLE, IN _created_date VARCHAR(20))
BEGIN
	DECLARE _oil_id, _unit_id, _base_unit_id, _rate_quantity INT DEFAULT 0;
	
	SELECT fdet.oil_id, fdet.unit_id
	INTO _oil_id, _unit_id
	FROM oil_sale_detail AS fdet
	WHERE fdet.id=_id;
	
	SELECT base_unit_id INTO _base_unit_id FROM oil WHERE id=_oil_id;
	IF _base_unit_id<>_unit_id THEN
		SELECT rate INTO _rate_quantity FROM unit_rate WHERE parent_unit_id=_unit_id AND base_unit_id=_base_unit_id;
		IF _rate_quantity=0 THEN
			SET _rate_quantity = _quantity;
		ELSE
			SET _rate_quantity = _rate_quantity * _quantity;
		END IF;
	ELSE
		SET _rate_quantity=_quantity;
	END IF;
	
	UPDATE oil_sale_detail SET quantity=_quantity
		, base_quantity=_rate_quantity
		, price=_price
		, amount=_amount 
		, price_before_commission=_price_before_commission 
		, commission_price=_commssion_price 
		, first_amount=_first_amount 
		, commission=_commission 
		, gap_agency_amount=_gap_agency_amount 
		, gap_customer_amount=_gap_customer_amount 
	WHERE id=_id;
    END */$$
DELIMITER ;

/* Procedure structure for procedure `updateSaleOilPromotionMaterialDetail` */

/*!50003 DROP PROCEDURE IF EXISTS  `updateSaleOilPromotionMaterialDetail` */;

DELIMITER $$

/*!50003 CREATE DEFINER=`root`@`localhost` PROCEDURE `updateSaleOilPromotionMaterialDetail`(IN _id INT, IN _quantity INT)
BEGIN
	DECLARE _oil_id, _unit_id, _base_unit_id, _rate_quantity INT DEFAULT 0;
	
	SELECT fdet.oil_id, fdet.unit_id
	INTO _oil_id, _unit_id
	FROM oil_sale_promotion AS fdet
	WHERE fdet.id=_id;
	
	SELECT base_unit_id INTO _base_unit_id FROM oil WHERE id=_oil_id;
	IF _base_unit_id<>_unit_id THEN
		SELECT rate INTO _rate_quantity FROM unit_rate WHERE parent_unit_id=_unit_id AND base_unit_id=_base_unit_id;
		IF _rate_quantity=0 THEN
			SET _rate_quantity = _quantity;
		ELSE
			SET _rate_quantity = _rate_quantity * _quantity;
		END IF;
	ELSE
		SET _rate_quantity=_quantity;
	END IF;
	
	UPDATE oil_sale_promotion SET quantity=_quantity, base_quantity=_rate_quantity WHERE id=_id;
    END */$$
DELIMITER ;

/* Procedure structure for procedure `updateSaleOilReturn` */

/*!50003 DROP PROCEDURE IF EXISTS  `updateSaleOilReturn` */;

DELIMITER $$

/*!50003 CREATE DEFINER=`root`@`localhost` PROCEDURE `updateSaleOilReturn`(IN _id INT, IN _created_date VARCHAR(20), IN _customer_id INT, IN _total DOUBLE
	, IN _paid DOUBLE, IN _debt DOUBLE, IN _total_pay DOUBLE, IN _account_id INT, IN _commission FLOAT, IN _commission_kind INT
	, IN _commission_amount DOUBLE, IN _gap_agency_amount DOUBLE, IN _gap_customer_amount DOUBLE, IN _total_before_commission DOUBLE, IN _note TEXT)
BEGIN
	UPDATE oil_sale SET total=_total
		, customer_id=_customer_id
		, paid=_paid
		, debt=_debt
		, total_pay=_total_pay
		, account_id=_account_id
		, note=_note
		, created_date=STR_TO_DATE(_created_date,'%d/%m/%Y')
		, commission=_commission
		, commission_kind=_commission_kind
		, commission_amount=_commission_amount
		, gap_agency_amount=_gap_agency_amount
		, gap_customer_amount=_gap_customer_amount
		, total_before_commission=_total_before_commission
	WHERE id=_id;
    END */$$
DELIMITER ;

/* Procedure structure for procedure `updateSaleOilReturnDetail` */

/*!50003 DROP PROCEDURE IF EXISTS  `updateSaleOilReturnDetail` */;

DELIMITER $$

/*!50003 CREATE DEFINER=`root`@`localhost` PROCEDURE `updateSaleOilReturnDetail`(IN _id INT, IN _quantity INT, IN _price DOUBLE, IN _amount DOUBLE
	, IN _price_before_commission DOUBLE, IN _commssion_price FLOAT, IN _first_amount DOUBLE, IN _commission FLOAT, IN _gap_agency_amount DOUBLE
	, IN _gap_customer_amount DOUBLE)
BEGIN
	DECLARE _oil_id, _unit_id, _base_unit_id, _rate_quantity INT DEFAULT 0;
	SELECT fdet.oil_id, fdet.unit_id
	INTO _oil_id, _unit_id
	FROM oil_sale_return_detail AS fdet
	WHERE fdet.id=_id;
	
	SELECT base_unit_id INTO _base_unit_id FROM oil WHERE id=_oil_id;
	IF _base_unit_id<>_unit_id THEN
		SELECT rate INTO _rate_quantity FROM unit_rate WHERE parent_unit_id=_unit_id AND base_unit_id=_base_unit_id;
		IF _rate_quantity=0 THEN
			SET _rate_quantity = _quantity;
		ELSE
			SET _rate_quantity = _rate_quantity * _quantity;
		END IF;
	ELSE
		SET _rate_quantity=_quantity;
	END IF;
	
	UPDATE oil_sale_return_detail SET quantity=_quantity
		, base_quantity=_rate_quantity
		, price=_price
		, amount=_amount 
		, price_before_commission=_price_before_commission 
		, commission_price=_commssion_price 
		, first_amount=_first_amount 
		, commission=_commission 
		, gap_agency_amount=_gap_agency_amount 
		, gap_customer_amount=_gap_customer_amount 
	WHERE id=_id;
    END */$$
DELIMITER ;

/* Procedure structure for procedure `updateSalePetro` */

/*!50003 DROP PROCEDURE IF EXISTS  `updateSalePetro` */;

DELIMITER $$

/*!50003 CREATE DEFINER=`root`@`localhost` PROCEDURE `updateSalePetro`(IN _id INT, IN _created_date VARCHAR(20), in _customer_id int, in _store_id int, IN _total DOUBLE
	, IN _paid DOUBLE, IN _debt DOUBLE, IN _discount DOUBLE, IN _total_pay DOUBLE, IN _account_id INT, IN _note TEXT)
BEGIN
	UPDATE petro_sale SET total=_total
		, customer_id=_customer_id
		, store_id=_store_id
		, paid=_paid
		, debt=_debt
		, discount=_discount
		, total_pay=_total_pay
		, account_id=_account_id
		, note=_note
		, created_date=STR_TO_DATE(_created_date,'%d/%m/%Y')
	WHERE id=_id;
    END */$$
DELIMITER ;

/* Procedure structure for procedure `updateSalePetroDetail` */

/*!50003 DROP PROCEDURE IF EXISTS  `updateSalePetroDetail` */;

DELIMITER $$

/*!50003 CREATE DEFINER=`root`@`localhost` PROCEDURE `updateSalePetroDetail`(IN _id INT, IN _quantity INT, IN _price DOUBLE, IN _amount DOUBLE)
BEGIN
	UPDATE petro_sale_detail SET quantity=_quantity, price=_price, amount=_amount WHERE id=_id;
    END */$$
DELIMITER ;

/* Procedure structure for procedure `updateSaleShell` */

/*!50003 DROP PROCEDURE IF EXISTS  `updateSaleShell` */;

DELIMITER $$

/*!50003 CREATE DEFINER=`root`@`localhost` PROCEDURE `updateSaleShell`(IN _id INT, IN _created_date VARCHAR(20), IN _total DOUBLE, IN _paid DOUBLE, IN _debt DOUBLE
	, IN _discount DOUBLE, IN _total_pay DOUBLE, IN _account_id INT, IN _note TEXT, in _customer_id int)
BEGIN
	UPDATE shell_sale SET total=_total
		, created_date=STR_TO_DATE(_created_date,'%d/%m/%Y')
		, paid=_paid
		, debt=_debt
		, discount=_discount
		, total_pay=_total_pay
		, account_id=_account_id
		, note=_note 
		, customer_id=_customer_id
	WHERE id=_id;
    END */$$
DELIMITER ;

/* Procedure structure for procedure `updateSaleShellDetail` */

/*!50003 DROP PROCEDURE IF EXISTS  `updateSaleShellDetail` */;

DELIMITER $$

/*!50003 CREATE DEFINER=`root`@`localhost` PROCEDURE `updateSaleShellDetail`(IN _id INT, IN _quantity INT, IN _price DOUBLE, IN _amount DOUBLE)
BEGIN
	UPDATE shell_sale_detail SET quantity=_quantity, price=_price, amount=_amount WHERE id=_id;
    END */$$
DELIMITER ;

/* Procedure structure for procedure `updateSaleSolar` */

/*!50003 DROP PROCEDURE IF EXISTS  `updateSaleSolar` */;

DELIMITER $$

/*!50003 CREATE DEFINER=`root`@`localhost` PROCEDURE `updateSaleSolar`(IN _id INT, IN _created_date VARCHAR(20), IN _customer_id INT, IN _total DOUBLE
	, IN _paid DOUBLE, IN _debt DOUBLE, IN _discount DOUBLE, IN _total_pay DOUBLE, IN _account_id INT, IN _commission FLOAT, IN _commission_kind INT
	, IN _commission_amount DOUBLE, IN _gap_agency_amount DOUBLE, IN _gap_customer_amount DOUBLE, IN _total_before_commission DOUBLE, IN _note TEXT
	, IN _is_calculate_agency_commission INT)
BEGIN
	UPDATE solar_sale SET total=_total
		, customer_id=_customer_id
		, paid=_paid
		, debt=_debt
		, discount=_discount
		, total_pay=_total_pay
		, account_id=_account_id
		, note=_note
		, created_date=STR_TO_DATE(_created_date,'%d/%m/%Y')
		, commission=_commission
		, commission_kind=_commission_kind
		, commission_amount=_commission_amount
		, gap_agency_amount=_gap_agency_amount
		, gap_customer_amount=_gap_customer_amount
		, total_before_commission=_total_before_commission
		, is_calculate_agency_commission=_is_calculate_agency_commission
	WHERE id=_id;
    END */$$
DELIMITER ;

/* Procedure structure for procedure `updateSaleSolarDetail` */

/*!50003 DROP PROCEDURE IF EXISTS  `updateSaleSolarDetail` */;

DELIMITER $$

/*!50003 CREATE DEFINER=`root`@`localhost` PROCEDURE `updateSaleSolarDetail`(IN _id INT, IN _quantity INT, IN _price DOUBLE, IN _amount DOUBLE
	, IN _price_before_commission DOUBLE, IN _commssion_price FLOAT, IN _first_amount DOUBLE, IN _commission FLOAT, IN _gap_agency_amount DOUBLE
	, IN _gap_customer_amount DOUBLE, IN _created_date VARCHAR(20))
BEGIN
	DECLARE _solar_id, _unit_id, _base_unit_id, _rate_quantity INT DEFAULT 0;
	
	SELECT fdet.solar_id, fdet.unit_id
	INTO _solar_id, _unit_id
	FROM solar_sale_detail AS fdet
	WHERE fdet.id=_id;
	
	SELECT base_unit_id INTO _base_unit_id FROM solar WHERE id=_solar_id;
	IF _base_unit_id<>_unit_id THEN
		SELECT rate INTO _rate_quantity FROM unit_rate WHERE parent_unit_id=_unit_id AND base_unit_id=_base_unit_id;
		IF _rate_quantity=0 THEN
			SET _rate_quantity = _quantity;
		ELSE
			SET _rate_quantity = _rate_quantity * _quantity;
		END IF;
	ELSE
		SET _rate_quantity=_quantity;
	END IF;
	
	UPDATE solar_sale_detail SET quantity=_quantity
		, base_quantity=_rate_quantity
		, price=_price
		, amount=_amount 
		, price_before_commission=_price_before_commission 
		, commission_price=_commssion_price 
		, first_amount=_first_amount 
		, commission=_commission 
		, gap_agency_amount=_gap_agency_amount 
		, gap_customer_amount=_gap_customer_amount 
	WHERE id=_id;
    END */$$
DELIMITER ;

/* Procedure structure for procedure `updateSaleSolarPromotionMaterialDetail` */

/*!50003 DROP PROCEDURE IF EXISTS  `updateSaleSolarPromotionMaterialDetail` */;

DELIMITER $$

/*!50003 CREATE DEFINER=`root`@`localhost` PROCEDURE `updateSaleSolarPromotionMaterialDetail`(IN _id INT, IN _quantity INT)
BEGIN
	DECLARE _solar_id, _unit_id, _base_unit_id, _rate_quantity INT DEFAULT 0;
	
	SELECT fdet.solar_id, fdet.unit_id
	INTO _solar_id, _unit_id
	FROM solar_sale_promotion AS fdet
	WHERE fdet.id=_id;
	
	SELECT base_unit_id INTO _base_unit_id FROM solar WHERE id=_solar_id;
	IF _base_unit_id<>_unit_id THEN
		SELECT rate INTO _rate_quantity FROM unit_rate WHERE parent_unit_id=_unit_id AND base_unit_id=_base_unit_id;
		IF _rate_quantity=0 THEN
			SET _rate_quantity = _quantity;
		ELSE
			SET _rate_quantity = _rate_quantity * _quantity;
		END IF;
	ELSE
		SET _rate_quantity=_quantity;
	END IF;
	
	UPDATE solar_sale_promotion SET quantity=_quantity, base_quantity=_rate_quantity WHERE id=_id;
    END */$$
DELIMITER ;

/* Procedure structure for procedure `updateSaleSolarReturn` */

/*!50003 DROP PROCEDURE IF EXISTS  `updateSaleSolarReturn` */;

DELIMITER $$

/*!50003 CREATE DEFINER=`root`@`localhost` PROCEDURE `updateSaleSolarReturn`(IN _id INT, IN _created_date VARCHAR(20), IN _customer_id INT, IN _total DOUBLE
	, IN _paid DOUBLE, IN _debt DOUBLE, IN _total_pay DOUBLE, IN _account_id INT, IN _commission FLOAT, IN _commission_kind INT
	, IN _commission_amount DOUBLE, IN _gap_agency_amount DOUBLE, IN _gap_customer_amount DOUBLE, IN _total_before_commission DOUBLE, IN _note TEXT)
BEGIN
	UPDATE solar_sale SET total=_total
		, customer_id=_customer_id
		, paid=_paid
		, debt=_debt
		, total_pay=_total_pay
		, account_id=_account_id
		, note=_note
		, created_date=STR_TO_DATE(_created_date,'%d/%m/%Y')
		, commission=_commission
		, commission_kind=_commission_kind
		, commission_amount=_commission_amount
		, gap_agency_amount=_gap_agency_amount
		, gap_customer_amount=_gap_customer_amount
		, total_before_commission=_total_before_commission
	WHERE id=_id;
    END */$$
DELIMITER ;

/* Procedure structure for procedure `updateSaleSolarReturnDetail` */

/*!50003 DROP PROCEDURE IF EXISTS  `updateSaleSolarReturnDetail` */;

DELIMITER $$

/*!50003 CREATE DEFINER=`root`@`localhost` PROCEDURE `updateSaleSolarReturnDetail`(IN _id INT, IN _quantity INT, IN _price DOUBLE, IN _amount DOUBLE
	, IN _price_before_commission DOUBLE, IN _commssion_price FLOAT, IN _first_amount DOUBLE, IN _commission FLOAT, IN _gap_agency_amount DOUBLE
	, IN _gap_customer_amount DOUBLE)
BEGIN
	DECLARE _solar_id, _unit_id, _base_unit_id, _rate_quantity INT DEFAULT 0;
	SELECT fdet.solar_id, fdet.unit_id
	INTO _solar_id, _unit_id
	FROM solar_sale_return_detail AS fdet
	WHERE fdet.id=_id;
	
	SELECT base_unit_id INTO _base_unit_id FROM solar WHERE id=_solar_id;
	IF _base_unit_id<>_unit_id THEN
		SELECT rate INTO _rate_quantity FROM unit_rate WHERE parent_unit_id=_unit_id AND base_unit_id=_base_unit_id;
		IF _rate_quantity=0 THEN
			SET _rate_quantity = _quantity;
		ELSE
			SET _rate_quantity = _rate_quantity * _quantity;
		END IF;
	ELSE
		SET _rate_quantity=_quantity;
	END IF;
	
	UPDATE solar_sale_return_detail SET quantity=_quantity
		, base_quantity=_rate_quantity
		, price=_price
		, amount=_amount 
		, price_before_commission=_price_before_commission 
		, commission_price=_commssion_price 
		, first_amount=_first_amount 
		, commission=_commission 
		, gap_agency_amount=_gap_agency_amount 
		, gap_customer_amount=_gap_customer_amount 
	WHERE id=_id;
    END */$$
DELIMITER ;

/* Procedure structure for procedure `updateShellImport` */

/*!50003 DROP PROCEDURE IF EXISTS  `updateShellImport` */;

DELIMITER $$

/*!50003 CREATE DEFINER=`root`@`localhost` PROCEDURE `updateShellImport`(IN _id INT, IN _created_date VARCHAR(20), IN _shell_id INT, IN _quantity INT
	, IN _price DOUBLE, IN _amount DOUBLE, IN _account_id int, IN _note TEXT, in _vendor_id int)
BEGIN
	DECLARE _old_shell_id, _old_vendor_id, _in_stock_id, _organization_id INT DEFAULT 0;
		
	SELECT i.shell_id, i.vendor_id, eo.organization_id
	INTO _old_shell_id, _old_vendor_id, _organization_id
	FROM shell_import as i, employee as eo
	WHERE i.id=_id and i.created_employee_id=eo.id;
	
	UPDATE shell_import SET shell_id=_shell_id
		, created_date=STR_TO_DATE(_created_date,'%d/%m/%Y')
		, quantity=_quantity
		, price=_price
		, amount=_amount
		, account_id=_account_id
		, note=_note
		, vendor_id=_vendor_id
	WHERE id=_id;
	
	SET _in_stock_id=0;
	SELECT id INTO _in_stock_id FROM shell_vendor WHERE shell_id=_old_shell_id AND vendor_id=_old_vendor_id and organization_id=_organization_id;
	IF _in_stock_id<>0 THEN
		UPDATE shell_vendor SET quantity=quantity-_old_quantity WHERE id=_in_stock_id;
	END IF;
	
	SET _in_stock_id=0;
	SELECT id INTO _in_stock_id FROM shell_vendor WHERE shell_id=_shell_id AND vendor_id=_vendor_id AND organization_id=_organization_id;
	IF _in_stock_id=0 THEN
		INSERT INTO shell_vendor(organization_id, shell_id, vendor_id, quantity) VALUES(_organization_id, _shell_id, _vendor_id, _quantity);
	ELSE
		UPDATE shell_vendor SET quantity=quantity+_quantity WHERE id=_in_stock_id;
	END IF;
	
    END */$$
DELIMITER ;

/* Procedure structure for procedure `updateShellReturn` */

/*!50003 DROP PROCEDURE IF EXISTS  `updateShellReturn` */;

DELIMITER $$

/*!50003 CREATE DEFINER=`root`@`localhost` PROCEDURE `updateShellReturn`(IN _id INT, IN _created_date VARCHAR(20), IN _customer_id INT, IN _vehicle_id INT, IN _note TEXT)
BEGIN
	UPDATE shell_return SET customer_id=_customer_id
		, created_date=STR_TO_DATE(_created_date,'%d/%m/%Y')
		, vehicle_id=_vehicle_id
		, note=_note
	WHERE id=_id;
    END */$$
DELIMITER ;

/* Procedure structure for procedure `updateShellReturnDetail` */

/*!50003 DROP PROCEDURE IF EXISTS  `updateShellReturnDetail` */;

DELIMITER $$

/*!50003 CREATE DEFINER=`root`@`localhost` PROCEDURE `updateShellReturnDetail`(IN _id INT, IN _quantity INT)
BEGIN
	UPDATE shell_return_detail SET quantity=_quantity WHERE id=_id;
    END */$$
DELIMITER ;

/* Procedure structure for procedure `updateShellReturnSupplier` */

/*!50003 DROP PROCEDURE IF EXISTS  `updateShellReturnSupplier` */;

DELIMITER $$

/*!50003 CREATE DEFINER=`root`@`localhost` PROCEDURE `updateShellReturnSupplier`(IN _id INT, IN _created_date VARCHAR(20), IN _vendor_id INT, IN _vehicle_id INT, IN _note TEXT)
BEGIN
	UPDATE shell_return_supplier SET vendor_id=_vendor_id
		, created_date=STR_TO_DATE(_created_date,'%d/%m/%Y')
		, vehicle_id=_vehicle_id
		, note=_note
	WHERE id=_id;
    END */$$
DELIMITER ;

/* Procedure structure for procedure `updateShellReturnSupplierDetail` */

/*!50003 DROP PROCEDURE IF EXISTS  `updateShellReturnSupplierDetail` */;

DELIMITER $$

/*!50003 CREATE DEFINER=`root`@`localhost` PROCEDURE `updateShellReturnSupplierDetail`(IN _id INT, IN _quantity INT)
BEGIN
	UPDATE shell_return_supplier_detail SET quantity=_quantity WHERE id=_id;
    END */$$
DELIMITER ;

/* Procedure structure for procedure `updateShellVendorDetail` */

/*!50003 DROP PROCEDURE IF EXISTS  `updateShellVendorDetail` */;

DELIMITER $$

/*!50003 CREATE DEFINER=`root`@`localhost` PROCEDURE `updateShellVendorDetail`(IN _id INT, IN _vendor_id INT)
BEGIN
	update shell_vendor set vendor_id=_vendor_id where id=_id;
    END */$$
DELIMITER ;

/* Procedure structure for procedure `updateShieldDecrease` */

/*!50003 DROP PROCEDURE IF EXISTS  `updateShieldDecrease` */;

DELIMITER $$

/*!50003 CREATE DEFINER=`root`@`localhost` PROCEDURE `updateShieldDecrease`(IN _id INT, IN _quantity INT, IN _note TEXT, IN _vendor_id INT)
BEGIN
	UPDATE shield_decrease SET quantity=_quantity, note=_note, vendor_id=_vendor_id WHERE id=_id;
    END */$$
DELIMITER ;

/* Procedure structure for procedure `updateShieldImport` */

/*!50003 DROP PROCEDURE IF EXISTS  `updateShieldImport` */;

DELIMITER $$

/*!50003 CREATE DEFINER=`root`@`localhost` PROCEDURE `updateShieldImport`(IN _id INT, IN _quantity INT, IN _note TEXT, in _vendor_id int)
BEGIN
	UPDATE shield_import SET quantity=_quantity, note=_note, vendor_id=_vendor_id WHERE id=_id;
    END */$$
DELIMITER ;

/* Procedure structure for procedure `updateSolarExport` */

/*!50003 DROP PROCEDURE IF EXISTS  `updateSolarExport` */;

DELIMITER $$

/*!50003 CREATE DEFINER=`root`@`localhost` PROCEDURE `updateSolarExport`(IN _id INT, IN _created_date VARCHAR(20), IN _total DOUBLE, IN _note TEXT)
BEGIN
	UPDATE solar_export SET total=_total, note=_note, created_date=STR_TO_DATE(_created_date,'%d/%m/%Y') WHERE id=_id;
    END */$$
DELIMITER ;

/* Procedure structure for procedure `updateSolarExportDetail` */

/*!50003 DROP PROCEDURE IF EXISTS  `updateSolarExportDetail` */;

DELIMITER $$

/*!50003 CREATE DEFINER=`root`@`localhost` PROCEDURE `updateSolarExportDetail`(IN _id INT, IN _quantity INT)
BEGIN
	UPDATE solar_export_detail SET quantity=_quantity WHERE id=_id;
    END */$$
DELIMITER ;

/* Procedure structure for procedure `updateSolarImport` */

/*!50003 DROP PROCEDURE IF EXISTS  `updateSolarImport` */;

DELIMITER $$

/*!50003 CREATE DEFINER=`root`@`localhost` PROCEDURE `updateSolarImport`(IN _id INT, IN _created_date VARCHAR(20), IN _commission FLOAT, IN _rate DOUBLE
	, IN _total_before_commission DOUBLE, IN _total DOUBLE, IN _paid DOUBLE, IN _debt DOUBLE, IN _account_id INT, IN _note TEXT, IN _store_id INT, IN _vendor_id INT)
BEGIN
	UPDATE solar_import SET rate=_rate
		, total_before_commission=_total_before_commission
		, total=_total
		, paid=_paid
		, debt=_debt
		, account_id=_account_id
		, note=_note
		, store_id=_store_id
		, vendor_id=_vendor_id
		, commission=_commission
		, created_date=STR_TO_DATE(_created_date,'%d/%m/%Y')
	WHERE id=_id;
    END */$$
DELIMITER ;

/* Procedure structure for procedure `updateSolarImportDetail` */

/*!50003 DROP PROCEDURE IF EXISTS  `updateSolarImportDetail` */;

DELIMITER $$

/*!50003 CREATE DEFINER=`root`@`localhost` PROCEDURE `updateSolarImportDetail`(IN _id INT, IN _quantity INT, IN _price DOUBLE, IN _amount DOUBLE)
BEGIN
	DECLARE _solar_id, _unit_id, _base_unit_id, _rate_quantity INT DEFAULT 0;
	
	SELECT fdet.solar_id, fdet.unit_id
	INTO _solar_id, _unit_id
	FROM solar_import_detail AS fdet
	WHERE fdet.id=_id;
	
	SELECT base_unit_id INTO _base_unit_id FROM solar WHERE id=_solar_id;
	IF _base_unit_id<>_unit_id THEN
		SELECT rate INTO _rate_quantity FROM unit_rate WHERE parent_unit_id=_unit_id AND base_unit_id=_base_unit_id;
		IF _rate_quantity=0 THEN
			SET _rate_quantity = _quantity;
		ELSE
			SET _rate_quantity = _rate_quantity * _quantity;
		END IF;
	ELSE
		SET _rate_quantity=_quantity;
	END IF;
	
	UPDATE solar_import_detail SET quantity=_quantity, base_quantity=_rate_quantity, price=_price, amount=_amount WHERE id=_id;
    END */$$
DELIMITER ;

/* Procedure structure for procedure `updateTransportService` */

/*!50003 DROP PROCEDURE IF EXISTS  `updateTransportService` */;

DELIMITER $$

/*!50003 CREATE DEFINER=`root`@`localhost` PROCEDURE `updateTransportService`(IN _id INT, IN _vendor_id INT, IN _customer_id VARCHAR(255), IN _transporter_id INT
	, IN _charge_for_vendor INT, IN _charge_for_customer INT, IN _created_date VARCHAR(20), IN _in_quantity double, IN _out_quantity double
	, IN _price DOUBLE, IN _price_diff DOUBLE, IN _amount DOUBLE, IN _paid DOUBLE, IN _debt DOUBLE, IN _rate DOUBLE, IN _rate_diff DOUBLE
	, IN _account_id INT, IN _note TEXT)
BEGIN
	DECLARE _organization_id, _organization_vendor_id, _organization_transport_vendor_id INT DEFAULT 0;
	DECLARE _money_organization_id, _vendor_vendor_id, _customer_customer_id INT DEFAULT 0;
	DECLARE _money_amount, _vendor_amount, _customer_amount DOUBLE DEFAULT 0;
	
	SELECT eo.organization_id
	INTO _organization_id
	FROM transport_service AS f, employee AS eo
	WHERE f.id=_id AND f.created_employee_id=eo.id;
	
	SELECT equal_organization_id INTO _organization_vendor_id FROM vendor WHERE id=_vendor_id;
	
	SELECT equal_organization_id INTO _organization_transport_vendor_id FROM vendor WHERE id=_transporter_id;
	
	IF _organization_vendor_id<>_organization_id THEN
		SET _organization_vendor_id=0;
	END IF;
	
	IF _organization_transport_vendor_id<>_organization_id THEN
		SET _organization_transport_vendor_id=0;
	END IF;
	
	-- chi dung tren phuong dien minh la ncc
	IF _charge_for_vendor=1 THEN	-- ben ban chiu
		IF _organization_vendor_id<>0 THEN	-- ben ban la minh
			IF _vendor_id<>_transporter_id THEN	-- minh khong phai la ben van chuyen
				SET _money_organization_id = _organization_vendor_id;
				SET _money_amount = -_paid;
				SET _vendor_vendor_id = _transporter_id;
				SET _vendor_amount = -_debt;
			END IF;
		ELSE -- ben ban la cong ty khac
			IF _organization_transport_vendor_id<>0 THEN	-- minh la cong ty van chuyen
				SET _money_organization_id = _organization_transport_vendor_id;
				SET _money_amount = _paid;
				SET _vendor_vendor_id = _vendor_id;
				SET _vendor_amount = _debt;
			END IF;
		END IF;
	ELSEIF _charge_for_customer=1 THEN	-- ben mua chiu
		IF _customer_id=0 THEN	-- ben mua la minh
			IF _organization_transport_vendor_id=0 THEN	-- minh khong phai la cong ty van chuyen
				SET _money_organization_id = _organization_id;
				SET _money_amount = -_paid;
				SET _vendor_vendor_id = _transporter_id;
				SET _vendor_amount = -_debt;
			END IF;
		ELSE
			IF _organization_transport_vendor_id<>0 THEN	-- minh la cong ty van chuyen
				SET _money_organization_id = _organization_id;
				SET _money_amount = _paid;
				SET _customer_customer_id = _customer_id;
				SET _customer_amount = _debt;
			END IF;
		END IF;
	END IF;
	
	UPDATE transport_service SET created_date=STR_TO_DATE(_created_date,'%d/%m/%Y')
		, vendor_id=_vendor_id
		, customer_id=_customer_id
		, transporter_id=_transporter_id
		, charge_for_vendor=_charge_for_vendor
		, charge_for_customer=_charge_for_customer
		, in_quantity=_in_quantity
		, out_quantity=_out_quantity
		, price=_price
		, price_diff=_price_diff
		, price_diff=_price_diff
		, amount=_amount
		, paid=_paid
		, debt=_debt
		, rate=_rate
		, rate_diff=_rate_diff
		, account_id=_account_id
		, note=_note
		, money_organization_id=_money_organization_id
		, money_amount=_money_amount
		, vendor_vendor_id=_vendor_vendor_id
		, vendor_amount=_vendor_amount
	WHERE id=_id;
    END */$$
DELIMITER ;

/* Procedure structure for procedure `updateTripFee` */

/*!50003 DROP PROCEDURE IF EXISTS  `updateTripFee` */;

DELIMITER $$

/*!50003 CREATE DEFINER=`root`@`localhost` PROCEDURE `updateTripFee`(IN _id INT, IN _employee_id INT, IN _vehicle_id INT, IN _created_date VARCHAR(20), in _quantity int
	, in _price double, IN _amount DOUBLE, IN _fee text, IN _note TEXT)
BEGIN
	UPDATE trip_fee SET vehicle_id=_vehicle_id
		, employee_id=_employee_id
		, created_date=STR_TO_DATE(_created_date,'%d/%m/%Y')
		, quantity=_quantity
		, price=_price	
		, amount=_amount
		, fee=_fee
		, note=_note
	WHERE id=_id;
    END */$$
DELIMITER ;

/* Procedure structure for procedure `updateTripOil` */

/*!50003 DROP PROCEDURE IF EXISTS  `updateTripOil` */;

DELIMITER $$

/*!50003 CREATE DEFINER=`root`@`localhost` PROCEDURE `updateTripOil`(IN _id INT, IN _employee_id INT, IN _vehicle_id INT, IN _created_date VARCHAR(20), IN _quantity INT
	, IN _price DOUBLE, IN _amount DOUBLE, IN _note TEXT)
BEGIN
	UPDATE trip_oil SET vehicle_id=_vehicle_id
		, employee_id=_employee_id
		, created_date=STR_TO_DATE(_created_date,'%d/%m/%Y')
		, quantity=_quantity
		, price=_price	
		, amount=_amount
		, note=_note
	WHERE id=_id;
    END */$$
DELIMITER ;

/* Procedure structure for procedure `updateVehicleIn` */

/*!50003 DROP PROCEDURE IF EXISTS  `updateVehicleIn` */;

DELIMITER $$

/*!50003 CREATE DEFINER=`root`@`localhost` PROCEDURE `updateVehicleIn`(IN _id INT, IN _created_date VARCHAR(20), IN _vehicle_out_id INT, IN _note TEXT)
BEGIN
	UPDATE vehicle_in SET vehicle_out_id=_vehicle_out_id
		, created_date=STR_TO_DATE(_created_date,'%d/%m/%Y')
		, note=_note
	WHERE id=_id;
    END */$$
DELIMITER ;

/* Procedure structure for procedure `updateVehicleInAccessoryDetail` */

/*!50003 DROP PROCEDURE IF EXISTS  `updateVehicleInAccessoryDetail` */;

DELIMITER $$

/*!50003 CREATE DEFINER=`root`@`localhost` PROCEDURE `updateVehicleInAccessoryDetail`(IN _id INT, IN _quantity INT, IN _price DOUBLE, IN _amount DOUBLE)
BEGIN
	UPDATE vehicle_in_accessory_detail SET quantity=_quantity, price=_price, amount=_amount WHERE id=_id;
    END */$$
DELIMITER ;

/* Procedure structure for procedure `updateVehicleInDetail` */

/*!50003 DROP PROCEDURE IF EXISTS  `updateVehicleInDetail` */;

DELIMITER $$

/*!50003 CREATE DEFINER=`root`@`localhost` PROCEDURE `updateVehicleInDetail`(IN _id INT, IN _quantity INT, IN _price DOUBLE, IN _amount DOUBLE)
BEGIN
	UPDATE vehicle_in_detail SET quantity=_quantity, price=_price, amount=_amount WHERE id=_id;
    END */$$
DELIMITER ;

/* Procedure structure for procedure `updateVehicleInReturnShellDetail` */

/*!50003 DROP PROCEDURE IF EXISTS  `updateVehicleInReturnShellDetail` */;

DELIMITER $$

/*!50003 CREATE DEFINER=`root`@`localhost` PROCEDURE `updateVehicleInReturnShellDetail`(IN _id INT, IN _quantity INT)
BEGIN
	UPDATE vehicle_in_return_shell_detail SET quantity=_quantity WHERE id=_id;
    END */$$
DELIMITER ;

/* Procedure structure for procedure `updateVehicleOut` */

/*!50003 DROP PROCEDURE IF EXISTS  `updateVehicleOut` */;

DELIMITER $$

/*!50003 CREATE DEFINER=`root`@`localhost` PROCEDURE `updateVehicleOut`(IN _id INT, IN _created_date VARCHAR(20), IN _vehicle_id INT, IN _note TEXT)
BEGIN
	UPDATE vehicle_out SET vehicle_id=_vehicle_id
		, created_date=STR_TO_DATE(_created_date,'%d/%m/%Y')
		, note=_note
	WHERE id=_id;
    END */$$
DELIMITER ;

/* Procedure structure for procedure `updateVehicleOutDetail` */

/*!50003 DROP PROCEDURE IF EXISTS  `updateVehicleOutDetail` */;

DELIMITER $$

/*!50003 CREATE DEFINER=`root`@`localhost` PROCEDURE `updateVehicleOutDetail`(IN _id INT, IN _quantity INT, IN _price DOUBLE, IN _amount DOUBLE)
BEGIN
	UPDATE vehicle_out_detail SET quantity=_quantity, price=_price, amount=_amount WHERE id=_id;
    END */$$
DELIMITER ;

/* Procedure structure for procedure `updateVehicleOutEmployeeDetail` */

/*!50003 DROP PROCEDURE IF EXISTS  `updateVehicleOutEmployeeDetail` */;

DELIMITER $$

/*!50003 CREATE DEFINER=`root`@`localhost` PROCEDURE `updateVehicleOutEmployeeDetail`(IN _id INT, IN _employee_id INT, IN _note text)
BEGIN
	UPDATE vehicle_out_employee_detail SET employee_id=_employee_id, note=_note WHERE id=_id;
    END */$$
DELIMITER ;

/* Procedure structure for procedure `updateVendor` */

/*!50003 DROP PROCEDURE IF EXISTS  `updateVendor` */;

DELIMITER $$

/*!50003 CREATE DEFINER=`root`@`localhost` PROCEDURE `updateVendor`(IN _name VARCHAR(255), IN _address VARCHAR(255), IN _tax VARCHAR(50), IN _phone VARCHAR(50)
	, IN _fax VARCHAR(50), IN _code VARCHAR(20), IN _organization_id INT, IN _status INT, IN _equal_organization_id INT, in _has_stock int, IN _is_gas INT
	, IN _is_petro INT, IN _is_good INT, IN _is_transport INT, IN _is_oil INT, IN _is_solar INT, in _id INT)
BEGIN
	DECLARE _vendor_organization_id, _old_organization INT DEFAULT 0;
	
	select organization_id into _old_organization from vendor where id=_id;
		
	SELECT id INTO _vendor_organization_id FROM vendor_organization WHERE vendor_id=_id AND organization_id=_old_organization;
	
	IF _vendor_organization_id=0 THEN
		INSERT INTO vendor_organization(vendor_id, organization_id) VALUES(_id, _organization_id);
	else
		update vendor_organization set organization_id=_organization_id where id=_vendor_organization_id;
	END IF;
	update vendor set
		`name`=_name
		, address=_address
		, tax=_tax
		, phone=_phone
		, fax=_fax
		, `code`=_code
		, organization_id=_organization_id
		, `status`=_status
		, equal_organization_id=_equal_organization_id
		, has_stock=_has_stock
		, is_gas=_is_gas
		, is_petro=_is_petro
		, is_good=_is_good
		, is_transport=_is_transport
		, is_oil=_is_oil
		, is_solar=_is_solar
	where id=_id;
	
	update shell set `status`=_status where vendor_id=_id;
    END */$$
DELIMITER ;

/* Procedure structure for procedure `updateVendorOil` */

/*!50003 DROP PROCEDURE IF EXISTS  `updateVendorOil` */;

DELIMITER $$

/*!50003 CREATE DEFINER=`root`@`localhost` PROCEDURE `updateVendorOil`(IN _commision_on_import FLOAT, IN _max_debt DOUBLE, IN _id INT)
BEGIN
	UPDATE vendor SET commision_on_import=_commision_on_import, max_debt=_max_debt WHERE id=_id;
    END */$$
DELIMITER ;

/* Procedure structure for procedure `updateVendorSolar` */

/*!50003 DROP PROCEDURE IF EXISTS  `updateVendorSolar` */;

DELIMITER $$

/*!50003 CREATE DEFINER=`root`@`localhost` PROCEDURE `updateVendorSolar`(IN _commision_on_import FLOAT, IN _max_debt DOUBLE, IN _id INT)
BEGIN
	UPDATE vendor SET commision_on_import=_commision_on_import, max_debt=_max_debt WHERE id=_id;
    END */$$
DELIMITER ;

/*!40101 SET SQL_MODE=@OLD_SQL_MODE */;
/*!40014 SET FOREIGN_KEY_CHECKS=@OLD_FOREIGN_KEY_CHECKS */;
/*!40014 SET UNIQUE_CHECKS=@OLD_UNIQUE_CHECKS */;
/*!40111 SET SQL_NOTES=@OLD_SQL_NOTES */;
